sample,power(W),gpu_util(%),core_clock(MHz),mem_clock(MHz),timestamp_ns,temp(C),energy(mJ)
0,94.8170,0,345,2619,1767561383257303788,35,42281439
1,94.8170,0,345,2619,1767561383261481933,35,42281439
2,94.8170,0,345,2619,1767561383265594670,35,42281439
3,94.8170,0,345,2619,1767561383272490554,35,42281439
4,94.8170,0,345,2619,1767561383277322422,35,42281439
5,94.8170,0,345,2619,1767561383281168792,35,42281439
6,94.8170,0,345,2619,1767561383287638247,35,42299311
7,94.8170,0,345,2619,1767561383302110394,35,42299311
8,94.8170,0,345,2619,1767561383310520795,35,42299311
9,94.8170,0,345,2619,1767561383314664699,35,42299311
10,94.8170,0,345,2619,1767561383318969723,35,42299311
11,94.8170,0,345,2619,1767561383323843062,35,42299311
12,94.8170,0,345,2619,1767561383334646181,35,42299311
13,94.8840,0,345,2619,1767561383338781478,35,42299311
14,94.8840,0,345,2619,1767561383342975270,35,42299311
15,94.8840,0,345,2619,1767561383351090920,35,42299311
16,94.8840,0,345,2619,1767561383356801277,35,42299311
17,94.8840,0,345,2619,1767561383361903287,35,42299311
18,94.8840,0,345,2619,1767561383365953305,35,42299311
19,94.8840,0,345,2619,1767561383372502087,35,42299311
20,94.8840,0,345,2619,1767561383376861126,35,42299311
21,94.8840,0,345,2619,1767561383380864903,35,42299311
22,94.8840,0,345,2619,1767561383386834491,35,42316604
23,94.8840,0,345,2619,1767561383402905185,35,42316604
24,94.8840,0,345,2619,1767561383410848805,35,42316604
25,94.8840,0,345,2619,1767561383414890215,35,42316604
26,94.8840,0,345,2619,1767561383418935208,35,42316604
27,94.8840,0,345,2619,1767561383423439686,35,42316604
28,94.8840,0,345,2619,1767561383434326644,35,42316604
29,94.8840,0,345,2619,1767561383438868913,35,42316604
30,94.8840,0,345,2619,1767561383443325200,35,42316604
31,94.8840,0,345,2619,1767561383451406899,35,42316604
32,94.8610,0,345,2619,1767561383455592212,35,42316604
33,94.8610,0,345,2619,1767561383461193897,35,42316604
34,94.8610,0,345,2619,1767561383465970437,35,42316604
35,94.8610,0,345,2619,1767561383472788785,35,42316604
36,94.8610,0,345,2619,1767561383477076529,35,42316604
37,94.8610,0,345,2619,1767561383481450896,35,42316604
38,94.8610,0,345,2619,1767561383487860320,35,42334039
39,94.8610,0,345,2619,1767561383503843015,35,42334039
40,94.8610,0,345,2619,1767561383583566413,35,42351054
41,94.8610,0,345,2619,1767561383605059819,35,42351054
42,94.8610,0,345,2619,1767561383614338629,35,42351054
43,94.8610,0,345,2619,1767561383617997641,35,42351054
44,94.8610,0,345,2619,1767561383622457351,35,42351054
45,94.8610,0,345,2619,1767561383633775218,35,42351054
46,94.8610,0,345,2619,1767561383637678421,35,42351054
47,94.9620,0,345,2619,1767561383642298066,35,42351054
48,94.9620,0,345,2619,1767561383646225844,35,42351054
49,94.9620,0,345,2619,1767561383652887394,35,42351054
50,94.9620,0,345,2619,1767561383657990363,35,42351054
51,94.9620,0,345,2619,1767561383663058933,35,42351054
52,94.9620,0,345,2619,1767561383671033369,35,42351054
53,94.9620,0,345,2619,1767561383674871260,35,42351054
54,94.9620,0,345,2619,1767561383680684240,35,42351054
55,94.9620,0,345,2619,1767561383686632835,35,42368889
56,94.9620,0,345,2619,1767561383701794257,35,42368889
57,94.9620,0,345,2619,1767561383710250225,35,42368889
58,94.9620,0,345,2619,1767561383714385234,35,42368889
59,94.9620,0,345,2619,1767561383718212533,35,42368889
60,94.9620,0,345,2619,1767561383725180256,35,42368889
61,94.9620,0,345,2619,1767561383735301235,35,42368889
62,94.9620,0,885,2619,1767561383739380661,35,42368889
63,94.9620,0,885,2619,1767561383743320439,35,42368889
64,94.9620,0,885,2619,1767561383751570617,35,42368889
65,94.9620,0,885,2619,1767561383756418997,35,42368889
66,95.4480,0,885,2619,1767561383760314423,35,42368889
67,95.4480,0,885,2619,1767561383766095691,35,42368889
68,95.4480,0,885,2619,1767561383772674937,35,42368889
69,95.4480,0,885,2619,1767561383776677339,35,42368889
70,95.4480,0,885,2619,1767561383780832668,35,42368889
71,95.4480,0,885,2619,1767561383787033294,35,42386660
72,95.4480,0,885,2619,1767561383802278426,35,42386660
73,95.4480,0,885,2619,1767561383810443101,35,42386660
74,95.4480,0,885,2619,1767561383814431935,35,42386660
75,95.4480,0,885,2619,1767561383818508704,35,42386660
76,95.4480,0,885,2619,1767561383822451010,35,42386660
77,95.4480,0,885,2619,1767561383833756652,35,42386660
78,95.4480,0,885,2619,1767561383839523265,35,42386660
79,95.4480,0,885,2619,1767561383843734177,35,42386660
80,95.4480,0,885,2619,1767561383851843460,35,42386660
81,95.4480,0,885,2619,1767561383855734438,35,42386660
82,95.4480,0,885,2619,1767561383859612009,35,42386660
83,95.4480,0,885,2619,1767561383863492620,35,42386660
84,95.4480,0,885,2619,1767561383871546223,35,42386660
85,95.4480,0,885,2619,1767561383875621297,35,42386660
86,95.9970,0,885,2619,1767561383879648274,35,42386660
87,95.9970,0,885,2619,1767561383883800818,35,42404222
88,95.9970,0,885,2619,1767561383901661676,35,42404222
89,95.9970,0,885,2619,1767561383910400938,35,42404222
90,95.9970,0,885,2619,1767561383914218317,35,42404222
91,95.9970,0,885,2619,1767561383918029968,35,42404222
92,95.9970,0,885,2619,1767561383922058705,35,42404222
93,95.9970,0,885,2619,1767561383929383898,35,42404222
94,95.9970,0,885,2619,1767561383936249927,35,42404222
95,95.9970,0,885,2619,1767561383940151241,35,42404222
96,95.9970,0,885,2619,1767561383945346978,35,42404222
97,95.9970,0,885,2619,1767561383951861584,35,42404222
98,95.9970,0,885,2619,1767561383956363663,35,42404222
99,95.9970,0,885,2619,1767561383960211250,35,42404222
100,95.9970,0,885,2619,1767561383965440362,35,42404222
101,95.9970,0,885,2619,1767561383971998009,35,42404222
102,95.9970,0,885,2619,1767561383975892955,35,42404222
103,95.9970,0,885,2619,1767561383979793277,35,42404222
104,95.9970,0,885,2619,1767561384005924408,35,42422061
105,96.4870,0,885,2619,1767561384012451975,35,42422061
106,96.4870,0,885,2619,1767561384015792142,35,42422061
107,96.4870,0,885,2619,1767561384019398643,35,42422061
108,96.4870,0,885,2619,1767561384023333813,35,42422061
109,96.4870,0,885,2619,1767561384033443977,35,42422061
110,96.4870,0,885,2619,1767561384036922446,35,42422061
111,96.4870,0,885,2619,1767561384040350292,35,42422061
112,96.4870,0,885,2619,1767561384045247056,35,42422061
113,96.4870,0,885,2619,1767561384051695391,35,42422061
114,96.4870,0,885,2619,1767561384055317284,35,42422061
115,96.4870,0,885,2619,1767561384058658411,35,42422061
116,96.4870,0,885,2619,1767561384062041233,35,42422061
117,96.4870,0,885,2619,1767561384066038130,35,42422061
118,96.4870,0,885,2619,1767561384072505218,35,42422061
119,96.4870,0,885,2619,1767561384077334877,35,42422061
120,96.4870,0,885,2619,1767561384080710148,35,42422061
121,96.4870,0,885,2619,1767561384086719799,35,42443840
122,96.4870,0,885,2619,1767561384101892356,35,42443840
123,96.4870,0,1980,2619,1767561384105936229,35,42443840
124,96.4870,0,1980,2619,1767561384112381493,35,42443840
125,96.4870,0,1980,2619,1767561384116299992,35,42443840
126,102.4420,0,1980,2619,1767561384119557951,35,42443840
127,102.4420,0,1980,2619,1767561384127882687,35,42443840
128,102.4420,0,1980,2619,1767561384134415662,35,42443840
129,102.4420,0,1980,2619,1767561384138039699,35,42443840
130,102.4420,0,1980,2619,1767561384141761399,35,42443840
131,102.4420,0,1980,2619,1767561384145722521,35,42443840
132,102.4420,0,1980,2619,1767561384152165416,35,42443840
133,102.4420,0,1980,2619,1767561384155444015,35,42443840
134,102.4420,0,1980,2619,1767561384159727567,35,42443840
135,102.4420,0,1980,2619,1767561384163222773,36,42443840
136,102.4420,0,1980,2619,1767561384171390615,36,42443840
137,102.4420,0,1980,2619,1767561384174722718,36,42443840
138,102.4420,0,1980,2619,1767561384178391523,36,42443840
139,102.4420,0,1980,2619,1767561384183064543,36,42465867
140,102.4420,0,1980,2619,1767561384204202240,36,42465867
141,102.4420,0,1980,2619,1767561384213677400,36,42465867
142,102.4420,0,1980,2619,1767561384218398164,36,42465867
143,102.4420,0,1980,2619,1767561384221841658,36,42465867
144,102.4420,0,1980,2619,1767561384228382697,36,42465867
145,102.4420,0,1980,2619,1767561384234930392,36,42465867
146,108.8440,0,1980,2619,1767561384238310014,36,42465867
147,108.8440,0,1980,2619,1767561384241796292,36,42465867
148,108.8440,0,1980,2619,1767561384245847813,36,42465867
149,108.8440,0,1980,2619,1767561384252413875,36,42465867
150,108.8440,0,1980,2619,1767561384255934297,36,42465867
151,108.8440,0,1980,2619,1767561384259676573,36,42465867
152,108.8440,0,1980,2619,1767561384263269218,36,42465867
153,108.8440,0,1980,2619,1767561384271135590,36,42465867
154,108.8440,0,1980,2619,1767561384274409357,36,42465867
155,108.8440,0,1980,2619,1767561384278038738,36,42465867
156,108.8440,0,1980,2619,1767561384281427608,36,42465867
157,108.8440,0,1980,2619,1767561384288269125,36,42488888
158,108.8440,0,1980,2619,1767561384301662752,36,42488888
159,108.8440,0,1980,2619,1767561384305684961,36,42488888
160,108.8440,0,1980,2619,1767561384312376815,36,42488888
161,108.8440,0,1980,2619,1767561384315721301,36,42488888
162,108.8440,0,1980,2619,1767561384319515321,36,42488888
163,108.8440,0,1980,2619,1767561384323118718,36,42488888
164,108.8440,0,1980,2619,1767561384331251872,36,42488888
165,108.8440,0,1980,2619,1767561384334637863,36,42488888
166,108.8440,0,1980,2619,1767561384338500201,36,42488888
167,108.8440,0,1980,2619,1767561384342158318,36,42488888
168,108.8440,0,1980,2619,1767561384346056560,36,42488888
169,108.8440,0,1980,2619,1767561384352537760,36,42488888
170,114.8110,0,1980,2619,1767561384355808807,36,42488888
171,114.8110,0,1980,2619,1767561384360056039,36,42488888
172,114.8110,0,1980,2619,1767561384363469325,36,42488888
173,114.8110,0,1980,2619,1767561384371476336,36,42488888
174,114.8110,0,1980,2619,1767561384375058517,36,42488888
175,114.8110,0,1980,2619,1767561384379223414,36,42488888
176,114.8110,0,1980,2619,1767561384383346167,36,42510870
177,114.8110,0,1980,2619,1767561384401497230,36,42510870
178,114.8110,0,1980,2619,1767561384405590223,36,42510870
179,114.8110,0,1980,2619,1767561384411994975,36,42510870
180,114.8110,0,1980,2619,1767561384415889762,36,42510870
181,114.8110,0,1980,2619,1767561384420203905,36,42510870
182,114.8110,0,1980,2619,1767561384425343738,36,42510870
183,114.8110,0,1980,2619,1767561384431876584,36,42510870
184,114.8110,0,1980,2619,1767561384435790219,36,42510870
185,114.8110,0,1980,2619,1767561384439497711,36,42510870
186,114.8110,0,1980,2619,1767561384443410770,36,42510870
187,114.8110,0,1980,2619,1767561384451462325,36,42510870
188,114.8110,0,1980,2619,1767561384455470582,36,42510870
189,114.8110,0,1980,2619,1767561384459151418,36,42510870
190,114.8110,0,1980,2619,1767561384463244892,36,42510870
191,114.8110,0,1980,2619,1767561384471136064,36,42510870
192,120.4890,0,1980,2619,1767561384474796069,36,42510870
193,120.4890,0,1980,2619,1767561384478589448,36,42510870
194,120.4890,0,1980,2619,1767561384483082438,36,42533298
195,120.4890,0,1980,2619,1767561384500720289,36,42533298
196,120.4890,0,1980,2619,1767561384505291039,36,42533298
197,120.4890,0,1980,2619,1767561384511816077,36,42533298
198,120.4890,0,1980,2619,1767561384515149844,36,42533298
199,120.4890,0,1980,2619,1767561384518809624,36,42533298
200,120.4890,0,1980,2619,1767561384522612443,36,42533298
201,120.4890,0,1980,2619,1767561384526802332,36,42533298
202,120.4890,0,1980,2619,1767561384533288843,36,42533298
203,120.4890,0,1980,2619,1767561384537440044,36,42533298
204,120.4890,0,1980,2619,1767561384540941521,36,42533298
205,120.4890,0,1980,2619,1767561384545112305,36,42533298
206,120.4890,0,1980,2619,1767561384551530465,36,42533298
207,120.4890,0,1980,2619,1767561384554807048,36,42533298
208,120.4890,0,1980,2619,1767561384558134927,36,42533298
209,120.4890,0,1980,2619,1767561384562476271,36,42533298
210,120.4890,0,1980,2619,1767561384566464465,36,42533298
211,120.4890,0,1980,2619,1767561384573065567,36,42533298
212,120.4890,0,1980,2619,1767561384576401349,36,42533298
213,120.4890,0,1980,2619,1767561384579729132,36,42533298
214,120.4890,0,1980,2619,1767561384585503041,36,42555941
215,120.4890,0,1980,2619,1767561384601664647,36,42555941
216,120.4890,0,1980,2619,1767561384605858343,36,42555941
217,127.0530,0,1980,2619,1767561384612342230,36,42555941
218,127.0530,0,1980,2619,1767561384615675421,36,42555941
219,127.0530,0,1980,2619,1767561384619691935,36,42555941
220,127.0530,0,1980,2619,1767561384625277781,36,42555941
221,127.0530,0,1980,2619,1767561384631837699,36,42555941
222,127.0530,0,1980,2619,1767561384635475559,36,42555941
223,127.0530,0,1980,2619,1767561384638928237,36,42555941
224,127.0530,0,1980,2619,1767561384643210573,36,42555941
225,127.0530,0,1980,2619,1767561384651088370,36,42555941
226,127.0530,0,1980,2619,1767561384655977517,36,42555941
227,127.0530,0,1980,2619,1767561384659396851,36,42555941
228,127.0530,0,1980,2619,1767561384662995672,36,42555941
229,127.0530,0,1980,2619,1767561384670914716,36,42555941
230,127.0530,0,1980,2619,1767561384674269698,36,42555941
231,127.0530,0,1980,2619,1767561384679044831,36,42555941
232,127.0530,0,1980,2619,1767561384683092352,36,42578181
233,127.0530,0,1980,2619,1767561384700711323,36,42578181
234,127.0530,0,1980,2619,1767561384705206201,36,42578181
235,127.0530,0,1980,2619,1767561384711738088,36,42578181
236,127.0530,0,1980,2619,1767561384715093551,36,42578181
237,127.0530,0,1980,2619,1767561384719470381,36,42578181
238,127.0530,0,1980,2619,1767561384723104402,36,42578181
239,127.0530,0,1980,2619,1767561384731509106,36,42578181
240,132.9150,0,1980,2619,1767561384734792857,36,42578181
241,132.9150,0,1980,2619,1767561384738120896,36,42578181
242,132.9150,0,1980,2619,1767561384741552839,36,42578181
243,132.9150,0,1980,2619,1767561384745941222,36,42578181
244,132.9150,0,1980,2619,1767561384752402741,36,42578181
245,132.9150,0,1980,2619,1767561384755972985,36,42578181
246,132.9150,0,1980,2619,1767561384760080218,36,42578181
247,132.9150,0,1980,2619,1767561384765157556,36,42578181
248,132.9150,0,1980,2619,1767561384771665347,36,42578181
249,132.9150,0,1980,2619,1767561384775786468,36,42578181
250,132.9150,0,1980,2619,1767561384779345129,36,42578181
251,132.9150,0,1980,2619,1767561384783614729,36,42600925
252,132.9150,0,1980,2619,1767561384801230372,36,42600925
253,132.9150,0,1980,2619,1767561384805234118,36,42600925
254,132.9150,0,1980,2619,1767561384811884692,36,42600925
255,132.9150,0,1980,2619,1767561384815466168,36,42600925
256,132.9150,0,1980,2619,1767561384818966494,36,42600925
257,132.9150,0,1980,2619,1767561384822974848,36,42600925
258,132.9150,0,1980,2619,1767561384833438833,36,42600925
259,132.9150,0,1980,2619,1767561384836855959,36,42600925
260,132.9150,0,1980,2619,1767561384840148958,36,42600925
261,132.9150,0,1980,2619,1767561384845114904,36,42600925
262,132.9150,0,1980,2619,1767561384851576392,36,42600925
263,139.4950,0,1980,2619,1767561384854921710,36,42600925
264,139.4950,0,1980,2619,1767561384858247062,36,42600925
265,139.4950,0,1980,2619,1767561384861699196,36,42600925
266,139.4950,0,1980,2619,1767561384865769245,36,42600925
267,139.4950,0,1980,2619,1767561384872343659,36,42600925
268,139.4950,0,1980,2619,1767561384875698097,36,42600925
269,139.4950,0,1980,2619,1767561384879145271,36,42600925
270,139.4950,0,1980,2619,1767561384883166905,36,42623081
271,139.4950,0,1980,2619,1767561384900315064,36,42623081
272,139.4950,0,1980,2619,1767561384905087220,36,42623081
273,139.4950,0,1980,2619,1767561384911570787,36,42623081
274,139.4950,0,1980,2619,1767561384914921322,36,42623081
275,139.4950,0,1980,2619,1767561384918204689,36,42623081
276,139.4950,0,1980,2619,1767561384921681047,36,42623081
277,139.4950,0,1980,2619,1767561384925802168,36,42623081
278,139.4950,0,1980,2619,1767561384932454501,36,42623081
279,139.4950,0,1980,2619,1767561384936282184,36,42623081
280,139.4950,0,1980,2619,1767561384939578639,36,42623081
281,139.4950,0,1980,2619,1767561384945138853,36,42623081
282,139.4950,0,1980,2619,1767561384951655732,36,42623081
283,139.4950,0,1980,2619,1767561384954998939,36,42623081
284,139.4950,0,1980,2619,1767561384958328226,36,42623081
285,139.4950,0,1980,2619,1767561384961997382,36,42623081
286,139.4950,0,1980,2619,1767561384966066343,36,42623081
287,139.4950,0,1980,2619,1767561384972382808,36,42623081
288,145.5650,0,1980,2619,1767561384976038364,36,42623081
289,145.5650,0,1980,2619,1767561384979541634,36,42623081
290,145.5650,0,1980,2619,1767561384983829282,36,42645283
291,145.5650,0,1980,2619,1767561385002558036,36,42645283
292,145.5650,1,1980,2619,1767561385006726452,36,42645283
293,145.5650,1,1980,2619,1767561385013289699,36,42645283
294,145.5650,1,1980,2619,1767561385016712681,36,42645283
295,145.5650,1,1980,2619,1767561385020816970,36,42645283
296,145.5650,1,1980,2619,1767561385025307400,36,42645283
297,145.5650,1,1980,2619,1767561385031911030,36,42645283
298,145.5650,1,1980,2619,1767561385035225661,36,42645283
299,145.5650,1,1980,2619,1767561385039272159,36,42645283
300,145.5650,1,1980,2619,1767561385042820484,36,42645283
301,145.5650,1,1980,2619,1767561385050691657,36,42645283
302,145.5650,1,1980,2619,1767561385054414732,36,42645283
303,145.5650,1,1980,2619,1767561385057729075,36,42645283
304,145.5650,1,1980,2619,1767561385061030330,36,42645283
305,145.5650,1,1980,2619,1767561385065211867,36,42645283
306,145.5650,1,1980,2619,1767561385071623851,36,42645283
307,145.5650,1,1980,2619,1767561385074955666,36,42645283
308,145.5650,1,1980,2619,1767561385078652438,36,42645283
309,145.5650,1,1980,2619,1767561385083156947,36,42667306
310,145.5650,1,1980,2619,1767561385100494225,36,42667306
311,145.5650,1,1980,2619,1767561385105085806,36,42667306
312,146.5260,1,1980,2619,1767561385111576989,36,42667306
313,146.5260,1,1980,2619,1767561385115270433,36,42667306
314,146.5260,1,1980,2619,1767561385118623879,36,42667306
315,146.5260,1,1980,2619,1767561385122118541,36,42667306
316,146.5260,1,1980,2619,1767561385126366669,36,42667306
317,146.5260,1,1980,2619,1767561385132928604,36,42667306
318,146.5260,1,1980,2619,1767561385136330306,36,42667306
319,146.5260,1,1980,2619,1767561385140538530,36,42667306
320,146.5260,1,1980,2619,1767561385145143583,36,42667306
321,146.5260,1,1980,2619,1767561385151692942,36,42667306
322,146.5260,1,1980,2619,1767561385154935925,36,42667306
323,146.5260,1,1980,2619,1767561385158326044,36,42667306
324,146.5260,1,1980,2619,1767561385161980480,36,42667306
325,146.5260,1,1980,2619,1767561385165953059,36,42667306
326,146.5260,1,1980,2619,1767561385172442417,36,42667306
327,146.5260,1,1980,2619,1767561385176012758,36,42667306
328,146.5260,1,1980,2619,1767561385179652635,36,42667306
329,146.5260,1,1980,2619,1767561385183810235,36,42689698
330,146.5260,1,1980,2619,1767561385204017827,36,42689698
331,146.5260,1,1980,2619,1767561385212045158,36,42689698
332,146.5260,1,1980,2619,1767561385215632107,36,42689698
333,146.5260,1,1980,2619,1767561385219430127,36,42689698
334,146.5260,1,1980,2619,1767561385223325041,36,42689698
335,146.5260,1,1980,2619,1767561385231435124,36,42689698
336,146.5260,1,1980,2619,1767561385234999033,36,42689698
337,146.2030,1,1980,2619,1767561385238638461,36,42689698
338,146.2030,1,1980,2619,1767561385242886109,36,42689698
339,146.2030,1,1980,2619,1767561385250832674,36,42689698
340,146.2030,1,1980,2619,1767561385254467014,36,42689698
341,146.2030,1,1980,2619,1767561385257899660,36,42689698
342,146.2030,42,1980,2619,1767561385261604912,36,42689698
343,146.2030,42,1980,2619,1767561385265658161,36,42689698
344,146.2030,42,1980,2619,1767561385272156096,36,42689698
345,146.2030,42,1980,2619,1767561385275749189,36,42689698
346,146.2030,42,1980,2619,1767561385279412746,36,42689698
347,146.2030,42,1980,2619,1767561385283510475,36,42712934
348,146.2030,42,1980,2619,1767561385300950919,36,42712934
349,146.2030,42,1980,2619,1767561385305201319,36,42712934
350,146.2030,42,1980,2619,1767561385311633463,36,42712934
351,146.2030,42,1980,2619,1767561385315280539,36,42712934
352,146.2030,42,1980,2619,1767561385318833152,36,42712934
353,146.2030,42,1980,2619,1767561385322686595,36,42712934
354,146.2030,42,1980,2619,1767561385326828739,36,42712934
355,146.2030,42,1980,2619,1767561385333418930,36,42712934
356,146.2030,42,1980,2619,1767561385337008503,36,42712934
357,146.2030,42,1980,2619,1767561385340715675,36,42712934
358,146.2030,42,1980,2619,1767561385345199001,36,42712934
359,146.2030,42,1980,2619,1767561385351733704,36,42712934
360,146.4030,42,1980,2619,1767561385355335980,36,42712934
361,146.4030,42,1980,2619,1767561385359100208,36,42712934
362,146.4030,42,1980,2619,1767561385362813588,36,42712934
363,146.4030,42,1980,2619,1767561385370798584,36,42712934
364,146.4030,42,1980,2619,1767561385374443260,36,42712934
365,146.4030,42,1980,2619,1767561385378154305,36,42712934
366,146.4030,42,1980,2619,1767561385383290649,36,42736192
367,146.4030,42,1980,2619,1767561385402446697,36,42736192
368,146.4030,42,1980,2619,1767561385406497675,36,42736192
369,146.4030,42,1980,2619,1767561385412986041,36,42736192
370,146.4030,42,1980,2619,1767561385416576894,36,42736192
371,146.4030,42,1980,2619,1767561385420203010,36,42736192
372,146.4030,42,1980,2619,1767561385425602522,36,42736192
373,146.4030,42,1980,2619,1767561385432481318,36,42736192
374,146.4030,42,1980,2619,1767561385436060427,36,42736192
375,146.4030,42,1980,2619,1767561385439701904,36,42736192
376,146.4030,42,1980,2619,1767561385443318548,36,42736192
377,146.4030,42,1980,2619,1767561385451276568,36,42736192
378,146.4030,42,1980,2619,1767561385454810877,36,42736192
379,146.4030,42,1980,2619,1767561385458383299,36,42736192
380,146.4030,42,1980,2619,1767561385462129894,36,42736192
381,146.4030,42,1980,2619,1767561385466140712,36,42736192
382,146.4030,42,1980,2619,1767561385472628183,36,42736192
383,146.4030,42,1980,2619,1767561385476247195,36,42736192
384,146.6110,42,1980,2619,1767561385479825152,36,42736192
385,146.6110,42,1980,2619,1767561385483877602,36,42759699
386,146.6110,42,1980,2619,1767561385501173631,36,42759699
387,146.6110,42,1980,2619,1767561385505206913,36,42759699
388,146.6110,100,1980,2619,1767561385511646576,36,42759699
389,146.6110,100,1980,2619,1767561385515041815,36,42759699
390,146.6110,100,1980,2619,1767561385518478685,36,42759699
391,146.6110,100,1980,2619,1767561385521959299,36,42759699
392,146.6110,100,1980,2619,1767561385526214467,36,42759699
393,146.6110,100,1980,2619,1767561385532817360,36,42759699
394,146.6110,100,1980,2619,1767561385536213719,36,42759699
395,146.6110,100,1980,2619,1767561385539633725,36,42759699
396,146.6110,100,1980,2619,1767561385543170754,36,42759699
397,146.6110,100,1980,2619,1767561385551133798,36,42759699
398,146.6110,100,1980,2619,1767561385555017033,36,42759699
399,146.6110,100,1980,2619,1767561385558452015,36,42759699
400,146.6110,100,1980,2619,1767561385561837205,36,42759699
401,146.6110,100,1980,2619,1767561385565909910,36,42759699
402,146.6110,100,1980,2619,1767561385572537476,36,42759699
403,146.6110,100,1980,2619,1767561385575868971,36,42759699
404,146.6110,100,1980,2619,1767561385579435089,36,42759699
405,146.6110,100,1980,2619,1767561385583591185,36,42782278
406,146.6110,100,1980,2619,1767561385601160684,36,42782278
407,146.6110,100,1980,2619,1767561385605303181,36,42782278
408,146.4430,100,1980,2619,1767561385611751613,36,42782278
409,146.4430,100,1980,2619,1767561385615386561,36,42782278
410,146.4430,100,1980,2619,1767561385618914471,36,42782278
411,146.4430,100,1980,2619,1767561385622596779,36,42782278
412,146.4430,100,1980,2619,1767561385627068073,36,42782278
413,146.4430,100,1980,2619,1767561385633653687,36,42782278
414,146.4430,100,1980,2619,1767561385637417051,36,42782278
415,146.4430,100,1980,2619,1767561385641143071,36,42782278
416,146.4430,100,1980,2619,1767561385645284736,36,42782278
417,146.4430,100,1980,2619,1767561385651794030,36,42782278
418,146.4430,100,1980,2619,1767561385655885391,36,42782278
419,146.4430,100,1980,2619,1767561385659435188,36,42782278
420,146.4430,100,1980,2619,1767561385663115001,36,42782278
421,146.4430,100,1980,2619,1767561385671165852,36,42782278
422,146.4430,100,1980,2619,1767561385675045887,36,42782278
423,146.4430,100,1980,2619,1767561385678909890,36,42782278
424,146.4430,100,1980,2619,1767561385683265633,36,42805944
425,146.4430,100,1980,2619,1767561385700552702,36,42805944
426,146.4430,100,1980,2619,1767561385705180347,36,42805944
427,146.4430,100,1980,2619,1767561385711938216,36,42805944
428,146.4430,100,1980,2619,1767561385715515117,36,42805944
429,146.4430,100,1980,2619,1767561385719132785,36,42805944
430,146.4430,100,1980,2619,1767561385723023604,36,42805944
431,146.4430,100,1980,2619,1767561385731103768,36,42805944
432,147.2890,100,1980,2619,1767561385734667197,36,42805944
433,147.2890,100,1980,2619,1767561385738283266,36,42805944
434,147.2890,100,1980,2619,1767561385741962245,36,42805944
435,147.2890,100,1980,2619,1767561385745959591,36,42805944
436,147.2890,100,1980,2619,1767561385752461942,36,42805944
437,147.2890,100,1980,2619,1767561385756534391,36,42805944
438,147.2890,100,1980,2619,1767561385760143260,36,42805944
439,147.2890,100,1980,2619,1767561385765190742,36,42805944
440,147.2890,100,1980,2619,1767561385771677477,36,42805944
441,147.2890,100,1980,2619,1767561385775178410,36,42805944
442,147.2890,100,1980,2619,1767561385779007341,36,42805944
443,147.2890,100,1980,2619,1767561385783278221,36,42829914
444,147.2890,100,1980,2619,1767561385801134215,36,42829914
445,147.2890,100,1980,2619,1767561385805257415,36,42829914
446,147.2890,100,1980,2619,1767561385811766230,36,42829914
447,147.2890,100,1980,2619,1767561385815344187,36,42829914
448,147.2890,100,1980,2619,1767561385818955264,36,42829914
449,147.2890,100,1980,2619,1767561385822701700,36,42829914
450,147.2890,100,1980,2619,1767561385826794373,36,42829914
451,147.2890,100,1980,2619,1767561385835532643,36,42829914
452,147.2890,100,1980,2619,1767561385839013416,36,42829914
453,147.2890,100,1980,2619,1767561385842552846,36,42829914
454,147.2890,100,1980,2619,1767561385846542000,36,42829914
455,147.2890,100,1980,2619,1767561385853345661,36,42829914
456,148.2730,100,1980,2619,1767561385857491198,36,42829914
457,148.2730,100,1980,2619,1767561385861061122,36,42829914
458,148.2730,100,1980,2619,1767561385865226115,36,42829914
459,148.2730,100,1980,2619,1767561385871748049,36,42829914
460,148.2730,100,1980,2619,1767561385875373622,36,42829914
461,148.2730,100,1980,2619,1767561385879157402,36,42829914
462,148.2730,100,1980,2619,1767561385883286331,36,42853361
463,148.2730,100,1980,2619,1767561385900757942,36,42853361
464,148.2730,100,1980,2619,1767561385905224533,36,42853361
465,148.2730,100,1980,2619,1767561385911643365,36,42853361
466,148.2730,100,1980,2619,1767561385915283369,36,42853361
467,148.2730,100,1980,2619,1767561385919054125,36,42853361
468,148.2730,100,1980,2619,1767561385922804016,36,42853361
469,148.2730,100,1980,2619,1767561385930981042,36,42853361
470,148.2730,100,1980,2619,1767561385934683958,36,42853361
471,148.2730,100,1980,2619,1767561385938321787,36,42853361
472,148.2730,100,1980,2619,1767561385942060127,36,42853361
473,148.2730,100,1980,2619,1767561385946109088,36,42853361
474,148.2730,100,1980,2619,1767561385952594287,36,42853361
475,148.2730,100,1980,2619,1767561385956164372,36,42853361
476,148.2730,100,1980,2619,1767561385960270965,36,42853361
477,148.2730,100,1980,2619,1767561385965284943,36,42853361
478,148.2730,100,1980,2619,1767561385971740639,36,42853361
479,148.2730,100,1980,2619,1767561385975352356,36,42853361
480,148.8690,100,1980,2619,1767561385979053928,36,42853361
481,148.8690,100,1980,2619,1767561385983268744,36,42876691
482,148.8690,100,1980,2619,1767561386001231008,36,42876691
483,148.8690,100,1980,2619,1767561386005324321,36,42876691
484,148.8690,100,1980,2619,1767561386011800912,36,42876691
485,148.8690,100,1980,2619,1767561386015453332,36,42876691
486,148.8690,100,1980,2619,1767561386019062873,36,42876691
487,148.8690,100,1980,2619,1767561386022797309,36,42876691
488,148.8690,100,1980,2619,1767561386030892192,36,42876691
489,148.8690,100,1980,2619,1767561386034520933,36,42876691
490,148.8690,100,1980,2619,1767561386038221257,36,42876691
491,148.8690,100,1980,2619,1767561386041954413,36,42876691
492,148.8690,100,1980,2619,1767561386045992334,36,42876691
493,148.8690,100,1980,2619,1767561386052539484,36,42876691
494,148.8690,100,1980,2619,1767561386056078146,36,42876691
495,148.8690,100,1980,2619,1767561386059693094,36,42876691
496,148.8690,100,1980,2619,1767561386065132797,36,42876691
497,148.8690,100,1980,2619,1767561386071730987,36,42876691
498,148.8690,100,1980,2619,1767561386075200529,36,42876691
499,148.8690,100,1980,2619,1767561386079049140,36,42876691
500,148.8690,100,1980,2619,1767561386083257941,36,42900016
501,148.8690,100,1980,2619,1767561386100757264,36,42900016
502,148.8690,100,1980,2619,1767561386105329262,36,42900016
503,149.4640,100,1980,2619,1767561386111802333,36,42900016
504,149.4640,100,1980,2619,1767561386115430082,36,42900016
505,149.4640,100,1980,2619,1767561386119062758,36,42900016
506,149.4640,100,1980,2619,1767561386122820970,36,42900016
507,149.4640,100,1980,2619,1767561386131283433,36,42900016
508,149.4640,100,1980,2619,1767561386134869359,36,42900016
509,149.4640,100,1980,2619,1767561386138785553,36,42900016
510,149.4640,100,1980,2619,1767561386142608884,36,42900016
511,149.4640,100,1980,2619,1767561386150567512,36,42900016
512,149.4640,100,1980,2619,1767561386154035518,36,42900016
513,149.4640,100,1980,2619,1767561386157650306,36,42900016
514,149.4640,100,1980,2619,1767561386161238375,36,42900016
515,149.4640,100,1980,2619,1767561386165324105,36,42900016
516,149.4640,100,1980,2619,1767561386171774360,36,42900016
517,149.4640,100,1980,2619,1767561386175687803,36,42900016
518,149.4640,100,1980,2619,1767561386179438846,36,42900016
519,149.4640,100,1980,2619,1767561386183702302,36,42923457
520,149.4640,100,1980,2619,1767561386202879533,36,42923457
521,149.4640,100,1980,2619,1767561386210866097,36,42923457
522,149.4640,100,1980,2619,1767561386214500053,36,42923457
523,149.4640,100,1980,2619,1767561386218040410,36,42923457
524,149.4640,100,1980,2619,1767561386221726527,36,42923457
525,149.4640,100,1980,2619,1767561386225880703,36,42923457
526,149.4640,100,1980,2619,1767561386232523086,36,42923457
527,150.1470,100,1980,2619,1767561386236098259,36,42923457
528,150.1470,100,1980,2619,1767561386239705495,36,42923457
529,150.1470,100,1980,2619,1767561386243495290,36,42923457
530,150.1470,100,1980,2619,1767561386251416670,36,42923457
531,150.1470,100,1980,2619,1767561386254916644,36,42923457
532,150.1470,100,1980,2619,1767561386258494793,36,42923457
533,150.1470,100,1980,2619,1767561386262211885,36,42923457
534,150.1470,100,1980,2619,1767561386270386352,36,42923457
535,150.1470,100,1980,2619,1767561386274018516,36,42923457
536,150.1470,100,1980,2619,1767561386277689400,36,42923457
537,150.1470,100,1980,2619,1767561386281372156,36,42923457
538,150.1470,100,1980,2619,1767561386287935979,36,42947568
539,150.1470,100,1980,2619,1767561386301680195,36,42947568
540,150.1470,100,1980,2619,1767561386305721860,36,42947568
541,150.1470,100,1980,2619,1767561386312214195,36,42947568
542,150.1470,100,1980,2619,1767561386315798617,36,42947568
543,150.1470,100,1980,2619,1767561386319412445,36,42947568
544,150.1470,100,1980,2619,1767561386323306176,36,42947568
545,150.1470,100,1980,2619,1767561386331433891,36,42947568
546,150.1470,100,1980,2619,1767561386335047847,36,42947568
547,150.1470,100,1980,2619,1767561386338748779,36,42947568
548,150.1470,100,1980,2619,1767561386342414703,36,42947568
549,150.1470,100,1980,2619,1767561386346627152,36,42947568
550,150.1470,100,1980,2619,1767561386353179871,36,42947568
551,150.8470,100,1980,2619,1767561386356792099,36,42947568
552,150.8470,100,1980,2619,1767561386360322633,36,42947568
553,150.8470,100,1980,2619,1767561386365214371,36,42947568
554,150.8470,100,1980,2619,1767561386371662131,36,42947568
555,150.8470,100,1980,2619,1767561386375293303,36,42947568
556,150.8470,100,1980,2619,1767561386379032507,36,42947568
557,150.8470,100,1980,2619,1767561386383262299,36,42970952
558,150.8470,100,1980,2619,1767561386401308499,36,42970952
559,150.8470,100,1980,2619,1767561386405441684,36,42970952
560,150.8470,100,1980,2619,1767561386412125570,36,42970952
561,150.8470,100,1980,2619,1767561386415753862,36,42970952
562,150.8470,100,1980,2619,1767561386419312939,36,42970952
563,150.8470,100,1980,2619,1767561386423173134,36,42970952
564,150.8470,100,1980,2619,1767561386431306608,36,42970952
565,150.8470,100,1980,2619,1767561386434878197,36,42970952
566,150.8470,100,1980,2619,1767561386438487418,36,42970952
567,150.8470,100,1980,2619,1767561386442231678,36,42970952
568,150.8470,100,1980,2619,1767561386446354719,36,42970952
569,150.8470,100,1980,2619,1767561386452920909,36,42970952
570,150.8470,100,1980,2619,1767561386456494706,36,42970952
571,150.8470,100,1980,2619,1767561386460048471,36,42970952
572,150.8470,100,1980,2619,1767561386463535293,36,42970952
573,150.8470,100,1980,2619,1767561386471554049,36,42970952
574,150.8470,100,1980,2619,1767561386475606370,36,42970952
575,151.4340,100,1980,2619,1767561386479296710,36,42970952
576,151.4340,100,1980,2619,1767561386483390535,36,42994770
577,151.4340,100,1980,2619,1767561386500783300,36,42994770
578,151.4340,100,1980,2619,1767561386505187811,36,42994770
579,151.4340,79,1980,2619,1767561386511650962,36,42994770
580,151.4340,79,1980,2619,1767561386515236375,36,42994770
581,151.4340,79,1980,2619,1767561386518855355,36,42994770
582,151.4340,79,1980,2619,1767561386522515488,36,42994770
583,151.4340,79,1980,2619,1767561386526611425,36,42994770
584,151.4340,79,1980,2619,1767561386533285455,36,42994770
585,151.4340,79,1980,2619,1767561386536899988,36,42994770
586,151.4340,79,1980,2619,1767561386540445305,36,42994770
587,151.4340,79,1980,2619,1767561386545216724,36,42994770
588,151.4340,79,1980,2619,1767561386552102240,36,42994770
589,151.4340,79,1980,2619,1767561386555683333,36,42994770
590,151.4340,79,1980,2619,1767561386559310538,36,42994770
591,151.4340,79,1980,2619,1767561386563013326,36,42994770
592,151.4340,79,1980,2619,1767561386571012114,36,42994770
593,151.4340,79,1980,2619,1767561386574507863,36,42994770
594,151.4340,79,1980,2619,1767561386578737975,36,42994770
595,151.4340,79,1980,2619,1767561386583227509,36,43018023
596,151.4340,79,1980,2619,1767561386601075887,36,43018023
597,151.4340,79,1980,2619,1767561386605227183,36,43018023
598,151.6920,79,1980,2619,1767561386611752190,36,43018023
599,151.6920,79,1980,2619,1767561386615338947,36,43018023
600,151.6920,79,1980,2619,1767561386619054151,36,43018023
601,151.6920,79,1980,2619,1767561386622917930,36,43018023
602,151.6920,79,1980,2619,1767561386631038285,36,43018023
603,151.6920,79,1980,2619,1767561386634667089,36,43018023
604,151.6920,79,1980,2619,1767561386638209270,36,43018023
605,151.6920,79,1980,2619,1767561386642018649,36,43018023
606,151.6920,79,1980,2619,1767561386646015483,36,43018023
607,151.6920,79,1980,2619,1767561386652579914,36,43018023
608,151.6920,79,1980,2619,1767561386656151823,36,43018023
609,151.6920,79,1980,2619,1767561386659771380,36,43018023
610,151.6920,79,1980,2619,1767561386663397176,36,43018023
611,151.6920,79,1980,2619,1767561386671372060,36,43018023
612,151.6920,79,1980,2619,1767561386675279038,36,43018023
613,151.6920,79,1980,2619,1767561386679536158,36,43018023
614,151.6920,79,1980,2619,1767561386683494305,36,43041490
615,151.6920,79,1980,2619,1767561386701039292,36,43041490
616,151.6920,79,1980,2619,1767561386705218972,36,43041490
617,151.6920,79,1980,2619,1767561386711627468,36,43041490
618,151.6920,79,1980,2619,1767561386715277265,36,43041490
619,151.6920,79,1980,2619,1767561386718832086,36,43041490
620,151.6920,79,1980,2619,1767561386722495514,36,43041490
621,151.6920,79,1980,2619,1767561386726609851,36,43041490
622,151.3620,79,1980,2619,1767561386733246601,36,43041490
623,151.3620,79,1980,2619,1767561386736876397,36,43041490
624,151.3620,79,1980,2619,1767561386740425331,36,43041490
625,151.3620,79,1980,2619,1767561386745185903,36,43041490
626,151.3620,79,1980,2619,1767561386751654430,36,43041490
627,151.3620,100,1980,2619,1767561386755429217,36,43041490
628,151.3620,100,1980,2619,1767561386759127589,36,43041490
629,151.3620,100,1980,2619,1767561386762841353,36,43041490
630,151.3620,100,1980,2619,1767561386770863437,36,43041490
631,151.3620,100,1980,2619,1767561386774318419,36,43041490
632,151.3620,100,1980,2619,1767561386778017591,36,43041490
633,151.3620,100,1980,2619,1767561386783318031,36,43064799
634,151.3620,100,1980,2619,1767561386801055209,36,43064799
635,151.3620,100,1980,2619,1767561386805129226,36,43064799
636,151.3620,100,1980,2619,1767561386811584441,36,43064799
637,151.3620,100,1980,2619,1767561386815195038,36,43064799
638,151.3620,100,1980,2619,1767561386818820866,36,43064799
639,151.3620,100,1980,2619,1767561386822506151,36,43064799
640,151.3620,100,1980,2619,1767561386826758599,36,43064799
641,151.3620,100,1980,2619,1767561386833515444,36,43064799
642,151.3620,100,1980,2619,1767561386838789836,36,43064799
643,151.3620,100,1980,2619,1767561386842404273,36,43064799
644,151.3620,100,1980,2619,1767561386846376466,36,43064799
645,150.7000,100,1980,2619,1767561386852909377,36,43064799
646,150.7000,100,1980,2619,1767561386856521958,36,43064799
647,150.7000,100,1980,2619,1767561386860126635,36,43064799
648,150.7000,100,1980,2619,1767561386865222533,36,43064799
649,150.7000,100,1980,2619,1767561386871717523,36,43064799
650,150.7000,100,1980,2619,1767561386875262424,36,43064799
651,150.7000,100,1980,2619,1767561386879031420,36,43064799
652,150.7000,100,1980,2619,1767561386883266364,36,43088318
653,150.7000,100,1980,2619,1767561386900814456,36,43088318
654,150.7000,100,1980,2619,1767561386905188055,36,43088318
655,150.7000,100,1980,2619,1767561386911684613,36,43088318
656,150.7000,100,1980,2619,1767561386915246315,36,43088318
657,150.7000,100,1980,2619,1767561386918861104,36,43088318
658,150.7000,100,1980,2619,1767561386922513876,36,43088318
659,150.7000,100,1980,2619,1767561386930687542,36,43088318
660,150.7000,100,1980,2619,1767561386934252795,36,43088318
661,150.7000,100,1980,2619,1767561386937876064,36,43088318
662,150.7000,100,1980,2619,1767561386941579332,36,43088318
663,150.7000,100,1980,2619,1767561386945544294,36,43088318
664,150.7000,100,1980,2619,1767561386952018837,36,43088318
665,150.7000,100,1980,2619,1767561386955619194,36,43088318
666,150.7000,100,1980,2619,1767561386959292574,36,43088318
667,150.7000,100,1980,2619,1767561386962934659,36,43088318
668,150.7000,100,1980,2619,1767561386971021893,36,43088318
669,150.7000,100,1980,2619,1767561386974636586,36,43088318
670,151.3950,100,1980,2619,1767561386978277519,36,43088318
671,151.3950,100,1980,2619,1767561386983231402,36,43112192
672,151.3950,100,1980,2619,1767561387001021411,36,43112192
673,151.3950,100,1980,2619,1767561387005234947,36,43112192
674,151.3950,100,1980,2619,1767561387011693811,36,43112192
675,151.3950,100,1980,2619,1767561387015254904,36,43112192
676,151.3950,100,1980,2619,1767561387018874205,36,43112192
677,151.3950,100,1980,2619,1767561387022549537,36,43112192
678,151.3950,100,1980,2619,1767561387026776096,36,43112192
679,151.3950,100,1980,2619,1767561387033383375,36,43112192
680,151.3950,100,1980,2619,1767561387037240242,36,43112192
681,151.3950,100,1980,2619,1767561387040872502,36,43112192
682,151.3950,100,1980,2619,1767561387045177622,36,43112192
683,151.3950,100,1980,2619,1767561387051661605,36,43112192
684,151.3950,100,1980,2619,1767561387055437576,36,43112192
685,151.3950,100,1980,2619,1767561387058998221,36,43112192
686,151.3950,100,1980,2619,1767561387062724017,36,43112192
687,151.3950,100,1980,2619,1767561387070653718,36,43112192
688,151.3950,100,1980,2619,1767561387074157179,36,43112192
689,151.3950,100,1980,2619,1767561387078037726,36,43112192
690,151.3950,100,1980,2619,1767561387081715938,36,43112192
691,151.3950,100,1980,2619,1767561387088539790,36,43136709
692,151.3950,100,1980,2619,1767561387101809706,36,43136709
693,151.3950,100,1980,2619,1767561387105889100,36,43136709
694,151.9870,100,1980,2619,1767561387112567929,36,43136709
695,151.9870,100,1980,2619,1767561387115906304,36,43136709
696,151.9870,100,1980,2619,1767561387119228614,36,43136709
697,151.9870,100,1980,2619,1767561387122754060,36,43136709
698,151.9870,100,1980,2619,1767561387130911311,36,43136709
699,151.9870,100,1980,2619,1767561387134210454,36,43136709
700,151.9870,100,1980,2619,1767561387137544285,36,43136709
701,151.9870,100,1980,2619,1767561387141237569,36,43136709
702,151.9870,100,1980,2619,1767561387145289410,36,43136709
703,151.9870,100,1980,2619,1767561387151782545,36,43136709
704,151.9870,100,1980,2619,1767561387155624980,36,43136709
705,151.9870,100,1980,2619,1767561387159346776,36,43136709
706,151.9870,100,1980,2619,1767561387163300602,36,43136709
707,151.9870,100,1980,2619,1767561387173995177,36,43136709
708,151.9870,100,1980,2619,1767561387179678814,36,43136709
709,151.9870,100,1980,2619,1767561387187912288,36,43186654
710,151.9870,100,1980,2619,1767561387225160935,36,43186654
711,151.9870,100,1980,2619,1767561387240807601,36,43186654
712,151.9870,100,1980,2619,1767561387245210319,36,43186654
713,151.9870,100,1980,2619,1767561387254022157,36,43186654
714,151.9870,100,1980,2619,1767561387260089151,36,43186654
715,229.6390,100,1980,2619,1767561387268676478,36,43186654
716,229.6390,100,1980,2619,1767561387290514586,36,43186654
717,229.6390,100,1980,2619,1767561387309698153,36,43310882
718,229.6390,69,1980,2619,1767561387320592471,36,43310882
719,229.6390,69,1980,2619,1767561387328716249,36,43310882
720,229.6390,69,1980,2619,1767561387354255448,49,43310882
721,229.6390,69,1980,2619,1767561387363836368,49,43310882
722,229.6390,69,1980,2619,1767561387375966229,49,43310882
723,229.6390,69,1980,2619,1767561387380053878,49,43310882
724,229.6390,69,1680,2619,1767561387385780906,49,43389401
725,229.6390,69,1680,2619,1767561387403952193,49,43389401
726,229.6390,69,1680,2619,1767561387415087533,49,43389401
727,335.1360,69,1680,2619,1767561387418647890,49,43389401
728,335.1360,69,1680,2619,1767561387422216951,49,43389401
729,335.1360,69,1680,2619,1767561387426467351,49,43389401
730,335.1360,69,1680,2619,1767561387433082821,49,43389401
731,335.1360,69,1680,2619,1767561387437331909,49,43389401
732,335.1360,69,1680,2619,1767561387441140776,49,43389401
733,335.1360,69,1680,2619,1767561387445169194,49,43389401
734,335.1360,69,1680,2619,1767561387451559577,49,43389401
735,335.1360,69,1680,2619,1767561387455152414,49,43389401
736,335.1360,69,1680,2619,1767561387460724661,55,43389401
737,335.1360,69,1680,2619,1767561387468573625,55,43389401
738,335.1360,69,1680,2619,1767561387503986286,55,43389401
739,335.1360,69,1680,2619,1767561387520461906,55,43516699
740,335.1360,69,1680,2619,1767561387527827706,55,43516699
741,335.1360,69,1680,2619,1767561387534705766,55,43516699
742,335.1360,69,1695,2619,1767561387538915014,55,43516699
743,335.1360,69,1695,2619,1767561387542697481,55,43516699
744,335.1360,69,1695,2619,1767561387550555534,55,43516699
745,335.1360,69,1695,2619,1767561387554294418,55,43516699
746,462.7440,69,1695,2619,1767561387557988694,55,43516699
747,462.7440,69,1695,2619,1767561387561820537,55,43516699
748,462.7440,69,1695,2619,1767561387565816379,55,43516699
749,462.7440,69,1695,2619,1767561387574592633,55,43516699
750,462.7440,69,1695,2619,1767561387578313021,55,43516699
751,462.7440,100,1695,2619,1767561387583238360,55,43591279
752,462.7440,100,1695,2619,1767561387601230959,55,43591279
753,462.7440,100,1695,2619,1767561387605273681,55,43591279
754,462.7440,100,1695,2619,1767561387611702625,56,43591279
755,462.7440,100,1695,2619,1767561387615445317,56,43591279
756,462.7440,100,1695,2619,1767561387619113449,56,43591279
757,462.7440,100,1695,2619,1767561387623319529,56,43591279
758,462.7440,100,1695,2619,1767561387633267742,56,43591279
759,462.7440,100,1695,2619,1767561387636893314,56,43591279
760,462.7440,100,1695,2619,1767561387641252130,56,43591279
761,462.7440,100,1695,2619,1767561387645323651,56,43591279
762,462.7440,100,1695,2619,1767561387651603155,56,43591279
763,462.7440,100,1680,2619,1767561387655330263,56,43591279
764,462.7440,100,1680,2619,1767561387658972635,56,43591279
765,462.7440,100,1680,2619,1767561387662719519,56,43591279
766,462.7440,100,1680,2619,1767561387671639100,56,43591279
767,462.7440,100,1680,2619,1767561387675453312,56,43591279
768,546.9010,100,1680,2619,1767561387679464321,56,43591279
769,546.9010,100,1680,2619,1767561387683476099,56,43691829
770,546.9010,100,1680,2619,1767561387701773881,56,43691829
771,546.9010,100,1680,2619,1767561387705919834,56,43691829
772,546.9010,100,1680,2619,1767561387713168066,56,43691829
773,546.9010,100,1680,2619,1767561387716859110,56,43691829
774,546.9010,100,1680,2619,1767561387720576970,56,43691829
775,546.9010,100,1680,2619,1767561387727712373,56,43691829
776,546.9010,100,1680,2619,1767561387735149181,56,43691829
777,546.9010,100,1680,2619,1767561387739054719,56,43691829
778,546.9010,100,1680,2619,1767561387743276287,56,43691829
779,546.9010,100,1680,2619,1767561387752054589,56,43691829
780,546.9010,100,1680,2619,1767561387756075838,56,43691829
781,546.9010,100,1680,2619,1767561387759821154,56,43691829
782,546.9010,100,1680,2619,1767561387763570790,56,43691829
783,546.9010,100,1680,2619,1767561387772328324,56,43691829
784,546.9010,100,1680,2619,1767561387775954952,56,43691829
785,546.9010,100,1680,2619,1767561387779794603,56,43691829
786,546.9010,100,1680,2619,1767561387784014891,56,43790426
787,546.9010,100,1680,2619,1767561387802354241,56,43790426
788,546.9010,100,1680,2619,1767561387806349731,56,43790426
789,644.4750,100,1680,2619,1767561387812897521,56,43790426
790,644.4750,100,1680,2619,1767561387816631893,56,43790426
791,644.4750,100,1680,2619,1767561387820329850,56,43790426
792,644.4750,100,1680,2619,1767561387827788705,56,43790426
793,644.4750,100,1680,2619,1767561387834288176,56,43790426
794,644.4750,100,1680,2619,1767561387839673383,56,43790426
795,644.4750,100,1680,2619,1767561387845177278,56,43790426
796,644.4750,100,1680,2619,1767561387852401191,56,43790426
797,644.4750,100,1680,2619,1767561387855996684,56,43790426
798,644.4750,100,1680,2619,1767561387859687056,56,43790426
799,644.4750,100,1680,2619,1767561387863387092,56,43790426
800,644.4750,100,1680,2619,1767561387872176594,56,43790426
801,644.4750,100,1680,2619,1767561387875889270,56,43790426
802,644.4750,100,1680,2619,1767561387879955383,56,43790426
803,644.4750,100,1680,2619,1767561387885586893,56,43889542
804,644.4750,100,1680,2619,1767561387901838930,56,43889542
805,644.4750,100,1680,2619,1767561387905838356,56,43889542
806,644.4750,100,1680,2619,1767561387912983998,56,43889542
807,644.4750,100,1680,2619,1767561387916699138,56,43889542
808,644.4750,100,1680,2619,1767561387920332071,56,43889542
809,644.4750,100,1680,2619,1767561387927774926,56,43889542
810,644.4750,100,1680,2619,1767561387935099703,56,43889542
811,735.0500,100,1680,2619,1767561387938764411,56,43889542
812,735.0500,100,1680,2619,1767561387942626462,56,43889542
813,735.0500,100,1680,2619,1767561387951524379,56,43889542
814,735.0500,100,1680,2619,1767561387955265630,56,43889542
815,735.0500,100,1680,2619,1767561387958901379,56,43889542
816,735.0500,100,1680,2619,1767561387962648871,56,43889542
817,735.0500,100,1680,2619,1767561387971353893,56,43889542
818,735.0500,100,1680,2619,1767561387975136457,56,43889542
819,735.0500,100,1680,2619,1767561387978903244,56,43889542
820,735.0500,100,1680,2619,1767561387983247915,56,43986695
821,735.0500,100,1680,2619,1767561388002039006,56,43986695
822,735.0500,100,1680,2619,1767561388006134879,56,43986695
823,735.0500,100,1680,2619,1767561388013329928,56,43986695
824,735.0500,100,1680,2619,1767561388017260586,56,43986695
825,735.0500,100,1680,2619,1767561388020894703,56,43986695
826,735.0500,100,1680,2619,1767561388027781243,56,43986695
827,735.0500,100,1680,2619,1767561388035151396,56,43986695
828,735.0500,100,1680,2619,1767561388038800584,56,43986695
829,735.0500,100,1680,2619,1767561388042661963,56,43986695
830,735.0500,100,1680,2619,1767561388051356489,56,43986695
831,735.0500,100,1680,2619,1767561388055774696,56,43986695
832,834.2420,100,1680,2619,1767561388059325837,56,43986695
833,834.2420,100,1680,2619,1767561388063103025,56,43986695
834,834.2420,100,1680,2619,1767561388071832463,56,43986695
835,834.2420,100,1680,2619,1767561388075546386,56,43986695
836,834.2420,100,1680,2619,1767561388079308246,56,43986695
837,834.2420,100,1680,2619,1767561388083343512,56,44084689
838,834.2420,100,1680,2619,1767561388103147010,56,44084689
839,834.2420,100,1680,2619,1767561388111893728,56,44084689
840,834.2420,100,1680,2619,1767561388115413573,56,44084689
841,834.2420,100,1680,2619,1767561388119129930,56,44084689
842,834.2420,100,1680,2619,1767561388123383018,56,44084689
843,834.2420,100,1680,2619,1767561388133378686,56,44084689
844,834.2420,100,1680,2619,1767561388136956003,56,44084689
845,834.2420,100,1680,2619,1767561388140851237,56,44084689
846,834.2420,100,1680,2619,1767561388145159269,56,44084689
847,834.2420,100,1680,2619,1767561388151476245,56,44084689
848,834.2420,100,1665,2619,1767561388155188378,56,44084689
849,834.2420,100,1665,2619,1767561388159365530,56,44084689
850,834.2420,100,1665,2619,1767561388163090910,56,44084689
851,834.2420,100,1665,2619,1767561388171761212,56,44084689
852,834.2420,100,1665,2619,1767561388175458656,56,44084689
853,905.3730,100,1665,2619,1767561388179207492,56,44084689
854,905.3730,100,1665,2619,1767561388183452772,56,44181707
855,905.3730,100,1665,2619,1767561388204947457,56,44181707
856,905.3730,100,1665,2619,1767561388214496218,56,44181707
857,905.3730,100,1665,2619,1767561388218040831,56,44181707
858,905.3730,100,1665,2619,1767561388221862338,56,44181707
859,905.3730,100,1665,2619,1767561388228728590,56,44181707
860,905.3730,100,1665,2619,1767561388235940184,56,44181707
861,905.3730,100,1665,2619,1767561388239668476,56,44181707
862,905.3730,100,1665,2619,1767561388243436287,56,44181707
863,905.3730,100,1665,2619,1767561388251283204,56,44181707
864,905.3730,100,1665,2619,1767561388255351845,56,44181707
865,905.3730,100,1665,2619,1767561388259031945,56,44181707
866,905.3730,100,1665,2619,1767561388263306601,56,44181707
867,905.3730,100,1665,2619,1767561388271972296,56,44181707
868,905.3730,100,1665,2619,1767561388275595469,56,44181707
869,905.3730,100,1680,2619,1767561388279541071,56,44181707
870,905.3730,100,1680,2619,1767561388283646031,56,44279804
871,905.3730,100,1680,2619,1767561388301953957,56,44279804
872,905.3730,100,1680,2619,1767561388306010215,56,44279804
873,899.0610,100,1680,2619,1767561388313235024,56,44279804
874,899.0610,100,1680,2619,1767561388316901620,56,44279804
875,899.0610,100,1680,2619,1767561388320599320,56,44279804
876,899.0610,100,1680,2619,1767561388327692067,56,44279804
877,899.0610,100,1680,2619,1767561388335151115,56,44279804
878,899.0610,100,1680,2619,1767561388338882831,56,44279804
879,899.0610,100,1680,2619,1767561388342595890,56,44279804
880,899.0610,100,1680,2619,1767561388351323696,56,44279804
881,899.0610,100,1680,2619,1767561388354950165,56,44279804
882,899.0610,100,1680,2619,1767561388358585882,57,44279804
883,899.0610,100,1680,2619,1767561388362403517,57,44279804
884,899.0610,100,1680,2619,1767561388371331801,57,44279804
885,899.0610,100,1680,2619,1767561388375360411,57,44279804
886,899.0610,100,1680,2619,1767561388379162270,57,44279804
887,899.0610,100,1680,2619,1767561388383353278,57,44377938
888,899.0610,100,1680,2619,1767561388402244944,57,44377938
889,899.0610,100,1680,2619,1767561388406295025,57,44377938
890,899.0610,100,1680,2619,1767561388413500667,57,44377938
891,899.0610,100,1680,2619,1767561388417170527,57,44377938
892,899.0610,100,1680,2619,1767561388420892707,57,44377938
893,899.0610,100,1680,2619,1767561388427840143,57,44377938
894,899.0610,100,1680,2619,1767561388435139895,57,44377938
895,895.9670,100,1680,2619,1767561388439015642,57,44377938
896,895.9670,100,1680,2619,1767561388442847485,57,44377938
897,895.9670,100,1680,2619,1767561388451638555,57,44377938
898,895.9670,100,1680,2619,1767561388455338815,57,44377938
899,895.9670,100,1680,2619,1767561388459046179,57,44377938
900,895.9670,100,1680,2619,1767561388462841030,57,44377938
901,895.9670,100,1680,2619,1767561388471616804,57,44377938
902,895.9670,100,1680,2619,1767561388475911332,57,44377938
903,895.9670,100,1680,2619,1767561388479612808,57,44377938
904,895.9670,100,1680,2619,1767561388483677609,57,44476472
905,895.9670,100,1680,2619,1767561388501976255,57,44476472
906,895.9670,100,1680,2619,1767561388506081728,57,44476472
907,895.9670,100,1680,2619,1767561388512569615,57,44476472
908,895.9670,100,1680,2619,1767561388516232468,57,44476472
909,895.9670,100,1680,2619,1767561388519947096,57,44476472
910,895.9670,100,1680,2619,1767561388525055121,57,44476472
911,895.9670,100,1680,2619,1767561388534988102,57,44476472
912,895.9670,100,1680,2619,1767561388538520107,57,44476472
913,895.9670,100,1680,2619,1767561388542378190,57,44476472
914,895.9670,100,1680,2619,1767561388546406096,57,44476472
915,895.9670,100,1680,2619,1767561388553708664,57,44476472
916,892.3080,100,1680,2619,1767561388557365756,57,44476472
917,892.3080,100,1680,2619,1767561388561083041,57,44476472
918,892.3080,100,1680,2619,1767561388565229249,57,44476472
919,892.3080,100,1680,2619,1767561388572511371,57,44476472
920,892.3080,100,1680,2619,1767561388576997417,57,44476472
921,892.3080,100,1680,2619,1767561388580709357,57,44476472
922,892.3080,100,1680,2619,1767561388586606816,57,44575971
923,892.3080,100,1680,2619,1767561388603078116,57,44575971
924,892.3080,100,1680,2619,1767561388611890145,57,44575971
925,892.3080,100,1680,2619,1767561388615608325,57,44575971
926,892.3080,100,1680,2619,1767561388619299497,57,44575971
927,892.3080,100,1680,2619,1767561388623607977,57,44575971
928,892.3080,100,1680,2619,1767561388634303352,57,44575971
929,892.3080,100,1680,2619,1767561388637835838,57,44575971
930,892.3080,100,1680,2619,1767561388641730496,57,44575971
931,892.3080,100,1680,2619,1767561388645802273,57,44575971
932,892.3080,100,1680,2619,1767561388653233481,57,44575971
933,892.3080,100,1680,2619,1767561388656964589,57,44575971
934,892.3080,100,1680,2619,1767561388660677969,57,44575971
935,892.3080,100,1680,2619,1767561388665264175,57,44575971
936,892.3080,100,1680,2619,1767561388672539895,57,44575971
937,892.3080,100,1680,2619,1767561388676223163,57,44575971
938,888.7140,100,1680,2619,1767561388680480091,57,44575971
939,888.7140,100,1680,2619,1767561388686047697,57,44673743
940,888.7140,100,1680,2619,1767561388702434454,57,44673743
941,888.7140,100,1680,2619,1767561388706492919,57,44673743
942,888.7140,100,1680,2619,1767561388713734976,57,44673743
943,888.7140,100,1680,2619,1767561388717700322,57,44673743
944,888.7140,100,1680,2619,1767561388721419878,57,44673743
945,888.7140,100,1680,2619,1767561388728133716,57,44673743
946,888.7140,100,1680,2619,1767561388735399708,57,44673743
947,888.7140,100,1680,2619,1767561388739138368,57,44673743
948,888.7140,100,1680,2619,1767561388742942692,57,44673743
949,888.7140,100,1680,2619,1767561388751677218,57,44673743
950,888.7140,100,1680,2619,1767561388755672868,57,44673743
951,888.7140,100,1680,2619,1767561388759392232,57,44673743
952,888.7140,100,1680,2619,1767561388763119403,57,44673743
953,888.7140,100,1680,2619,1767561388771006352,57,44673743
954,888.7140,100,1680,2619,1767561388774700404,57,44673743
955,888.7140,100,1680,2619,1767561388778330585,57,44673743
956,888.7140,100,1680,2619,1767561388783124149,57,44771126
957,888.7140,100,1680,2619,1767561388802147301,57,44771126
958,888.7140,100,1680,2619,1767561388806301189,57,44771126
959,889.4750,100,1680,2619,1767561388813522831,57,44771126
960,889.4750,100,1680,2619,1767561388817230739,57,44771126
961,889.4750,100,1680,2619,1767561388820898487,57,44771126
962,889.4750,100,1680,2619,1767561388827887426,57,44771126
963,889.4750,100,1680,2619,1767561388835221163,57,44771126
964,889.4750,100,1680,2619,1767561388840730050,57,44771126
965,889.4750,100,1680,2619,1767561388845204992,57,44771126
966,889.4750,100,1680,2619,1767561388852426313,57,44771126
967,889.4750,100,1680,2619,1767561388855987374,57,44771126
968,889.4750,100,1680,2619,1767561388859700242,57,44771126
969,889.4750,100,1680,2619,1767561388863382294,57,44771126
970,889.4750,100,1680,2619,1767561388872090837,57,44771126
971,889.4750,100,1680,2619,1767561388875822233,57,44771126
972,889.4750,100,1680,2619,1767561388879789115,57,44771126
973,889.4750,100,1680,2619,1767561388885308145,57,44870006
974,889.4750,100,1680,2619,1767561388901858420,57,44870006
975,889.4750,100,1680,2619,1767561388906101140,57,44870006
976,889.4750,100,1680,2619,1767561388913202878,57,44870006
977,889.4750,100,1680,2619,1767561388916940002,57,44870006
978,889.4750,100,1680,2619,1767561388920604006,57,44870006
979,889.4750,100,1680,2619,1767561388928084366,57,44870006
980,889.4750,100,1680,2619,1767561388934585373,57,44870006
981,888.9860,100,1680,2619,1767561388938318817,57,44870006
982,888.9860,100,1680,2619,1767561388942211363,57,44870006
983,888.9860,100,1680,2619,1767561388946248068,57,44870006
984,888.9860,100,1680,2619,1767561388952683540,57,44870006
985,888.9860,100,1680,2619,1767561388956452248,57,44870006
986,888.9860,100,1680,2619,1767561388960093884,57,44870006
987,888.9860,100,1680,2619,1767561388965170902,57,44870006
988,888.9860,100,1680,2619,1767561388972372352,57,44870006
989,888.9860,100,1680,2619,1767561388976090851,57,44870006
990,888.9860,100,1680,2619,1767561388979679048,57,44870006
991,888.9860,100,1680,2619,1767561388983971432,57,44969127
992,888.9860,100,1680,2619,1767561389002361245,57,44969127
993,888.9860,100,1680,2619,1767561389011496280,57,44969127
994,888.9860,100,1680,2619,1767561389015145629,57,44969127
995,888.9860,100,1680,2619,1767561389018847297,57,44969127
996,888.9860,100,1680,2619,1767561389022700996,57,44969127
997,888.9860,100,1680,2619,1767561389033905775,57,44969127
998,888.9860,100,1680,2619,1767561389037694930,57,44969127
999,888.9860,100,1680,2619,1767561389041549717,57,44969127
1000,888.9860,100,1680,2619,1767561389045597719,57,44969127
1001,888.9860,100,1680,2619,1767561389052861984,57,44969127
1002,889.9430,100,1680,2619,1767561389056676035,57,44969127
1003,889.9430,100,1680,2619,1767561389060394759,57,44969127
1004,889.9430,100,1680,2619,1767561389065167235,57,44969127
1005,889.9430,100,1680,2619,1767561389072673514,57,44969127
1006,889.9430,100,1680,2619,1767561389076199600,57,44969127
1007,889.9430,100,1680,2619,1767561389079926420,57,44969127
1008,889.9430,100,1680,2619,1767561389084064309,57,45067540
1009,889.9430,100,1680,2619,1767561389101834702,57,45067540
1010,889.9430,100,1680,2619,1767561389106186989,57,45067540
1011,889.9430,100,1680,2619,1767561389112701052,58,45067540
1012,889.9430,100,1680,2619,1767561389116341889,58,45067540
1013,889.9430,100,1680,2619,1767561389120037413,58,45067540
1014,889.9430,100,1680,2619,1767561389127958152,58,45067540
1015,889.9430,100,1680,2619,1767561389135317201,58,45067540
1016,889.9430,100,1680,2619,1767561389139413522,58,45067540
1017,889.9430,100,1680,2619,1767561389143285621,58,45067540
1018,889.9430,100,1680,2619,1767561389151989107,58,45067540
1019,889.9430,100,1680,2619,1767561389155529048,58,45067540
1020,889.9430,100,1680,2619,1767561389159235708,58,45067540
1021,889.9430,100,1680,2619,1767561389163018048,58,45067540
1022,889.9430,100,1680,2619,1767561389171790878,58,45067540
1023,889.9430,100,1680,2619,1767561389175478466,58,45067540
1024,889.9430,100,1680,2619,1767561389179242470,58,45067540
1025,891.1540,100,1680,2619,1767561389183494725,58,45165744
1026,891.1540,100,1680,2619,1767561389203494607,58,45165744
1027,891.1540,100,1680,2619,1767561389212561770,58,45165744
1028,891.1540,100,1680,2619,1767561389216223150,58,45165744
1029,891.1540,100,1680,2619,1767561389219930610,58,45165744
1030,891.1540,100,1680,2619,1767561389225145259,58,45165744
1031,891.1540,100,1680,2619,1767561389235296447,58,45165744
1032,891.1540,100,1680,2619,1767561389238882084,58,45165744
1033,891.1540,100,1680,2619,1767561389242612583,58,45165744
1034,891.1540,100,1680,2619,1767561389251433796,58,45165744
1035,891.1540,100,1680,2619,1767561389255469446,58,45165744
1036,891.1540,100,1680,2619,1767561389259144234,58,45165744
1037,891.1540,100,1680,2619,1767561389262876110,58,45165744
1038,891.1540,100,1680,2619,1767561389271602668,58,45165744
1039,891.1540,100,1680,2619,1767561389275188913,58,45165744
1040,891.1540,100,1680,2619,1767561389279219635,58,45165744
1041,891.1540,100,1680,2619,1767561389283342484,58,45263802
1042,891.1540,100,1680,2619,1767561389301457259,58,45263802
1043,891.1540,100,1680,2619,1767561389305484812,58,45263802
1044,892.2450,100,1680,2619,1767561389312799893,58,45263802
1045,892.2450,100,1680,2619,1767561389316598617,58,45263802
1046,892.2450,100,1680,2619,1767561389320294365,58,45263802
1047,892.2450,100,1680,2619,1767561389327894660,58,45263802
1048,892.2450,100,1680,2619,1767561389335160204,58,45263802
1049,892.2450,100,1680,2619,1767561389338893520,58,45263802
1050,892.2450,100,1680,2619,1767561389342627476,58,45263802
1051,892.2450,100,1680,2619,1767561389351472657,58,45263802
1052,892.2450,100,1680,2619,1767561389355001559,58,45263802
1053,892.2450,100,1680,2619,1767561389358698907,58,45263802
1054,892.2450,100,1680,2619,1767561389362461310,58,45263802
1055,892.2450,100,1680,2619,1767561389366436480,58,45263802
1056,892.2450,100,1680,2619,1767561389373650090,58,45263802
1057,892.2450,100,1680,2619,1767561389377884490,58,45263802
1058,892.2450,100,1680,2619,1767561389381665102,58,45263802
1059,892.2450,100,1680,2619,1767561389388446426,58,45364450
1060,892.2450,100,1680,2619,1767561389404662784,58,45364450
1061,892.2450,100,1680,2619,1767561389413318079,58,45364450
1062,892.2450,100,1680,2619,1767561389417824957,58,45364450
1063,892.2450,100,1680,2619,1767561389421603648,58,45364450
1064,892.2450,100,1680,2619,1767561389425812256,58,45364450
1065,892.2450,100,1680,2619,1767561389432338415,58,45364450
1066,892.6070,100,1680,2619,1767561389436075443,58,45364450
1067,892.6070,100,1680,2619,1767561389439728279,58,45364450
1068,892.6070,100,1680,2619,1767561389443465499,58,45364450
1069,892.6070,100,1680,2619,1767561389451392095,58,45364450
1070,892.6070,100,1680,2619,1767561389455122179,58,45364450
1071,892.6070,100,1680,2619,1767561389458848230,58,45364450
1072,892.6070,100,1680,2619,1767561389462588266,58,45364450
1073,892.6070,100,1680,2619,1767561389470564942,58,45364450
1074,892.6070,100,1680,2619,1767561389474311890,58,45364450
1075,892.6070,100,1680,2619,1767561389478080598,58,45364450
1076,892.6070,100,1680,2619,1767561389483181455,58,45462391
1077,892.6070,100,1680,2619,1767561389502841435,58,45462391
1078,892.6070,100,1680,2619,1767561389532302812,58,45462391
1079,892.6070,100,1680,2619,1767561389542281937,58,45462391
1080,892.6070,100,1695,2619,1767561389547367370,58,45462391
1081,892.6070,100,1695,2619,1767561389556290727,58,45462391
1082,892.6070,100,1695,2619,1767561389560024523,58,45462391
1083,896.8760,100,1695,2619,1767561389563622512,58,45462391
1084,896.8760,100,1695,2619,1767561389574119232,58,45462391
1085,896.8760,100,1695,2619,1767561389578049794,58,45462391
1086,896.8760,100,1695,2619,1767561389581783910,58,45462391
1087,896.8760,100,1695,2619,1767561389588737618,58,45566876
1088,896.8760,100,1695,2619,1767561389604716249,58,45566876
1089,896.8760,100,1695,2619,1767561389613456247,58,45566876
1090,896.8760,100,1695,2619,1767561389616984029,59,45566876
1091,896.8760,100,1695,2619,1767561389620792928,59,45566876
1092,896.8760,100,1695,2619,1767561389628181769,59,45566876
1093,896.8760,100,1695,2619,1767561389635447185,59,45566876
1094,896.8760,100,1695,2619,1767561389639652145,59,45566876
1095,896.8760,100,1695,2619,1767561389643296278,59,45566876
1096,896.8760,100,1695,2619,1767561389653695368,59,45566876
1097,896.8760,100,1695,2619,1767561389657317997,59,45566876
1098,896.8760,100,1665,2619,1767561389660876305,59,45566876
1099,896.8760,100,1665,2619,1767561389665162929,59,45566876
1100,896.8760,100,1665,2619,1767561389672452666,59,45566876
1101,896.8760,100,1665,2619,1767561389676125214,59,45566876
1102,896.8760,100,1665,2619,1767561389679832450,59,45566876
1103,898.3380,100,1665,2619,1767561389683975043,59,45663761
1104,898.3380,100,1665,2619,1767561389702219353,59,45663761
1105,898.3380,100,1665,2619,1767561389706353466,59,45663761
1106,898.3380,100,1665,2619,1767561389713496612,59,45663761
1107,898.3380,100,1665,2619,1767561389717154537,59,45663761
1108,898.3380,100,1665,2619,1767561389720868525,59,45663761
1109,898.3380,100,1665,2619,1767561389728182741,59,45663761
1110,898.3380,100,1665,2619,1767561389735521278,59,45663761
1111,898.3380,100,1665,2619,1767561389739243234,58,45663761
1112,898.3380,100,1665,2619,1767561389743472162,58,45663761
1113,898.3380,100,1665,2619,1767561389752169792,58,45663761
1114,898.3380,100,1665,2619,1767561389756233121,58,45663761
1115,898.3380,100,1665,2619,1767561389759880614,58,45663761
1116,898.3380,100,1665,2619,1767561389763667177,58,45663761
1117,898.3380,100,1665,2619,1767561389772564230,58,45663761
1118,898.3380,100,1665,2619,1767561389776176107,58,45663761
1119,898.3380,100,1680,2619,1767561389779842735,58,45663761
1120,898.3380,100,1680,2619,1767561389784080335,58,45762919
1121,898.3380,100,1680,2619,1767561389802341541,58,45762919
1122,898.3380,100,1680,2619,1767561389806392871,58,45762919
1123,898.7330,100,1680,2619,1767561389813539089,58,45762919
1124,898.7330,100,1680,2619,1767561389817269684,58,45762919
1125,898.7330,100,1680,2619,1767561389820976120,58,45762919
1126,898.7330,100,1680,2619,1767561389827881604,58,45762919
1127,898.7330,100,1680,2619,1767561389834557650,58,45762919
1128,898.7330,100,1680,2619,1767561389838264278,58,45762919
1129,898.7330,100,1680,2619,1767561389845276961,58,45762919
1130,898.7330,100,1680,2619,1767561389851641521,58,45762919
1131,898.7330,100,1680,2619,1767561389855248630,58,45762919
1132,898.7330,100,1680,2619,1767561389858988282,59,45762919
1133,898.7330,100,1680,2619,1767561389862804637,59,45762919
1134,898.7330,100,1680,2619,1767561389873005872,59,45762919
1135,898.7330,100,1680,2619,1767561389877224976,59,45762919
1136,898.7330,100,1680,2619,1767561389880811445,59,45762919
1137,898.7330,100,1680,2619,1767561389886781224,59,45863052
1138,898.7330,100,1680,2619,1767561389904009574,59,45863052
1139,898.7330,100,1680,2619,1767561389913522398,59,45863052
1140,898.7330,100,1650,2619,1767561389917374945,59,45863052
1141,898.7330,100,1650,2619,1767561389921077157,59,45863052
1142,898.7330,100,1650,2619,1767561389927851858,59,45863052
1143,898.7330,100,1650,2619,1767561389935452664,59,45863052
1144,899.1830,100,1650,2619,1767561389939219868,59,45863052
1145,899.1830,100,1650,2619,1767561389943006431,59,45863052
1146,899.1830,100,1650,2619,1767561389951689438,59,45863052
1147,899.1830,100,1650,2619,1767561389955424642,59,45863052
1148,899.1830,100,1650,2619,1767561389959138534,59,45863052
1149,899.1830,100,1650,2619,1767561389962930121,59,45863052
1150,899.1830,100,1650,2619,1767561389973210491,59,45863052
1151,899.1830,100,1650,2619,1767561389977166653,59,45863052
1152,899.1830,100,1650,2619,1767561389980688579,58,45863052
1153,899.1830,100,1650,2619,1767561389986475511,58,45961352
1154,899.1830,100,1650,2619,1767561390004303920,58,45961352
1155,899.1830,100,1650,2619,1767561390015338493,58,45961352
1156,899.1830,100,1650,2619,1767561390018903651,58,45961352
1157,899.1830,100,1650,2619,1767561390022668838,58,45961352
1158,899.1830,100,1650,2619,1767561390033760818,58,45961352
1159,899.1830,100,1650,2619,1767561390037375831,58,45961352
1160,899.1830,100,1680,2619,1767561390041182074,58,45961352
1161,899.1830,100,1680,2619,1767561390045254172,58,45961352
1162,899.1830,100,1680,2619,1767561390052566788,58,45961352
1163,899.1830,100,1680,2619,1767561390056289896,58,45961352
1164,899.1830,100,1680,2619,1767561390059916492,58,45961352
1165,898.2170,100,1680,2619,1767561390063572785,58,45961352
1166,898.2170,100,1680,2619,1767561390072256976,58,45961352
1167,898.2170,100,1680,2619,1767561390075991700,58,45961352
1168,898.2170,100,1680,2619,1767561390079654200,58,45961352
1169,898.2170,100,1680,2619,1767561390083623194,58,46058043
1170,898.2170,100,1680,2619,1767561390101864400,58,46058043
1171,898.2170,100,1680,2619,1767561390105918162,58,46058043
1172,898.2170,100,1680,2619,1767561390113159163,58,46058043
1173,898.2170,100,1680,2619,1767561390117076285,58,46058043
1174,898.2170,100,1680,2619,1767561390120783681,58,46058043
1175,898.2170,100,1680,2619,1767561390127793324,58,46058043
1176,898.2170,100,1680,2619,1767561390135454195,58,46058043
1177,898.2170,100,1680,2619,1767561390139374805,58,46058043
1178,898.2170,100,1680,2619,1767561390143255671,58,46058043
1179,898.2170,100,1680,2619,1767561390151990101,58,46058043
1180,898.2170,100,1680,2619,1767561390156312309,58,46058043
1181,898.2170,100,1680,2619,1767561390159969177,58,46058043
1182,898.2170,100,1680,2619,1767561390165211313,58,46058043
1183,898.2170,100,1680,2619,1767561390172411579,58,46058043
1184,898.2170,100,1680,2619,1767561390176147583,58,46058043
1185,898.2170,100,1680,2619,1767561390179860739,58,46058043
1186,898.1630,100,1680,2619,1767561390184125027,58,46156956
1187,898.1630,100,1680,2619,1767561390204008748,58,46156956
1188,898.1630,100,1680,2619,1767561390214435486,58,46156956
1189,898.1630,100,1680,2619,1767561390218151682,58,46156956
1190,898.1630,100,1680,2619,1767561390221715911,58,46156956
1191,898.1630,100,1680,2619,1767561390228255221,58,46156956
1192,898.1630,100,1680,2619,1767561390235631357,58,46156956
1193,898.1630,100,1680,2619,1767561390239384257,59,46156956
1194,898.1630,100,1680,2619,1767561390243259652,59,46156956
1195,898.1630,100,1680,2619,1767561390253645493,59,46156956
1196,898.1630,100,1680,2619,1767561390258545264,59,46156956
1197,898.1630,100,1680,2619,1767561390262180245,59,46156956
1198,898.1630,100,1680,2619,1767561390266254486,59,46156956
1199,898.1630,100,1680,2619,1767561390273487808,59,46156956
1200,898.1630,100,1680,2619,1767561390277531298,59,46156956
1201,898.1630,100,1680,2619,1767561390281244869,59,46156956
1202,898.1630,100,1680,2619,1767561390287678356,59,46256721
1203,898.1630,100,1680,2619,1767561390302413062,59,46256721
1204,898.1630,100,1680,2619,1767561390306509415,59,46256721
1205,898.5040,100,1680,2619,1767561390313751152,59,46256721
1206,898.5040,100,1680,2619,1767561390317419060,59,46256721
1207,898.5040,100,1680,2619,1767561390321120888,59,46256721
1208,898.5040,100,1680,2619,1767561390328188835,59,46256721
1209,898.5040,100,1680,2619,1767561390335318285,59,46256721
1210,898.5040,100,1680,2619,1767561390339061585,59,46256721
1211,898.5040,100,1680,2619,1767561390342866996,59,46256721
1212,898.5040,100,1680,2619,1767561390351607186,59,46256721
1213,898.5040,100,1680,2619,1767561390355218327,59,46256721
1214,898.5040,100,1680,2619,1767561390359426743,59,46256721
1215,898.5040,100,1680,2619,1767561390363180923,59,46256721
1216,898.5040,100,1680,2619,1767561390371957880,59,46256721
1217,898.5040,100,1680,2619,1767561390375931802,59,46256721
1218,898.5040,100,1680,2619,1767561390379645150,59,46256721
1219,898.5040,100,1680,2619,1767561390383917438,59,46354075
1220,898.5040,100,1680,2619,1767561390402484530,59,46354075
1221,898.5040,100,1680,2619,1767561390406523699,59,46354075
1222,898.5040,100,1680,2619,1767561390413781724,59,46354075
1223,898.5040,100,1680,2619,1767561390417472865,59,46354075
1224,898.5040,100,1680,2619,1767561390421176261,59,46354075
1225,898.5040,100,1680,2619,1767561390427815187,59,46354075
1226,898.5040,100,1680,2619,1767561390435288346,59,46354075
1227,898.9660,100,1680,2619,1767561390438806495,59,46354075
1228,898.9660,100,1680,2619,1767561390442631011,59,46354075
1229,898.9660,100,1680,2619,1767561390451370785,59,46354075
1230,898.9660,100,1680,2619,1767561390455119685,59,46354075
1231,898.9660,100,1680,2619,1767561390458757129,59,46354075
1232,898.9660,100,1680,2619,1767561390463039529,59,46354075
1233,898.9660,100,1680,2619,1767561390471952517,59,46354075
1234,898.9660,100,1680,2619,1767561390475490091,59,46354075
1235,898.9660,100,1680,2619,1767561390479343598,59,46354075
1236,898.9660,100,1680,2619,1767561390483466255,59,46452412
1237,898.9660,100,1680,2619,1767561390501753380,59,46452412
1238,898.9660,100,1680,2619,1767561390505851461,59,46452412
1239,898.9660,100,1680,2619,1767561390512951856,59,46452412
1240,898.9660,100,1680,2619,1767561390516678036,59,46452412
1241,898.9660,100,1680,2619,1767561390520370392,59,46452412
1242,898.9660,100,1680,2619,1767561390527754528,59,46452412
1243,898.9660,100,1680,2619,1767561390535109128,59,46452412
1244,898.9660,100,1680,2619,1767561390538921388,59,46452412
1245,898.9660,100,1680,2619,1767561390542755695,59,46452412
1246,898.9660,100,1680,2619,1767561390551622060,59,46452412
1247,898.9660,100,1680,2619,1767561390555278064,59,46452412
1248,895.1620,100,1680,2619,1767561390559002324,59,46452412
1249,895.1620,100,1680,2619,1767561390562835927,59,46452412
1250,895.1620,100,1680,2619,1767561390571452982,59,46452412
1251,895.1620,100,1680,2619,1767561390575247354,59,46452412
1252,895.1620,100,1680,2619,1767561390578997341,59,46452412
1253,895.1620,100,1680,2619,1767561390583232829,59,46550946
1254,895.1620,100,1680,2619,1767561390601966416,59,46550946
1255,895.1620,100,1680,2619,1767561390605961074,59,46550946
1256,895.1620,100,1680,2619,1767561390613395193,59,46550946
1257,895.1620,100,1680,2619,1767561390617139389,59,46550946
1258,895.1620,100,1680,2619,1767561390620791649,59,46550946
1259,895.1620,100,1680,2619,1767561390627926604,59,46550946
1260,895.1620,100,1680,2619,1767561390635244373,59,46550946
1261,895.1620,100,1680,2619,1767561390638926265,59,46550946
1262,895.1620,100,1680,2619,1767561390642823643,59,46550946
1263,895.1620,100,1680,2619,1767561390650852062,59,46550946
1264,895.1620,100,1680,2619,1767561390654486563,59,46550946
1265,895.1620,100,1680,2619,1767561390658215687,59,46550946
1266,895.1620,100,1680,2619,1767561390662016299,59,46550946
1267,895.1620,100,1680,2619,1767561390666082700,59,46550946
1268,895.1620,100,1680,2619,1767561390672487195,59,46550946
1269,895.1620,100,1680,2619,1767561390676169087,59,46550946
1270,894.4950,100,1680,2619,1767561390679875267,59,46550946
1271,894.4950,100,1680,2619,1767561390684003940,59,46650926
1272,894.4950,100,1680,2619,1767561390702108636,59,46650926
1273,894.4950,100,1680,2619,1767561390706228412,59,46650926
1274,894.4950,100,1680,2619,1767561390713414150,59,46650926
1275,894.4950,100,1680,2619,1767561390717097226,59,46650926
1276,894.4950,100,1680,2619,1767561390720807151,59,46650926
1277,894.4950,100,1680,2619,1767561390727932761,59,46650926
1278,894.4950,100,1680,2619,1767561390735297217,59,46650926
1279,894.4950,100,1680,2619,1767561390739031237,59,46650926
1280,894.4950,100,1680,2619,1767561390742765641,59,46650926
1281,894.4950,100,1680,2619,1767561390751850788,59,46650926
1282,894.4950,100,1680,2619,1767561390755900518,59,46650926
1283,894.4950,100,1680,2619,1767561390759554250,59,46650926
1284,894.4950,100,1680,2619,1767561390763390957,59,46650926
1285,894.4950,100,1680,2619,1767561390772205610,59,46650926
1286,894.4950,100,1680,2619,1767561390776508170,59,46650926
1287,894.4950,100,1680,2619,1767561390780232142,59,46650926
1288,894.4950,100,1680,2619,1767561390785728485,59,46749653
1289,894.4950,100,1680,2619,1767561390802507589,59,46749653
1290,894.4950,100,1680,2619,1767561390810453226,59,46749653
1291,894.1660,100,1680,2619,1767561390814156302,59,46749653
1292,894.1660,100,1680,2619,1767561390817971793,59,46749653
1293,894.1660,100,1680,2619,1767561390821746676,59,46749653
1294,894.1660,100,1680,2619,1767561390828458081,59,46749653
1295,894.1660,100,1680,2619,1767561390834949937,59,46749653
1296,894.1660,100,1680,2619,1767561390840585830,59,46749653
1297,894.1660,100,1680,2619,1767561390845171268,59,46749653
1298,894.1660,100,1680,2619,1767561390851730674,59,46749653
1299,894.1660,100,1680,2619,1767561390855310903,59,46749653
1300,894.1660,100,1680,2619,1767561390859004603,59,46749653
1301,894.1660,100,1680,2619,1767561390862755007,59,46749653
1302,894.1660,100,1680,2619,1767561390871608348,59,46749653
1303,894.1660,100,1680,2619,1767561390875782045,59,46749653
1304,894.1660,100,1680,2619,1767561390880033277,59,46749653
1305,894.1660,100,1680,2619,1767561390885567090,59,46848698
1306,894.1660,100,1680,2619,1767561390902291540,59,46848698
1307,894.1660,100,1680,2619,1767561390906343030,59,46848698
1308,894.1660,100,1680,2619,1767561390913641918,59,46848698
1309,894.1660,100,1680,2619,1767561390917319234,59,46848698
1310,894.1660,100,1680,2619,1767561390920801608,59,46848698
1311,894.1660,100,1680,2619,1767561390927891347,59,46848698
1312,894.1660,100,1680,2619,1767561390935112317,59,46848698
1313,894.4870,100,1680,2619,1767561390938834337,59,46848698
1314,894.4870,100,1680,2619,1767561390942570660,59,46848698
1315,894.4870,100,1680,2619,1767561390951283938,59,46848698
1316,894.4870,100,1680,2619,1767561390955073862,59,46848698
1317,894.4870,100,1680,2619,1767561390958834121,59,46848698
1318,894.4870,100,1680,2619,1767561390962556557,59,46848698
1319,894.4870,100,1680,2619,1767561390971348235,59,46848698
1320,894.4870,100,1680,2619,1767561390974948144,59,46848698
1321,894.4870,100,1680,2619,1767561390978859186,59,46848698
1322,894.4870,100,1680,2619,1767561390983285745,59,46946470
1323,894.4870,100,1680,2619,1767561391000966827,59,46946470
1324,894.4870,100,1680,2619,1767561391005224395,59,46946470
1325,894.4870,100,1680,2619,1767561391012405909,59,46946470
1326,894.4870,100,1680,2619,1767561391016124729,59,46946470
1327,894.4870,100,1680,2619,1767561391019769853,59,46946470
1328,894.4870,100,1680,2619,1767561391024824439,59,46946470
1329,894.4870,100,1680,2619,1767561391035073770,59,46946470
1330,894.4870,100,1680,2619,1767561391038649166,59,46946470
1331,894.4870,100,1680,2619,1767561391042411218,59,46946470
1332,894.4870,100,1680,2619,1767561391046464852,59,46946470
1333,894.4870,100,1680,2619,1767561391053815421,59,46946470
1334,895.5220,100,1680,2619,1767561391057616000,59,46946470
1335,895.5220,100,1680,2619,1767561391061506530,59,46946470
1336,895.5220,100,1680,2619,1767561391065485540,59,46946470
1337,895.5220,100,1680,2619,1767561391072662094,59,46946470
1338,895.5220,100,1680,2619,1767561391076271219,59,46946470
1339,895.5220,100,1680,2619,1767561391079941719,59,46946470
1340,895.5220,100,1680,2619,1767561391085486605,59,47046344
1341,895.5220,100,1680,2619,1767561391101251318,59,47046344
1342,895.5220,100,1680,2619,1767561391105297592,59,47046344
1343,895.5220,100,1680,2619,1767561391111611592,59,47046344
1344,895.5220,100,1680,2619,1767561391115327020,59,47046344
1345,895.5220,100,1680,2619,1767561391119033072,59,47046344
1346,895.5220,100,1680,2619,1767561391123159761,59,47046344
1347,895.5220,100,1680,2619,1767561391134169117,59,47046344
1348,895.5220,100,1680,2619,1767561391137703427,59,47046344
1349,895.5220,100,1680,2619,1767561391141650309,59,47046344
1350,895.5220,100,1680,2619,1767561391145624711,59,47046344
1351,895.5220,100,1680,2619,1767561391152958352,59,47046344
1352,895.5220,100,1680,2619,1767561391156832178,59,47046344
1353,895.5220,100,1680,2619,1767561391160587094,59,47046344
1354,895.5220,100,1680,2619,1767561391165225683,59,47046344
1355,895.5220,100,1680,2619,1767561391172559804,59,47046344
1356,895.5220,100,1680,2619,1767561391176264736,59,47046344
1357,896.1730,100,1680,2619,1767561391179984388,59,47046344
1358,896.1730,100,1680,2619,1767561391185683800,59,47145514
1359,896.1730,100,1680,2619,1767561391204047054,59,47145514
1360,896.1730,100,1680,2619,1767561391212929227,59,47145514
1361,896.1730,100,1680,2619,1767561391216606863,59,47145514
1362,896.1730,100,1680,2619,1767561391220334259,59,47145514
1363,896.1730,100,1680,2619,1767561391227300062,59,47145514
1364,896.1730,100,1680,2619,1767561391235004837,59,47145514
1365,896.1730,100,1680,2619,1767561391238775752,60,47145514
1366,896.1730,100,1680,2619,1767561391242560171,60,47145514
1367,896.1730,100,1680,2619,1767561391250462127,60,47145514
1368,896.1730,100,1680,2619,1767561391254549809,60,47145514
1369,896.1730,100,1680,2619,1767561391258190453,60,47145514
1370,896.1730,100,1680,2619,1767561391262059352,60,47145514
1371,896.1730,100,1680,2619,1767561391266074074,60,47145514
1372,896.1730,100,1680,2619,1767561391272476553,60,47145514
1373,896.1730,100,1680,2619,1767561391276033134,60,47145514
1374,896.1730,100,1680,2619,1767561391279742194,60,47145514
1375,896.1730,100,1680,2619,1767561391283808468,60,47244451
1376,896.1730,100,1680,2619,1767561391301854796,60,47244451
1377,896.1730,100,1680,2619,1767561391311079046,60,47244451
1378,896.9950,100,1680,2619,1767561391314793994,60,47244451
1379,896.9950,100,1680,2619,1767561391318463534,60,47244451
1380,896.9950,100,1680,2619,1767561391322237490,60,47244451
1381,896.9950,100,1680,2619,1767561391328735745,60,47244451
1382,896.9950,100,1680,2619,1767561391335212624,60,47244451
1383,896.9950,100,1680,2619,1767561391338933875,60,47244451
1384,896.9950,100,1680,2619,1767561391342715991,60,47244451
1385,896.9950,100,1680,2619,1767561391350654843,60,47244451
1386,896.9950,100,1680,2619,1767561391354188065,60,47244451
1387,896.9950,100,1680,2619,1767561391357900677,60,47244451
1388,896.9950,100,1680,2619,1767561391361853927,60,47244451
1389,896.9950,100,1680,2619,1767561391365999079,60,47244451
1390,896.9950,100,1680,2619,1767561391373245616,60,47244451
1391,896.9950,100,1680,2619,1767561391377638159,60,47244451
1392,896.9950,100,1680,2619,1767561391381415731,60,47244451
1393,896.9950,100,1680,2619,1767561391388041089,60,47344743
1394,896.9950,100,1680,2619,1767561391402802769,60,47344743
1395,896.9950,100,1680,2619,1767561391410690774,60,47344743
1396,896.9950,100,1680,2619,1767561391414401818,60,47344743
1397,896.9950,100,1680,2619,1767561391418042047,60,47344743
1398,896.9950,100,1680,2619,1767561391421850722,60,47344743
1399,896.9950,100,1680,2619,1767561391428580462,60,47344743
1400,896.9950,100,1680,2619,1767561391434979742,60,47344743
1401,897.4210,100,1680,2619,1767561391438702562,60,47344743
1402,897.4210,100,1680,2619,1767561391442520006,60,47344743
1403,897.4210,100,1680,2619,1767561391450592329,60,47344743
1404,897.4210,100,1680,2619,1767561391454302764,60,47344743
1405,897.4210,100,1680,2619,1767561391458003696,60,47344743
1406,897.4210,100,1680,2619,1767561391461775092,60,47344743
1407,897.4210,100,1680,2619,1767561391466019892,60,47344743
1408,897.4210,100,1680,2619,1767561391472431492,60,47344743
1409,897.4210,100,1680,2619,1767561391475998761,60,47344743
1410,897.4210,100,1680,2619,1767561391479686285,60,47344743
1411,897.4210,100,1680,2619,1767561391483762382,60,47442176
1412,897.4210,100,1680,2619,1767561391500819054,60,47442176
1413,897.4210,100,1680,2619,1767561391505137997,60,47442176
1414,897.4210,100,1680,2619,1767561391511552412,60,47442176
1415,897.4210,100,1680,2619,1767561391515247040,60,47442176
1416,897.4210,100,1680,2619,1767561391519094275,60,47442176
1417,897.4210,100,1680,2619,1767561391523244324,60,47442176
1418,897.4210,100,1680,2619,1767561391534016307,60,47442176
1419,897.4210,100,1680,2619,1767561391537596152,60,47442176
1420,897.4210,100,1680,2619,1767561391541427131,60,47442176
1421,897.4210,100,1680,2619,1767561391545404765,60,47442176
1422,897.4210,100,1680,2619,1767561391552600518,60,47442176
1423,897.3220,100,1680,2619,1767561391556336426,60,47442176
1424,897.3220,100,1680,2619,1767561391560020783,60,47442176
1425,897.3220,100,1680,2619,1767561391565186056,60,47442176
1426,897.3220,100,1680,2619,1767561391571667479,60,47442176
1427,897.3220,100,1680,2619,1767561391575259995,60,47442176
1428,897.3220,100,1680,2619,1767561391579015391,60,47442176
1429,897.3220,100,1680,2619,1767561391583345566,60,47540580
1430,897.3220,100,1680,2619,1767561391601360502,60,47540580
1431,897.3220,100,1680,2619,1767561391605457527,60,47540580
1432,897.3220,100,1680,2619,1767561391611791527,60,47540580
1433,897.3220,100,1680,2619,1767561391615994536,60,47540580
1434,897.3220,100,1680,2619,1767561391619625901,60,47540580
1435,897.3220,100,1680,2619,1767561391624332905,60,47540580
1436,897.3220,100,1680,2619,1767561391633847521,60,47540580
1437,897.3220,100,1680,2619,1767561391637428166,60,47540580
1438,897.3220,100,1680,2619,1767561391641278057,60,47540580
1439,897.3220,100,1680,2619,1767561391645336970,60,47540580
1440,897.3220,100,1680,2619,1767561391651654523,60,47540580
1441,897.3220,100,1680,2619,1767561391655388255,60,47540580
1442,897.3220,100,1680,2619,1767561391659192738,60,47540580
1443,897.3220,100,1680,2619,1767561391662941317,60,47540580
1444,897.3220,100,1680,2619,1767561391671025192,60,47540580
1445,897.3220,100,1680,2619,1767561391674691757,60,47540580
1446,897.7990,100,1680,2619,1767561391678556656,60,47540580
1447,897.7990,100,1680,2619,1767561391683249164,60,47639914
1448,897.7990,100,1680,2619,1767561391700726216,60,47639914
1449,897.7990,100,1680,2619,1767561391705257318,60,47639914
1450,897.7990,100,1680,2619,1767561391711488503,60,47639914
1451,897.7990,100,1680,2619,1767561391715201979,60,47639914
1452,897.7990,100,1680,2619,1767561391719364476,60,47639914
1453,897.7990,100,1680,2619,1767561391723803418,60,47639914
1454,897.7990,100,1680,2619,1767561391733988909,60,47639914
1455,897.7990,100,1680,2619,1767561391737571346,60,47639914
1456,897.7990,100,1680,2619,1767561391741376949,60,47639914
1457,897.7990,100,1680,2619,1767561391745436407,60,47639914
1458,897.7990,100,1680,2619,1767561391751761127,60,47639914
1459,897.7990,100,1680,2619,1767561391755490122,60,47639914
1460,897.7990,100,1680,2619,1767561391759121807,60,47639914
1461,897.7990,100,1680,2619,1767561391762913746,60,47639914
1462,897.7990,100,1680,2619,1767561391770868567,60,47639914
1463,897.7990,100,1680,2619,1767561391774524571,60,47639914
1464,897.7990,100,1680,2619,1767561391778365214,60,47639914
1465,897.7990,100,1680,2619,1767561391783268345,60,47738774
1466,897.7990,100,1680,2619,1767561391801389872,60,47738774
1467,897.7990,100,1680,2619,1767561391805497041,60,47738774
1468,898.0740,100,1680,2619,1767561391811842209,60,47738774
1469,898.0740,100,1680,2619,1767561391815501349,60,47738774
1470,898.0740,100,1680,2619,1767561391819229961,60,47738774
1471,898.0740,100,1680,2619,1767561391824696096,60,47738774
1472,898.0740,100,1680,2619,1767561391834200729,60,47738774
1473,898.0740,100,1680,2619,1767561391837722270,60,47738774
1474,898.0740,100,1680,2619,1767561391843447890,60,47738774
1475,898.0740,100,1680,2619,1767561391853436935,60,47738774
1476,898.0740,100,1680,2619,1767561391857027980,60,47738774
1477,898.0740,100,1680,2619,1767561391860556914,60,47738774
1478,898.0740,100,1680,2619,1767561391865213871,60,47738774
1479,898.0740,100,1680,2619,1767561391871853660,60,47738774
1480,898.0740,100,1680,2619,1767561391875712575,60,47738774
1481,898.0740,100,1680,2619,1767561391879715808,60,47738774
1482,898.0740,100,1680,2619,1767561391883796770,60,47838775
1483,898.0740,100,1680,2619,1767561391901795770,60,47838775
1484,898.0740,100,1680,2619,1767561391905858779,60,47838775
1485,898.0740,100,1665,2619,1767561391913069157,60,47838775
1486,898.0740,100,1665,2619,1767561391916834472,60,47838775
1487,898.0740,100,1665,2619,1767561391920490637,60,47838775
1488,898.0740,100,1665,2619,1767561391925405128,60,47838775
1489,898.0740,100,1665,2619,1767561391932741840,60,47838775
1490,897.6800,100,1665,2619,1767561391936408532,60,47838775
1491,897.6800,100,1665,2619,1767561391940120440,60,47838775
1492,897.6800,100,1665,2619,1767561391945167219,60,47838775
1493,897.6800,100,1665,2619,1767561391952391420,60,47838775
1494,897.6800,100,1665,2619,1767561391956165408,60,47838775
1495,897.6800,100,1665,2619,1767561391959812708,60,47838775
1496,897.6800,100,1665,2619,1767561391963534472,60,47838775
1497,897.6800,100,1665,2619,1767561391974021849,60,47838775
1498,897.6800,100,1665,2619,1767561391977851292,60,47838775
1499,897.6800,100,1665,2619,1767561391981462849,60,47838775
1500,897.6800,100,1665,2619,1767561391988069903,60,47938292
1501,897.6800,100,1665,2619,1767561392003241180,60,47938292
1502,897.6800,100,1665,2619,1767561392012261976,60,47938292
1503,897.6800,100,1665,2619,1767561392015993116,60,47938292
1504,897.6800,100,1665,2619,1767561392019659424,60,47938292
1505,897.6800,100,1665,2619,1767561392023676322,60,47938292
1506,897.6800,100,1665,2619,1767561392032547871,60,47938292
1507,897.6800,100,1680,2619,1767561392036225059,60,47938292
1508,897.6800,100,1680,2619,1767561392039942407,60,47938292
1509,897.6800,100,1680,2619,1767561392045193888,60,47938292
1510,897.6800,100,1680,2619,1767561392051563983,60,47938292
1511,897.3340,100,1680,2619,1767561392055238579,60,47938292
1512,897.3340,100,1680,2619,1767561392058954999,60,47938292
1513,897.3340,100,1680,2619,1767561392062909881,60,47938292
1514,897.3340,100,1680,2619,1767561392071519449,60,47938292
1515,897.3340,100,1680,2619,1767561392075127870,60,47938292
1516,897.3340,100,1680,2619,1767561392079234623,60,47938292
1517,897.3340,100,1680,2619,1767561392083267936,60,48034859
1518,897.3340,100,1680,2619,1767561392101374519,60,48034859
1519,897.3340,100,1680,2619,1767561392105496568,60,48034859
1520,897.3340,100,1680,2619,1767561392111836872,60,48034859
1521,897.3340,100,1680,2619,1767561392115554060,60,48034859
1522,897.3340,100,1680,2619,1767561392119199888,60,48034859
1523,897.3340,100,1680,2619,1767561392123405777,60,48034859
1524,897.3340,100,1680,2619,1767561392134173920,60,48034859
1525,897.3340,100,1680,2619,1767561392138721278,60,48034859
1526,897.3340,100,1680,2619,1767561392142561344,60,48034859
1527,897.3340,100,1680,2619,1767561392151497245,60,48034859
1528,897.3340,100,1680,2619,1767561392155109281,60,48034859
1529,897.3340,100,1680,2619,1767561392158805638,60,48034859
1530,897.3340,100,1680,2619,1767561392162527754,60,48034859
1531,897.3340,100,1680,2619,1767561392171233992,60,48034859
1532,897.3340,100,1680,2619,1767561392174937708,60,48034859
1533,897.3340,100,1680,2619,1767561392178831278,60,48034859
1534,896.8770,100,1680,2619,1767561392183330988,60,48133700
1535,896.8770,100,1680,2619,1767561392202293917,60,48133700
1536,896.8770,100,1680,2619,1767561392206413054,60,48133700
1537,896.8770,100,1680,2619,1767561392212698159,60,48133700
1538,896.8770,100,1680,2619,1767561392216375507,60,48133700
1539,896.8770,100,1680,2619,1767561392220096279,60,48133700
1540,896.8770,100,1680,2619,1767561392227899868,60,48133700
1541,896.8770,100,1680,2619,1767561392234391723,60,48133700
1542,896.8770,100,1680,2619,1767561392238074831,60,48133700
1543,896.8770,100,1680,2619,1767561392242449006,60,48133700
1544,896.8770,100,1680,2619,1767561392246483088,60,48133700
1545,896.8770,100,1680,2619,1767561392252861344,60,48133700
1546,896.8770,100,1680,2619,1767561392256904897,60,48133700
1547,896.8770,100,1680,2619,1767561392260599909,60,48133700
1548,896.8770,100,1680,2619,1767561392265203778,60,48133700
1549,896.8770,100,1680,2619,1767561392271627186,60,48133700
1550,896.8770,100,1680,2619,1767561392275300982,60,48133700
1551,896.8770,100,1680,2619,1767561392279170009,60,48133700
1552,896.8770,100,1680,2619,1767561392283379929,60,48233421
1553,896.8770,100,1680,2619,1767561392300789237,60,48233421
1554,896.8770,100,1680,2619,1767561392305184532,60,48233421
1555,897.4940,100,1680,2619,1767561392311568484,60,48233421
1556,897.4940,100,1680,2619,1767561392315292552,60,48233421
1557,897.4940,100,1680,2619,1767561392318940845,60,48233421
1558,897.4940,100,1680,2619,1767561392322898927,60,48233421
1559,897.4940,100,1680,2619,1767561392333035970,60,48233421
1560,897.4940,100,1680,2619,1767561392336589255,60,48233421
1561,897.4940,100,1680,2619,1767561392340248908,60,48233421
1562,897.4940,100,1680,2619,1767561392345167975,60,48233421
1563,897.4940,100,1680,2619,1767561392351628566,60,48233421
1564,897.4940,100,1680,2619,1767561392355344474,61,48233421
1565,897.4940,100,1680,2619,1767561392359167997,61,48233421
1566,897.4940,100,1680,2619,1767561392362917696,61,48233421
1567,897.4940,100,1680,2619,1767561392370784517,61,48233421
1568,897.4940,100,1680,2619,1767561392374826247,61,48233421
1569,897.4940,100,1680,2619,1767561392378576075,61,48233421
1570,897.4940,100,1680,2619,1767561392383193575,61,48332240
1571,897.4940,100,1680,2619,1767561392402083865,61,48332240
1572,897.4940,100,1680,2619,1767561392406077979,61,48332240
1573,897.4940,100,1680,2619,1767561392413263268,61,48332240
1574,897.4940,100,1680,2619,1767561392416925288,61,48332240
1575,897.4940,100,1680,2619,1767561392420649036,61,48332240
1576,897.4940,100,1680,2619,1767561392427665240,61,48332240
1577,897.4940,100,1680,2619,1767561392435265663,61,48332240
1578,897.0270,100,1680,2619,1767561392438854052,61,48332240
1579,897.0270,100,1680,2619,1767561392442615335,61,48332240
1580,897.0270,100,1680,2619,1767561392450539787,61,48332240
1581,897.0270,100,1680,2619,1767561392454248399,61,48332240
1582,897.0270,100,1680,2619,1767561392457964435,61,48332240
1583,897.0270,100,1680,2619,1767561392461749623,61,48332240
1584,897.0270,100,1680,2619,1767561392465787640,61,48332240
1585,897.0270,100,1680,2619,1767561392472139368,61,48332240
1586,897.0270,100,1680,2619,1767561392475712941,61,48332240
1587,897.0270,100,1680,2619,1767561392479482096,60,48332240
1588,897.0270,100,1680,2619,1767561392483609073,60,48431756
1589,897.0270,100,1680,2619,1767561392501021422,60,48431756
1590,897.0270,100,1680,2619,1767561392505133647,60,48431756
1591,897.0270,100,1680,2619,1767561392511565598,60,48431756
1592,897.0270,100,1680,2619,1767561392515234947,60,48431756
1593,897.0270,100,1680,2619,1767561392518941159,60,48431756
1594,897.0270,100,1680,2619,1767561392522821866,60,48431756
1595,897.0270,100,1680,2619,1767561392532894525,60,48431756
1596,897.0270,100,1680,2619,1767561392536408706,60,48431756
1597,897.0270,100,1680,2619,1767561392540112390,60,48431756
1598,897.0270,100,1680,2619,1767561392545122305,60,48431756
1599,897.0270,100,1680,2619,1767561392551555729,60,48431756
1600,897.7370,100,1680,2619,1767561392555295700,60,48431756
1601,897.7370,100,1680,2619,1767561392558989785,60,48431756
1602,897.7370,100,1680,2619,1767561392562724828,60,48431756
1603,897.7370,100,1680,2619,1767561392571619513,60,48431756
1604,897.7370,100,1680,2619,1767561392575240637,60,48431756
1605,897.7370,100,1680,2619,1767561392578975585,60,48431756
1606,897.7370,100,1680,2619,1767561392583276545,60,48530164
1607,897.7370,100,1680,2619,1767561392602435824,60,48530164
1608,897.7370,100,1680,2619,1767561392606475890,60,48530164
1609,897.7370,100,1680,2619,1767561392612851938,61,48530164
1610,897.7370,100,1680,2619,1767561392616535526,61,48530164
1611,897.7370,100,1680,2619,1767561392620253610,61,48530164
1612,897.7370,100,1680,2619,1767561392627963663,61,48530164
1613,897.7370,100,1680,2619,1767561392637403752,61,48530164
1614,897.7370,100,1680,2619,1767561392641529257,61,48530164
1615,897.7370,100,1680,2619,1767561392645539083,61,48530164
1616,897.7370,100,1680,2619,1767561392652831604,61,48530164
1617,897.7370,100,1680,2619,1767561392657078515,61,48530164
1618,897.7370,100,1665,2619,1767561392660790903,61,48530164
1619,897.7370,100,1665,2619,1767561392665169143,61,48530164
1620,897.7370,100,1665,2619,1767561392672396224,61,48530164
1621,897.7370,100,1665,2619,1767561392676103684,61,48530164
1622,897.7370,100,1665,2619,1767561392679794120,61,48530164
1623,897.2600,100,1665,2619,1767561392683976904,61,48629877
1624,897.2600,100,1665,2619,1767561392703804979,61,48629877
1625,897.2600,100,1665,2619,1767561392713226284,61,48629877
1626,897.2600,100,1665,2619,1767561392716812656,61,48629877
1627,897.2600,100,1665,2619,1767561392720445589,61,48629877
1628,897.2600,100,1665,2619,1767561392725353296,61,48629877
1629,897.2600,100,1665,2619,1767561392732815160,61,48629877
1630,897.2600,100,1665,2619,1767561392736544764,61,48629877
1631,897.2600,100,1665,2619,1767561392740189600,61,48629877
1632,897.2600,100,1665,2619,1767561392745211258,61,48629877
1633,897.2600,100,1665,2619,1767561392752496035,61,48629877
1634,897.2600,100,1665,2619,1767561392756215303,61,48629877
1635,897.2600,100,1665,2619,1767561392760390056,61,48629877
1636,897.2600,100,1665,2619,1767561392765134820,61,48629877
1637,897.2600,100,1665,2619,1767561392772284142,61,48629877
1638,897.2600,100,1665,2619,1767561392775907154,61,48629877
1639,897.2600,100,1680,2619,1767561392779561847,61,48629877
1640,897.2600,100,1680,2619,1767561392783755767,61,48728269
1641,897.2600,100,1680,2619,1767561392801244883,61,48728269
1642,897.2600,100,1680,2619,1767561392805408148,61,48728269
1643,896.8760,100,1680,2619,1767561392811799715,61,48728269
1644,896.8760,100,1680,2619,1767561392815519239,61,48728269
1645,896.8760,100,1680,2619,1767561392819185324,61,48728269
1646,896.8760,100,1680,2619,1767561392823573611,61,48728269
1647,896.8760,100,1680,2619,1767561392833349825,61,48728269
1648,896.8760,100,1680,2619,1767561392836932357,61,48728269
1649,896.8760,100,1680,2619,1767561392840702697,61,48728269
1650,896.8760,100,1680,2619,1767561392850473024,61,48728269
1651,896.8760,100,1680,2619,1767561392854164612,61,48728269
1652,896.8760,100,1680,2619,1767561392857881960,61,48728269
1653,896.8760,100,1680,2619,1767561392862190375,61,48728269
1654,896.8760,100,1680,2619,1767561392866208424,61,48728269
1655,896.8760,100,1680,2619,1767561392872616728,61,48728269
1656,896.8760,100,1680,2619,1767561392876289757,61,48728269
1657,896.8760,100,1680,2619,1767561392880021793,61,48728269
1658,896.8760,100,1680,2619,1767561392885556567,61,48827635
1659,896.8760,100,1680,2619,1767561392901046145,61,48827635
1660,896.8760,100,1680,2619,1767561392905227810,61,48827635
1661,896.8760,100,1680,2619,1767561392911530515,61,48827635
1662,896.8760,100,1680,2619,1767561392915254455,61,48827635
1663,896.8760,100,1680,2619,1767561392918997498,61,48827635
1664,896.8760,100,1680,2619,1767561392923118779,61,48827635
1665,896.8760,100,1680,2619,1767561392933224079,61,48827635
1666,896.4680,100,1680,2619,1767561392936811316,61,48827635
1667,896.4680,100,1680,2619,1767561392940589175,61,48827635
1668,896.4680,100,1680,2619,1767561392945203477,61,48827635
1669,896.4680,100,1680,2619,1767561392951678148,61,48827635
1670,896.4680,100,1680,2619,1767561392955360231,61,48827635
1671,896.4680,100,1680,2619,1767561392959091979,61,48827635
1672,896.4680,100,1680,2619,1767561392963309419,61,48827635
1673,896.4680,100,1680,2619,1767561392971257680,61,48827635
1674,896.4680,100,1680,2619,1767561392974865877,61,48827635
1675,896.4680,100,1680,2619,1767561392978587673,61,48827635
1676,896.4680,100,1680,2619,1767561392983201237,61,48925848
1677,896.4680,100,1680,2619,1767561393001188782,61,48925848
1678,896.4680,100,1680,2619,1767561393005333839,61,48925848
1679,896.4680,100,1680,2619,1767561393011724382,61,48925848
1680,896.4680,100,1680,2619,1767561393015410242,61,48925848
1681,896.4680,100,1680,2619,1767561393019100230,61,48925848
1682,896.4680,100,1680,2619,1767561393023264391,61,48925848
1683,896.4680,100,1680,2619,1767561393033282716,61,48925848
1684,896.4680,100,1680,2619,1767561393036851937,61,48925848
1685,896.4680,100,1680,2619,1767561393040627364,61,48925848
1686,896.4680,100,1680,2619,1767561393045149666,61,48925848
1687,896.4680,100,1680,2619,1767561393051520593,61,48925848
1688,897.6680,100,1680,2619,1767561393055198070,61,48925848
1689,897.6680,100,1680,2619,1767561393059041881,61,48925848
1690,897.6680,100,1680,2619,1767561393062966619,61,48925848
1691,897.6680,100,1680,2619,1767561393070804192,61,48925848
1692,897.6680,100,1680,2619,1767561393074351301,61,48925848
1693,897.6680,100,1680,2619,1767561393078280103,61,48925848
1694,897.6680,100,1680,2619,1767561393083090243,61,49024454
1695,897.6680,100,1680,2619,1767561393100529152,61,49024454
1696,897.6680,100,1680,2619,1767561393105337019,61,49024454
1697,897.6680,100,1680,2619,1767561393111721451,61,49024454
1698,897.6680,100,1680,2619,1767561393115400751,61,49024454
1699,897.6680,100,1680,2619,1767561393119130707,61,49024454
1700,897.6680,100,1680,2619,1767561393123276788,61,49024454
1701,897.6680,100,1680,2619,1767561393133404615,61,49024454
1702,897.6680,100,1680,2619,1767561393136976716,61,49024454
1703,897.6680,100,1680,2619,1767561393140927982,61,49024454
1704,897.6680,100,1680,2619,1767561393145141999,61,49024454
1705,897.6680,100,1680,2619,1767561393151601406,61,49024454
1706,897.6680,100,1680,2619,1767561393155261475,61,49024454
1707,897.6680,100,1680,2619,1767561393158964519,61,49024454
1708,897.6680,100,1680,2619,1767561393162672138,61,49024454
1709,897.6680,100,1680,2619,1767561393170487695,61,49024454
1710,897.6680,100,1680,2619,1767561393174887822,61,49024454
1711,898.2950,100,1680,2619,1767561393178669330,61,49024454
1712,898.2950,100,1680,2619,1767561393183165200,61,49123943
1713,898.2950,100,1680,2619,1767561393202515293,61,49123943
1714,898.2950,100,1680,2619,1767561393206768926,61,49123943
1715,898.2950,100,1680,2619,1767561393213004975,61,49123943
1716,898.2950,100,1680,2619,1767561393216723731,61,49123943
1717,898.2950,100,1680,2619,1767561393220379607,61,49123943
1718,898.2950,100,1680,2619,1767561393227835006,61,49123943
1719,898.2950,100,1680,2619,1767561393234289006,61,49123943
1720,898.2950,100,1680,2619,1767561393237962802,61,49123943
1721,898.2950,100,1680,2619,1767561393241746934,61,49123943
1722,898.2950,100,1680,2619,1767561393245772567,61,49123943
1723,898.2950,100,1680,2619,1767561393252189223,61,49123943
1724,898.2950,100,1680,2619,1767561393256209864,61,49123943
1725,898.2950,100,1680,2619,1767561393259873644,61,49123943
1726,898.2950,100,1680,2619,1767561393263660112,61,49123943
1727,898.2950,100,1680,2619,1767561393271708819,61,49123943
1728,898.2950,100,1680,2619,1767561393276041267,61,49123943
1729,898.2950,100,1680,2619,1767561393279715831,61,49123943
1730,898.2950,100,1680,2619,1767561393283724664,61,49223578
1731,898.2950,100,1680,2619,1767561393303455012,61,49223578
1732,898.2950,100,1680,2619,1767561393312116834,61,49223578
1733,897.5600,100,1680,2619,1767561393315696071,61,49223578
1734,897.5600,100,1680,2619,1767561393319361099,61,49223578
1735,897.5600,100,1680,2619,1767561393323935305,61,49223578
1736,897.5600,100,1680,2619,1767561393333544865,61,49223578
1737,897.5600,100,1680,2619,1767561393337295012,61,49223578
1738,897.5600,100,1680,2619,1767561393341087144,61,49223578
1739,897.5600,100,1680,2619,1767561393345119241,61,49223578
1740,897.5600,100,1680,2619,1767561393352355410,61,49223578
1741,897.5600,100,1680,2619,1767561393356082486,61,49223578
1742,897.5600,100,1680,2619,1767561393359774266,61,49223578
1743,897.5600,100,1680,2619,1767561393363460991,61,49223578
1744,897.5600,100,1680,2619,1767561393372184253,61,49223578
1745,897.5600,100,1680,2619,1767561393377025336,61,49223578
1746,897.5600,100,1680,2619,1767561393380724572,61,49223578
1747,897.5600,100,1680,2619,1767561393386622128,61,49323543
1748,897.5600,100,1680,2619,1767561393404067436,61,49323543
1749,897.5600,100,1680,2619,1767561393413862722,61,49323543
1750,897.5600,100,1665,2619,1767561393417441895,61,49323543
1751,897.5600,100,1665,2619,1767561393421145483,61,49323543
1752,897.5600,100,1665,2619,1767561393425435371,61,49323543
1753,897.5600,100,1665,2619,1767561393431882106,61,49323543
1754,897.4360,100,1665,2619,1767561393435614109,61,49323543
1755,897.4360,100,1665,2619,1767561393439306242,61,49323543
1756,897.4360,100,1665,2619,1767561393443113125,61,49323543
1757,897.4360,100,1665,2619,1767561393451027114,61,49323543
1758,897.4360,100,1665,2619,1767561393454792333,61,49323543
1759,897.4360,100,1665,2619,1767561393458410386,61,49323543
1760,897.4360,100,1665,2619,1767561393462225717,61,49323543
1761,897.4360,100,1665,2619,1767561393466286326,61,49323543
1762,897.4360,100,1665,2619,1767561393472660742,61,49323543
1763,897.4360,100,1665,2619,1767561393476182699,61,49323543
1764,897.4360,100,1665,2619,1767561393480423916,61,49323543
1765,897.4360,100,1665,2619,1767561393485926274,61,49421946
1766,897.4360,100,1665,2619,1767561393501092431,61,49421946
1767,897.4360,100,1665,2619,1767561393505180592,61,49421946
1768,897.4360,100,1665,2619,1767561393511639936,61,49421946
1769,897.4360,100,1665,2619,1767561393515378020,61,49421946
1770,897.4360,100,1665,2619,1767561393519072488,61,49421946
1771,897.4360,100,1665,2619,1767561393523046442,61,49421946
1772,897.4360,100,1665,2619,1767561393533163581,61,49421946
1773,897.4360,100,1680,2619,1767561393536671235,61,49421946
1774,897.4360,100,1680,2619,1767561393540370375,61,49421946
1775,897.4360,100,1680,2619,1767561393545213859,61,49421946
1776,897.4360,100,1680,2619,1767561393551911216,61,49421946
1777,897.0410,100,1680,2619,1767561393555595284,61,49421946
1778,897.0410,100,1680,2619,1767561393559322647,61,49421946
1779,897.0410,100,1680,2619,1767561393563122011,61,49421946
1780,897.0410,100,1680,2619,1767561393570969344,61,49421946
1781,897.0410,100,1680,2619,1767561393574562085,61,49421946
1782,897.0410,100,1680,2619,1767561393578379400,61,49421946
1783,897.0410,100,1680,2619,1767561393583235939,61,49519860
1784,897.0410,100,1680,2619,1767561393601024445,61,49519860
1785,897.0410,100,1680,2619,1767561393605148638,61,49519860
1786,897.0410,100,1680,2619,1767561393611473710,61,49519860
1787,897.0410,100,1680,2619,1767561393615264401,61,49519860
1788,897.0410,100,1680,2619,1767561393619039797,61,49519860
1789,897.0410,100,1680,2619,1767561393623092694,61,49519860
1790,897.0410,100,1680,2619,1767561393633184138,61,49519860
1791,897.0410,100,1680,2619,1767561393636713872,61,49519860
1792,897.0410,100,1680,2619,1767561393640434580,61,49519860
1793,897.0410,100,1680,2619,1767561393645208559,61,49519860
1794,897.0410,100,1680,2619,1767561393654094700,61,49519860
1795,897.0410,100,1680,2619,1767561393657848208,61,49519860
1796,897.0410,100,1680,2619,1767561393661418709,61,49519860
1797,897.0410,100,1680,2619,1767561393665494038,61,49519860
1798,897.0410,100,1680,2619,1767561393671933126,61,49519860
1799,897.9790,100,1680,2619,1767561393675592330,61,49519860
1800,897.9790,100,1680,2619,1767561393679508652,61,49519860
1801,897.9790,100,1680,2619,1767561393685174657,61,49619616
1802,897.9790,100,1680,2619,1767561393701967235,61,49619616
1803,897.9790,100,1680,2619,1767561393706149635,61,49619616
1804,897.9790,100,1680,2619,1767561393713282477,61,49619616
1805,897.9790,100,1680,2619,1767561393717109424,61,49619616
1806,897.9790,100,1680,2619,1767561393720824885,61,49619616
1807,897.9790,100,1680,2619,1767561393725400594,61,49619616
1808,897.9790,100,1680,2619,1767561393732813722,61,49619616
1809,897.9790,100,1680,2619,1767561393736539741,61,49619616
1810,897.9790,100,1680,2619,1767561393740186114,61,49619616
1811,897.9790,100,1680,2619,1767561393745177756,61,49619616
1812,897.9790,100,1680,2619,1767561393752396838,61,49619616
1813,897.9790,100,1680,2619,1767561393756382280,61,49619616
1814,897.9790,100,1680,2619,1767561393760100812,61,49619616
1815,897.9790,100,1680,2619,1767561393765132774,61,49619616
1816,897.9790,100,1680,2619,1767561393774245345,61,49619616
1817,897.9790,100,1680,2619,1767561393777871078,61,49619616
1818,897.9790,100,1665,2619,1767561393781741513,61,49619616
1819,897.9790,100,1665,2619,1767561393788374519,61,49719374
1820,897.9790,100,1665,2619,1767561393803139815,61,49719374
1821,897.9790,100,1665,2619,1767561393811896613,61,49719374
1822,897.0650,100,1665,2619,1767561393815633097,61,49719374
1823,897.0650,100,1665,2619,1767561393819458732,61,49719374
1824,897.0650,100,1665,2619,1767561393823486125,61,49719374
1825,897.0650,100,1665,2619,1767561393832636776,61,49719374
1826,897.0650,100,1665,2619,1767561393836364076,61,49719374
1827,897.0650,100,1665,2619,1767561393840020849,61,49719374
1828,897.0650,100,1665,2619,1767561393845170090,61,49719374
1829,897.0650,100,1665,2619,1767561393852527474,61,49719374
1830,897.0650,100,1665,2619,1767561393857896873,61,49719374
1831,897.0650,100,1665,2619,1767561393861701869,61,49719374
1832,897.0650,100,1665,2619,1767561393865731598,61,49719374
1833,897.0650,100,1665,2619,1767561393872963704,61,49719374
1834,897.0650,100,1665,2619,1767561393876633020,61,49719374
1835,897.0650,100,1665,2619,1767561393880350944,61,49719374
1836,897.0650,100,1665,2619,1767561393885917750,61,49817333
1837,897.0650,100,1665,2619,1767561393902430937,61,49817333
1838,897.0650,100,1680,2619,1767561393906511419,61,49817333
1839,897.0650,100,1680,2619,1767561393912870058,61,49817333
1840,897.3460,100,1680,2619,1767561393916520175,61,49817333
1841,897.3460,100,1680,2619,1767561393920224691,61,49817333
1842,897.3460,100,1680,2619,1767561393928021624,61,49817333
1843,897.3460,100,1680,2619,1767561393934580231,61,49817333
1844,897.3460,100,1680,2619,1767561393938156780,61,49817333
1845,897.3460,100,1680,2619,1767561393941901039,61,49817333
1846,897.3460,100,1680,2619,1767561393945988464,61,49817333
1847,897.3460,100,1680,2619,1767561393952353632,61,49817333
1848,897.3460,100,1680,2619,1767561393955885830,61,49817333
1849,897.3460,100,1680,2619,1767561393959581930,62,49817333
1850,897.3460,100,1680,2619,1767561393963321006,62,49817333
1851,897.3460,100,1680,2619,1767561393971422736,62,49817333
1852,897.3460,100,1680,2619,1767561393975103828,62,49817333
1853,897.3460,100,1680,2619,1767561393979222165,62,49817333
1854,897.3460,100,1680,2619,1767561393983348086,62,49915569
1855,897.3460,100,1680,2619,1767561394003581758,62,49915569
1856,897.3460,100,1680,2619,1767561394012171005,62,49915569
1857,897.3460,100,1680,2619,1767561394015951296,62,49915569
1858,897.3460,100,1680,2619,1767561394019617157,62,49915569
1859,897.3460,100,1680,2619,1767561394024466752,62,49915569
1860,897.3460,100,1680,2619,1767561394035024816,62,49915569
1861,897.8620,100,1680,2619,1767561394038751380,62,49915569
1862,897.8620,100,1680,2619,1767561394042588759,62,49915569
1863,897.8620,100,1680,2619,1767561394053047656,62,49915569
1864,897.8620,100,1680,2619,1767561394056557422,62,49915569
1865,897.8620,100,1680,2619,1767561394060107251,62,49915569
1866,897.8620,100,1680,2619,1767561394065345963,62,49915569
1867,897.8620,100,1680,2619,1767561394072470229,62,49915569
1868,897.8620,100,1680,2619,1767561394076201785,62,49915569
1869,897.8620,100,1680,2619,1767561394079755615,62,49915569
1870,897.8620,100,1680,2619,1767561394083888832,61,50015020
1871,897.8620,100,1680,2619,1767561394101079389,61,50015020
1872,897.8620,100,1680,2619,1767561394105178174,61,50015020
1873,897.8620,100,1680,2619,1767561394111788525,61,50015020
1874,897.8620,100,1680,2619,1767561394115543985,61,50015020
1875,897.8620,100,1680,2619,1767561394119213397,61,50015020
1876,897.8620,100,1680,2619,1767561394123417589,61,50015020
1877,897.8620,100,1680,2619,1767561394134434690,61,50015020
1878,897.8620,100,1680,2619,1767561394138012199,61,50015020
1879,897.8620,100,1680,2619,1767561394141852426,61,50015020
1880,897.8620,100,1680,2619,1767561394145912939,61,50015020
1881,897.8620,100,1680,2619,1767561394153109301,61,50015020
1882,897.2610,100,1680,2619,1767561394156776025,61,50015020
1883,897.2610,100,1680,2619,1767561394160502013,61,50015020
1884,897.2610,100,1680,2619,1767561394165156730,61,50015020
1885,897.2610,100,1680,2619,1767561394171581065,61,50015020
1886,897.2610,100,1680,2619,1767561394175281102,61,50015020
1887,897.2610,100,1680,2619,1767561394179194384,61,50015020
1888,897.2610,100,1680,2619,1767561394183386448,61,50113759
1889,897.2610,100,1680,2619,1767561394202280546,61,50113759
1890,897.2610,100,1680,2619,1767561394206326755,61,50113759
1891,897.2610,100,1680,2619,1767561394212772530,62,50113759
1892,897.2610,100,1680,2619,1767561394216415606,62,50113759
1893,897.2610,100,1680,2619,1767561394220118106,62,50113759
1894,897.2610,100,1680,2619,1767561394227961376,62,50113759
1895,897.2610,100,1680,2619,1767561394234563886,62,50113759
1896,897.2610,100,1680,2619,1767561394238216402,62,50113759
1897,897.2610,100,1680,2619,1767561394242047541,62,50113759
1898,897.2610,100,1680,2619,1767561394246111286,62,50113759
1899,897.2610,100,1680,2619,1767561394252739012,62,50113759
1900,897.2610,100,1680,2619,1767561394256307913,62,50113759
1901,897.2610,100,1680,2619,1767561394260006606,62,50113759
1902,897.2610,100,1680,2619,1767561394265079496,62,50113759
1903,897.2610,100,1680,2619,1767561394271529079,62,50113759
1904,897.2610,100,1680,2619,1767561394275195195,62,50113759
1905,897.2610,100,1680,2619,1767561394279111101,62,50113759
1906,897.6700,100,1680,2619,1767561394283225278,62,50212757
1907,897.6700,100,1680,2619,1767561394300603834,62,50212757
1908,897.6700,100,1680,2619,1767561394305111673,62,50212757
1909,897.6700,100,1680,2619,1767561394311505193,62,50212757
1910,897.6700,100,1680,2619,1767561394315695305,62,50212757
1911,897.6700,100,1680,2619,1767561394319402957,62,50212757
1912,897.6700,100,1680,2619,1767561394324072905,62,50212757
1913,897.6700,100,1680,2619,1767561394333897983,62,50212757
1914,897.6700,100,1680,2619,1767561394337725698,62,50212757
1915,897.6700,100,1680,2619,1767561394341560646,62,50212757
1916,897.6700,100,1680,2619,1767561394345606375,62,50212757
1917,897.6700,100,1680,2619,1767561394352084694,62,50212757
1918,897.6700,100,1680,2619,1767561394355795674,62,50212757
1919,897.6700,100,1680,2619,1767561394359462494,62,50212757
1920,897.6700,100,1680,2619,1767561394363271585,62,50212757
1921,897.6700,100,1680,2619,1767561394372116415,62,50212757
1922,897.6700,100,1680,2619,1767561394375686180,62,50212757
1923,897.6700,100,1680,2619,1767561394379443048,62,50212757
1924,897.6700,100,1680,2619,1767561394383604360,62,50312070
1925,897.6700,100,1680,2619,1767561394402252283,62,50312070
1926,897.6700,100,1680,2619,1767561394406351357,62,50312070
1927,897.5980,100,1680,2619,1767561394412760332,62,50312070
1928,897.5980,100,1680,2619,1767561394416997292,62,50312070
1929,897.5980,100,1680,2619,1767561394420735759,62,50312070
1930,897.5980,100,1680,2619,1767561394428060216,62,50312070
1931,897.5980,100,1680,2619,1767561394437124692,62,50312070
1932,897.5980,100,1680,2619,1767561394440909656,62,50312070
1933,897.5980,100,1680,2619,1767561394445316662,62,50312070
1934,897.5980,100,1680,2619,1767561394451618790,62,50312070
1935,897.5980,100,1680,2619,1767561394455159660,62,50312070
1936,897.5980,100,1680,2619,1767561394458998543,62,50312070
1937,897.5980,100,1680,2619,1767561394462725011,62,50312070
1938,897.5980,100,1680,2619,1767561394471470449,62,50312070
1939,897.5980,100,1680,2619,1767561394475642865,62,50312070
1940,897.5980,100,1680,2619,1767561394479520404,62,50312070
1941,897.5980,100,1680,2619,1767561394483565205,62,50411414
1942,897.5980,100,1680,2619,1767561394501604493,62,50411414
1943,897.5980,100,1680,2619,1767561394505651790,62,50411414
1944,897.5980,100,1665,2619,1767561394512898392,62,50411414
1945,897.5980,100,1665,2619,1767561394516653500,62,50411414
1946,897.5980,100,1665,2619,1767561394520783036,62,50411414
1947,897.5980,100,1665,2619,1767561394525433402,62,50411414
1948,897.5980,100,1665,2619,1767561394533087295,62,50411414
1949,897.7400,100,1665,2619,1767561394536811843,62,50411414
1950,897.7400,100,1665,2619,1767561394540442888,62,50411414
1951,897.7400,100,1665,2619,1767561394545144900,62,50411414
1952,897.7400,100,1665,2619,1767561394554113633,62,50411414
1953,897.7400,100,1665,2619,1767561394557675974,62,50411414
1954,897.7400,100,1665,2619,1767561394561458249,62,50411414
1955,897.7400,100,1665,2619,1767561394565480299,62,50411414
1956,897.7400,100,1665,2619,1767561394572758548,62,50411414
1957,897.7400,100,1665,2619,1767561394576482616,62,50411414
1958,897.7400,100,1665,2619,1767561394580225756,62,50411414
1959,897.7400,100,1665,2619,1767561394585771890,62,50510232
1960,897.7400,100,1665,2619,1767561394602110806,62,50510232
1961,897.7400,100,1665,2619,1767561394606217911,62,50510232
1962,897.7400,100,1665,2619,1767561394612613927,62,50510232
1963,897.7400,100,1665,2619,1767561394616282092,62,50510232
1964,897.7400,100,1665,2619,1767561394619995055,62,50510232
1965,897.7400,100,1665,2619,1767561394627866899,62,50510232
1966,897.7400,100,1665,2619,1767561394634343203,62,50510232
1967,897.7400,100,1680,2619,1767561394638137030,62,50510232
1968,897.7400,100,1680,2619,1767561394641991657,62,50510232
1969,897.7400,100,1680,2619,1767561394646065515,62,50510232
1970,897.7400,100,1680,2619,1767561394652446138,62,50510232
1971,897.7400,100,1680,2619,1767561394656156222,62,50510232
1972,896.8920,100,1680,2619,1767561394659815586,62,50510232
1973,896.8920,100,1680,2619,1767561394663565862,62,50510232
1974,896.8920,100,1680,2619,1767561394671670313,62,50510232
1975,896.8920,100,1680,2619,1767561394675345422,62,50510232
1976,896.8920,100,1680,2619,1767561394679291184,62,50510232
1977,896.8920,100,1680,2619,1767561394683274481,62,50608351
1978,896.8920,100,1680,2619,1767561394700671246,62,50608351
1979,896.8920,100,1680,2619,1767561394705164141,62,50608351
1980,896.8920,100,1680,2619,1767561394711508924,62,50608351
1981,896.8920,100,1680,2619,1767561394715189088,62,50608351
1982,896.8920,100,1680,2619,1767561394718918244,62,50608351
1983,896.8920,100,1680,2619,1767561394722854887,62,50608351
1984,896.8920,100,1680,2619,1767561394732949467,62,50608351
1985,896.8920,100,1680,2619,1767561394736575935,62,50608351
1986,896.8920,100,1680,2619,1767561394740344771,62,50608351
1987,896.8920,100,1680,2619,1767561394745205406,62,50608351
1988,896.8920,100,1680,2619,1767561394751671277,62,50608351
1989,896.8920,100,1680,2619,1767561394755339409,62,50608351
1990,896.8920,100,1680,2619,1767561394759047062,62,50608351
1991,896.8920,100,1680,2619,1767561394762819513,62,50608351
1992,896.8920,100,1680,2619,1767561394770742941,62,50608351
1993,896.8920,100,1680,2619,1767561394774483201,62,50608351
1994,898.4670,100,1680,2619,1767561394778208964,62,50608351
1995,898.4670,100,1680,2619,1767561394783267998,62,50707626
1996,898.4670,100,1680,2619,1767561394801217271,62,50707626
1997,898.4670,100,1680,2619,1767561394805345240,62,50707626
1998,898.4670,100,1680,2619,1767561394814070134,62,50707626
1999,898.4670,100,1680,2619,1767561394819821003,62,50707626
2000,898.4670,100,1680,2619,1767561394825592895,62,50707626
2001,898.4670,100,1680,2619,1767561394848875375,62,50707626
2002,898.4670,100,1680,2619,1767561394857861772,62,50707626
2003,898.4670,100,1680,2619,1767561394863474945,62,50707626
2004,898.4670,100,1680,2619,1767561394871427397,62,50707626
2005,898.4670,100,1680,2619,1767561394874993482,62,50707626
2006,898.4670,100,1680,2619,1767561394879011532,62,50707626
2007,898.4670,100,1680,2619,1767561394883246764,62,50806850
2008,898.4670,100,1680,2619,1767561394900508585,62,50806850
2009,898.4670,100,1680,2619,1767561394905080807,62,50806850
2010,898.6190,100,1680,2619,1767561394911443159,62,50806850
2011,898.6190,100,1680,2619,1767561394915158235,62,50806850
2012,898.6190,100,1680,2619,1767561394918815839,62,50806850
2013,898.6190,100,1680,2619,1767561394922666882,62,50806850
2014,898.6190,100,1680,2619,1767561394934707687,62,50806850
2015,898.6190,100,1680,2619,1767561394939106598,62,50806850
2016,898.6190,100,1680,2619,1767561394942708043,62,50806850
2017,898.6190,100,1680,2619,1767561394950982860,62,50806850
2018,898.6190,100,1680,2619,1767561394954656240,62,50806850
2019,898.6190,100,1680,2619,1767561394958385268,62,50806850
2020,898.6190,100,1680,2619,1767561394962210167,62,50806850
2021,898.6190,100,1680,2619,1767561394966271129,62,50806850
2022,898.6190,100,1680,2619,1767561394973565410,62,50806850
2023,898.6190,100,1680,2619,1767561394977424709,62,50806850
2024,898.6190,100,1680,2619,1767561394981110537,62,50806850
2025,898.6190,100,1680,2619,1767561394987342905,62,50908266
2026,898.6190,100,1680,2619,1767561395002955396,62,50908266
2027,898.6190,100,1665,2619,1767561395011603267,62,50908266
2028,898.6190,100,1665,2619,1767561395015308678,62,50908266
2029,898.3520,100,1665,2619,1767561395019203817,62,50908266
2030,898.3520,100,1665,2619,1767561395023174059,62,50908266
2031,898.3520,100,1665,2619,1767561395032037737,62,50908266
2032,898.3520,100,1665,2619,1767561395035618926,62,50908266
2033,898.3520,100,1665,2619,1767561395039792238,62,50908266
2034,898.3520,100,1665,2619,1767561395043540209,62,50908266
2035,898.3520,100,1665,2619,1767561395052454414,62,50908266
2036,898.3520,100,1665,2619,1767561395056039219,62,50908266
2037,898.3520,100,1665,2619,1767561395059730839,62,50908266
2038,898.3520,100,1665,2619,1767561395063496091,62,50908266
2039,898.3520,100,1665,2619,1767561395072330520,62,50908266
2040,898.3520,100,1665,2619,1767561395076512984,62,50908266
2041,898.3520,100,1665,2619,1767561395080251932,62,50908266
2042,898.3520,100,1665,2619,1767561395085800690,62,51005264
2043,898.3520,100,1665,2619,1767561395102237526,62,51005264
2044,898.3520,100,1665,2619,1767561395106245880,62,51005264
2045,898.3520,100,1665,2619,1767561395113468001,62,51005264
2046,898.3520,100,1665,2619,1767561395117186150,62,51005264
2047,898.3520,100,1665,2619,1767561395120837386,62,51005264
2048,898.3520,100,1665,2619,1767561395127845397,62,51005264
2049,898.3520,100,1665,2619,1767561395135192029,62,51005264
2050,897.2890,100,1665,2619,1767561395139184959,62,51005264
2051,897.2890,100,1665,2619,1767561395143400127,62,51005264
2052,897.2890,100,1665,2619,1767561395154161039,62,51005264
2053,897.2890,100,1665,2619,1767561395158036945,62,51005264
2054,897.2890,100,1665,2619,1767561395161707381,62,51005264
2055,897.2890,100,1665,2619,1767561395165859382,62,51005264
2056,897.2890,100,1665,2619,1767561395173147423,62,51005264
2057,897.2890,100,1665,2619,1767561395177136545,62,51005264
2058,897.2890,100,1665,2619,1767561395180690022,62,51005264
2059,897.2890,100,1665,2619,1767561395186742297,62,51103656
2060,897.2890,100,1665,2619,1767561395204451155,62,51103656
2061,897.2890,100,1665,2619,1767561395214836709,62,51103656
2062,897.2890,100,1665,2619,1767561395218575304,62,51103656
2063,897.2890,100,1665,2619,1767561395222454091,62,51103656
2064,897.2890,100,1665,2619,1767561395228870874,62,51103656
2065,897.2890,100,1665,2619,1767561395236170339,62,51103656
2066,897.2890,100,1665,2619,1767561395239942631,62,51103656
2067,897.2890,100,1665,2619,1767561395245156064,62,51103656
2068,897.2890,100,1665,2619,1767561395252584455,62,51103656
2069,897.2890,100,1665,2619,1767561395256344363,62,51103656
2070,896.8950,100,1665,2619,1767561395260030735,62,51103656
2071,896.8950,100,1665,2619,1767561395265255592,62,51103656
2072,896.8950,100,1665,2619,1767561395274178469,62,51103656
2073,896.8950,100,1665,2619,1767561395277900776,62,51103656
2074,896.8950,100,1665,2619,1767561395281520397,62,51103656
2075,896.8950,100,1665,2619,1767561395288435128,62,51203682
2076,896.8950,100,1665,2619,1767561395302782892,62,51203682
2077,896.8950,100,1665,2619,1767561395311365100,62,51203682
2078,896.8950,100,1665,2619,1767561395315137391,62,51203682
2079,896.8950,100,1665,2619,1767561395318839251,62,51203682
2080,896.8950,100,1665,2619,1767561395322797333,62,51203682
2081,896.8950,100,1665,2619,1767561395330798969,62,51203682
2082,896.8950,100,1665,2619,1767561395334539293,62,51203682
2083,896.8950,100,1665,2619,1767561395338313856,62,51203682
2084,896.8950,100,1665,2619,1767561395342177379,62,51203682
2085,896.8950,100,1665,2619,1767561395350001351,62,51203682
2086,896.8950,100,1680,2619,1767561395353770571,62,51203682
2087,896.8950,100,1680,2619,1767561395357603182,62,51203682
2088,896.8950,100,1680,2619,1767561395361295059,62,51203682
2089,896.8950,100,1680,2619,1767561395365428500,62,51203682
2090,896.8950,100,1680,2619,1767561395372023810,62,51203682
2091,896.6660,100,1680,2619,1767561395375755557,62,51203682
2092,896.6660,100,1680,2619,1767561395379523913,62,51203682
2093,896.6660,100,1680,2619,1767561395383735913,62,51301047
2094,896.6660,100,1680,2619,1767561395401070054,62,51301047
2095,896.6660,100,1680,2619,1767561395405206279,62,51301047
2096,896.6660,100,1680,2619,1767561395411646326,62,51301047
2097,896.6660,100,1680,2619,1767561395415411610,62,51301047
2098,896.6660,100,1680,2619,1767561395419090078,62,51301047
2099,896.6660,100,1680,2619,1767561395423235903,62,51301047
2100,896.6660,100,1680,2619,1767561395433343186,62,51301047
2101,896.6660,100,1680,2619,1767561395437374388,62,51301047
2102,896.6660,100,1680,2619,1767561395441149655,62,51301047
2103,896.6660,100,1680,2619,1767561395445299128,62,51301047
2104,896.6660,100,1680,2619,1767561395451598985,62,51301047
2105,896.6660,100,1680,2619,1767561395455365581,62,51301047
2106,896.6660,100,1680,2619,1767561395459106416,62,51301047
2107,896.6660,100,1680,2619,1767561395462891891,62,51301047
2108,896.6660,100,1680,2619,1767561395470744184,62,51301047
2109,896.6660,100,1680,2619,1767561395474371421,62,51301047
2110,896.6660,100,1680,2619,1767561395478344639,62,51301047
2111,896.6660,100,1680,2619,1767561395483323769,62,51399845
2112,896.6660,100,1680,2619,1767561395500547063,62,51399845
2113,896.6660,100,1680,2619,1767561395505153012,62,51399845
2114,896.8450,100,1680,2619,1767561395511786754,62,51399845
2115,896.8450,100,1680,2619,1767561395515581222,62,51399845
2116,896.8450,100,1680,2619,1767561395519300010,62,51399845
2117,896.8450,100,1680,2619,1767561395523852007,62,51399845
2118,896.8450,100,1680,2619,1767561395533492318,62,51399845
2119,896.8450,100,1680,2619,1767561395536997092,62,51399845
2120,896.8450,100,1680,2619,1767561395540858023,62,51399845
2121,896.8450,100,1680,2619,1767561395545172263,62,51399845
2122,896.8450,100,1680,2619,1767561395551500951,62,51399845
2123,896.8450,100,1680,2619,1767561395555802358,62,51399845
2124,896.8450,100,1680,2619,1767561395559617209,62,51399845
2125,896.8450,100,1680,2619,1767561395563452412,62,51399845
2126,896.8450,100,1680,2619,1767561395573989709,62,51399845
2127,896.8450,100,1680,2619,1767561395578320876,62,51399845
2128,896.8450,100,1680,2619,1767561395583228935,62,51499781
2129,896.8450,100,1680,2619,1767561395602028121,62,51499781
2130,896.8450,100,1680,2619,1767561395606029851,62,51499781
2131,896.8450,100,1665,2619,1767561395613329668,62,51499781
2132,896.8450,100,1665,2619,1767561395617063751,62,51499781
2133,896.8450,100,1665,2619,1767561395620826859,62,51499781
2134,896.8450,100,1665,2619,1767561395625506856,62,51499781
2135,896.8450,100,1665,2619,1767561395632798289,62,51499781
2136,898.3340,100,1665,2619,1767561395636520117,62,51499781
2137,898.3340,100,1665,2619,1767561395640295480,62,51499781
2138,898.3340,100,1665,2619,1767561395645233331,62,51499781
2139,898.3340,100,1665,2619,1767561395654255119,62,51499781
2140,898.3340,100,1665,2619,1767561395658476335,62,51499781
2141,898.3340,100,1665,2619,1767561395662167475,62,51499781
2142,898.3340,100,1665,2619,1767561395666396147,62,51499781
2143,898.3340,100,1665,2619,1767561395673707740,62,51499781
2144,898.3340,100,1665,2619,1767561395677723293,62,51499781
2145,898.3340,100,1665,2619,1767561395681380482,62,51499781
2146,898.3340,100,1665,2619,1767561395688032592,62,51600111
2147,898.3340,100,1665,2619,1767561395702549058,62,51600111
2148,898.3340,100,1665,2619,1767561395710431494,62,51600111
2149,898.3340,100,1665,2619,1767561395714214154,62,51600111
2150,898.3340,100,1665,2619,1767561395718106893,62,51600111
2151,898.3340,100,1665,2619,1767561395721880656,62,51600111
2152,898.3340,100,1665,2619,1767561395728498910,62,51600111
2153,898.3340,100,1665,2619,1767561395734949645,62,51600111
2154,898.3340,100,1680,2619,1767561395738734769,62,51600111
2155,898.3340,100,1680,2619,1767561395742598195,62,51600111
2156,898.3340,100,1680,2619,1767561395750518008,62,51600111
2157,898.3340,100,1680,2619,1767561395754183612,62,51600111
2158,897.6650,100,1680,2619,1767561395757943744,62,51600111
2159,897.6650,100,1680,2619,1767561395762245343,62,51600111
2160,897.6650,100,1680,2619,1767561395766327584,62,51600111
2161,897.6650,100,1680,2619,1767561395773832680,62,51600111
2162,897.6650,100,1680,2619,1767561395777517900,62,51600111
2163,897.6650,100,1680,2619,1767561395781279824,62,51600111
2164,897.6650,100,1680,2619,1767561395787826335,62,51699221
2165,897.6650,100,1680,2619,1767561395803279145,62,51699221
2166,897.6650,100,1680,2619,1767561395811086383,62,51699221
2167,897.6650,100,1680,2619,1767561395814851090,63,51699221
2168,897.6650,100,1680,2619,1767561395818548951,63,51699221
2169,897.6650,100,1680,2619,1767561395822400601,63,51699221
2170,897.6650,100,1680,2619,1767561395828747593,63,51699221
2171,897.6650,100,1680,2619,1767561395836175377,63,51699221
2172,897.6650,100,1680,2619,1767561395839913685,63,51699221
2173,897.6650,100,1680,2619,1767561395843770584,63,51699221
2174,897.6650,100,1680,2619,1767561395852459574,63,51699221
2175,897.6650,100,1680,2619,1767561395856119674,63,51699221
2176,897.6650,100,1680,2619,1767561395861549681,63,51699221
2177,897.6650,100,1680,2619,1767561395865756946,63,51699221
2178,897.6650,100,1680,2619,1767561395872326432,63,51699221
2179,897.6650,100,1680,2619,1767561395876196995,63,51699221
2180,897.7610,100,1680,2619,1767561395879886215,63,51699221
2181,897.7610,100,1680,2619,1767561395884100839,63,51797278
2182,897.7610,100,1680,2619,1767561395901078439,63,51797278
2183,897.7610,100,1680,2619,1767561395905251208,63,51797278
2184,897.7610,100,1680,2619,1767561395911669623,63,51797278
2185,897.7610,100,1680,2619,1767561395915464954,63,51797278
2186,897.7610,100,1680,2619,1767561395919143838,63,51797278
2187,897.7610,100,1680,2619,1767561395923330495,63,51797278
2188,897.7610,100,1680,2619,1767561395933534322,63,51797278
2189,897.7610,100,1680,2619,1767561395937052152,63,51797278
2190,897.7610,100,1680,2619,1767561395940873307,63,51797278
2191,897.7610,100,1680,2619,1767561395945181050,63,51797278
2192,897.7610,100,1680,2619,1767561395951554218,63,51797278
2193,897.7610,100,1680,2619,1767561395955279278,63,51797278
2194,897.7610,100,1680,2619,1767561395959046002,63,51797278
2195,897.7610,100,1680,2619,1767561395962841909,63,51797278
2196,897.7610,100,1680,2619,1767561395970730041,63,51797278
2197,897.7610,100,1680,2619,1767561395974349406,63,51797278
2198,897.7610,100,1680,2619,1767561395978198753,63,51797278
2199,897.7610,100,1680,2619,1767561395983292602,63,51895673
2200,897.7610,100,1680,2619,1767561396003703200,63,51895673
2201,897.7610,100,1680,2619,1767561396012427934,63,51895673
2202,898.1100,100,1680,2619,1767561396015944452,63,51895673
2203,898.1100,100,1680,2619,1767561396019709640,63,51895673
2204,898.1100,100,1680,2619,1767561396024617059,63,51895673
2205,898.1100,100,1680,2619,1767561396034003419,63,51895673
2206,898.1100,100,1680,2619,1767561396037583456,63,51895673
2207,898.1100,100,1680,2619,1767561396041445667,63,51895673
2208,898.1100,100,1680,2619,1767561396045552996,63,51895673
2209,898.1100,100,1680,2619,1767561396052616879,63,51895673
2210,898.1100,100,1680,2619,1767561396056388947,62,51895673
2211,898.1100,100,1680,2619,1767561396060073495,62,51895673
2212,898.1100,100,1680,2619,1767561396065250479,62,51895673
2213,898.1100,100,1680,2619,1767561396072651128,62,51895673
2214,898.1100,100,1680,2619,1767561396076331868,62,51895673
2215,898.1100,100,1680,2619,1767561396080047776,62,51895673
2216,898.1100,100,1680,2619,1767561396085605334,62,51994766
2217,898.1100,100,1680,2619,1767561396103879884,62,51994766
2218,898.1100,100,1680,2619,1767561396112974120,62,51994766
2219,898.1100,100,1665,2619,1767561396116713995,62,51994766
2220,898.1100,100,1665,2619,1767561396120479663,62,51994766
2221,898.1100,100,1665,2619,1767561396125498601,62,51994766
2222,898.1100,100,1665,2619,1767561396131933432,62,51994766
2223,898.3160,100,1665,2619,1767561396135715388,62,51994766
2224,898.3160,100,1665,2619,1767561396139662366,62,51994766
2225,898.3160,100,1665,2619,1767561396143459937,62,51994766
2226,898.3160,100,1665,2619,1767561396151291622,62,51994766
2227,898.3160,100,1665,2619,1767561396155050345,62,51994766
2228,898.3160,100,1665,2619,1767561396158814765,62,51994766
2229,898.3160,100,1665,2619,1767561396162646064,62,51994766
2230,898.3160,100,1665,2619,1767561396170526997,62,51994766
2231,898.3160,100,1665,2619,1767561396174793589,62,51994766
2232,898.3160,100,1665,2619,1767561396178534521,62,51994766
2233,898.3160,100,1665,2619,1767561396183309364,63,52092644
2234,898.3160,100,1665,2619,1767561396202314117,63,52092644
2235,898.3160,100,1665,2619,1767561396210431080,63,52092644
2236,898.3160,100,1665,2619,1767561396214120076,63,52092644
2237,898.3160,100,1665,2619,1767561396217824079,63,52092644
2238,898.3160,100,1665,2619,1767561396221688562,63,52092644
2239,898.3160,100,1665,2619,1767561396228266625,63,52092644
2240,898.3160,100,1665,2619,1767561396234768208,63,52092644
2241,898.3160,100,1680,2619,1767561396238492020,63,52092644
2242,898.3160,100,1680,2619,1767561396242383510,63,52092644
2243,898.3160,100,1680,2619,1767561396246412536,63,52092644
2244,898.3160,100,1680,2619,1767561396255615186,63,52092644
2245,898.3160,100,1680,2619,1767561396259239319,63,52092644
2246,899.1980,100,1680,2619,1767561396262815388,63,52092644
2247,899.1980,100,1680,2619,1767561396271617530,63,52092644
2248,899.1980,100,1680,2619,1767561396275796954,63,52092644
2249,899.1980,100,1680,2619,1767561396279566173,63,52092644
2250,899.1980,100,1680,2619,1767561396283734078,63,52192205
2251,899.1980,100,1680,2619,1767561396301801526,63,52192205
2252,899.1980,100,1680,2619,1767561396305780471,63,52192205
2253,899.1980,100,1680,2619,1767561396313121728,63,52192205
2254,899.1980,100,1680,2619,1767561396316887620,63,52192205
2255,899.1980,100,1680,2619,1767561396320500873,63,52192205
2256,899.1980,100,1680,2619,1767561396327463764,63,52192205
2257,899.1980,100,1680,2619,1767561396334905084,63,52192205
2258,899.1980,100,1680,2619,1767561396338496256,63,52192205
2259,899.1980,100,1680,2619,1767561396342326628,63,52192205
2260,899.1980,100,1680,2619,1767561396346329573,63,52192205
2261,899.1980,100,1680,2619,1767561396355322562,63,52192205
2262,899.1980,100,1680,2619,1767561396358875783,63,52192205
2263,899.1980,100,1665,2619,1767561396362431820,63,52192205
2264,899.1980,100,1665,2619,1767561396366510989,63,52192205
2265,899.1980,100,1665,2619,1767561396373783574,63,52192205
2266,899.1980,100,1665,2619,1767561396378057686,63,52192205
2267,899.1980,100,1665,2619,1767561396383227951,63,52289675
2268,897.9490,100,1665,2619,1767561396401041480,63,52289675
2269,897.9490,100,1665,2619,1767561396405196617,63,52289675
2270,897.9490,100,1665,2619,1767561396411558393,63,52289675
2271,897.9490,100,1665,2619,1767561396415329597,63,52289675
2272,897.9490,100,1665,2619,1767561396419176192,63,52289675
2273,897.9490,100,1665,2619,1767561396423499487,63,52289675
2274,897.9490,100,1665,2619,1767561396433227861,63,52289675
2275,897.9490,100,1665,2619,1767561396436739195,62,52289675
2276,897.9490,100,1665,2619,1767561396440482879,62,52289675
2277,897.9490,100,1665,2619,1767561396445249947,62,52289675
2278,897.9490,100,1665,2619,1767561396451598603,62,52289675
2279,897.9490,100,1665,2619,1767561396455322478,62,52289675
2280,897.9490,100,1665,2619,1767561396459082770,62,52289675
2281,897.9490,100,1665,2619,1767561396462910549,62,52289675
2282,897.9490,100,1665,2619,1767561396471773203,62,52289675
2283,897.9490,100,1665,2619,1767561396475404727,62,52289675
2284,897.9490,100,1680,2619,1767561396479583928,62,52289675
2285,897.9490,100,1680,2619,1767561396483910935,62,52389888
2286,897.9490,100,1680,2619,1767561396502055118,62,52389888
2287,897.9490,100,1680,2619,1767561396505969361,62,52389888
2288,898.5470,100,1680,2619,1767561396513196058,62,52389888
2289,898.5470,100,1680,2619,1767561396516979101,62,52389888
2290,898.5470,100,1680,2619,1767561396520738848,62,52389888
2291,898.5470,100,1680,2619,1767561396527718412,62,52389888
2292,898.5470,100,1680,2619,1767561396534222363,62,52389888
2293,898.5470,100,1680,2619,1767561396537901791,62,52389888
2294,898.5470,100,1680,2619,1767561396541799522,62,52389888
2295,898.5470,100,1680,2619,1767561396545859395,62,52389888
2296,898.5470,100,1680,2619,1767561396552296850,62,52389888
2297,898.5470,100,1680,2619,1767561396555831704,62,52389888
2298,898.5470,100,1680,2619,1767561396559594299,63,52389888
2299,898.5470,100,1680,2619,1767561396563306880,63,52389888
2300,898.5470,100,1680,2619,1767561396571276643,63,52389888
2301,898.5470,100,1680,2619,1767561396575044327,63,52389888
2302,898.5470,100,1680,2619,1767561396579107784,63,52389888
2303,898.5470,100,1680,2619,1767561396583434567,63,52489377
2304,898.5470,100,1680,2619,1767561396601271329,63,52489377
2305,898.5470,100,1680,2619,1767561396605311266,63,52489377
2306,898.5470,100,1680,2619,1767561396611808945,63,52489377
2307,898.5470,100,1680,2619,1767561396615546805,63,52489377
2308,898.5470,100,1680,2619,1767561396619317305,63,52489377
2309,898.5470,100,1680,2619,1767561396623773687,63,52489377
2310,898.5470,100,1680,2619,1767561396633604588,63,52489377
2311,898.4520,100,1680,2619,1767561396637160113,63,52489377
2312,898.4520,100,1680,2619,1767561396641036660,63,52489377
2313,898.4520,100,1680,2619,1767561396645180597,63,52489377
2314,898.4520,100,1680,2619,1767561396651665636,63,52489377
2315,898.4520,100,1680,2619,1767561396655446280,63,52489377
2316,898.4520,100,1680,2619,1767561396659135628,63,52489377
2317,898.4520,100,1680,2619,1767561396662984975,63,52489377
2318,898.4520,100,1680,2619,1767561396670839283,63,52489377
2319,898.4520,100,1680,2619,1767561396674440280,63,52489377
2320,898.4520,100,1680,2619,1767561396678427738,63,52489377
2321,898.4520,100,1680,2619,1767561396683225110,63,52588684
2322,898.4520,100,1680,2619,1767561396700736977,63,52588684
2323,898.4520,100,1680,2619,1767561396705138608,63,52588684
2324,898.4520,100,1680,2619,1767561396714236908,63,52588684
2325,898.4520,100,1680,2619,1767561396718173070,63,52588684
2326,898.4520,100,1680,2619,1767561396721735923,63,52588684
2327,898.4520,100,1680,2619,1767561396728338593,63,52588684
2328,898.4520,100,1665,2619,1767561396735591275,63,52588684
2329,898.4520,100,1665,2619,1767561396739303663,63,52588684
2330,898.4520,100,1665,2619,1767561396743138642,63,52588684
2331,898.4520,100,1665,2619,1767561396751744593,63,52588684
2332,899.6970,100,1665,2619,1767561396755469364,63,52588684
2333,899.6970,100,1665,2619,1767561396759142040,63,52588684
2334,899.6970,100,1665,2619,1767561396762907068,63,52588684
2335,899.6970,100,1665,2619,1767561396771782938,63,52588684
2336,899.6970,100,1665,2619,1767561396775368543,63,52588684
2337,899.6970,100,1665,2619,1767561396779155234,63,52588684
2338,899.6970,100,1665,2619,1767561396783337378,63,52687249
2339,899.6970,100,1665,2619,1767561396802094485,63,52687249
2340,899.6970,100,1665,2619,1767561396810778259,63,52687249
2341,899.6970,100,1665,2619,1767561396814558294,63,52687249
2342,899.6970,100,1665,2619,1767561396818309594,63,52687249
2343,899.6970,100,1665,2619,1767561396822107901,63,52687249
2344,899.6970,100,1665,2619,1767561396828548973,63,52687249
2345,899.6970,100,1665,2619,1767561396835860374,63,52687249
2346,899.6970,100,1665,2619,1767561396839653433,63,52687249
2347,899.6970,100,1665,2619,1767561396843372445,63,52687249
2348,899.6970,100,1665,2619,1767561396852014331,63,52687249
2349,899.6970,100,1665,2619,1767561396855643104,63,52687249
2350,899.6970,100,1665,2619,1767561396861318070,63,52687249
2351,899.6970,100,1665,2619,1767561396865454358,63,52687249
2352,899.6970,100,1665,2619,1767561396874586737,63,52687249
2353,899.6970,100,1665,2619,1767561396878480979,63,52687249
2354,897.3530,100,1665,2619,1767561396883176848,63,52784907
2355,897.3530,100,1665,2619,1767561396901716100,63,52784907
2356,897.3530,100,1665,2619,1767561396905775301,63,52784907
2357,897.3530,100,1665,2619,1767561396912273204,63,52784907
2358,897.3530,100,1665,2619,1767561396915989401,63,52784907
2359,897.3530,100,1665,2619,1767561396919741628,63,52784907
2360,897.3530,100,1665,2619,1767561396923759998,63,52784907
2361,897.3530,100,1665,2619,1767561396931718786,63,52784907
2362,897.3530,100,1665,2619,1767561396935415526,63,52784907
2363,897.3530,100,1665,2619,1767561396939179241,63,52784907
2364,897.3530,100,1665,2619,1767561396943092748,63,52784907
2365,897.3530,100,1665,2619,1767561396950998032,63,52784907
2366,897.3530,100,1665,2619,1767561396954976659,63,52784907
2367,897.3530,100,1665,2619,1767561396958745622,63,52784907
2368,897.3530,100,1665,2619,1767561396962551833,63,52784907
2369,897.3530,100,1665,2619,1767561396970349726,63,52784907
2370,897.3530,100,1665,2619,1767561396974122882,63,52784907
2371,897.3530,100,1665,2619,1767561396977922341,63,52784907
2372,897.3530,100,1680,2619,1767561396981765064,63,52784907
2373,897.3530,100,1680,2619,1767561396988638196,63,52886762
2374,897.3530,100,1680,2619,1767561397002531275,63,52886762
2375,897.3530,100,1680,2619,1767561397010297713,63,52886762
2376,897.2370,100,1680,2619,1767561397014495793,63,52886762
2377,897.2370,100,1680,2619,1767561397018267125,63,52886762
2378,897.2370,100,1680,2619,1767561397022117655,63,52886762
2379,897.2370,100,1680,2619,1767561397028695077,63,52886762
2380,897.2370,100,1680,2619,1767561397035106741,63,52886762
2381,897.2370,100,1680,2619,1767561397038879033,63,52886762
2382,897.2370,100,1680,2619,1767561397042695292,63,52886762
2383,897.2370,100,1680,2619,1767561397050710976,63,52886762
2384,897.2370,100,1680,2619,1767561397054307588,63,52886762
2385,897.2370,100,1680,2619,1767561397058009096,63,52886762
2386,897.2370,100,1680,2619,1767561397061870795,63,52886762
2387,897.2370,100,1680,2619,1767561397065904589,63,52886762
2388,897.2370,100,1680,2619,1767561397072249949,63,52886762
2389,897.2370,100,1680,2619,1767561397076325054,63,52886762
2390,897.2370,100,1680,2619,1767561397080107042,63,52886762
2391,897.2370,100,1680,2619,1767561397085526040,63,52984705
2392,897.2370,100,1680,2619,1767561397103560465,63,52984705
2393,897.2370,100,1680,2619,1767561397112183919,63,52984705
2394,897.2370,100,1680,2619,1767561397116503566,63,52984705
2395,897.2370,100,1680,2619,1767561397120227698,63,52984705
2396,897.2370,100,1680,2619,1767561397127910073,63,52984705
2397,897.2370,100,1680,2619,1767561397135162338,63,52984705
2398,898.9790,100,1680,2619,1767561397139207780,63,52984705
2399,898.9790,100,1680,2619,1767561397143088838,63,52984705
2400,898.9790,100,1680,2619,1767561397151845028,63,52984705
2401,898.9790,100,1680,2619,1767561397155583944,63,52984705
2402,898.9790,100,1680,2619,1767561397159339659,63,52984705
2403,898.9790,100,1680,2619,1767561397163105551,63,52984705
2404,898.9790,100,1680,2619,1767561397171787341,63,52984705
2405,898.9790,100,1680,2619,1767561397175643600,63,52984705
2406,898.9790,100,1680,2619,1767561397179458419,63,52984705
2407,898.9790,100,1680,2619,1767561397183721395,63,53083260
2408,898.9790,100,1680,2619,1767561397204021914,63,53083260
2409,898.9790,100,1680,2619,1767561397212682936,63,53083260
2410,898.9790,100,1680,2619,1767561397216381117,63,53083260
2411,898.9790,100,1680,2619,1767561397220545309,63,53083260
2412,898.9790,100,1680,2619,1767561397227753063,63,53083260
2413,898.9790,100,1680,2619,1767561397235094703,63,53083260
2414,898.9790,100,1665,2619,1767561397238816947,63,53083260
2415,898.9790,100,1665,2619,1767561397242682838,63,53083260
2416,898.9790,100,1665,2619,1767561397251377429,63,53083260
2417,898.9790,100,1665,2619,1767561397255015897,63,53083260
2418,897.1660,100,1665,2619,1767561397258912796,63,53083260
2419,897.1660,100,1665,2619,1767561397262664959,63,53083260
2420,897.1660,100,1665,2619,1767561397271380253,63,53083260
2421,897.1660,100,1665,2619,1767561397274938050,63,53083260
2422,897.1660,100,1665,2619,1767561397278963076,63,53083260
2423,897.1660,100,1665,2619,1767561397283327971,63,53180595
2424,897.1660,100,1665,2619,1767561397301526522,63,53180595
2425,897.1660,100,1665,2619,1767561397305576539,63,53180595
2426,897.1660,100,1665,2619,1767561397312744325,63,53180595
2427,897.1660,100,1665,2619,1767561397316458761,63,53180595
2428,897.1660,100,1665,2619,1767561397320214413,63,53180595
2429,897.1660,100,1665,2619,1767561397327734068,63,53180595
2430,897.1660,100,1665,2619,1767561397335238427,63,53180595
2431,897.1660,100,1665,2619,1767561397339014303,63,53180595
2432,897.1660,100,1665,2619,1767561397342898882,63,53180595
2433,897.1660,100,1665,2619,1767561397351540704,63,53180595
2434,897.1660,100,1665,2619,1767561397355163973,63,53180595
2435,897.1660,100,1665,2619,1767561397358870313,63,53180595
2436,897.1660,100,1665,2619,1767561397362672620,63,53180595
2437,897.1660,100,1665,2619,1767561397371362347,63,53180595
2438,897.1660,100,1665,2619,1767561397375129230,63,53180595
2439,897.1660,100,1665,2619,1767561397379004817,63,53180595
2440,896.8370,100,1665,2619,1767561397383317296,63,53278550
2441,896.8370,100,1665,2619,1767561397403760598,63,53278550
2442,896.8370,100,1665,2619,1767561397412379797,63,53278550
2443,896.8370,100,1665,2619,1767561397416231767,63,53278550
2444,896.8370,100,1665,2619,1767561397419901084,63,53278550
2445,896.8370,100,1665,2619,1767561397423917534,63,53278550
2446,896.8370,100,1665,2619,1767561397431881154,63,53278550
2447,896.8370,100,1665,2619,1767561397435603910,63,53278550
2448,896.8370,100,1665,2619,1767561397439360265,63,53278550
2449,896.8370,100,1665,2619,1767561397443225100,63,53278550
2450,896.8370,100,1665,2619,1767561397451058321,63,53278550
2451,896.8370,100,1665,2619,1767561397455096338,63,53278550
2452,896.8370,100,1665,2619,1767561397458780343,63,53278550
2453,896.8370,100,1665,2619,1767561397462600506,63,53278550
2454,896.8370,100,1665,2619,1767561397470752444,63,53278550
2455,896.8370,100,1665,2619,1767561397474214594,63,53278550
2456,896.8370,100,1665,2619,1767561397477679591,63,53278550
2457,896.8370,100,1680,2619,1767561397481027694,63,53278550
2458,896.8370,100,1680,2619,1767561397487402494,63,53373302
2459,896.8370,100,1680,2619,1767561397503816322,63,53373302
2460,896.8370,100,1680,2619,1767561397515121293,63,53373302
2461,884.9900,100,1680,2619,1767561397518557683,63,53373302
2462,884.9900,100,1680,2619,1767561397521911770,63,53373302
2463,884.9900,100,1680,2619,1767561397528357354,63,53373302
2464,884.9900,100,1680,2619,1767561397538179807,63,53373302
2465,884.9900,77,1680,2619,1767561397543865428,63,53373302
2466,884.9900,77,1680,2619,1767561397572216062,63,53373302
2467,884.9900,77,1680,2619,1767561397581679639,52,53373302
2468,884.9900,77,1680,2619,1767561397597931164,52,53399486
2469,884.9900,77,1680,2619,1767561397607981872,52,53399486
2470,884.9900,77,1680,2619,1767561397617349738,52,53399486
2471,884.9900,77,1680,2619,1767561397620977454,52,53399486
2472,884.9900,77,1680,2619,1767561397627508284,52,53399486
2473,884.9900,77,1965,2619,1767561397634937444,52,53399486
2474,884.9900,77,1965,2619,1767561397639486946,52,53399486
2475,884.9900,77,1965,2619,1767561397643332549,52,53399486
2476,884.9900,77,1965,2619,1767561397652099171,52,53399486
2477,783.4510,77,1965,2619,1767561397655853094,52,53399486
2478,783.4510,77,1965,2619,1767561397659546410,52,53399486
2479,783.4510,77,1965,2619,1767561397663342414,52,53399486
2480,783.4510,77,1965,2619,1767561397672174892,52,53399486
2481,783.4510,77,1965,2619,1767561397675904016,52,53399486
2482,783.4510,77,1965,2619,1767561397680171855,52,53399486
2483,783.4510,77,1965,2619,1767561397685806724,52,53421897
2484,783.4510,77,1965,2619,1767561397702060554,52,53421897
2485,783.4510,77,1965,2619,1767561397706132043,49,53421897
2486,783.4510,77,1965,2619,1767561397713612434,49,53421897
2487,783.4510,77,1965,2619,1767561397717559316,49,53421897
2488,783.4510,77,1965,2619,1767561397721559542,49,53421897
2489,783.4510,77,1965,2619,1767561397728157669,49,53421897
2490,783.4510,77,1965,2619,1767561397735549997,49,53421897
2491,783.4510,77,1965,2619,1767561397739976236,49,53421897
2492,783.4510,77,1965,2619,176756139774506