sample,power(W),gpu_util(%),core_clock(MHz),mem_clock(MHz),timestamp_ns,temp(C),energy(mJ)
0,95.2120,0,345,2619,1767561437855190226,35,60496977
1,95.2120,0,345,2619,1767561437859351090,35,60496977
2,95.2120,0,345,2619,1767561437863469587,35,60496977
3,95.2120,0,345,2619,1767561437871501655,35,60496977
4,95.2120,0,345,2619,1767561437878581121,35,60496977
5,95.2120,0,345,2619,1767561437883309469,35,60514517
6,95.2120,0,345,2619,1767561437901353173,35,60514517
7,95.2120,0,345,2619,1767561437905844019,35,60514517
8,95.2120,0,345,2619,1767561437912491009,35,60514517
9,95.2120,0,345,2619,1767561437916592450,35,60514517
10,95.2120,0,345,2619,1767561437920779875,35,60514517
11,95.2120,0,345,2619,1767561437928252554,35,60514517
12,95.2120,0,345,2619,1767561437935522355,35,60514517
13,95.2850,0,345,2619,1767561437939783795,35,60514517
14,95.2850,0,345,2619,1767561437945050123,35,60514517
15,95.2850,0,345,2619,1767561437951680089,35,60514517
16,95.2850,0,345,2619,1767561437956546421,35,60514517
17,95.2850,0,345,2619,1767561437960651862,35,60514517
18,95.2850,0,345,2619,1767561437965128275,35,60514517
19,95.2850,0,345,2619,1767561437971736737,35,60514517
20,95.2850,0,345,2619,1767561437976166816,35,60514517
21,95.2850,0,345,2619,1767561437983109388,35,60531925
22,95.2850,0,345,2619,1767561438001735679,35,60531925
23,95.2850,0,345,2619,1767561438010092064,35,60531925
24,95.2850,0,345,2619,1767561438014140450,35,60531925
25,95.2850,0,345,2619,1767561438018653504,35,60531925
26,95.2850,0,345,2619,1767561438023951159,35,60531925
27,95.2850,0,345,2619,1767561438034420136,35,60531925
28,95.2850,0,345,2619,1767561438038621897,35,60531925
29,95.2850,0,345,2619,1767561438043146631,35,60531925
30,95.2850,0,345,2619,1767561438051262537,35,60531925
31,95.2680,0,345,2619,1767561438055691656,35,60531925
32,95.2680,0,345,2619,1767561438059819464,35,60531925
33,95.2680,0,345,2619,1767561438065083361,35,60531925
34,95.2680,0,345,2619,1767561438071983597,35,60531925
35,95.2680,0,345,2619,1767561438099286751,35,60549285
36,95.2680,0,345,2619,1767561438179333794,35,60549285
37,95.2680,0,345,2619,1767561438183716257,35,60566813
38,95.2680,0,345,2619,1767561438206207159,35,60566813
39,95.2680,0,345,2619,1767561438215986254,35,60566813
40,95.2680,0,345,2619,1767561438221460836,35,60566813
41,95.2680,0,345,2619,1767561438228709486,35,60566813
42,95.2680,0,345,2619,1767561438235758776,35,60566813
43,95.4210,0,345,2619,1767561438239680218,35,60566813
44,95.4210,0,345,2619,1767561438244993299,35,60566813
45,95.4210,0,345,2619,1767561438251592161,35,60566813
46,95.4210,0,345,2619,1767561438256438365,35,60566813
47,95.4210,0,345,2619,1767561438260417886,35,60566813
48,95.4210,0,345,2619,1767561438265153274,35,60566813
49,95.4210,0,345,2619,1767561438271733545,35,60566813
50,95.4210,0,345,2619,1767561438275831690,35,60566813
51,95.4210,0,345,2619,1767561438280755557,35,60566813
52,95.4210,0,345,2619,1767561438287033558,35,60584680
53,95.4210,0,345,2619,1767561438301694118,35,60584680
54,95.4210,0,345,2619,1767561438309965576,35,60584680
55,95.4210,0,345,2619,1767561438315520414,35,60584680
56,95.4210,0,345,2619,1767561438319500640,35,60584680
57,95.4210,0,345,2619,1767561438327873089,35,60584680
58,95.4210,0,345,2619,1767561438335113930,35,60584680
59,95.4210,0,885,2619,1767561438338784879,35,60584680
60,95.4210,0,885,2619,1767561438342981135,35,60584680
61,95.4210,0,885,2619,1767561438351429647,35,60584680
62,95.4210,0,885,2619,1767561438355336881,35,60584680
63,95.9670,0,885,2619,1767561438361245893,35,60584680
64,95.9670,0,885,2619,1767561438365418181,35,60584680
65,95.9670,0,885,2619,1767561438372007988,35,60584680
66,95.9670,0,885,2619,1767561438376280116,35,60584680
67,95.9670,0,885,2619,1767561438380425716,35,60584680
68,95.9670,0,885,2619,1767561438386495814,35,60602409
69,95.9670,0,885,2619,1767561438401866578,35,60602409
70,95.9670,0,885,2619,1767561438409953845,35,60602409
71,95.9670,0,885,2619,1767561438413989527,35,60602409
72,95.9670,0,885,2619,1767561438417937689,35,60602409
73,95.9670,0,885,2619,1767561438422156281,35,60602409
74,95.9670,0,885,2619,1767561438433582083,35,60602409
75,95.9670,0,885,2619,1767561438437272423,35,60602409
76,95.9670,0,885,2619,1767561438441313065,35,60602409
77,95.9670,0,885,2619,1767561438445347946,35,60602409
78,95.9670,0,885,2619,1767561438451926712,35,60602409
79,95.9670,0,885,2619,1767561438455686972,35,60602409
80,95.9670,0,885,2619,1767561438459481599,35,60602409
81,95.9670,0,885,2619,1767561438463487201,35,60602409
82,95.9670,0,885,2619,1767561438471601508,35,60602409
83,95.9670,0,885,2619,1767561438475595365,35,60602409
84,96.4720,0,885,2619,1767561438479412488,35,60602409
85,96.4720,0,885,2619,1767561438483416842,35,60619953
86,96.4720,0,885,2619,1767561438501158821,35,60619953
87,96.4720,0,885,2619,1767561438514815933,35,60619953
88,96.4720,0,885,2619,1767561438518424290,35,60619953
89,96.4720,0,885,2619,1767561438521821481,35,60619953
90,96.4720,0,885,2619,1767561438532084955,35,60619953
91,96.4720,0,885,2619,1767561438535516449,35,60619953
92,96.4720,0,885,2619,1767561438538934119,35,60619953
93,96.4720,0,885,2619,1767561438542372877,35,60619953
94,96.4720,0,885,2619,1767561438550346865,35,60619953
95,96.4720,0,885,2619,1767561438553977398,35,60619953
96,96.4720,0,885,2619,1767561438557455708,35,60619953
97,96.4720,0,885,2619,1767561438560832706,35,60619953
98,96.4720,0,885,2619,1767561438564908867,35,60619953
99,96.4720,0,885,2619,1767561438571482801,35,60619953
100,96.4720,0,1980,2619,1767561438575932624,35,60619953
101,96.4720,0,1980,2619,1767561438579315799,35,60619953
102,96.4720,0,1980,2619,1767561438584990316,35,60640537
103,96.4720,0,1980,2619,1767561438601240081,35,60640537
104,100.4300,0,1980,2619,1767561438605232531,35,60640537
105,100.4300,0,1980,2619,1767561438611669826,35,60640537
106,100.4300,0,1980,2619,1767561438615075369,35,60640537
107,100.4300,0,1980,2619,1767561438618350608,35,60640537
108,100.4300,0,1980,2619,1767561438621780502,35,60640537
109,100.4300,0,1980,2619,1767561438632173351,35,60640537
110,100.4300,0,1980,2619,1767561438635541102,35,60640537
111,100.4300,0,1980,2619,1767561438639211698,36,60640537
112,100.4300,0,1980,2619,1767561438642796343,36,60640537
113,100.4300,0,1980,2619,1767561438650671484,36,60640537
114,100.4300,0,1980,2619,1767561438653995683,36,60640537
115,100.4300,0,1980,2619,1767561438657571591,36,60640537
116,100.4300,0,1980,2619,1767561438662017990,36,60640537
117,100.4300,0,1980,2619,1767561438665999496,36,60640537
118,100.4300,0,1980,2619,1767561438672693910,36,60640537
119,100.4300,0,1980,2619,1767561438676246427,36,60640537
120,100.4300,0,1980,2619,1767561438679472611,36,60640537
121,100.4300,0,1980,2619,1767561438683506212,36,60662928
122,100.4300,0,1980,2619,1767561438700743970,36,60662928
123,100.4300,0,1980,2619,1767561438705521246,36,60662928
124,105.8900,0,1980,2619,1767561438711958861,36,60662928
125,105.8900,0,1980,2619,1767561438715745968,36,60662928
126,105.8900,0,1980,2619,1767561438719279861,36,60662928
127,105.8900,0,1980,2619,1767561438722899642,36,60662928
128,105.8900,0,1980,2619,1767561438731036189,36,60662928
129,105.8900,0,1980,2619,1767561438734318885,36,60662928
130,105.8900,0,1980,2619,1767561438738555205,36,60662928
131,105.8900,0,1980,2619,1767561438742127273,36,60662928
132,105.8900,0,1980,2619,1767561438750094861,36,60662928
133,105.8900,0,1980,2619,1767561438753654738,36,60662928
134,105.8900,0,1980,2619,1767561438756978009,36,60662928
135,105.8900,0,1980,2619,1767561438760308576,36,60662928
136,105.8900,0,1980,2619,1767561438764671647,36,60662928
137,105.8900,0,1980,2619,1767561438771422348,36,60662928
138,105.8900,0,1980,2619,1767561438775152464,36,60662928
139,105.8900,0,1980,2619,1767561438778904467,36,60662928
140,105.8900,0,1980,2619,1767561438783222739,36,60685313
141,105.8900,0,1980,2619,1767561438804268564,36,60685313
142,105.8900,0,1980,2619,1767561438812285431,36,60685313
143,105.8900,0,1980,2619,1767561438815555551,36,60685313
144,105.8900,0,1980,2619,1767561438819976190,36,60685313
145,105.8900,0,1980,2619,1767561438824941720,36,60685313
146,105.8900,0,1980,2619,1767561438831592934,36,60685313
147,112.8650,0,1980,2619,1767561438835146667,36,60685313
148,112.8650,0,1980,2619,1767561438838676848,36,60685313
149,112.8650,0,1980,2619,1767561438842108662,36,60685313
150,112.8650,0,1980,2619,1767561438846175160,36,60685313
151,112.8650,0,1980,2619,1767561438852746534,36,60685313
152,112.8650,0,1980,2619,1767561438856165261,36,60685313
153,112.8650,0,1980,2619,1767561438859775761,36,60685313
154,112.8650,0,1980,2619,1767561438864802283,36,60685313
155,112.8650,0,1980,2619,1767561438873806503,36,60685313
156,112.8650,0,1980,2619,1767561438877483627,36,60685313
157,112.8650,0,1980,2619,1767561438898806698,36,60707629
158,112.8650,0,1980,2619,1767561438902949259,36,60707629
159,112.8650,0,1980,2619,1767561438911004942,36,60707629
160,112.8650,0,1980,2619,1767561438915558508,36,60707629
161,112.8650,0,1980,2619,1767561438919286384,36,60707629
162,112.8650,0,1980,2619,1767561438924976965,36,60707629
163,112.8650,0,1980,2619,1767561438931472948,36,60707629
164,112.8650,0,1980,2619,1767561438935418710,36,60707629
165,118.0370,0,1980,2619,1767561438939148730,36,60707629
166,118.0370,0,1980,2619,1767561438943221147,36,60707629
167,118.0370,0,1980,2619,1767561438951076544,36,60707629
168,118.0370,0,1980,2619,1767561438955061089,36,60707629
169,118.0370,0,1980,2619,1767561438958797381,36,60707629
170,118.0370,0,1980,2619,1767561438962831783,36,60707629
171,118.0370,0,1980,2619,1767561438970881162,36,60707629
172,118.0370,0,1980,2619,1767561438974497519,36,60707629
173,118.0370,0,1980,2619,1767561438978526833,36,60707629
174,118.0370,0,1980,2619,1767561438982881904,36,60730161
175,118.0370,0,1980,2619,1767561439000457163,36,60730161
176,118.0370,0,1980,2619,1767561439004607372,36,60730161
177,118.0370,0,1980,2619,1767561439011097147,36,60730161
178,118.0370,0,1980,2619,1767561439014423105,36,60730161
179,118.0370,0,1980,2619,1767561439018556514,36,60730161
180,118.0370,0,1980,2619,1767561439021921833,36,60730161
181,118.0370,0,1980,2619,1767561439026133481,36,60730161
182,118.0370,0,1980,2619,1767561439032728631,36,60730161
183,118.0370,0,1980,2619,1767561439036141790,36,60730161
184,118.0370,0,1980,2619,1767561439039692707,36,60730161
185,118.0370,0,1980,2619,1767561439042973514,36,60730161
186,118.0370,0,1980,2619,1767561439051232043,36,60730161
187,123.1970,0,1980,2619,1767561439055487723,36,60730161
188,123.1970,0,1980,2619,1767561439058883666,36,60730161
189,123.1970,0,1980,2619,1767561439062477495,36,60730161
190,123.1970,0,1980,2619,1767561439070333531,36,60730161
191,123.1970,0,1980,2619,1767561439076687275,36,60730161
192,123.1970,0,1980,2619,1767561439080354799,36,60730161
193,123.1970,0,1980,2619,1767561439086572577,36,60752962
194,123.1970,0,1980,2619,1767561439101052180,36,60752962
195,123.1970,0,1980,2619,1767561439105138228,36,60752962
196,123.1970,0,1980,2619,1767561439111601988,36,60752962
197,123.1970,0,1980,2619,1767561439115182249,36,60752962
198,123.1970,0,1980,2619,1767561439119322986,36,60752962
199,123.1970,0,1980,2619,1767561439125167166,36,60752962
200,123.1970,0,1980,2619,1767561439131729324,36,60752962
201,123.1970,0,1980,2619,1767561439136292649,36,60752962
202,123.1970,0,1980,2619,1767561439139859374,36,60752962
203,123.1970,0,1980,2619,1767561439144713034,36,60752962
204,123.1970,0,1980,2619,1767561439151141593,36,60752962
205,123.1970,0,1980,2619,1767561439154409185,36,60752962
206,123.1970,0,1980,2619,1767561439157683624,36,60752962
207,123.1970,0,1980,2619,1767561439161952968,36,60752962
208,123.1970,0,1980,2619,1767561439165985449,36,60752962
209,123.1970,0,1980,2619,1767561439172510264,36,60752962
210,123.1970,0,1980,2619,1767561439175863295,36,60752962
211,131.0010,0,1980,2619,1767561439179119910,36,60752962
212,131.0010,0,1980,2619,1767561439184884795,36,60775226
213,131.0010,0,1980,2619,1767561439202698100,36,60775226
214,131.0010,0,1980,2619,1767561439210854327,36,60775226
215,131.0010,0,1980,2619,1767561439214221533,36,60775226
216,131.0010,0,1980,2619,1767561439217535908,36,60775226
217,131.0010,0,1980,2619,1767561439221348967,36,60775226
218,131.0010,0,1980,2619,1767561439225729478,36,60775226
219,131.0010,0,1980,2619,1767561439232311540,36,60775226
220,131.0010,0,1980,2619,1767561439235915385,36,60775226
221,131.0010,0,1980,2619,1767561439239970171,36,60775226
222,131.0010,0,1980,2619,1767561439244721399,36,60775226
223,131.0010,0,1980,2619,1767561439251163622,36,60775226
224,131.0010,0,1980,2619,1767561439255637732,36,60775226
225,131.0010,0,1980,2619,1767561439259259561,36,60775226
226,131.0010,0,1980,2619,1767561439262886157,36,60775226
227,131.0010,0,1980,2619,1767561439270836786,36,60775226
228,131.0010,0,1980,2619,1767561439274127321,36,60775226
229,131.0010,0,1980,2619,1767561439277776126,36,60775226
230,131.0010,0,1980,2619,1767561439282746200,36,60797577
231,131.0010,0,1980,2619,1767561439300196596,36,60797577
232,131.0010,0,1980,2619,1767561439304678994,36,60797577
233,137.0370,0,1980,2619,1767561439311158849,36,60797577
234,137.0370,0,1980,2619,1767561439314699942,36,60797577
235,137.0370,0,1980,2619,1767561439317972141,36,60797577
236,137.0370,0,1980,2619,1767561439322038639,36,60797577
237,137.0370,0,1980,2619,1767561439326521005,36,60797577
238,137.0370,23,1980,2619,1767561439333082684,36,60797577
239,137.0370,23,1980,2619,1767561439336377699,36,60797577
240,137.0370,23,1980,2619,1767561439339718122,36,60797577
241,137.0370,23,1980,2619,1767561439343178863,36,60797577
242,137.0370,23,1980,2619,1767561439351067444,36,60797577
243,137.0370,23,1980,2619,1767561439354449210,36,60797577
244,137.0370,23,1980,2619,1767561439357774305,36,60797577
245,137.0370,23,1980,2619,1767561439361141576,36,60797577
246,137.0370,23,1980,2619,1767561439365288873,36,60797577
247,137.0370,23,1980,2619,1767561439371770328,36,60797577
248,137.0370,23,1980,2619,1767561439375158238,36,60797577
249,137.0370,23,1980,2619,1767561439378561476,36,60797577
250,137.0370,23,1980,2619,1767561439382791396,36,60819776
251,137.0370,23,1980,2619,1767561439401924340,36,60819776
252,137.0370,23,1980,2619,1767561439406001077,36,60819776
253,137.0370,23,1980,2619,1767561439412461732,36,60819776
254,137.0370,23,1980,2619,1767561439415799083,36,60819776
255,137.0370,23,1980,2619,1767561439420298057,36,60819776
256,137.0370,23,1980,2619,1767561439424861991,36,60819776
257,137.0370,23,1980,2619,1767561439431473173,36,60819776
258,142.3140,23,1980,2619,1767561439434838971,36,60819776
259,142.3140,23,1980,2619,1767561439438292449,36,60819776
260,142.3140,23,1980,2619,1767561439442142852,36,60819776
261,142.3140,23,1980,2619,1767561439446156358,36,60819776
262,142.3140,23,1980,2619,1767561439452687157,36,60819776
263,142.3140,23,1980,2619,1767561439456154267,36,60819776
264,142.3140,23,1980,2619,1767561439459654400,36,60819776
265,142.3140,23,1980,2619,1767561439463215173,36,60819776
266,142.3140,23,1980,2619,1767561439471226440,36,60819776
267,142.3140,23,1980,2619,1767561439475276714,36,60819776
268,142.3140,23,1980,2619,1767561439479376907,36,60819776
269,142.3140,23,1980,2619,1767561439483356237,36,60842007
270,142.3140,23,1980,2619,1767561439500579755,36,60842007
271,142.3140,23,1980,2619,1767561439504651436,36,60842007
272,142.3140,23,1980,2619,1767561439511169083,36,60842007
273,142.3140,23,1980,2619,1767561439514431490,36,60842007
274,142.3140,23,1980,2619,1767561439517870504,36,60842007
275,142.3140,23,1980,2619,1767561439521227534,36,60842007
276,142.3140,23,1980,2619,1767561439525519726,36,60842007
277,142.3140,23,1980,2619,1767561439531999006,36,60842007
278,142.3140,23,1980,2619,1767561439535315365,36,60842007
279,142.3140,23,1980,2619,1767561439538641932,36,60842007
280,142.3140,23,1980,2619,1767561439542067281,36,60842007
281,142.3140,23,1980,2619,1767561439546097363,36,60842007
282,146.6700,23,1980,2619,1767561439552613794,36,60842007
283,146.6700,23,1980,2619,1767561439556007144,36,60842007
284,146.6700,23,1980,2619,1767561439559293519,36,60842007
285,146.6700,23,1980,2619,1767561439562606199,36,60842007
286,146.6700,1,1980,2619,1767561439570496123,36,60842007
287,146.6700,1,1980,2619,1767561439573790498,36,60842007
288,146.6700,1,1980,2619,1767561439577183208,36,60842007
289,146.6700,1,1980,2619,1767561439580547023,36,60842007
290,146.6700,1,1980,2619,1767561439586581953,36,60864411
291,146.6700,1,1980,2619,1767561439603214116,36,60864411
292,146.6700,1,1980,2619,1767561439611351206,36,60864411
293,146.6700,1,1980,2619,1767561439614917483,36,60864411
294,146.6700,1,1980,2619,1767561439618281490,36,60864411
295,146.6700,1,1980,2619,1767561439621995446,36,60864411
296,146.6700,1,1980,2619,1767561439630060601,36,60864411
297,146.6700,1,1980,2619,1767561439633354336,36,60864411
298,146.6700,1,1980,2619,1767561439636672519,36,60864411
299,146.6700,1,1980,2619,1767561439639963886,36,60864411
300,146.6700,1,1980,2619,1767561439644642315,36,60864411
301,146.6700,1,1980,2619,1767561439651155674,36,60864411
302,146.6700,1,1980,2619,1767561439654390114,36,60864411
303,146.6700,1,1980,2619,1767561439657820264,36,60864411
304,146.5270,1,1980,2619,1767561439661195534,36,60864411
305,146.5270,1,1980,2619,1767561439665231983,36,60864411
306,146.5270,1,1980,2619,1767561439671790750,36,60864411
307,146.5270,1,1980,2619,1767561439675429218,36,60864411
308,146.5270,1,1980,2619,1767561439679218822,36,60864411
309,146.5270,1,1980,2619,1767561439683203144,36,60886268
310,146.5270,1,1980,2619,1767561439700612228,36,60886268
311,146.5270,1,1980,2619,1767561439704787301,36,60886268
312,146.5270,1,1980,2619,1767561439711226996,36,60886268
313,146.5270,1,1980,2619,1767561439714814361,36,60886268
314,146.5270,1,1980,2619,1767561439718443998,36,60886268
315,146.5270,1,1980,2619,1767561439722111074,36,60886268
316,146.5270,1,1980,2619,1767561439730320612,36,60886268
317,146.5270,1,1980,2619,1767561439733961832,36,60886268
318,146.5270,1,1980,2619,1767561439737521070,36,60886268
319,146.5270,1,1980,2619,1767561439741297585,36,60886268
320,146.5270,1,1980,2619,1767561439745332275,36,60886268
321,146.5270,1,1980,2619,1767561439751981569,36,60886268
322,146.5270,1,1980,2619,1767561439755619589,36,60886268
323,146.5270,1,1980,2619,1767561439759180874,36,60886268
324,146.5270,1,1980,2619,1767561439762897486,36,60886268
325,146.5270,1,1980,2619,1767561439771001361,36,60886268
326,146.5270,1,1980,2619,1767561439774625686,36,60886268
327,146.4050,1,1980,2619,1767561439778449913,36,60886268
328,146.4050,1,1980,2619,1767561439782861175,36,60909495
329,146.4050,1,1980,2619,1767561439802291173,36,60909495
330,146.4050,1,1980,2619,1767561439806384902,36,60909495
331,146.4050,100,1980,2619,1767561439812873717,36,60909495
332,146.4050,100,1980,2619,1767561439816675928,36,60909495
333,146.4050,100,1980,2619,1767561439820299260,36,60909495
334,146.4050,100,1980,2619,1767561439825107544,36,60909495
335,146.4050,100,1980,2619,1767561439831746086,36,60909495
336,146.4050,100,1980,2619,1767561439835340363,36,60909495
337,146.4050,100,1980,2619,1767561439838971088,36,60909495
338,146.4050,100,1980,2619,1767561439842644084,36,60909495
339,146.4050,100,1980,2619,1767561439850751287,36,60909495
340,146.4050,100,1980,2619,1767561439854620697,36,60909495
341,146.4050,100,1980,2619,1767561439858234718,36,60909495
342,146.4050,100,1980,2619,1767561439861955138,36,60909495
343,146.4050,100,1980,2619,1767561439865970948,36,60909495
344,146.4050,100,1980,2619,1767561439874521635,36,60909495
345,146.4050,100,1980,2619,1767561439878368774,36,60909495
346,146.4050,100,1980,2619,1767561439882802117,36,60932851
347,146.4050,100,1980,2619,1767561439900545311,36,60932851
348,146.4050,100,1980,2619,1767561439904797119,36,60932851
349,146.5580,100,1980,2619,1767561439911249838,36,60932851
350,146.5580,100,1980,2619,1767561439914810675,36,60932851
351,146.5580,100,1980,2619,1767561439918437688,36,60932851
352,146.5580,100,1980,2619,1767561439922052829,36,60932851
353,146.5580,100,1980,2619,1767561439926181726,36,60932851
354,146.5580,100,1980,2619,1767561439932852395,36,60932851
355,146.5580,100,1980,2619,1767561439936446287,36,60932851
356,146.5580,100,1980,2619,1767561439940073172,36,60932851
357,146.5580,100,1980,2619,1767561439944759985,36,60932851
358,146.5580,100,1980,2619,1767561439951253472,36,60932851
359,146.5580,100,1980,2619,1767561439954881797,36,60932851
360,146.5580,100,1980,2619,1767561439958621129,36,60932851
361,146.5580,100,1980,2619,1767561439962201805,36,60932851
362,146.5580,100,1980,2619,1767561439970190321,36,60932851
363,146.5580,100,1980,2619,1767561439974122867,36,60932851
364,146.5580,100,1980,2619,1767561439977807288,36,60932851
365,146.5580,100,1980,2619,1767561439982849170,36,60956208
366,146.5580,100,1980,2619,1767561440000761034,36,60956208
367,146.5580,100,1980,2619,1767561440004995178,36,60956208
368,146.5580,100,1980,2619,1767561440011562521,36,60956208
369,146.5580,100,1980,2619,1767561440015195134,36,60956208
370,146.5580,100,1980,2619,1767561440018752291,36,60956208
371,146.5580,100,1980,2619,1767561440022716356,36,60956208
372,146.5580,100,1980,2619,1767561440031025157,36,60956208
373,146.7460,100,1980,2619,1767561440035121767,36,60956208
374,146.7460,100,1980,2619,1767561440038737548,36,60956208
375,146.7460,100,1980,2619,1767561440042389264,36,60956208
376,146.7460,100,1980,2619,1767561440050505747,36,60956208
377,146.7460,100,1980,2619,1767561440053958840,36,60956208
378,146.7460,100,1980,2619,1767561440057592029,36,60956208
379,146.7460,100,1980,2619,1767561440061285217,36,60956208
380,146.7460,100,1980,2619,1767561440065262435,36,60956208
381,146.7460,100,1980,2619,1767561440071760434,36,60956208
382,146.7460,100,1980,2619,1767561440075255384,36,60956208
383,146.7460,100,1980,2619,1767561440079203514,36,60956208
384,146.7460,100,1980,2619,1767561440083156220,36,60979647
385,146.7460,100,1980,2619,1767561440100553913,36,60979647
386,146.7460,100,1980,2619,1767561440104862009,36,60979647
387,146.7460,100,1980,2619,1767561440111416327,36,60979647
388,146.7460,100,1980,2619,1767561440115047723,36,60979647
389,146.7460,100,1980,2619,1767561440118584976,36,60979647
390,146.7460,100,1980,2619,1767561440122389780,36,60979647
391,146.7460,100,1980,2619,1767561440130587350,36,60979647
392,146.7460,100,1980,2619,1767561440134198107,36,60979647
393,146.7460,100,1980,2619,1767561440138503355,36,60979647
394,146.7460,100,1980,2619,1767561440142216286,36,60979647
395,146.7460,100,1980,2619,1767561440150113154,36,60979647
396,146.7460,100,1980,2619,1767561440153724103,36,60979647
397,147.4740,100,1980,2619,1767561440157258253,36,60979647
398,147.4740,100,1980,2619,1767561440160878641,36,60979647
399,147.4740,100,1980,2619,1767561440164980787,36,60979647
400,147.4740,100,1980,2619,1767561440171630176,36,60979647
401,147.4740,100,1980,2619,1767561440175325092,36,60979647
402,147.4740,100,1980,2619,1767561440179470181,36,60979647
403,147.4740,100,1980,2619,1767561440183692613,36,61003694
404,147.4740,100,1980,2619,1767561440202704502,36,61003694
405,147.4740,100,1980,2619,1767561440210796440,36,61003694
406,147.4740,100,1980,2619,1767561440214551932,37,61003694
407,147.4740,100,1980,2619,1767561440218157857,37,61003694
408,147.4740,100,1980,2619,1767561440221819173,37,61003694
409,147.4740,100,1980,2619,1767561440226022630,37,61003694
410,147.4740,100,1980,2619,1767561440232658323,37,61003694
411,147.4740,100,1980,2619,1767561440236342199,37,61003694
412,147.4740,100,1980,2619,1767561440240528984,37,61003694
413,147.4740,100,1980,2619,1767561440244748888,37,61003694
414,147.4740,100,1980,2619,1767561440251328679,37,61003694
415,147.4740,100,1980,2619,1767561440254825804,37,61003694
416,147.4740,100,1980,2619,1767561440258430961,37,61003694
417,147.4740,100,1980,2619,1767561440262014358,37,61003694
418,147.4740,100,1980,2619,1767561440265985336,37,61003694
419,147.4740,100,1980,2619,1767561440272503462,37,61003694
420,147.4740,100,1980,2619,1767561440276042220,37,61003694
421,148.3820,100,1980,2619,1767561440279654097,37,61003694
422,148.3820,100,1980,2619,1767561440283716210,37,61027621
423,148.3820,100,1980,2619,1767561440300711889,37,61027621
424,148.3820,100,1980,2619,1767561440304775411,37,61027621
425,148.3820,100,1980,2619,1767561440311594880,37,61027621
426,148.3820,100,1980,2619,1767561440315193157,37,61027621
427,148.3820,100,1980,2619,1767561440318561835,37,61027621
428,148.3820,100,1980,2619,1767561440321931057,37,61027621
429,148.3820,100,1980,2619,1767561440326060402,37,61027621
430,148.3820,100,1980,2619,1767561440332608001,37,61027621
431,148.3820,100,1980,2619,1767561440336004359,37,61027621
432,148.3820,100,1980,2619,1767561440339257839,37,61027621
433,148.3820,100,1980,2619,1767561440344793765,37,61027621
434,148.3820,100,1980,2619,1767561440351267028,37,61027621
435,148.3820,100,1980,2619,1767561440354902392,37,61027621
436,148.3820,100,1980,2619,1767561440358463901,37,61027621
437,148.3820,100,1980,2619,1767561440362120258,37,61027621
438,148.3820,100,1980,2619,1767561440366152643,37,61027621
439,148.3820,100,1980,2619,1767561440372653555,37,61027621
440,148.3820,100,1980,2619,1767561440376453142,37,61027621
441,148.3820,100,1980,2619,1767561440380081371,37,61027621
442,148.3820,100,1980,2619,1767561440385904878,37,61051189
443,148.3820,100,1980,2619,1767561440401629016,37,61051189
444,148.3820,100,1980,2619,1767561440405656186,37,61051189
445,149.0750,100,1980,2619,1767561440412163464,37,61051189
446,149.0750,100,1980,2619,1767561440415785805,37,61051189
447,149.0750,100,1980,2619,1767561440419346866,37,61051189
448,149.0750,100,1980,2619,1767561440423248212,37,61051189
449,149.0750,100,1980,2619,1767561440431366551,37,61051189
450,149.0750,100,1980,2619,1767561440434961852,37,61051189
451,149.0750,100,1980,2619,1767561440438574497,37,61051189
452,149.0750,100,1980,2619,1767561440442251141,37,61051189
453,149.0750,100,1980,2619,1767561440450404583,37,61051189
454,149.0750,100,1980,2619,1767561440453928877,37,61051189
455,149.0750,100,1980,2619,1767561440457538418,37,61051189
456,149.0750,100,1980,2619,1767561440461264086,37,61051189
457,149.0750,100,1980,2619,1767561440465285527,37,61051189
458,149.0750,100,1980,2619,1767561440471708167,37,61051189
459,149.0750,100,1980,2619,1767561440475656809,37,61051189
460,149.0750,100,1980,2619,1767561440479262765,37,61051189
461,149.0750,100,1980,2619,1767561440483317359,37,61074368
462,149.0750,100,1980,2619,1767561440500469422,37,61074368
463,149.0750,100,1980,2619,1767561440504752813,37,61074368
464,149.0750,100,1980,2619,1767561440511164764,37,61074368
465,149.0750,100,1980,2619,1767561440514917056,37,61074368
466,149.0750,100,1980,2619,1767561440518603621,37,61074368
467,149.0750,100,1980,2619,1767561440522399400,37,61074368
468,149.0750,100,1980,2619,1767561440530588170,37,61074368
469,149.8780,100,1980,2619,1767561440534225678,37,61074368
470,149.8780,100,1980,2619,1767561440537849235,37,61074368
471,149.8780,100,1980,2619,1767561440541530711,37,61074368
472,149.8780,100,1980,2619,1767561440545501081,37,61074368
473,149.8780,100,1980,2619,1767561440551998697,37,61074368
474,149.8780,100,1980,2619,1767561440555592686,37,61074368
475,149.8780,100,1980,2619,1767561440559219634,37,61074368
476,149.8780,100,1980,2619,1767561440562937078,37,61074368
477,149.8780,100,1980,2619,1767561440570855706,37,61074368
478,149.8780,100,1980,2619,1767561440574371231,37,61074368
479,149.8780,100,1980,2619,1767561440578105315,37,61074368
480,149.8780,100,1980,2619,1767561440582878111,37,61097723
481,149.8780,100,1980,2619,1767561440601088470,37,61097723
482,149.8780,100,1980,2619,1767561440605120695,37,61097723
483,149.8780,100,1980,2619,1767561440611597383,37,61097723
484,149.8780,100,1980,2619,1767561440615280363,37,61097723
485,149.8780,100,1980,2619,1767561440618892432,37,61097723
486,149.8780,100,1980,2619,1767561440622791282,37,61097723
487,149.8780,100,1980,2619,1767561440630838133,37,61097723
488,149.8780,100,1980,2619,1767561440634467130,37,61097723
489,149.8780,100,1980,2619,1767561440638019871,37,61097723
490,149.8780,100,1980,2619,1767561440641836386,37,61097723
491,149.8780,100,1980,2619,1767561440645834052,37,61097723
492,149.8780,100,1980,2619,1767561440652385810,37,61097723
493,150.8110,100,1980,2619,1767561440656708945,37,61097723
494,150.8110,100,1980,2619,1767561440660328054,37,61097723
495,150.8110,100,1980,2619,1767561440664778485,37,61097723
496,150.8110,100,1980,2619,1767561440671300420,37,61097723
497,150.8110,100,1980,2619,1767561440674902793,37,61097723
498,150.8110,100,1980,2619,1767561440678770156,37,61097723
499,150.8110,100,1980,2619,1767561440682817133,37,61121037
500,150.8110,100,1980,2619,1767561440700312649,37,61121037
501,150.8110,100,1980,2619,1767561440704771079,37,61121037
502,150.8110,100,1980,2619,1767561440711323574,36,61121037
503,150.8110,100,1980,2619,1767561440714914938,36,61121037
504,150.8110,100,1980,2619,1767561440718584350,36,61121037
505,150.8110,100,1980,2619,1767561440722423426,36,61121037
506,150.8110,100,1980,2619,1767561440730813506,36,61121037
507,150.8110,100,1980,2619,1767561440734358088,36,61121037
508,150.8110,100,1980,2619,1767561440737975213,36,61121037
509,150.8110,100,1980,2619,1767561440741723088,36,61121037
510,150.8110,100,1980,2619,1767561440745722130,36,61121037
511,150.8110,100,1980,2619,1767561440752208545,36,61121037
512,150.8110,100,1980,2619,1767561440755756134,36,61121037
513,150.8110,100,1980,2619,1767561440759876327,36,61121037
514,150.8110,100,1980,2619,1767561440764839138,36,61121037
515,150.8110,100,1980,2619,1767561440771344784,36,61121037
516,150.8110,100,1980,2619,1767561440774950133,36,61121037
517,151.4060,100,1980,2619,1767561440778606905,36,61121037
518,151.4060,100,1980,2619,1767561440782873177,36,61144914
519,151.4060,100,1980,2619,1767561440801128976,36,61144914
520,151.4060,100,1980,2619,1767561440805190993,36,61144914
521,151.4060,100,1980,2619,1767561440811654592,36,61144914
522,151.4060,100,1980,2619,1767561440815300068,36,61144914
523,151.4060,100,1980,2619,1767561440818906345,36,61144914
524,151.4060,100,1980,2619,1767561440822906667,36,61144914
525,151.4060,100,1980,2619,1767561440831015630,36,61144914
526,151.4060,100,1980,2619,1767561440834570131,37,61144914
527,151.4060,100,1980,2619,1767561440838179543,37,61144914
528,151.4060,100,1980,2619,1767561440841925339,37,61144914
529,151.4060,100,1980,2619,1767561440845965021,37,61144914
530,151.4060,100,1980,2619,1767561440852446668,37,61144914
531,151.4060,100,1980,2619,1767561440856049169,37,61144914
532,151.4060,100,1980,2619,1767561440859574070,37,61144914
533,151.4060,100,1980,2619,1767561440864797263,37,61144914
534,151.4060,100,1980,2619,1767561440871494428,37,61144914
535,151.4060,100,1980,2619,1767561440875036353,37,61144914
536,151.4060,100,1980,2619,1767561440880479385,37,61144914
537,151.4060,100,1980,2619,1767561440886631562,37,61169298
538,151.4060,100,1980,2619,1767561440901229435,37,61169298
539,151.4060,100,1980,2619,1767561440905277693,37,61169298
540,152.1460,100,1980,2619,1767561440911803340,37,61169298
541,152.1460,100,1980,2619,1767561440915413457,37,61169298
542,152.1460,100,1980,2619,1767561440919022550,37,61169298
543,152.1460,100,1980,2619,1767561440922954648,37,61169298
544,152.1460,100,1980,2619,1767561440931113434,37,61169298
545,152.1460,100,1980,2619,1767561440934637567,37,61169298
546,152.1460,100,1980,2619,1767561440938228836,37,61169298
547,152.1460,100,1980,2619,1767561440941682250,37,61169298
548,152.1460,100,1980,2619,1767561440945763468,37,61169298
549,152.1460,100,1980,2619,1767561440952283738,37,61169298
550,152.1460,100,1980,2619,1767561440955605249,37,61169298
551,152.1460,100,1980,2619,1767561440958952776,37,61169298
552,152.1460,100,1980,2619,1767561440962389102,37,61169298
553,152.1460,100,1980,2619,1767561440970506033,37,61169298
554,152.1460,100,1980,2619,1767561440974429043,37,61169298
555,152.1460,100,1980,2619,1767561440978174359,37,61169298
556,152.1460,100,1980,2619,1767561440982884499,37,61192400
557,152.1460,100,1980,2619,1767561441000584174,37,61192400
558,152.1460,100,1980,2619,1767561441004867214,37,61192400
559,152.1460,100,1980,2619,1767561441011518811,37,61192400
560,152.1460,100,1980,2619,1767561441015106752,37,61192400
561,152.1460,100,1980,2619,1767561441018727972,37,61192400
562,152.1460,100,1980,2619,1767561441022687495,37,61192400
563,152.1460,100,1980,2619,1767561441030791018,37,61192400
564,152.3350,100,1980,2619,1767561441034427566,37,61192400
565,152.3350,100,1980,2619,1767561441037997299,37,61192400
566,152.3350,100,1980,2619,1767561441041774711,37,61192400
567,152.3350,100,1980,2619,1767561441045772344,37,61192400
568,152.3350,100,1980,2619,1767561441052282759,37,61192400
569,152.3350,80,1980,2619,1767561441055845996,37,61192400
570,152.3350,80,1980,2619,1767561441059478961,37,61192400
571,152.3350,80,1980,2619,1767561441063076598,37,61192400
572,152.3350,80,1980,2619,1767561441071093017,37,61192400
573,152.3350,80,1980,2619,1767561441074560927,37,61192400
574,152.3350,80,1980,2619,1767561441078366274,37,61192400
575,152.3350,80,1980,2619,1767561441082961887,37,61215735
576,152.3350,80,1980,2619,1767561441100139198,37,61215735
577,152.3350,80,1980,2619,1767561441104823834,37,61215735
578,152.3350,80,1980,2619,1767561441111306505,37,61215735
579,152.3350,80,1980,2619,1767561441114913390,37,61215735
580,152.3350,80,1980,2619,1767561441118526323,37,61215735
581,152.3350,80,1980,2619,1767561441122173912,37,61215735
582,152.3350,80,1980,2619,1767561441126378840,37,61215735
583,152.3350,80,1980,2619,1767561441133061797,37,61215735
584,152.3350,80,1980,2619,1767561441136635210,37,61215735
585,152.3350,80,1980,2619,1767561441140493773,37,61215735
586,152.3350,80,1980,2619,1767561441144825228,37,61215735
587,152.3350,80,1980,2619,1767561441151497626,37,61215735
588,152.0470,80,1980,2619,1767561441155145087,37,61215735
589,152.0470,80,1980,2619,1767561441158704036,37,61215735
590,152.0470,80,1980,2619,1767561441162407624,37,61215735
591,152.0470,80,1980,2619,1767561441170388651,37,61215735
592,152.0470,80,1980,2619,1767561441174485933,37,61215735
593,152.0470,80,1980,2619,1767561441178217520,37,61215735
594,152.0470,80,1980,2619,1767561441182870606,37,61239099
595,152.0470,80,1980,2619,1767561441202071068,37,61239099
596,152.0470,80,1980,2619,1767561441206098078,37,61239099
597,152.0470,80,1980,2619,1767561441212567949,37,61239099
598,152.0470,80,1980,2619,1767561441216319025,37,61239099
599,152.0470,80,1980,2619,1767561441219866934,37,61239099
600,152.0470,80,1980,2619,1767561441225182318,37,61239099
601,152.0470,80,1980,2619,1767561441231918875,37,61239099
602,152.0470,80,1980,2619,1767561441235479552,37,61239099
603,152.0470,80,1980,2619,1767561441239105861,37,61239099
604,152.0470,80,1980,2619,1767561441242846249,37,61239099
605,152.0470,80,1980,2619,1767561441250803117,37,61239099
606,152.0470,80,1980,2619,1767561441254289938,37,61239099
607,152.0470,80,1980,2619,1767561441257904374,37,61239099
608,152.0470,80,1980,2619,1767561441261566811,37,61239099
609,152.0470,80,1980,2619,1767561441265610109,37,61239099
610,152.0470,80,1980,2619,1767561441272089996,37,61239099
611,152.0470,80,1980,2619,1767561441276444715,37,61239099
612,151.3540,80,1980,2619,1767561441280011024,37,61239099
613,151.3540,80,1980,2619,1767561441285533894,37,61262757
614,151.3540,80,1980,2619,1767561441301118129,37,61262757
615,151.3540,80,1980,2619,1767561441305137875,37,61262757
616,151.3540,100,1980,2619,1767561441311630273,37,61262757
617,151.3540,100,1980,2619,1767561441315208390,37,61262757
618,151.3540,100,1980,2619,1767561441318840330,37,61262757
619,151.3540,100,1980,2619,1767561441322679182,37,61262757
620,151.3540,100,1980,2619,1767561441330837680,37,61262757
621,151.3540,100,1980,2619,1767561441334557428,36,61262757
622,151.3540,100,1980,2619,1767561441338108314,36,61262757
623,151.3540,100,1980,2619,1767561441341844413,36,61262757
624,151.3540,100,1980,2619,1767561441345891710,36,61262757
625,151.3540,100,1980,2619,1767561441352426733,36,61262757
626,151.3540,100,1980,2619,1767561441356013906,36,61262757
627,151.3540,100,1980,2619,1767561441359630743,36,61262757
628,151.3540,100,1980,2619,1767561441364812624,36,61262757
629,151.3540,100,1980,2619,1767561441371289055,36,61262757
630,151.3540,100,1980,2619,1767561441374827268,36,61262757
631,151.3540,100,1980,2619,1767561441379007748,36,61262757
632,151.3540,100,1980,2619,1767561441383236196,36,61286002
633,151.3540,100,1980,2619,1767561441400680673,36,61286002
634,151.3540,100,1980,2619,1767561441404771970,36,61286002
635,151.3170,100,1980,2619,1767561441411256625,36,61286002
636,151.3170,100,1980,2619,1767561441414875894,36,61286002
637,151.3170,100,1980,2619,1767561441418429499,36,61286002
638,151.3170,100,1980,2619,1767561441422076480,36,61286002
639,151.3170,100,1980,2619,1767561441426573950,36,61286002
640,151.3170,100,1980,2619,1767561441433044748,36,61286002
641,151.3170,100,1980,2619,1767561441436754224,36,61286002
642,151.3170,100,1980,2619,1767561441440471124,36,61286002
643,151.3170,100,1980,2619,1767561441444752660,36,61286002
644,151.3170,100,1980,2619,1767561441451253603,36,61286002
645,151.3170,100,1980,2619,1767561441454816008,37,61286002
646,151.3170,100,1980,2619,1767561441458419757,37,61286002
647,151.3170,100,1980,2619,1767561441462066577,37,61286002
648,151.3170,100,1980,2619,1767561441466088435,37,61286002
649,151.3170,100,1980,2619,1767561441472571938,37,61286002
650,151.3170,100,1980,2619,1767561441476116935,37,61286002
651,151.3170,100,1980,2619,1767561441480244488,37,61286002
652,151.3170,100,1980,2619,1767561441486126268,37,61310206
653,151.3170,100,1980,2619,1767561441501235433,37,61310206
654,151.3170,100,1980,2619,1767561441505296811,37,61310206
655,151.3170,100,1980,2619,1767561441511735195,37,61310206
656,151.3170,100,1980,2619,1767561441515331680,37,61310206
657,151.9440,100,1980,2619,1767561441518935332,37,61310206
658,151.9440,100,1980,2619,1767561441522832007,37,61310206
659,151.9440,100,1980,2619,1767561441530928329,37,61310206
660,151.9440,100,1980,2619,1767561441534541486,37,61310206
661,151.9440,100,1980,2619,1767561441538063412,37,61310206
662,151.9440,100,1980,2619,1767561441541806072,37,61310206
663,151.9440,100,1980,2619,1767561441545793786,37,61310206
664,151.9440,100,1980,2619,1767561441552314632,37,61310206
665,151.9440,100,1980,2619,1767561441555936332,37,61310206
666,151.9440,100,1980,2619,1767561441559379250,37,61310206
667,151.9440,100,1980,2619,1767561441563024759,37,61310206
668,151.9440,100,1980,2619,1767561441571138906,37,61310206
669,151.9440,100,1980,2619,1767561441574764319,37,61310206
670,151.9440,100,1980,2619,1767561441578361188,37,61310206
671,151.9440,100,1980,2619,1767561441582988864,37,61333755
672,151.9440,100,1980,2619,1767561441600635899,37,61333755
673,151.9440,100,1980,2619,1767561441604664125,37,61333755
674,151.9440,100,1980,2619,1767561441611178412,37,61333755
675,151.9440,100,1980,2619,1767561441614495634,37,61333755
676,151.9440,100,1980,2619,1767561441617831705,37,61333755
677,151.9440,100,1980,2619,1767561441621263647,37,61333755
678,151.9440,100,1980,2619,1767561441625460352,37,61333755
679,152.3140,100,1980,2619,1767561441632033710,37,61333755
680,152.3140,100,1980,2619,1767561441635386101,37,61333755
681,152.3140,100,1980,2619,1767561441638645437,37,61333755
682,152.3140,100,1980,2619,1767561441642151170,37,61333755
683,152.3140,100,1980,2619,1767561441646207683,37,61333755
684,152.3140,100,1980,2619,1767561441652693874,37,61333755
685,152.3140,100,1980,2619,1767561441656204728,37,61333755
686,152.3140,100,1980,2619,1767561441659941532,37,61333755
687,152.3140,100,1980,2619,1767561441664860215,37,61333755
688,152.3140,100,1980,2619,1767561441671357733,37,61333755
689,152.3140,100,1980,2619,1767561441675145064,36,61333755
690,152.3140,100,1980,2619,1767561441679196426,36,61333755
691,152.3140,100,1980,2619,1767561441683186988,36,61371283
692,152.3140,100,1980,2619,1767561441703115061,36,61371283
693,152.3140,100,1980,2619,1767561441713826148,36,61371283
694,152.3140,100,1980,2619,1767561441719548730,36,61371283
695,152.3140,100,1980,2619,1767561441725298894,36,61371283
696,152.3140,100,1980,2619,1767561441748932060,36,61371283
697,152.3140,100,1980,2619,1767561441758616243,36,61371283
698,211.7770,100,1980,2619,1767561441762687028,36,61371283
699,211.7770,100,1980,2619,1767561441773157221,36,61371283
700,211.7770,100,1980,2619,1767561441777131623,36,61371283
701,211.7770,52,1980,2619,1767561441780686252,36,61371283
702,211.7770,52,1980,2619,1767561441786990653,36,61474308
703,211.7770,52,1980,2619,1767561441801595278,36,61474308
704,211.7770,52,1980,2619,1767561441805588592,36,61474308
705,211.7770,52,1980,2619,1767561441812088831,49,61474308
706,211.7770,52,1980,2619,1767561441815852515,49,61474308
707,211.7770,52,1980,2619,1767561441819539687,49,61474308
708,211.7770,52,1980,2619,1767561441824545665,49,61474308
709,211.7770,52,1980,2619,1767561441833927802,49,61474308
710,211.7770,52,1980,2619,1767561441837751165,49,61474308
711,211.7770,52,1980,2619,1767561441841509825,49,61474308
712,211.7770,52,1980,2619,1767561441845633282,49,61474308
713,211.7770,52,1980,2619,1767561441854391295,49,61474308
714,211.7770,52,1695,2619,1767561441860403762,49,61474308
715,211.7770,52,1695,2619,1767561441867891449,49,61474308
716,211.7770,52,1695,2619,1767561441892255137,49,61474308
717,310.4960,52,1695,2619,1767561441910098747,49,61592067
718,310.4960,52,1695,2619,1767561441919924752,49,61592067
719,310.4960,52,1695,2619,1767561441927326617,52,61592067
720,310.4960,52,1695,2619,1767561441936451860,52,61592067
721,310.4960,52,1695,2619,1767561441940499445,52,61592067
722,310.4960,52,1695,2619,1767561441944805077,52,61592067
723,310.4960,52,1695,2619,1767561441954036207,52,61592067
724,310.4960,52,1695,2619,1767561441957876018,52,61592067
725,310.4960,52,1695,2619,1767561441961606774,52,61592067
726,310.4960,52,1740,2619,1767561441965701271,52,61592067
727,310.4960,52,1740,2619,1767561441974795410,52,61592067
728,310.4960,52,1740,2619,1767561441978787348,52,61592067
729,310.4960,52,1740,2619,1767561441982892117,52,61664847
730,376.3010,52,1740,2619,1767561442002991133,52,61664847
731,376.3010,52,1740,2619,1767561442012693460,52,61664847
732,376.3010,100,1740,2619,1767561442016211578,52,61664847
733,376.3010,100,1740,2619,1767561442019911806,52,61664847
734,376.3010,100,1740,2619,1767561442027289510,52,61664847
735,376.3010,100,1740,2619,1767561442036317538,52,61664847
736,376.3010,100,1740,2619,1767561442039970278,54,61664847
737,376.3010,100,1740,2619,1767561442044901729,54,61664847
738,376.3010,100,1740,2619,1767561442053834462,54,61664847
739,376.3010,100,1740,2619,1767561442058128029,54,61664847
740,376.3010,100,1740,2619,1767561442061820609,54,61664847
741,376.3010,100,1740,2619,1767561442065922754,54,61664847
742,376.3010,100,1740,2619,1767561442074845663,54,61664847
743,376.3010,100,1740,2619,1767561442078554339,54,61664847
744,376.3010,100,1680,2619,1767561442082910786,54,61761187
745,376.3010,100,1680,2619,1767561442101104568,54,61761187
746,376.3010,100,1680,2619,1767561442105192218,54,61761187
747,461.4420,100,1680,2619,1767561442114367093,54,61761187
748,461.4420,100,1680,2619,1767561442118024825,54,61761187
749,461.4420,100,1680,2619,1767561442121637630,54,61761187
750,461.4420,100,1680,2619,1767561442128409354,54,61761187
751,461.4420,100,1680,2619,1767561442137635781,54,61761187
752,461.4420,100,1680,2619,1767561442141637639,54,61761187
753,461.4420,100,1680,2619,1767561442145574985,54,61761187
754,461.4420,100,1680,2619,1767561442154682628,54,61761187
755,461.4420,100,1680,2619,1767561442158416872,54,61761187
756,461.4420,100,1680,2619,1767561442161992077,54,61761187
757,461.4420,100,1680,2619,1767561442170787339,54,61761187
758,461.4420,100,1680,2619,1767561442174514863,54,61761187
759,461.4420,100,1680,2619,1767561442178418545,54,61761187
760,461.4420,100,1680,2619,1767561442182918735,54,61855804
761,461.4420,100,1680,2619,1767561442203152054,54,61855804
762,461.4420,100,1725,2619,1767561442211982036,54,61855804
763,530.6290,100,1725,2619,1767561442216193011,54,61855804
764,530.6290,100,1725,2619,1767561442219945431,54,61855804
765,530.6290,100,1725,2619,1767561442227645469,54,61855804
766,530.6290,100,1725,2619,1767561442236539131,54,61855804
767,530.6290,100,1725,2619,1767561442240265694,54,61855804
768,530.6290,100,1725,2619,1767561442244784796,54,61855804
769,530.6290,100,1725,2619,1767561442252241315,54,61855804
770,530.6290,100,1725,2619,1767561442256000263,54,61855804
771,530.6290,100,1725,2619,1767561442259693387,56,61855804
772,530.6290,100,1725,2619,1767561442264839045,56,61855804
773,530.6290,100,1725,2619,1767561442272285164,56,61855804
774,530.6290,100,1725,2619,1767561442276363469,56,61855804
775,530.6290,100,1725,2619,1767561442280115825,56,61855804
776,530.6290,100,1725,2619,1767561442285696743,56,61956430
777,530.6290,100,1725,2619,1767561442302165995,56,61956430
778,530.6290,100,1725,2619,1767561442306161772,56,61956430
779,530.6290,100,1710,2619,1767561442312737243,56,61956430
780,530.6290,100,1710,2619,1767561442317010907,56,61956430
781,530.6290,100,1710,2619,1767561442320720095,56,61956430
782,530.6290,100,1710,2619,1767561442327471724,56,61956430
783,530.6290,100,1710,2619,1767561442336723237,56,61956430
784,633.4500,100,1710,2619,1767561442340539337,56,61956430
785,633.4500,100,1710,2619,1767561442344723657,56,61956430
786,633.4500,100,1710,2619,1767561442353713990,56,61956430
787,633.4500,100,1710,2619,1767561442357526409,56,61956430
788,633.4500,100,1710,2619,1767561442361157293,56,61956430
789,633.4500,100,1710,2619,1767561442365265422,56,61956430
790,633.4500,100,1710,2619,1767561442374113899,56,61956430
791,633.4500,100,1710,2619,1767561442377710960,56,61956430
792,633.4500,100,1710,2619,1767561442381326069,57,61956430
793,633.4500,100,1710,2619,1767561442388075650,57,62052513
794,633.4500,100,1710,2619,1767561442404782244,57,62052513
795,633.4500,100,1710,2619,1767561442414000351,57,62052513
796,633.4500,100,1710,2619,1767561442418278014,57,62052513
797,633.4500,100,1710,2619,1767561442422145569,57,62052513
798,633.4500,100,1710,2619,1767561442432362195,57,62052513
799,633.4500,100,1710,2619,1767561442436039832,57,62052513
800,633.4500,100,1815,2619,1767561442439747004,57,62052513
801,633.4500,100,1815,2619,1767561442444910837,57,62052513
802,633.4500,100,1815,2619,1767561442453972048,57,62052513
803,633.4500,100,1815,2619,1767561442457611765,57,62052513
804,715.1040,100,1815,2619,1767561442461363640,57,62052513
805,715.1040,100,1815,2619,1767561442465475802,57,62052513
806,715.1040,100,1815,2619,1767561442474387543,57,62052513
807,715.1040,100,1815,2619,1767561442478336409,57,62052513
808,715.1040,100,1815,2619,1767561442482913814,57,62149238
809,715.1040,100,1815,2619,1767561442502828608,57,62149238
810,715.1040,100,1815,2619,1767561442513756525,57,62149238
811,715.1040,100,1815,2619,1767561442517329682,56,62149238
812,715.1040,100,1815,2619,1767561442521609778,56,62149238
813,715.1040,100,1815,2619,1767561442528181664,56,62149238
814,715.1040,100,1815,2619,1767561442537116733,56,62149238
815,715.1040,100,1815,2619,1767561442540843041,56,62149238
816,715.1040,100,1815,2619,1767561442544931042,56,62149238
817,715.1040,100,1815,2619,1767561442554230075,56,62149238
818,715.1040,100,1815,2619,1767561442557792673,56,62149238
819,715.1040,100,1740,2619,1767561442561534757,56,62149238
820,715.1040,100,1740,2619,1767561442565774661,56,62149238
821,715.1040,100,1740,2619,1767561442574788832,56,62149238
822,715.1040,100,1740,2619,1767561442578615971,56,62149238
823,800.2180,100,1740,2619,1767561442582807652,56,62243143
824,800.2180,100,1740,2619,1767561442601812980,56,62243143
825,800.2180,100,1740,2619,1767561442605883221,56,62243143
826,800.2180,100,1740,2619,1767561442614795314,56,62243143
827,800.2180,100,1740,2619,1767561442618881076,56,62243143
828,800.2180,100,1740,2619,1767561442624448906,56,62243143
829,800.2180,100,1740,2619,1767561442636310192,56,62243143
830,800.2180,100,1740,2619,1767561442639890005,56,62243143
831,800.2180,100,1740,2619,1767561442644814512,56,62243143
832,800.2180,100,1740,2619,1767561442651346783,56,62243143
833,800.2180,100,1740,2619,1767561442655141250,56,62243143
834,800.2180,100,1740,2619,1767561442658942085,56,62243143
835,800.2180,100,1740,2619,1767561442662779752,56,62243143
836,800.2180,100,1740,2619,1767561442673516503,56,62243143
837,800.2180,100,1740,2619,1767561442677356538,56,62243143
838,800.2180,100,1800,2619,1767561442680999423,56,62243143
839,800.2180,100,1800,2619,1767561442688073993,56,62338872
840,800.2180,100,1800,2619,1767561442704347534,56,62338872
841,800.2180,100,1800,2619,1767561442715082173,56,62338872
842,874.2480,100,1800,2619,1767561442718576931,56,62338872
843,874.2480,100,1800,2619,1767561442722275367,56,62338872
844,874.2480,100,1800,2619,1767561442734429195,56,62338872
845,874.2480,100,1800,2619,1767561442738349486,56,62338872
846,874.2480,100,1800,2619,1767561442741932531,56,62338872
847,874.2480,100,1800,2619,1767561442746109907,56,62338872
848,874.2480,100,1800,2619,1767561442755236110,56,62338872
849,874.2480,100,1800,2619,1767561442758877394,56,62338872
850,874.2480,100,1800,2619,1767561442762442359,55,62338872
851,874.2480,100,1800,2619,1767561442773062760,55,62338872
852,874.2480,100,1800,2619,1767561442776920555,55,62338872
853,874.2480,100,1800,2619,1767561442781192042,55,62338872
854,874.2480,100,1800,2619,1767561442788030678,55,62437204
855,874.2480,100,1800,2619,1767561442802952710,55,62437204
856,874.2480,100,1800,2619,1767561442813438422,55,62437204
857,874.2480,100,1695,2619,1767561442817348089,55,62437204
858,874.2480,100,1695,2619,1767561442820926974,55,62437204
859,874.2480,100,1695,2619,1767561442827695819,55,62437204
860,874.2480,100,1695,2619,1767561442836664200,55,62437204
861,869.4170,100,1695,2619,1767561442840489482,55,62437204
862,869.4170,100,1695,2619,1767561442844848105,55,62437204
863,869.4170,100,1695,2619,1767561442853751334,55,62437204
864,869.4170,100,1695,2619,1767561442857506058,55,62437204
865,869.4170,100,1695,2619,1767561442861172782,55,62437204
866,869.4170,100,1695,2619,1767561442865271280,55,62437204
867,869.4170,100,1695,2619,1767561442871837310,55,62437204
868,869.4170,100,1695,2619,1767561442875565249,55,62437204
869,869.4170,100,1695,2619,1767561442879149926,55,62437204
870,869.4170,100,1695,2619,1767561442883267207,57,62533959
871,869.4170,100,1695,2619,1767561442901641469,57,62533959
872,869.4170,100,1695,2619,1767561442905671742,57,62533959
873,869.4170,100,1695,2619,1767561442916440973,57,62533959
874,869.4170,100,1695,2619,1767561442919958386,57,62533959
875,869.4170,100,1695,2619,1767561442927236508,57,62533959
876,869.4170,100,1695,2619,1767561442934789218,57,62533959
877,869.4170,100,1695,2619,1767561442939063426,57,62533959
878,869.4170,100,1695,2619,1767561442942967396,57,62533959
879,869.4170,100,1695,2619,1767561442950946729,57,62533959
880,869.4170,100,1695,2619,1767561442954632045,57,62533959
881,871.7300,100,1695,2619,1767561442958420432,57,62533959
882,871.7300,100,1695,2619,1767561442962167316,57,62533959
883,871.7300,100,1695,2619,1767561442970395893,57,62533959
884,871.7300,100,1695,2619,1767561442974166873,57,62533959
885,871.7300,100,1695,2619,1767561442977791070,57,62533959
886,871.7300,100,1695,2619,1767561442982966679,57,62632741
887,871.7300,100,1695,2619,1767561443001693545,57,62632741
888,871.7300,100,1695,2619,1767561443005631819,57,62632741
889,871.7300,100,1695,2619,1767561443013012948,57,62632741
890,871.7300,100,1695,2619,1767561443016814519,57,62632741
891,871.7300,100,1695,2619,1767561443020515803,57,62632741
892,871.7300,100,1695,2619,1767561443027559430,57,62632741
893,871.7300,100,1695,2619,1767561443034959022,57,62632741
894,871.7300,100,1695,2619,1767561443038906096,57,62632741
895,871.7300,100,1695,2619,1767561443043235760,57,62632741
896,871.7300,100,1695,2619,1767561443053716672,57,62632741
897,871.7300,100,1695,2619,1767561443057294437,57,62632741
898,871.7300,100,1695,2619,1767561443060881546,57,62632741
899,871.7300,100,1695,2619,1767561443065095306,57,62632741
900,871.7300,100,1695,2619,1767561443071535322,57,62632741
901,871.7300,100,1695,2619,1767561443075414525,57,62632741
902,871.7300,100,1695,2619,1767561443079089409,57,62632741
903,879.5580,100,1695,2619,1767561443083212002,57,62733155
904,879.5580,100,1695,2619,1767561443100199682,57,62733155
905,879.5580,100,1695,2619,1767561443104963614,57,62733155
906,879.5580,100,1695,2619,1767561443113880538,57,62733155
907,879.5580,100,1695,2619,1767561443117644317,57,62733155
908,879.5580,100,1695,2619,1767561443121304738,57,62733155
909,879.5580,100,1695,2619,1767561443127962416,57,62733155
910,879.5580,100,1695,2619,1767561443136984460,58,62733155
911,879.5580,100,1695,2619,1767561443140917262,58,62733155
912,879.5580,100,1695,2619,1767561443145625418,58,62733155
913,879.5580,100,1695,2619,1767561443154734470,58,62733155
914,879.5580,100,1695,2619,1767561443158634792,58,62733155
915,879.5580,100,1695,2619,1767561443162206094,58,62733155
916,879.5580,100,1695,2619,1767561443166182160,58,62733155
917,879.5580,100,1755,2619,1767561443175436553,58,62733155
918,879.5580,100,1755,2619,1767561443179496747,58,62733155
919,879.5580,100,1755,2619,1767561443183665931,58,62827206
920,879.5580,100,1755,2619,1767561443205424743,58,62827206
921,878.6730,100,1755,2619,1767561443214868288,58,62827206
922,878.6730,100,1755,2619,1767561443218636803,58,62827206
923,878.6730,100,1755,2619,1767561443222780964,58,62827206
924,878.6730,100,1755,2619,1767561443234807753,58,62827206
925,878.6730,100,1755,2619,1767561443238748171,58,62827206
926,878.6730,100,1755,2619,1767561443242392912,56,62827206
927,878.6730,100,1755,2619,1767561443252791586,56,62827206
928,878.6730,100,1755,2619,1767561443256579813,56,62827206
929,878.6730,100,1755,2619,1767561443260623750,56,62827206
930,878.6730,100,1755,2619,1767561443264868582,56,62827206
931,878.6730,100,1755,2619,1767561443273829346,56,62827206
932,878.6730,100,1755,2619,1767561443278037603,56,62827206
933,878.6730,100,1755,2619,1767561443282860287,56,62924089
934,878.6730,100,1725,2619,1767561443302877767,56,62924089
935,878.6730,100,1725,2619,1767561443311248584,56,62924089
936,875.7080,100,1725,2619,1767561443315047308,56,62924089
937,875.7080,100,1725,2619,1767561443318834351,56,62924089
938,875.7080,100,1725,2619,1767561443322966096,56,62924089
939,875.7080,100,1725,2619,1767561443334985525,56,62924089
940,875.7080,100,1725,2619,1767561443338848952,56,62924089
941,875.7080,100,1725,2619,1767561443342490844,56,62924089
942,875.7080,100,1725,2619,1767561443353180203,56,62924089
943,875.7080,100,1725,2619,1767561443357492715,56,62924089
944,875.7080,100,1725,2619,1767561443361065552,57,62924089
945,875.7080,100,1725,2619,1767561443365210897,57,62924089
946,875.7080,100,1725,2619,1767561443374433611,57,62924089
947,875.7080,100,1725,2619,1767561443378541420,57,62924089
948,875.7080,100,1725,2619,1767561443383015242,57,63016850
949,875.7080,100,1725,2619,1767561443403296881,57,63016850
950,875.7080,100,1725,2619,1767561443412862985,57,63016850
951,875.7080,100,1785,2619,1767561443416457517,57,63016850
952,875.7080,100,1785,2619,1767561443420188881,57,63016850
953,875.7080,100,1785,2619,1767561443427477531,57,63016850
954,875.7080,100,1785,2619,1767561443436596694,57,63016850
955,872.6250,100,1785,2619,1767561443440591384,57,63016850
956,872.6250,100,1785,2619,1767561443444768856,57,63016850
957,872.6250,100,1785,2619,1767561443453975442,57,63016850
958,872.6250,100,1785,2619,1767561443458468273,57,63016850
959,872.6250,100,1785,2619,1767561443462067190,57,63016850
960,872.6250,100,1785,2619,1767561443466189879,57,63016850
961,872.6250,100,1785,2619,1767561443475113427,57,63016850
962,872.6250,100,1785,2619,1767561443478808183,57,63016850
963,872.6250,100,1785,2619,1767561443483015735,56,63113696
964,872.6250,100,1785,2619,1767561443502914753,56,63113696
965,872.6250,100,1785,2619,1767561443513785807,56,63113696
966,872.6250,100,1785,2619,1767561443517286165,56,63113696
967,872.6250,100,1785,2619,1767561443520840666,56,63113696
968,872.6250,100,1785,2619,1767561443527768390,56,63113696
969,872.6250,100,1785,2619,1767561443536842209,56,63113696
970,872.6250,100,1710,2619,1767561443540552773,56,63113696
971,872.6250,100,1710,2619,1767561443544755269,56,63113696
972,872.6250,100,1710,2619,1767561443551296820,56,63113696
973,872.6250,100,1710,2619,1767561443554949816,56,63113696
974,869.9460,100,1710,2619,1767561443559203832,56,63113696
975,869.9460,100,1710,2619,1767561443563063483,56,63113696
976,869.9460,100,1710,2619,1767561443573212462,56,63113696
977,869.9460,100,1710,2619,1767561443577142065,56,63113696
978,869.9460,100,1710,2619,1767561443580632886,56,63113696
979,869.9460,100,1710,2619,1767561443587140518,56,63213314
980,869.9460,100,1710,2619,1767561443603064109,56,63213314
981,869.9460,100,1710,2619,1767561443611708555,56,63213314
982,869.9460,100,1710,2619,1767561443615443311,57,63213314
983,869.9460,100,1710,2619,1767561443619202418,57,63213314
984,869.9460,100,1710,2619,1767561443624073582,57,63213314
985,869.9460,100,1710,2619,1767561443634132738,57,63213314
986,869.9460,100,1710,2619,1767561443637704519,57,63213314
987,869.9460,100,1710,2619,1767561443641580362,57,63213314
988,869.9460,100,1710,2619,1767561443645554827,57,63213314
989,869.9460,100,1710,2619,1767561443654500072,57,63213314
990,869.9460,100,1680,2619,1767561443658227116,57,63213314
991,869.9460,100,1680,2619,1767561443662621963,57,63213314
992,869.9460,100,1680,2619,1767561443671653991,57,63213314
993,869.9460,100,1680,2619,1767561443675349099,57,63213314
994,878.4540,100,1680,2619,1767561443679176014,57,63213314
995,878.4540,100,1680,2619,1767561443683197615,57,63309304
996,878.4540,100,1680,2619,1767561443701567717,57,63309304
997,878.4540,100,1680,2619,1767561443705516135,57,63309304
998,878.4540,100,1680,2619,1767561443712839024,57,63309304
999,878.4540,100,1680,2619,1767561443716631635,57,63309304
1000,878.4540,100,1680,2619,1767561443720341687,57,63309304
1001,878.4540,100,1680,2619,1767561443725128563,57,63309304
1002,878.4540,100,1680,2619,1767561443732495515,57,63309304
1003,878.4540,100,1680,2619,1767561443736239647,58,63309304
1004,878.4540,100,1680,2619,1767561443742270225,58,63309304
1005,878.4540,100,1680,2619,1767561443770587803,58,63309304
1006,878.4540,100,1680,2619,1767561443780163092,58,63309304
1007,878.4540,100,1680,2619,1767561443788193847,58,63411905
1008,878.4540,100,1680,2619,1767561443802898024,58,63411905
1009,878.4540,100,1680,2619,1767561443813191610,58,63411905
1010,878.4540,100,1695,2619,1767561443819026094,58,63411905
1011,878.4540,100,1695,2619,1767561443824875650,58,63411905
1012,878.4540,100,1695,2619,1767561443847786581,58,63411905
1013,882.6440,100,1695,2619,1767561443863296320,58,63411905
1014,882.6440,100,1695,2619,1767561443872124317,58,63411905
1015,882.6440,100,1695,2619,1767561443877054680,58,63411905
1016,882.6440,100,1695,2619,1767561443880725820,59,63411905
1017,882.6440,100,1695,2619,1767561443887087436,59,63511810
1018,882.6440,100,1695,2619,1767561443904203339,59,63511810
1019,882.6440,100,1695,2619,1767561443915043097,59,63511810
1020,882.6440,100,1695,2619,1767561443920488816,59,63511810
1021,882.6440,100,1695,2619,1767561443927404668,59,63511810
1022,882.6440,100,1695,2619,1767561443936387032,59,63511810
1023,882.6440,100,1620,2619,1767561443940182651,59,63511810
1024,882.6440,100,1620,2619,1767561443944729721,59,63511810
1025,882.6440,100,1620,2619,1767561443954047122,59,63511810
1026,882.6440,100,1620,2619,1767561443957777750,59,63511810
1027,885.1780,100,1620,2619,1767561443961334460,59,63511810
1028,885.1780,100,1620,2619,1767561443965498108,59,63511810
1029,885.1780,100,1620,2619,1767561443974458104,59,63511810
1030,885.1780,100,1620,2619,1767561443978763224,59,63511810
1031,885.1780,100,1620,2619,1767561443983140215,59,63609036
1032,885.1780,100,1620,2619,1767561444000772498,59,63609036
1033,885.1780,100,1620,2619,1767561444004903218,59,63609036
1034,885.1780,100,1620,2619,1767561444011476545,58,63609036
1035,885.1780,100,1620,2619,1767561444015198501,58,63609036
1036,885.1780,100,1620,2619,1767561444018965705,58,63609036
1037,885.1780,100,1620,2619,1767561444022977066,58,63609036
1038,885.1780,100,1620,2619,1767561444031781608,58,63609036
1039,885.1780,100,1620,2619,1767561444035549963,58,63609036
1040,885.1780,100,1620,2619,1767561444039300687,58,63609036
1041,885.1780,100,1620,2619,1767561444043031731,58,63609036
1042,885.1780,100,1620,2619,1767561444051696082,58,63609036
1043,885.1780,100,1695,2619,1767561444055420278,58,63609036
1044,885.1780,100,1695,2619,1767561444059181145,58,63609036
1045,885.1780,100,1695,2619,1767561444063073819,58,63609036
1046,885.1780,100,1695,2619,1767561444071792697,58,63609036
1047,884.5810,100,1695,2619,1767561444075544637,58,63609036
1048,884.5810,100,1695,2619,1767561444079788093,58,63609036
1049,884.5810,100,1695,2619,1767561444085446003,58,63710703
1050,884.5810,100,1695,2619,1767561444103587721,58,63710703
1051,884.5810,100,1695,2619,1767561444113185217,58,63710703
1052,884.5810,100,1695,2619,1767561444116798982,58,63710703
1053,884.5810,100,1695,2619,1767561444120494890,59,63710703
1054,884.5810,100,1695,2619,1767561444127331830,59,63710703
1055,884.5810,100,1695,2619,1767561444134658367,59,63710703
1056,884.5810,100,1695,2619,1767561444138943231,59,63710703
1057,884.5810,100,1695,2619,1767561444142741762,59,63710703
1058,884.5810,100,1695,2619,1767561444151551008,59,63710703
1059,884.5810,100,1695,2619,1767561444155329891,59,63710703
1060,884.5810,100,1695,2619,1767561444158930759,59,63710703
1061,884.5810,100,1680,2619,1767561444162786442,59,63710703
1062,884.5810,100,1680,2619,1767561444171419946,59,63710703
1063,884.5810,100,1680,2619,1767561444175197613,59,63710703
1064,884.5810,100,1680,2619,1767561444179098608,59,63710703
1065,884.5810,100,1680,2619,1767561444184820932,59,63808516
1066,888.2660,100,1680,2619,1767561444205088332,59,63808516
1067,888.2660,100,1680,2619,1767561444214523076,59,63808516
1068,888.2660,100,1680,2619,1767561444218317927,59,63808516
1069,888.2660,100,1680,2619,1767561444222081355,59,63808516
1070,888.2660,100,1680,2619,1767561444226286987,59,63808516
1071,888.2660,100,1680,2619,1767561444233764019,59,63808516
1072,888.2660,100,1680,2619,1767561444237484119,59,63808516
1073,888.2660,100,1680,2619,1767561444241425369,59,63808516
1074,888.2660,100,1680,2619,1767561444245477370,59,63808516
1075,888.2660,100,1680,2619,1767561444252802147,59,63808516
1076,888.2660,100,1680,2619,1767561444256841572,59,63808516
1077,888.2660,100,1680,2619,1767561444260543913,59,63808516
1078,888.2660,100,1680,2619,1767561444264784649,59,63808516
1079,888.2660,100,1680,2619,1767561444271939795,59,63808516
1080,888.2660,100,1680,2619,1767561444275736886,59,63808516
1081,888.2660,100,1680,2619,1767561444279354330,59,63808516
1082,888.2660,100,1695,2619,1767561444283453723,59,63907737
1083,888.2660,100,1695,2619,1767561444301037623,59,63907737
1084,888.2660,100,1695,2619,1767561444305206423,59,63907737
1085,890.8170,100,1695,2619,1767561444314199955,59,63907737
1086,890.8170,100,1695,2619,1767561444317925559,59,63907737
1087,890.8170,100,1695,2619,1767561444321749755,59,63907737
1088,890.8170,100,1695,2619,1767561444328065611,59,63907737
1089,890.8170,100,1695,2619,1767561444334420731,59,63907737
1090,890.8170,100,1695,2619,1767561444338189310,59,63907737
1091,890.8170,100,1695,2619,1767561444342067105,59,63907737
1092,890.8170,100,1695,2619,1767561444345949924,59,63907737
1093,890.8170,100,1695,2619,1767561444353276557,59,63907737
1094,890.8170,100,1695,2619,1767561444357001617,59,63907737
1095,890.8170,100,1695,2619,1767561444360760788,59,63907737
1096,890.8170,100,1695,2619,1767561444364837877,59,63907737
1097,890.8170,100,1695,2619,1767561444372283037,59,63907737
1098,890.8170,100,1695,2619,1767561444376069696,59,63907737
1099,890.8170,100,1695,2619,1767561444379959587,59,63907737
1100,890.8170,100,1695,2619,1767561444385477466,59,64007266
1101,890.8170,100,1695,2619,1767561444402051836,59,64007266
1102,890.8170,100,1680,2619,1767561444406350428,59,64007266
1103,890.8170,100,1680,2619,1767561444412618797,59,64007266
1104,897.4180,100,1680,2619,1767561444416319121,59,64007266
1105,897.4180,100,1680,2619,1767561444420081524,59,64007266
1106,897.4180,100,1680,2619,1767561444427203710,59,64007266
1107,897.4180,100,1680,2619,1767561444436750422,59,64007266
1108,897.4180,100,1680,2619,1767561444440398715,59,64007266
1109,897.4180,100,1680,2619,1767561444444717786,59,64007266
1110,897.4180,100,1680,2619,1767561444453790709,59,64007266
1111,897.4180,100,1680,2619,1767561444457330906,59,64007266
1112,897.4180,100,1680,2619,1767561444460938687,59,64007266
1113,897.4180,100,1680,2619,1767561444465037153,59,64007266
1114,897.4180,100,1680,2619,1767561444474196892,59,64007266
1115,897.4180,100,1680,2619,1767561444478432540,59,64007266
1116,897.4180,100,1680,2619,1767561444482793723,59,64098911
1117,897.4180,100,1680,2619,1767561444501431438,59,64098911
1118,897.4180,100,1680,2619,1767561444505806925,59,64098911
1119,897.4180,100,1800,2619,1767561444514824233,59,64098911
1120,897.4180,100,1800,2619,1767561444518531564,59,64098911
1121,897.4180,100,1800,2619,1767561444522157169,59,64098911
1122,897.4180,100,1800,2619,1767561444533132735,59,64098911
1123,891.8890,100,1800,2619,1767561444537006402,59,64098911
1124,891.8890,100,1800,2619,1767561444540729221,59,64098911
1125,891.8890,100,1800,2619,1767561444544910309,59,64098911
1126,891.8890,100,1800,2619,1767561444553883906,59,64098911
1127,891.8890,100,1800,2619,1767561444557835396,59,64098911
1128,891.8890,100,1800,2619,1767561444561403145,59,64098911
1129,891.8890,100,1800,2619,1767561444565490699,59,64098911
1130,891.8890,100,1800,2619,1767561444574141481,59,64098911
1131,891.8890,100,1800,2619,1767561444578083435,57,64098911
1132,891.8890,100,1800,2619,1767561444582834087,57,64197062
1133,891.8890,100,1800,2619,1767561444603311437,57,64197062
1134,891.8890,100,1800,2619,1767561444612001611,57,64197062
1135,891.8890,100,1800,2619,1767561444615568304,57,64197062
1136,891.8890,100,1800,2619,1767561444619275348,57,64197062
1137,891.8890,100,1800,2619,1767561444624175759,57,64197062
1138,891.8890,100,1800,2619,1767561444636074613,57,64197062
1139,891.8890,100,1710,2619,1767561444639629690,57,64197062
1140,891.8890,100,1710,2619,1767561444643251935,57,64197062
1141,891.8890,100,1710,2619,1767561444653984302,57,64197062
1142,891.8890,100,1710,2619,1767561444657591859,57,64197062
1143,892.7100,100,1710,2619,1767561444661196088,57,64197062
1144,892.7100,100,1710,2619,1767561444665334424,57,64197062
1145,892.7100,100,1710,2619,1767561444674468979,57,64197062
1146,892.7100,100,1710,2619,1767561444678172216,57,64197062
1147,892.7100,100,1710,2619,1767561444682770933,57,64291177
1148,892.7100,100,1710,2619,1767561444703295962,57,64291177
1149,892.7100,100,1710,2619,1767561444712485525,57,64291177
1150,892.7100,100,1710,2619,1767561444717005427,58,64291177
1151,892.7100,100,1710,2619,1767561444720700983,58,64291177
1152,892.7100,100,1710,2619,1767561444727315492,58,64291177
1153,892.7100,100,1710,2619,1767561444736282145,58,64291177
1154,892.7100,100,1710,2619,1767561444740039492,58,64291177
1155,892.7100,100,1710,2619,1767561444744795937,58,64291177
1156,892.7100,100,1710,2619,1767561444751379055,58,64291177
1157,892.7100,100,1710,2619,1767561444755058099,58,64291177
1158,892.7100,100,1740,2619,1767561444758715415,58,64291177
1159,892.7100,100,1740,2619,1767561444762605402,58,64291177
1160,892.7100,100,1740,2619,1767561444773034987,58,64291177
1161,892.7100,100,1740,2619,1767561444776856975,58,64291177
1162,886.8800,100,1740,2619,1767561444780438516,58,64291177
1163,886.8800,100,1740,2619,1767561444786750691,58,64389279
1164,886.8800,100,1740,2619,1767561444804300415,58,64389279
1165,886.8800,100,1740,2619,1767561444812725344,58,64389279
1166,886.8800,100,1740,2619,1767561444816385220,58,64389279
1167,886.8800,100,1740,2619,1767561444820646244,58,64389279
1168,886.8800,100,1740,2619,1767561444827311249,58,64389279
1169,886.8800,100,1740,2619,1767561444836654347,58,64389279
1170,886.8800,100,1740,2619,1767561444840283344,59,64389279
1171,886.8800,100,1740,2619,1767561444844727342,59,64389279
1172,886.8800,100,1740,2619,1767561444853617515,59,64389279
1173,886.8800,100,1740,2619,1767561444857850411,59,64389279
1174,886.8800,100,1740,2619,1767561444861751278,59,64389279
1175,886.8800,100,1740,2619,1767561444865608209,59,64389279
1176,886.8800,100,1740,2619,1767561444872083455,59,64389279
1177,886.8800,100,1740,2619,1767561444875841283,59,64389279
1178,886.8800,100,1740,2619,1767561444879454439,59,64389279
1179,886.8800,100,1680,2619,1767561444883637448,59,64488133
1180,886.8800,100,1680,2619,1767561444901453378,59,64488133
1181,886.8800,100,1680,2619,1767561444905468579,59,64488133
1182,885.4570,100,1680,2619,1767561444916220882,59,64488133
1183,885.4570,100,1680,2619,1767561444919826807,59,64488133
1184,885.4570,100,1680,2619,1767561444927221536,59,64488133
1185,885.4570,100,1680,2619,1767561444934927557,59,64488133
1186,885.4570,100,1680,2619,1767561444938464234,59,64488133
1187,885.4570,100,1680,2619,1767561444942330157,59,64488133
1188,885.4570,100,1680,2619,1767561444952549056,59,64488133
1189,885.4570,100,1680,2619,1767561444956069830,59,64488133
1190,885.4570,100,1680,2619,1767561444959605931,59,64488133
1191,885.4570,100,1680,2619,1767561444964869315,59,64488133
1192,885.4570,100,1680,2619,1767561444972086668,59,64488133
1193,885.4570,100,1680,2619,1767561444975797776,59,64488133
1194,885.4570,100,1680,2619,1767561444979914481,59,64488133
1195,885.4570,100,1680,2619,1767561444985526599,59,64587473
1196,885.4570,100,1680,2619,1767561445002171497,59,64587473
1197,885.4570,100,1680,2619,1767561445006168971,59,64587473
1198,885.4570,100,1680,2619,1767561445013498772,59,64587473
1199,885.4570,100,1680,2619,1767561445017295128,59,64587473
1200,885.4570,100,1680,2619,1767561445021272761,59,64587473
1201,885.4570,100,1680,2619,1767561445027758664,59,64587473
1202,885.4570,100,1680,2619,1767561445034940914,59,64587473
1203,884.0660,100,1680,2619,1767561445038713461,59,64587473
1204,884.0660,100,1680,2619,1767561445042562169,59,64587473
1205,884.0660,100,1680,2619,1767561445053178632,59,64587473
1206,884.0660,100,1680,2619,1767561445057083306,59,64587473
1207,884.0660,100,1680,2619,1767561445060646832,59,64587473
1208,884.0660,100,1680,2619,1767561445064806736,59,64587473
1209,884.0660,100,1680,2619,1767561445072378615,59,64587473
1210,884.0660,100,1680,2619,1767561445076109531,59,64587473
1211,884.0660,100,1680,2619,1767561445079711040,59,64587473
1212,884.0660,100,1680,2619,1767561445085302677,59,64684900
1213,884.0660,100,1680,2619,1767561445101670394,59,64684900
1214,884.0660,100,1680,2619,1767561445105781627,59,64684900
1215,884.0660,100,1680,2619,1767561445113187683,59,64684900
1216,884.0660,100,1680,2619,1767561445116902759,59,64684900
1217,884.0660,100,1680,2619,1767561445120743722,59,64684900
1218,884.0660,100,1680,2619,1767561445125201096,59,64684900
1219,884.0660,100,1680,2619,1767561445132675312,59,64684900
1220,884.0660,100,1695,2619,1767561445136679954,59,64684900
1221,884.0660,100,1695,2619,1767561445140712659,59,64684900
1222,884.0660,100,1695,2619,1767561445144860340,59,64684900
1223,884.0660,100,1695,2619,1767561445152116317,59,64684900
1224,884.0660,100,1695,2619,1767561445155767298,59,64684900
1225,883.1290,100,1695,2619,1767561445159520197,59,64684900
1226,883.1290,100,1695,2619,1767561445163273641,59,64684900
1227,883.1290,100,1695,2619,1767561445172043879,59,64684900
1228,883.1290,100,1695,2619,1767561445175887785,59,64684900
1229,883.1290,100,1695,2619,1767561445179612493,59,64684900
1230,883.1290,100,1695,2619,1767561445185243267,59,64785085
1231,883.1290,100,1695,2619,1767561445203604344,59,64785085
1232,883.1290,100,1695,2619,1767561445212513685,59,64785085
1233,883.1290,100,1695,2619,1767561445216223161,59,64785085
1234,883.1290,100,1695,2619,1767561445219974557,59,64785085
1235,883.1290,100,1695,2619,1767561445227844706,59,64785085
1236,883.1290,100,1695,2619,1767561445234257425,59,64785085
1237,883.1290,100,1695,2619,1767561445238020564,59,64785085
1238,883.1290,100,1695,2619,1767561445241902391,59,64785085
1239,883.1290,100,1695,2619,1767561445245956985,59,64785085
1240,883.1290,100,1695,2619,1767561445254610168,59,64785085
1241,883.1290,100,1695,2619,1767561445258243836,59,64785085
1242,883.1290,100,1695,2619,1767561445261842721,59,64785085
1243,883.1290,100,1695,2619,1767561445266033697,59,64785085
1244,883.1290,100,1695,2619,1767561445275028701,59,64785085
1245,883.1290,100,1695,2619,1767561445279085759,59,64785085
1246,886.2050,100,1695,2619,1767561445283165344,59,64885607
1247,886.2050,100,1695,2619,1767561445301225591,59,64885607
1248,886.2050,100,1695,2619,1767561445305231929,59,64885607
1249,886.2050,100,1695,2619,1767561445314428660,59,64885607
1250,886.2050,100,1695,2619,1767561445318359574,59,64885607
1251,886.2050,100,1695,2619,1767561445321989947,59,64885607
1252,886.2050,100,1695,2619,1767561445328728423,59,64885607
1253,886.2050,100,1695,2619,1767561445337635973,60,64885607
1254,886.2050,100,1695,2619,1767561445341976644,60,64885607
1255,886.2050,100,1695,2619,1767561445350964000,60,64885607
1256,886.2050,100,1695,2619,1767561445354728995,60,64885607
1257,886.2050,100,1695,2619,1767561445358541478,60,64885607
1258,886.2050,100,1695,2619,1767561445362375242,60,64885607
1259,886.2050,100,1695,2619,1767561445370194319,60,64885607
1260,886.2050,100,1665,2619,1767561445373936339,60,64885607
1261,886.2050,100,1665,2619,1767561445377758838,60,64885607
1262,886.2050,100,1665,2619,1767561445382964910,60,64983938
1263,886.2050,100,1665,2619,1767561445400520842,60,64983938
1264,885.7380,100,1665,2619,1767561445404858729,60,64983938
1265,885.7380,100,1665,2619,1767561445413740006,60,64983938
1266,885.7380,100,1665,2619,1767561445417702248,60,64983938
1267,885.7380,100,1665,2619,1767561445421529803,60,64983938
1268,885.7380,100,1665,2619,1767561445425745547,60,64983938
1269,885.7380,100,1665,2619,1767561445434848615,60,64983938
1270,885.7380,100,1665,2619,1767561445438531275,59,64983938
1271,885.7380,100,1665,2619,1767561445442867082,59,64983938
1272,885.7380,100,1665,2619,1767561445450864845,59,64983938
1273,885.7380,100,1665,2619,1767561445454829200,59,64983938
1274,885.7380,100,1665,2619,1767561445458599251,59,64983938
1275,885.7380,100,1665,2619,1767561445462403479,59,64983938
1276,885.7380,100,1665,2619,1767561445471136405,59,64983938
1277,885.7380,100,1665,2619,1767561445474772601,59,64983938
1278,885.7380,100,1695,2619,1767561445478771675,59,64983938
1279,885.7380,100,1695,2619,1767561445482923035,59,65082156
1280,885.7380,100,1695,2619,1767561445501499791,59,65082156
1281,885.7380,100,1695,2619,1767561445505418898,59,65082156
1282,892.2000,100,1695,2619,1767561445511902561,59,65082156
1283,892.2000,100,1695,2619,1767561445515690116,59,65082156
1284,892.2000,100,1695,2619,1767561445519401256,59,65082156
1285,892.2000,100,1695,2619,1767561445524443298,59,65082156
1286,892.2000,100,1695,2619,1767561445536524583,59,65082156
1287,892.2000,100,1695,2619,1767561445540053484,59,65082156
1288,892.2000,100,1695,2619,1767561445544713385,59,65082156
1289,892.2000,100,1695,2619,1767561445553722533,59,65082156
1290,892.2000,100,1695,2619,1767561445557553545,60,65082156
1291,892.2000,100,1695,2619,1767561445561198029,60,65082156
1292,892.2000,100,1695,2619,1767561445565364909,60,65082156
1293,892.2000,100,1695,2619,1767561445571726205,60,65082156
1294,892.2000,100,1695,2619,1767561445575458977,60,65082156
1295,892.2000,100,1695,2619,1767561445579222149,60,65082156
1296,892.2000,100,1695,2619,1767561445583396837,60,65182802
1297,892.2000,100,1695,2619,1767561445601916185,60,65182802
1298,892.2000,100,1695,2619,1767561445605896123,60,65182802
1299,892.2000,100,1665,2619,1767561445613216676,60,65182802
1300,892.2000,100,1665,2619,1767561445616922664,60,65182802
1301,892.2000,100,1665,2619,1767561445620650988,60,65182802
1302,892.2000,100,1665,2619,1767561445627631671,60,65182802
1303,892.2000,100,1665,2619,1767561445635046463,60,65182802
1304,892.0190,100,1665,2619,1767561445638842978,60,65182802
1305,892.0190,100,1665,2619,1767561445642765797,60,65182802
1306,892.0190,100,1665,2619,1767561445651301412,60,65182802
1307,892.0190,100,1665,2619,1767561445654878505,60,65182802
1308,892.0190,100,1665,2619,1767561445658563117,60,65182802
1309,892.0190,100,1665,2619,1767561445662387920,60,65182802
1310,892.0190,100,1665,2619,1767561445672952289,60,65182802
1311,892.0190,100,1665,2619,1767561445676729445,60,65182802
1312,892.0190,100,1665,2619,1767561445680276362,59,65182802
1313,892.0190,100,1665,2619,1767561445686257660,59,65279866
1314,892.0190,100,1665,2619,1767561445702194820,59,65279866
1315,892.0190,100,1665,2619,1767561445712500758,59,65279866
1316,892.0190,100,1665,2619,1767561445716219738,59,65279866
1317,892.0190,100,1665,2619,1767561445719710720,59,65279866
1318,892.0190,100,1665,2619,1767561445727252423,59,65279866
1319,892.0190,100,1665,2619,1767561445734526288,59,65279866
1320,892.0190,100,1695,2619,1767561445738377843,59,65279866
1321,892.0190,100,1695,2619,1767561445742203734,59,65279866
1322,892.0190,100,1695,2619,1767561445750039227,59,65279866
1323,892.0190,100,1695,2619,1767561445754494585,59,65279866
1324,898.0420,100,1695,2619,1767561445758211677,59,65279866
1325,898.0420,100,1695,2619,1767561445762099648,59,65279866
1326,898.0420,100,1695,2619,1767561445766139842,59,65279866
1327,898.0420,100,1695,2619,1767561445774991582,59,65279866
1328,898.0420,100,1695,2619,1767561445778798945,59,65279866
1329,898.0420,100,1695,2619,1767561445783027330,59,65377661
1330,898.0420,100,1695,2619,1767561445800773020,59,65377661
1331,898.0420,100,1695,2619,1767561445804744542,59,65377661
1332,898.0420,100,1695,2619,1767561445811192461,60,65377661
1333,898.0420,100,1695,2619,1767561445814943825,60,65377661
1334,898.0420,100,1695,2619,1767561445818708757,60,65377661
1335,898.0420,100,1695,2619,1767561445822859893,60,65377661
1336,898.0420,100,1695,2619,1767561445833727523,60,65377661
1337,898.0420,100,1695,2619,1767561445837536742,60,65377661
1338,898.0420,100,1695,2619,1767561445841478056,60,65377661
1339,898.0420,100,1695,2619,1767561445845485322,60,65377661
1340,898.0420,100,1695,2619,1767561445852654388,60,65377661
1341,898.0420,100,1680,2619,1767561445856952308,60,65377661
1342,898.0420,100,1680,2619,1767561445860574073,60,65377661
1343,898.0420,100,1680,2619,1767561445864917847,60,65377661
1344,898.0420,100,1680,2619,1767561445872153217,60,65377661
1345,898.0420,100,1680,2619,1767561445875786181,60,65377661
1346,896.9350,100,1680,2619,1767561445879560169,60,65377661
1347,896.9350,100,1680,2619,1767561445883668202,60,65476601
1348,896.9350,100,1680,2619,1767561445901449060,60,65476601
1349,896.9350,100,1680,2619,1767561445905414374,60,65476601
1350,896.9350,100,1680,2619,1767561445912871278,60,65476601
1351,896.9350,100,1680,2619,1767561445918296517,60,65476601
1352,896.9350,100,1680,2619,1767561445922087368,60,65476601
1353,896.9350,100,1680,2619,1767561445928398744,60,65476601
1354,896.9350,100,1680,2619,1767561445935606882,59,65476601
1355,896.9350,100,1680,2619,1767561445939335878,59,65476601
1356,896.9350,100,1680,2619,1767561445943260680,59,65476601
1357,896.9350,100,1680,2619,1767561445951013710,59,65476601
1358,896.9350,100,1680,2619,1767561445954720145,59,65476601
1359,896.9350,100,1680,2619,1767561445958968305,59,65476601
1360,896.9350,100,1680,2619,1767561445962770357,59,65476601
1361,896.9350,100,1680,2619,1767561445970588922,59,65476601
1362,896.9350,100,1680,2619,1767561445974206015,59,65476601
1363,896.9350,100,1680,2619,1767561445978211969,59,65476601
1364,896.9350,100,1680,2619,1767561445982996380,59,65574109
1365,896.9350,100,1680,2619,1767561446000725046,59,65574109
1366,896.9350,100,1680,2619,1767561446004798776,59,65574109
1367,896.2690,100,1680,2619,1767561446011175431,59,65574109
1368,896.2690,100,1680,2619,1767561446014966571,59,65574109
1369,896.2690,100,1680,2619,1767561446018679182,59,65574109
1370,896.2690,100,1680,2619,1767561446022838255,59,65574109
1371,896.2690,100,1680,2619,1767561446032753861,59,65574109
1372,896.2690,100,1680,2619,1767561446036332234,59,65574109
1373,896.2690,100,1680,2619,1767561446040094349,59,65574109
1374,896.2690,100,1680,2619,1767561446045021128,59,65574109
1375,896.2690,100,1680,2619,1767561446051540406,59,65574109
1376,896.2690,100,1680,2619,1767561446055321818,60,65574109
1377,896.2690,100,1680,2619,1767561446059749657,60,65574109
1378,896.2690,100,1680,2619,1767561446064860978,60,65574109
1379,896.2690,100,1680,2619,1767561446071225698,60,65574109
1380,896.2690,100,1680,2619,1767561446075334051,60,65574109
1381,896.2690,100,1680,2619,1767561446079132678,60,65574109
1382,896.2690,100,1680,2619,1767561446083253511,60,65674228
1383,896.2690,100,1680,2619,1767561446100318598,60,65674228
1384,896.2690,100,1680,2619,1767561446104849956,60,65674228
1385,896.2690,100,1680,2619,1767561446112196428,60,65674228
1386,896.2690,100,1680,2619,1767561446115947856,60,65674228
1387,896.2690,100,1680,2619,1767561446119728084,60,65674228
1388,896.2690,100,1680,2619,1767561446127059197,60,65674228
1389,896.2690,100,1680,2619,1767561446134757954,60,65674228
1390,897.9210,100,1680,2619,1767561446138564709,60,65674228
1391,897.9210,100,1680,2619,1767561446142473448,60,65674228
1392,897.9210,100,1680,2619,1767561446151256294,60,65674228
1393,897.9210,100,1680,2619,1767561446154838347,60,65674228
1394,897.9210,100,1680,2619,1767561446158617486,60,65674228
1395,897.9210,100,1680,2619,1767561446162862094,60,65674228
1396,897.9210,100,1680,2619,1767561446171646380,60,65674228
1397,897.9210,100,1680,2619,1767561446175245425,60,65674228
1398,897.9210,100,1680,2619,1767561446179072884,60,65674228
1399,897.9210,100,1680,2619,1767561446183196533,60,65773073
1400,897.9210,100,1680,2619,1767561446203136734,60,65773073
1401,897.9210,100,1680,2619,1767561446211019683,60,65773073
1402,897.9210,100,1680,2619,1767561446214820294,60,65773073
1403,897.9210,100,1680,2619,1767561446218529674,60,65773073
1404,897.9210,100,1680,2619,1767561446222439052,60,65773073
1405,897.9210,100,1680,2619,1767561446232471040,60,65773073
1406,897.9210,100,1680,2619,1767561446236150693,60,65773073
1407,897.9210,100,1680,2619,1767561446239872585,60,65773073
1408,897.9210,100,1680,2619,1767561446244848707,60,65773073
1409,897.9210,100,1680,2619,1767561446251404882,60,65773073
1410,897.9210,100,1680,2619,1767561446255121077,60,65773073
1411,897.9210,100,1680,2619,1767561446258812249,60,65773073
1412,896.7130,100,1680,2619,1767561446262548317,60,65773073
1413,896.7130,100,1680,2619,1767561446270288835,60,65773073
1414,896.7130,100,1680,2619,1767561446274005927,60,65773073
1415,896.7130,100,1680,2619,1767561446277947850,60,65773073
1416,896.7130,100,1680,2619,1767561446282914052,60,65872446
1417,896.7130,100,1680,2619,1767561446301235578,60,65872446
1418,896.7130,100,1680,2619,1767561446305243035,60,65872446
1419,896.7130,100,1680,2619,1767561446312433957,60,65872446
1420,896.7130,100,1680,2619,1767561446316160456,60,65872446
1421,896.7130,100,1680,2619,1767561446319939692,60,65872446
1422,896.7130,100,1680,2619,1767561446327649362,60,65872446
1423,896.7130,100,1680,2619,1767561446335017307,60,65872446
1424,896.7130,100,1680,2619,1767561446338783710,60,65872446
1425,896.7130,100,1680,2619,1767561446342568129,60,65872446
1426,896.7130,100,1680,2619,1767561446351296447,60,65872446
1427,896.7130,100,1680,2619,1767561446354929188,60,65872446
1428,896.7130,100,1680,2619,1767561446358627144,60,65872446
1429,896.7130,100,1680,2619,1767561446362485611,60,65872446
1430,896.7130,100,1680,2619,1767561446370305008,60,65872446
1431,896.7130,100,1680,2619,1767561446374566864,60,65872446
1432,896.7130,100,1680,2619,1767561446378365075,60,65872446
1433,895.6530,100,1680,2619,1767561446382895313,60,65971300
1434,895.6530,100,1680,2619,1767561446400921033,60,65971300
1435,895.6530,100,1680,2619,1767561446404921162,60,65971300
1436,895.6530,100,1680,2619,1767561446411293210,60,65971300
1437,895.6530,100,1680,2619,1767561446415013790,60,65971300
1438,895.6530,100,1680,2619,1767561446418804994,60,65971300
1439,895.6530,100,1680,2619,1767561446422947235,60,65971300
1440,895.6530,100,1680,2619,1767561446433682225,60,65971300
1441,895.6530,100,1680,2619,1767561446437262358,60,65971300
1442,895.6530,100,1680,2619,1767561446441201176,60,65971300
1443,895.6530,100,1680,2619,1767561446445241178,60,65971300
1444,895.6530,100,1680,2619,1767561446452557059,60,65971300
1445,895.6530,100,1680,2619,1767561446456334631,60,65971300
1446,895.6530,100,1680,2619,1767561446460101034,60,65971300
1447,895.6530,100,1680,2619,1767561446464814342,60,65971300
1448,895.6530,100,1680,2619,1767561446472390349,60,65971300
1449,895.6530,100,1680,2619,1767561446476954379,60,65971300
1450,895.6530,100,1680,2619,1767561446480713070,60,65971300
1451,895.6530,100,1680,2619,1767561446486889280,60,66072735
1452,895.6530,100,1680,2619,1767561446501228339,60,66072735
1453,895.6530,100,1680,2619,1767561446505107350,60,66072735
1454,896.8010,100,1680,2619,1767561446511537030,60,66072735
1455,896.8010,100,1680,2619,1767561446515291658,60,66072735
1456,896.8010,100,1680,2619,1767561446519001774,60,66072735
1457,896.8010,100,1680,2619,1767561446523542923,60,66072735
1458,896.8010,100,1680,2619,1767561446533259777,60,66072735
1459,896.8010,100,1680,2619,1767561446537002085,60,66072735
1460,896.8010,100,1680,2619,1767561446540762889,60,66072735
1461,896.8010,100,1680,2619,1767561446544834123,60,66072735
1462,896.8010,100,1680,2619,1767561446551159611,60,66072735
1463,896.8010,100,1680,2619,1767561446554993757,60,66072735
1464,896.8010,100,1680,2619,1767561446558788545,60,66072735
1465,896.8010,100,1680,2619,1767561446562573380,60,66072735
1466,896.8010,100,1680,2619,1767561446573181236,60,66072735
1467,896.8010,100,1680,2619,1767561446578028528,60,66072735
1468,896.8010,100,1680,2619,1767561446582839275,60,66170413
1469,896.8010,100,1680,2619,1767561446600640549,60,66170413
1470,896.8010,100,1680,2619,1767561446604832454,60,66170413
1471,896.8010,100,1665,2619,1767561446612263277,60,66170413
1472,896.8010,100,1665,2619,1767561446616040560,60,66170413
1473,896.8010,100,1665,2619,1767561446619731892,60,66170413
1474,896.8010,100,1665,2619,1767561446625099244,60,66170413
1475,896.8010,100,1665,2619,1767561446632366710,60,66170413
1476,896.4300,100,1665,2619,1767561446636101850,60,66170413
1477,896.4300,100,1665,2619,1767561446639859901,60,66170413
1478,896.4300,100,1665,2619,1767561446644886295,60,66170413
1479,896.4300,100,1665,2619,1767561446652163360,60,66170413
1480,896.4300,100,1665,2619,1767561446655724101,60,66170413
1481,896.4300,100,1665,2619,1767561446659581192,60,66170413
1482,896.4300,100,1665,2619,1767561446664923360,60,66170413
1483,896.4300,100,1665,2619,1767561446672171913,60,66170413
1484,896.4300,100,1665,2619,1767561446675737870,60,66170413
1485,896.4300,100,1665,2619,1767561446679995661,60,66170413
1486,896.4300,100,1665,2619,1767561446685577092,60,66269069
1487,896.4300,100,1665,2619,1767561446703508284,60,66269069
1488,896.4300,100,1665,2619,1767561446712814806,60,66269069
1489,896.4300,100,1665,2619,1767561446716403195,60,66269069
1490,896.4300,100,1665,2619,1767561446720113311,60,66269069
1491,896.4300,100,1665,2619,1767561446727526503,60,66269069
1492,896.4300,100,1665,2619,1767561446734845551,60,66269069
1493,896.4300,100,1680,2619,1767561446738501908,60,66269069
1494,896.4300,100,1680,2619,1767561446742315063,60,66269069
1495,896.4300,100,1680,2619,1767561446750350267,60,66269069
1496,896.4300,100,1680,2619,1767561446754075775,60,66269069
1497,897.2140,100,1680,2619,1767561446757772867,60,66269069
1498,897.2140,100,1680,2619,1767561446761776260,60,66269069
1499,897.2140,100,1680,2619,1767561446765873477,60,66269069
1500,897.2140,100,1680,2619,1767561446772353556,60,66269069
1501,897.2140,100,1680,2619,1767561446776086456,60,66269069
1502,897.2140,100,1680,2619,1767561446779949755,60,66269069
1503,897.2140,100,1680,2619,1767561446785310323,60,66367246
1504,897.2140,100,1680,2619,1767561446801148123,60,66367246
1505,897.2140,100,1680,2619,1767561446805158493,60,66367246
1506,897.2140,100,1680,2619,1767561446811661068,60,66367246
1507,897.2140,100,1680,2619,1767561446815379504,60,66367246
1508,897.2140,100,1680,2619,1767561446819130740,60,66367246
1509,897.2140,100,1680,2619,1767561446823817040,60,66367246
1510,897.2140,100,1680,2619,1767561446833348936,60,66367246
1511,897.2140,100,1680,2619,1767561446836923277,60,66367246
1512,897.2140,100,1680,2619,1767561446840709265,60,66367246
1513,897.2140,100,1680,2619,1767561446844745074,60,66367246
1514,897.2140,100,1680,2619,1767561446851156674,60,66367246
1515,897.2140,100,1680,2619,1767561446854858181,60,66367246
1516,897.2140,100,1680,2619,1767561446858602697,60,66367246
1517,897.2140,100,1680,2619,1767561446862525707,60,66367246
1518,897.2140,100,1680,2619,1767561446870468720,60,66367246
1519,897.2140,100,1680,2619,1767561446874176916,60,66367246
1520,897.2100,100,1680,2619,1767561446878186006,60,66367246
1521,897.2100,100,1680,2619,1767561446882868722,60,66465132
1522,897.2100,100,1680,2619,1767561446900365230,60,66465132
1523,897.2100,100,1680,2619,1767561446904833517,60,66465132
1524,897.2100,100,1680,2619,1767561446911348859,60,66465132
1525,897.2100,100,1680,2619,1767561446917028528,60,66465132
1526,897.2100,100,1680,2619,1767561446920718964,60,66465132
1527,897.2100,100,1680,2619,1767561446927228099,60,66465132
1528,897.2100,100,1680,2619,1767561446933702355,61,66465132
1529,897.2100,100,1680,2619,1767561446937458358,61,66465132
1530,897.2100,100,1680,2619,1767561446941350329,61,66465132
1531,897.2100,100,1680,2619,1767561446945325370,61,66465132
1532,897.2100,100,1680,2619,1767561446952680003,61,66465132
1533,897.2100,100,1680,2619,1767561446956655973,61,66465132
1534,897.2100,100,1680,2619,1767561446960438729,61,66465132
1535,897.2100,100,1680,2619,1767561446964928103,61,66465132
1536,897.2100,100,1680,2619,1767561446972188304,61,66465132
1537,897.2100,100,1680,2619,1767561446975970323,61,66465132
1538,897.2100,100,1680,2619,1767561446979751542,61,66465132
1539,897.2100,100,1680,2619,1767561446985441132,61,66565171
1540,897.2100,100,1680,2619,1767561447001284628,61,66565171
1541,898.2560,100,1680,2619,1767561447005368661,61,66565171
1542,898.2560,100,1680,2619,1767561447011700741,61,66565171
1543,898.2560,100,1680,2619,1767561447015503209,61,66565171
1544,898.2560,100,1680,2619,1767561447019202861,61,66565171
1545,898.2560,100,1680,2619,1767561447024005481,61,66565171
1546,898.2560,100,1680,2619,1767561447033652160,61,66565171
1547,898.2560,100,1680,2619,1767561447037296676,61,66565171
1548,898.2560,100,1680,2619,1767561447041236806,61,66565171
1549,898.2560,100,1680,2619,1767561447045266600,61,66565171
1550,898.2560,100,1680,2619,1767561447051684440,61,66565171
1551,898.2560,100,1680,2619,1767561447055395004,61,66565171
1552,898.2560,100,1680,2619,1767561447059426237,61,66565171
1553,898.2560,100,1680,2619,1767561447063246752,61,66565171
1554,898.2560,100,1680,2619,1767561447071157540,61,66565171
1555,898.2560,100,1680,2619,1767561447074906472,61,66565171
1556,898.2560,100,1680,2619,1767561447078865962,61,66565171
1557,898.2560,100,1680,2619,1767561447082818765,61,66663683
1558,898.2560,100,1680,2619,1767561447100374696,61,66663683
1559,898.2560,100,1680,2619,1767561447104832102,61,66663683
1560,897.8410,100,1680,2619,1767561447111210198,61,66663683
1561,897.8410,100,1680,2619,1767561447114925178,61,66663683
1562,897.8410,100,1680,2619,1767561447118678814,61,66663683
1563,897.8410,100,1680,2619,1767561447122912798,61,66663683
1564,897.8410,100,1680,2619,1767561447132968882,61,66663683
1565,897.8410,100,1680,2619,1767561447136542999,61,66663683
1566,897.8410,100,1680,2619,1767561447140550297,61,66663683
1567,897.8410,100,1680,2619,1767561447144816953,61,66663683
1568,897.8410,100,1680,2619,1767561447151108681,61,66663683
1569,897.8410,100,1680,2619,1767561447154875148,61,66663683
1570,897.8410,100,1680,2619,1767561447158575216,61,66663683
1571,897.8410,100,1680,2619,1767561447162375316,61,66663683
1572,897.8410,100,1680,2619,1767561447170400535,61,66663683
1573,897.8410,100,1680,2619,1767561447174504697,61,66663683
1574,897.8410,100,1680,2619,1767561447178335324,61,66663683
1575,897.8410,100,1680,2619,1767561447182863129,61,66762597
1576,897.8410,100,1680,2619,1767561447201645067,61,66762597
1577,897.8410,100,1680,2619,1767561447209505136,61,66762597
1578,897.8410,100,1680,2619,1767561447213288787,61,66762597
1579,897.8410,100,1680,2619,1767561447217035895,61,66762597
1580,897.8410,100,1680,2619,1767561447220794842,61,66762597
1581,897.8410,100,1680,2619,1767561447227567688,61,66762597
1582,897.8410,100,1680,2619,1767561447233998199,61,66762597
1583,897.8300,100,1680,2619,1767561447237964729,61,66762597
1584,897.8300,100,1680,2619,1767561447241895803,61,66762597
1585,897.8300,100,1680,2619,1767561447245918973,61,66762597
1586,897.8300,100,1680,2619,1767561447252352460,61,66762597
1587,897.8300,100,1680,2619,1767561447256154096,61,66762597
1588,897.8300,100,1680,2619,1767561447259873076,61,66762597
1589,897.8300,100,1680,2619,1767561447264865870,61,66762597
1590,897.8300,100,1680,2619,1767561447273791466,61,66762597
1591,897.8300,100,1680,2619,1767561447277511022,61,66762597
1592,897.8300,100,1680,2619,1767561447281433297,61,66762597
1593,897.8300,100,1680,2619,1767561447288166174,61,66865151
1594,897.8300,100,1680,2619,1767561447302266772,61,66865151
1595,897.8300,100,1680,2619,1767561447311039441,61,66865151
1596,897.8300,100,1680,2619,1767561447314827061,61,66865151
1597,897.8300,100,1680,2619,1767561447318567801,61,66865151
1598,897.8300,100,1680,2619,1767561447322512635,61,66865151
1599,897.8300,100,1680,2619,1767561447332963084,61,66865151
1600,897.8300,100,1665,2619,1767561447336623856,61,66865151
1601,897.8300,100,1665,2619,1767561447340230037,61,66865151
1602,897.8300,100,1665,2619,1767561447344851634,61,66865151
1603,897.8300,100,1665,2619,1767561447351970205,61,66865151
1604,897.3410,100,1665,2619,1767561447355704065,61,66865151
1605,897.3410,100,1665,2619,1767561447359448292,61,66865151
1606,897.3410,100,1665,2619,1767561447363250599,61,66865151
1607,897.3410,100,1665,2619,1767561447372019813,61,66865151
1608,897.3410,100,1665,2619,1767561447375790984,61,66865151
1609,897.3410,100,1665,2619,1767561447379547084,61,66865151
1610,897.3410,100,1665,2619,1767561447383771981,61,66961874
1611,897.3410,100,1665,2619,1767561447401800804,61,66961874
1612,897.3410,100,1665,2619,1767561447405710247,61,66961874
1613,897.3410,100,1665,2619,1767561447412182966,61,66961874
1614,897.3410,100,1665,2619,1767561447415911578,61,66961874
1615,897.3410,100,1665,2619,1767561447419677053,61,66961874
1616,897.3410,100,1665,2619,1767561447427545729,61,66961874
1617,897.3410,100,1665,2619,1767561447434859690,61,66961874
1618,897.3410,100,1665,2619,1767561447438606382,61,66961874
1619,897.3410,100,1665,2619,1767561447442505009,61,66961874
1620,897.3410,100,1665,2619,1767561447451363598,61,66961874
1621,897.3410,100,1665,2619,1767561447454982386,61,66961874
1622,897.3410,100,1680,2619,1767561447458734550,61,66961874
1623,897.3410,100,1680,2619,1767561447462475354,61,66961874
1624,897.3410,100,1680,2619,1767561447471277976,61,66961874
1625,897.3410,100,1680,2619,1767561447475245114,61,66961874
1626,897.1770,100,1680,2619,1767561447479267516,61,66961874
1627,897.1770,100,1680,2619,1767561447483346556,61,67060261
1628,897.1770,100,1680,2619,1767561447501252341,61,67060261
1629,897.1770,100,1680,2619,1767561447505265527,61,67060261
1630,897.1770,100,1680,2619,1767561447511525896,61,67060261
1631,897.1770,100,1680,2619,1767561447515811047,61,67060261
1632,897.1770,100,1680,2619,1767561447519532523,61,67060261
1633,897.1770,100,1680,2619,1767561447524948642,61,67060261
1634,897.1770,100,1680,2619,1767561447536307981,61,67060261
1635,897.1770,100,1680,2619,1767561447539869010,61,67060261
1636,897.1770,100,1680,2619,1767561447544709069,61,67060261
1637,897.1770,100,1680,2619,1767561447552059861,61,67060261
1638,897.1770,100,1680,2619,1767561447556078135,61,67060261
1639,897.1770,100,1680,2619,1767561447559835419,61,67060261
1640,897.1770,100,1680,2619,1767561447564853141,61,67060261
1641,897.1770,100,1680,2619,1767561447572034815,61,67060261
1642,897.1770,100,1680,2619,1767561447575822722,61,67060261
1643,897.1770,100,1665,2619,1767561447579645381,61,67060261
1644,897.1770,100,1665,2619,1767561447585371770,61,67160311
1645,897.1770,100,1665,2619,1767561447602176443,61,67160311
1646,897.1770,100,1665,2619,1767561447610790842,61,67160311
1647,896.8130,100,1665,2619,1767561447614527902,61,67160311
1648,896.8130,100,1665,2619,1767561447618704863,61,67160311
1649,896.8130,100,1665,2619,1767561447622788096,61,67160311
1650,896.8130,100,1665,2619,1767561447631526142,61,67160311
1651,896.8130,100,1665,2619,1767561447635265729,61,67160311
1652,896.8130,100,1665,2619,1767561447639020325,61,67160311
1653,896.8130,100,1665,2619,1767561447642889000,61,67160311
1654,896.8130,100,1665,2619,1767561447651457575,61,67160311
1655,896.8130,100,1665,2619,1767561447655232811,61,67160311
1656,896.8130,100,1665,2619,1767561447659010478,61,67160311
1657,896.8130,100,1665,2619,1767561447662789522,61,67160311
1658,896.8130,100,1665,2619,1767561447671475312,61,67160311
1659,896.8130,100,1665,2619,1767561447675259155,61,67160311
1660,896.8130,100,1665,2619,1767561447679172150,61,67160311
1661,896.8130,100,1665,2619,1767561447683401846,61,67257456
1662,896.8130,100,1665,2619,1767561447701196463,61,67257456
1663,896.8130,100,1665,2619,1767561447705337936,61,67257456
1664,896.8130,100,1665,2619,1767561447712457147,61,67257456
1665,897.2430,100,1665,2619,1767561447716187007,61,67257456
1666,897.2430,100,1665,2619,1767561447720435967,61,67257456
1667,897.2430,100,1665,2619,1767561447727129292,61,67257456
1668,897.2430,100,1665,2619,1767561447736550597,61,67257456
1669,897.2430,100,1665,2619,1767561447740147369,61,67257456
1670,897.2430,100,1665,2619,1767561447744792550,61,67257456
1671,897.2430,100,1665,2619,1767561447752127727,61,67257456
1672,897.2430,100,1665,2619,1767561447755686068,61,67257456
1673,897.2430,100,1665,2619,1767561447759446424,61,67257456
1674,897.2430,100,1665,2619,1767561447763286619,61,67257456
1675,897.2430,100,1665,2619,1767561447771918937,61,67257456
1676,897.2430,100,1665,2619,1767561447775702333,61,67257456
1677,897.2430,100,1665,2619,1767561447779864317,61,67257456
1678,897.2430,100,1665,2619,1767561447785874736,61,67356538
1679,897.2430,100,1665,2619,1767561447801471610,61,67356538
1680,897.2430,100,1665,2619,1767561447805412604,61,67356538
1681,897.2430,100,1680,2619,1767561447811917707,61,67356538
1682,897.2430,100,1680,2619,1767561447815641199,61,67356538
1683,897.2430,100,1680,2619,1767561447819410195,61,67356538
1684,897.2430,100,1680,2619,1767561447827490166,61,67356538
1685,897.2430,100,1680,2619,1767561447833955909,61,67356538
1686,897.1770,100,1680,2619,1767561447837638985,61,67356538
1687,897.1770,100,1680,2619,1767561447841551979,61,67356538
1688,897.1770,100,1680,2619,1767561447845593709,61,67356538
1689,897.1770,100,1680,2619,1767561447852020765,61,67356538
1690,897.1770,100,1680,2619,1767561447855599906,61,67356538
1691,897.1770,100,1680,2619,1767561447859361125,61,67356538
1692,897.1770,100,1680,2619,1767561447863127401,61,67356538
1693,897.1770,100,1680,2619,1767561447871228299,61,67356538
1694,897.1770,100,1680,2619,1767561447874969423,61,67356538
1695,897.1770,100,1680,2619,1767561447878698963,61,67356538
1696,897.1770,100,1680,2619,1767561447882950899,61,67455363
1697,897.1770,100,1680,2619,1767561447903103131,61,67455363
1698,897.1770,100,1680,2619,1767561447912259094,61,67455363
1699,897.1770,100,1680,2619,1767561447915880187,61,67455363
1700,897.1770,100,1680,2619,1767561447921408785,61,67455363
1701,897.1770,100,1680,2619,1767561447928048382,61,67455363
1702,897.1770,100,1680,2619,1767561447935381223,61,67455363
1703,897.1770,100,1665,2619,1767561447939123979,61,67455363
1704,897.1770,100,1665,2619,1767561447942944238,61,67455363
1705,897.1770,100,1665,2619,1767561447951590541,61,67455363
1706,897.1770,100,1665,2619,1767561447955286929,61,67455363
1707,897.8780,100,1665,2619,1767561447958994293,61,67455363
1708,897.8780,100,1665,2619,1767561447962792920,61,67455363
1709,897.8780,100,1665,2619,1767561447971508663,61,67455363
1710,897.8780,100,1665,2619,1767561447975246939,61,67455363
1711,897.8780,100,1665,2619,1767561447979067966,61,67455363
1712,897.8780,100,1665,2619,1767561447983310653,61,67553954
1713,897.8780,100,1665,2619,1767561448003680740,61,67553954
1714,897.8780,100,1665,2619,1767561448013006397,61,67553954
1715,897.8780,100,1665,2619,1767561448016587938,61,67553954
1716,897.8780,100,1665,2619,1767561448020308038,61,67553954
1717,897.8780,100,1665,2619,1767561448027383281,61,67553954
1718,897.8780,100,1665,2619,1767561448033879136,61,67553954
1719,897.8780,100,1665,2619,1767561448037660835,61,67553954
1720,897.8780,100,1665,2619,1767561448041500294,61,67553954
1721,897.8780,100,1665,2619,1767561448045523047,61,67553954
1722,897.8780,100,1665,2619,1767561448051898391,61,67553954
1723,897.8780,100,1665,2619,1767561448055500828,61,67553954
1724,897.8780,100,1680,2619,1767561448059214560,61,67553954
1725,897.8780,100,1680,2619,1767561448063032164,61,67553954
1726,897.8780,100,1680,2619,1767561448070872104,61,67553954
1727,897.8780,100,1680,2619,1767561448074625708,61,67553954
1728,897.8780,100,1680,2619,1767561448078665741,61,67553954
1729,896.6590,100,1680,2619,1767561448082863310,61,67652396
1730,896.6590,100,1680,2619,1767561448100388650,61,67652396
1731,896.6590,100,1680,2619,1767561448104761736,61,67652396
1732,896.6590,100,1680,2619,1767561448111193176,61,67652396
1733,896.6590,100,1680,2619,1767561448114927612,61,67652396
1734,896.6590,100,1680,2619,1767561448118709023,61,67652396
1735,896.6590,100,1680,2619,1767561448122921248,61,67652396
1736,896.6590,100,1680,2619,1767561448132856820,61,67652396
1737,896.6590,100,1680,2619,1767561448137150067,61,67652396
1738,896.6590,100,1680,2619,1767561448141087670,61,67652396
1739,896.6590,100,1680,2619,1767561448145099608,61,67652396
1740,896.6590,100,1680,2619,1767561448151629031,61,67652396
1741,896.6590,100,1680,2619,1767561448155334795,61,67652396
1742,896.6590,100,1680,2619,1767561448159087631,61,67652396
1743,896.6590,100,1680,2619,1767561448162895633,61,67652396
1744,896.6590,100,1680,2619,1767561448170708886,61,67652396
1745,896.6590,100,1680,2619,1767561448174340411,61,67652396
1746,896.6590,100,1680,2619,1767561448178239902,61,67652396
1747,896.6590,100,1680,2619,1767561448182802875,61,67751648
1748,896.6590,100,1680,2619,1767561448202060458,61,67751648
1749,896.6590,100,1680,2619,1767561448205982924,61,67751648
1750,897.1260,100,1680,2619,1767561448212454780,61,67751648
1751,897.1260,100,1680,2619,1767561448216299967,61,67751648
1752,897.1260,100,1680,2619,1767561448220069538,61,67751648
1753,897.1260,100,1680,2619,1767561448227252107,61,67751648
1754,897.1260,100,1680,2619,1767561448234051320,61,67751648
1755,897.1260,100,1680,2619,1767561448238332376,61,67751648
1756,897.1260,100,1680,2619,1767561448242182459,61,67751648
1757,897.1260,100,1680,2619,1767561448249985344,61,67751648
1758,897.1260,100,1680,2619,1767561448253598213,61,67751648
1759,897.1260,100,1680,2619,1767561448257294280,62,67751648
1760,897.1260,100,1680,2619,1767561448261144043,62,67751648
1761,897.1260,100,1680,2619,1767561448265204077,62,67751648
1762,897.1260,100,1680,2619,1767561448271534493,62,67751648
1763,897.1260,100,1680,2619,1767561448275626911,62,67751648
1764,897.1260,100,1680,2619,1767561448279269315,62,67751648
1765,897.1260,100,1680,2619,1767561448283413124,62,67851477
1766,897.1260,100,1680,2619,1767561448301107134,62,67851477
1767,897.1260,100,1680,2619,1767561448305020737,62,67851477
1768,897.1260,100,1680,2619,1767561448311529167,62,67851477
1769,897.1260,100,1680,2619,1767561448315274483,62,67851477
1770,897.1260,100,1680,2619,1767561448319049174,62,67851477
1771,897.1260,100,1680,2619,1767561448323606356,62,67851477
1772,897.1260,100,1680,2619,1767561448333016429,62,67851477
1773,896.7560,100,1680,2619,1767561448336595698,62,67851477
1774,896.7560,100,1680,2619,1767561448340910482,62,67851477
1775,896.7560,100,1680,2619,1767561448345042994,62,67851477
1776,896.7560,100,1680,2619,1767561448351272163,62,67851477
1777,896.7560,100,1680,2619,1767561448355051207,62,67851477
1778,896.7560,100,1680,2619,1767561448358826314,62,67851477
1779,896.7560,100,1680,2619,1767561448362702477,62,67851477
1780,896.7560,100,1680,2619,1767561448370498482,62,67851477
1781,896.7560,100,1680,2619,1767561448374104151,62,67851477
1782,896.7560,100,1680,2619,1767561448377944954,62,67851477
1783,896.7560,100,1680,2619,1767561448382875956,62,67950522
1784,896.7560,100,1680,2619,1767561448400800493,62,67950522
1785,896.7560,100,1680,2619,1767561448404966350,62,67950522
1786,896.7560,100,1680,2619,1767561448411427933,62,67950522
1787,896.7560,100,1680,2619,1767561448415200225,62,67950522
1788,896.7560,100,1680,2619,1767561448418893317,62,67950522
1789,896.7560,100,1680,2619,1767561448423432003,62,67950522
1790,896.7560,100,1680,2619,1767561448433301368,62,67950522
1791,896.7560,100,1680,2619,1767561448436851613,62,67950522
1792,896.7560,100,1680,2619,1767561448440683168,62,67950522
1793,896.7560,100,1680,2619,1767561448444865217,62,67950522
1794,896.7560,100,1680,2619,1767561448451304592,62,67950522
1795,897.7420,100,1680,2619,1767561448455046324,62,67950522
1796,897.7420,100,1680,2619,1767561448458820952,62,67950522
1797,897.7420,100,1680,2619,1767561448462685530,62,67950522
1798,897.7420,100,1680,2619,1767561448473229066,62,67950522
1799,897.7420,100,1680,2619,1767561448477385387,62,67950522
1800,897.7420,100,1680,2619,1767561448481029072,62,67950522
1801,897.7420,100,1680,2619,1767561448487764989,62,68052131
1802,897.7420,100,1680,2619,1767561448501868114,62,68052131
1803,897.7420,100,1680,2619,1767561448505919540,62,68052131
1804,897.7420,100,1680,2619,1767561448513259420,62,68052131
1805,897.7420,100,1680,2619,1767561448517037536,62,68052131
1806,897.7420,100,1680,2619,1767561448520757252,62,68052131
1807,897.7420,100,1680,2619,1767561448525125538,62,68052131
1808,897.7420,100,1680,2619,1767561448532457963,62,68052131
1809,897.7420,100,1680,2619,1767561448536248943,62,68052131
1810,897.7420,100,1680,2619,1767561448539971827,62,68052131
1811,897.7420,100,1680,2619,1767561448544818126,62,68052131
1812,897.7420,100,1680,2619,1767561448552039543,62,68052131
1813,897.7420,100,1665,2619,1767561448555781083,62,68052131
1814,897.7420,100,1665,2619,1767561448559570110,62,68052131
1815,897.7420,100,1665,2619,1767561448564902422,62,68052131
1816,897.7420,100,1665,2619,1767561448573928498,62,68052131
1817,897.7420,100,1665,2619,1767561448577713686,62,68052131
1818,897.0890,100,1665,2619,1767561448582735856,62,68148408
1819,897.0890,100,1665,2619,1767561448603218901,62,68148408
1820,897.0890,100,1665,2619,1767561448612727693,62,68148408
1821,897.0890,100,1665,2619,1767561448616509488,62,68148408
1822,897.0890,100,1665,2619,1767561448620281716,62,68148408
1823,897.0890,100,1665,2619,1767561448627316191,62,68148408
1824,897.0890,100,1665,2619,1767561448634653608,62,68148408
1825,897.0890,100,1665,2619,1767561448638578314,61,68148408
1826,897.0890,100,1665,2619,1767561448642428077,61,68148408
1827,897.0890,100,1665,2619,1767561448651107947,61,68148408
1828,897.0890,100,1665,2619,1767561448655867688,61,68148408
1829,897.0890,100,1665,2619,1767561448659571212,61,68148408
1830,897.0890,100,1665,2619,1767561448664842756,61,68148408
1831,897.0890,100,1665,2619,1767561448672128877,61,68148408
1832,897.0890,100,1665,2619,1767561448675687698,61,68148408
1833,897.0890,100,1665,2619,1767561448679462901,61,68148408
1834,897.0890,100,1665,2619,1767561448683520247,61,68246968
1835,897.0890,100,1665,2619,1767561448701481231,61,68246968
1836,897.0890,100,1665,2619,1767561448705489841,61,68246968
1837,897.4230,100,1665,2619,1767561448714585676,61,68246968
1838,897.4230,100,1665,2619,1767561448718293584,61,68246968
1839,897.4230,100,1665,2619,1767561448722067252,61,68246968
1840,897.4230,100,1665,2619,1767561448726202101,61,68246968
1841,897.4230,100,1665,2619,1767561448733559133,61,68246968
1842,897.4230,100,1665,2619,1767561448737357792,61,68246968
1843,897.4230,100,1665,2619,1767561448741263875,61,68246968
1844,897.4230,100,1665,2619,1767561448745251781,61,68246968
1845,897.4230,100,1665,2619,1767561448751549365,61,68246968
1846,897.4230,100,1665,2619,1767561448755337817,62,68246968
1847,897.4230,100,1665,2619,1767561448759519353,62,68246968
1848,897.4230,100,1665,2619,1767561448763369404,62,68246968
1849,897.4230,100,1665,2619,1767561448771245984,62,68246968
1850,897.4230,100,1665,2619,1767561448775291042,62,68246968
1851,897.4230,100,1665,2619,1767561448778996518,62,68246968
1852,897.4230,100,1665,2619,1767561448783185287,62,68345078
1853,897.4230,100,1665,2619,1767561448800758145,62,68345078
1854,897.4230,100,1665,2619,1767561448804693060,62,68345078
1855,897.4230,100,1680,2619,1767561448811370706,62,68345078
1856,897.4230,100,1680,2619,1767561448815112182,62,68345078
1857,897.4230,100,1680,2619,1767561448818795162,62,68345078
1858,897.4230,100,1680,2619,1767561448823080153,62,68345078
1859,897.4230,100,1680,2619,1767561448832829935,62,68345078
1860,897.7710,100,1680,2619,1767561448836418772,62,68345078
1861,897.7710,100,1680,2619,1767561448840113049,62,68345078
1862,897.7710,100,1680,2619,1767561448844830613,62,68345078
1863,897.7710,100,1680,2619,1767561448851325604,62,68345078
1864,897.7710,100,1680,2619,1767561448855053064,62,68345078
1865,897.7710,100,1680,2619,1767561448858824843,62,68345078
1866,897.7710,100,1680,2619,1767561448863099179,62,68345078
1867,897.7710,100,1680,2619,1767561448871087983,62,68345078
1868,897.7710,100,1680,2619,1767561448874640916,62,68345078
1869,897.7710,100,1680,2619,1767561448878669494,62,68345078
1870,897.7710,100,1680,2619,1767561448882868118,62,68444048
1871,897.7710,100,1680,2619,1767561448902785792,62,68444048
1872,897.7710,100,1680,2619,1767561448911166848,62,68444048
1873,897.7710,100,1680,2619,1767561448914687077,62,68444048
1874,897.7710,100,1680,2619,1767561448920413754,62,68444048
1875,897.7710,100,1680,2619,1767561448927472069,62,68444048
1876,897.7710,100,1680,2619,1767561448934778574,62,68444048
1877,897.7710,100,1665,2619,1767561448938484978,62,68444048
1878,897.7710,100,1665,2619,1767561448942259669,62,68444048
1879,897.7710,100,1665,2619,1767561448950888532,62,68444048
1880,897.7710,100,1665,2619,1767561448954596376,62,68444048
1881,897.3090,100,1665,2619,1767561448958283100,62,68444048
1882,897.3090,100,1665,2619,1767561448962140287,62,68444048
1883,897.3090,100,1665,2619,1767561448970740862,62,68444048
1884,897.3090,100,1665,2619,1767561448974518466,62,68444048
1885,897.3090,100,1665,2619,1767561448978423972,62,68444048
1886,897.3090,100,1665,2619,1767561448982873059,62,68542937
1887,897.3090,100,1665,2619,1767561449001707989,62,68542937
1888,897.3090,100,1665,2619,1767561449005635063,62,68542937
1889,897.3090,100,1665,2619,1767561449013024479,62,68542937
1890,897.3090,100,1665,2619,1767561449016879938,62,68542937
1891,897.3090,100,1665,2619,1767561449020623526,62,68542937
1892,897.3090,100,1665,2619,1767561449027457106,62,68542937
1893,897.3090,100,1665,2619,1767561449036684076,62,68542937
1894,897.3090,100,1665,2619,1767561449040703086,62,68542937
1895,897.3090,100,1665,2619,1767561449044840495,62,68542937
1896,897.3090,100,1665,2619,1767561449051913946,62,68542937
1897,897.3090,100,1665,2619,1767561449055544958,62,68542937
1898,897.3090,100,1680,2619,1767561449059267074,62,68542937
1899,897.3090,100,1680,2619,1767561449063124389,62,68542937
1900,897.3090,100,1680,2619,1767561449070880554,62,68542937
1901,897.3090,100,1680,2619,1767561449074666350,62,68542937
1902,897.3090,100,1680,2619,1767561449078470673,62,68542937
1903,897.6150,100,1680,2619,1767561449082898704,62,68641364
1904,897.6150,100,1680,2619,1767561449100347339,62,68641364
1905,897.6150,100,1680,2619,1767561449104761258,62,68641364
1906,897.6150,100,1680,2619,1767561449111222170,62,68641364
1907,897.6150,100,1680,2619,1767561449115080541,62,68641364
1908,897.6150,100,1680,2619,1767561449118911904,62,68641364
1909,897.6150,100,1680,2619,1767561449123377214,62,68641364
1910,897.6150,100,1680,2619,1767561449133303539,62,68641364
1911,897.6150,100,1680,2619,1767561449136822712,62,68641364
1912,897.6150,100,1680,2619,1767561449140809402,62,68641364
1913,897.6150,100,1680,2619,1767561449144875868,62,68641364
1914,897.6150,100,1680,2619,1767561449151224556,62,68641364
1915,897.6150,100,1680,2619,1767561449154952911,62,68641364
1916,897.6150,100,1680,2619,1767561449158639603,62,68641364
1917,897.6150,100,1680,2619,1767561449162499062,62,68641364
1918,897.6150,100,1680,2619,1767561449170347515,62,68641364
1919,897.6150,100,1680,2619,1767561449174703547,62,68641364
1920,897.6150,100,1680,2619,1767561449178562846,62,68641364
1921,897.6150,100,1680,2619,1767561449182961020,62,68741557
1922,897.6150,100,1680,2619,1767561449202264330,62,68741557
1923,897.6150,100,1680,2619,1767561449210026224,62,68741557
1924,898.4510,100,1680,2619,1767561449213791251,62,68741557
1925,898.4510,100,1680,2619,1767561449217647798,62,68741557
1926,898.4510,100,1680,2619,1767561449221553560,62,68741557
1927,898.4510,100,1680,2619,1767561449228191207,62,68741557
1928,898.4510,100,1680,2619,1767561449234596246,62,68741557
1929,898.4510,100,1680,2619,1767561449238359002,62,68741557
1930,898.4510,100,1680,2619,1767561449242197213,62,68741557
1931,898.4510,100,1680,2619,1767561449250152768,62,68741557
1932,898.4510,100,1680,2619,1767561449253756965,62,68741557
1933,898.4510,100,1680,2619,1767561449257502569,62,68741557
1934,898.4510,100,1680,2619,1767561449261303789,62,68741557
1935,898.4510,100,1680,2619,1767561449265290895,62,68741557
1936,898.4510,100,1680,2619,1767561449271930364,62,68741557
1937,898.4510,100,1680,2619,1767561449276868855,62,68741557
1938,898.4510,100,1680,2619,1767561449280655866,62,68741557
1939,898.4510,100,1680,2619,1767561449286689549,62,68842876
1940,898.4510,100,1680,2619,1767561449301045537,62,68842876
1941,898.4510,100,1680,2619,1767561449305051330,62,68842876
1942,898.4510,100,1680,2619,1767561449311510865,62,68842876
1943,898.4510,100,1680,2619,1767561449315301173,62,68842876
1944,898.4510,100,1680,2619,1767561449319117656,62,68842876
1945,898.4510,100,1680,2619,1767561449324119795,62,68842876
1946,898.4510,100,1680,2619,1767561449336173143,62,68842876
1947,898.7310,100,1680,2619,1767561449339788540,62,68842876
1948,898.7310,100,1680,2619,1767561449344722167,62,68842876
1949,898.7310,100,1680,2619,1767561449351205638,62,68842876
1950,898.7310,100,1680,2619,1767561449354971850,62,68842876
1951,898.7310,100,1680,2619,1767561449358727021,62,68842876
1952,898.7310,100,1680,2619,1767561449362483025,62,68842876
1953,898.7310,100,1680,2619,1767561449371180911,62,68842876
1954,898.7310,100,1680,2619,1767561449374809075,62,68842876
1955,898.7310,100,1680,2619,1767561449378967252,62,68842876
1956,898.7310,100,1680,2619,1767561449383334707,62,68941040
1957,898.7310,100,1680,2619,1767561449401714216,62,68941040
1958,898.7310,100,1680,2619,1767561449405712362,62,68941040
1959,898.7310,100,1680,2619,1767561449413168082,62,68941040
1960,898.7310,100,1680,2619,1767561449416964534,62,68941040
1961,898.7310,100,1680,2619,1767561449420656474,62,68941040
1962,898.7310,100,1680,2619,1767561449425335574,62,68941040
1963,898.7310,100,1680,2619,1767561449432593983,62,68941040
1964,898.7310,100,1665,2619,1767561449436364003,62,68941040
1965,898.7310,100,1665,2619,1767561449440056167,62,68941040
1966,898.7310,100,1665,2619,1767561449444793667,62,68941040
1967,898.7310,100,1665,2619,1767561449452010093,62,68941040
1968,898.7310,100,1665,2619,1767561449455659985,62,68941040
1969,897.6050,100,1665,2619,1767561449459426996,62,68941040
1970,897.6050,100,1665,2619,1767561449463228792,62,68941040
1971,897.6050,100,1665,2619,1767561449471937718,62,68941040
1972,897.6050,100,1665,2619,1767561449475736858,62,68941040
1973,897.6050,100,1665,2619,1767561449479914842,62,68941040
1974,897.6050,100,1665,2619,1767561449485474832,62,69039532
1975,897.6050,100,1665,2619,1767561449501503127,62,69039532
1976,897.6050,100,1665,2619,1767561449505494425,62,69039532
1977,897.6050,100,1665,2619,1767561449512822946,62,69039532
1978,897.6050,100,1665,2619,1767561449516559269,62,69039532
1979,897.6050,100,1665,2619,1767561449520315401,62,69039532
1980,897.6050,100,1665,2619,1767561449527719249,62,69039532
1981,897.6050,100,1665,2619,1767561449536548911,62,69039532
1982,897.6050,100,1665,2619,1767561449540338866,62,69039532
1983,897.6050,100,1665,2619,1767561449544792144,62,69039532
1984,897.6050,100,1665,2619,1767561449552214424,62,69039532
1985,897.6050,100,1665,2619,1767561449555829917,62,69039532
1986,897.6050,100,1680,2619,1767561449559553921,62,69039532
1987,897.6050,100,1680,2619,1767561449564859417,62,69039532
1988,897.6050,100,1680,2619,1767561449573818645,62,69039532
1989,897.6050,100,1680,2619,1767561449577564600,62,69039532
1990,896.8130,100,1680,2619,1767561449582797009,62,69136769
1991,896.8130,100,1680,2619,1767561449600758698,62,69136769
1992,896.8130,100,1680,2619,1767561449604809035,62,69136769
1993,896.8130,100,1680,2619,1767561449611274650,62,69136769
1994,896.8130,100,1680,2619,1767561449615003422,62,69136769
1995,896.8130,100,1680,2619,1767561449618866689,62,69136769
1996,896.8130,100,1680,2619,1767561449623217280,62,69136769
1997,896.8130,100,1680,2619,1767561449633992431,62,69136769
1998,896.8130,100,1680,2619,1767561449637507860,62,69136769
1999,896.8130,100,1680,2619,1767561449641431126,62,69136769
2000,896.8130,100,1680,2619,1767561449645413688,62,69136769
2001,896.8130,100,1680,2619,1767561449652555523,62,69136769
2002,896.8130,100,1680,2619,1767561449656284135,62,69136769
2003,896.8130,100,1680,2619,1767561449660047402,62,69136769
2004,896.8130,100,1680,2619,1767561449664773414,62,69136769
2005,896.8130,100,1680,2619,1767561449671955760,62,69136769
2006,896.8130,100,1680,2619,1767561449675587509,62,69136769
2007,896.8130,100,1665,2619,1767561449679308921,62,69136769
2008,896.8130,100,1665,2619,1767561449684744176,62,69235658
2009,896.8130,100,1665,2619,1767561449701681679,62,69235658
2010,896.8130,100,1665,2619,1767561449705633042,62,69235658
2011,897.0260,100,1665,2619,1767561449714543791,62,69235658
2012,897.0260,100,1665,2619,1767561449718251795,62,69235658
2013,897.0260,100,1665,2619,1767561449721799384,62,69235658
2014,897.0260,100,1665,2619,1767561449726130743,62,69235658
2015,897.0260,100,1665,2619,1767561449733720606,62,69235658
2016,897.0260,100,1665,2619,1767561449737458466,62,69235658
2017,897.0260,100,1665,2619,1767561449741400644,62,69235658
2018,897.0260,100,1665,2619,1767561449745461829,62,69235658
2019,897.0260,100,1665,2619,1767561449751728118,62,69235658
2020,897.0260,100,1665,2619,1767561449755435866,62,69235658
2021,897.0260,100,1665,2619,1767561449759205597,62,69235658
2022,897.0260,100,1665,2619,1767561449762937857,62,69235658
2023,897.0260,100,1665,2619,1767561449770885797,62,69235658
2024,897.0260,100,1665,2619,1767561449774895463,62,69235658
2025,897.0260,100,1665,2619,1767561449778763178,62,69235658
2026,897.0260,100,1665,2619,1767561449782979562,62,69334318
2027,897.0260,100,1665,2619,1767561449800724804,62,69334318
2028,897.0260,100,1665,2619,1767561449804879013,62,69334318
2029,897.0260,100,1680,2619,1767561449811391315,62,69334318
2030,897.0260,100,1680,2619,1767561449815132951,62,69334318
2031,897.0260,100,1680,2619,1767561449818762075,62,69334318
2032,897.0260,100,1680,2619,1767561449822914492,62,69334318
2033,897.0260,100,1680,2619,1767561449833309166,62,69334318
2034,897.5740,100,1680,2619,1767561449836884531,62,69334318
2035,897.5740,100,1680,2619,1767561449840647319,62,69334318
2036,897.5740,100,1680,2619,1767561449844821207,62,69334318
2037,897.5740,100,1680,2619,1767561449851153543,62,69334318
2038,897.5740,100,1680,2619,1767561449854922219,62,69334318
2039,897.5740,100,1680,2619,1767561449858614159,62,69334318
2040,897.5740,100,1680,2619,1767561449862464754,62,69334318
2041,897.5740,100,1680,2619,1767561449870372758,62,69334318
2042,897.5740,100,1680,2619,1767561449873990811,62,69334318
2043,897.5740,100,1680,2619,1767561449877966716,62,69334318
2044,897.5740,100,1680,2619,1767561449882906423,62,69433668
2045,897.5740,100,1680,2619,1767561449900700817,62,69433668
2046,897.5740,100,1680,2619,1767561449905444365,62,69433668
2047,897.5740,100,1680,2619,1767561449911922396,62,69433668
2048,897.5740,100,1680,2619,1767561449915654368,62,69433668
2049,897.5740,100,1680,2619,1767561449921400341,62,69433668
2050,897.5740,100,1680,2619,1767561449928041411,62,69433668
2051,897.5740,100,1680,2619,1767561449934648369,62,69433668
2052,897.5740,100,1680,2619,1767561449938364436,62,69433668
2053,897.5740,100,1680,2619,1767561449942286391,62,69433668
2054,897.5740,100,1680,2619,1767561449950035869,62,69433668
2055,897.5840,100,1680,2619,1767561449953823328,62,69433668
2056,897.5840,100,1680,2619,1767561449957527972,62,69433668
2057,897.5840,100,1680,2619,1767561449961393063,62,69433668
2058,897.5840,100,1680,2619,1767561449965411592,62,69433668
2059,897.5840,100,1680,2619,1767561449972002647,62,69433668
2060,897.5840,100,1680,2619,1767561449975746426,62,69433668
2061,897.5840,100,1680,2619,1767561449979523646,62,69433668
2062,897.5840,100,1680,2619,1767561449983687615,62,69533755
2063,897.5840,100,1680,2619,1767561450003619144,62,69533755
2064,897.5840,100,1680,2619,1767561450012894850,62,69533755
2065,897.5840,100,1680,2619,1767561450016467303,63,69533755
2066,897.5840,100,1680,2619,1767561450020185099,63,69533755
2067,897.5840,100,1680,2619,1767561450027482900,63,69533755
2068,897.5840,100,1680,2619,1767561450036988812,63,69533755
2069,897.5840,100,1680,2619,1767561450041014766,63,69533755
2070,897.5840,100,1680,2619,1767561450045220366,63,69533755
2071,897.5840,100,1680,2619,1767561450054142058,63,69533755
2072,897.5840,100,1680,2619,1767561450057763855,63,69533755
2073,897.5840,100,1695,2619,1767561450061329012,63,69533755
2074,897.5840,100,1695,2619,1767561450065511157,63,69533755
2075,897.5840,100,1695,2619,1767561450072799550,63,69533755
2076,897.5840,100,1695,2619,1767561450076862111,63,69533755
2077,897.5840,100,1695,2619,1767561450080498628,63,69533755
2078,897.6770,100,1695,2619,1767561450086687061,63,69632662
2079,897.6770,100,1695,2619,1767561450103502550,63,69632662
2080,897.6770,100,1695,2619,1767561450114394628,63,69632662
2081,897.6770,100,1695,2619,1767561450118671843,63,69632662
2082,897.6770,100,1695,2619,1767561450122788196,63,69632662
2083,897.6770,100,1695,2619,1767561450134939209,63,69632662
2084,897.6770,100,1695,2619,1767561450139020234,63,69632662
2085,897.6770,100,1695,2619,1767561450142951628,63,69632662
2086,897.6770,100,1695,2619,1767561450153371805,63,69632662
2087,897.6770,100,1695,2619,1767561450157314304,63,69632662
2088,897.6770,100,1695,2619,1767561450161449569,63,69632662
2089,897.6770,100,1695,2619,1767561450165526594,63,69632662
2090,897.6770,100,1695,2619,1767561450174403390,63,69632662
2091,897.6770,100,1695,2619,1767561450178402496,63,69632662
2092,897.6770,100,1695,2619,1767561450182813855,63,69731671
2093,897.6770,100,1650,2619,1767561450202852552,63,69731671
2094,897.6770,100,1650,2619,1767561450211529510,63,69731671
2095,897.9820,100,1650,2619,1767561450215255082,63,69731671
2096,897.9820,100,1650,2619,1767561450219504298,63,69731671
2097,897.9820,100,1650,2619,1767561450224810050,63,69731671
2098,897.9820,100,1650,2619,1767561450236428938,63,69731671
2099,897.9820,100,1650,2619,1767561450239982863,63,69731671
2100,897.9820,100,1650,2619,1767561450244776907,63,69731671
2101,897.9820,100,1650,2619,1767561450252291059,63,69731671
2102,897.9820,100,1650,2619,1767561450256006039,62,69731671
2103,897.9820,100,1650,2619,1767561450259690331,62,69731671
2104,897.9820,100,1650,2619,1767561450264805076,62,69731671
2105,897.9820,100,1650,2619,1767561450271199332,62,69731671
2106,897.9820,100,1650,2619,1767561450274991431,62,69731671
2107,897.9820,100,1650,2619,1767561450278967273,62,69731671
2108,897.9820,100,1650,2619,1767561450283007435,62,69829730
2109,897.9820,100,1650,2619,1767561450300384039,62,69829730
2110,897.9820,100,1650,2619,1767561450304719591,62,69829730
2111,897.9820,100,1680,2619,1767561450311248502,62,69829730
2112,897.9820,100,1680,2619,1767561450314982426,62,69829730
2113,897.9820,100,1680,2619,1767561450318870268,62,69829730
2114,897.9820,100,1680,2619,1767561450324533425,62,69829730
2115,897.9820,100,1680,2619,1767561450334675045,62,69829730
2116,896.4570,100,1680,2619,1767561450338272905,62,69829730
2117,896.4570,100,1680,2619,1767561450342088109,62,69829730
2118,896.4570,100,1680,2619,1767561450346321581,62,69829730
2119,896.4570,100,1680,2619,1767561450353399191,62,69829730
2120,896.4570,100,1680,2619,1767561450357186938,62,69829730
2121,896.4570,100,1680,2619,1767561450361034045,62,69829730
2122,896.4570,100,1680,2619,1767561450364998944,62,69829730
2123,896.4570,100,1680,2619,1767561450371380272,62,69829730
2124,896.4570,100,1680,2619,1767561450374929045,62,69829730
2125,896.4570,100,1680,2619,1767561450378761336,63,69829730
2126,896.4570,100,1680,2619,1767561450382996888,63,69928966
2127,896.4570,100,1680,2619,1767561450403290687,63,69928966
2128,896.4570,100,1680,2619,1767561450412684312,63,69928966
2129,896.4570,100,1680,2619,1767561450416270492,63,69928966
2130,896.4570,100,1680,2619,1767561450419988352,63,69928966
2131,896.4570,100,1680,2619,1767561450427502728,63,69928966
2132,896.4570,100,1680,2619,1767561450434800977,63,69928966
2133,896.4570,100,1665,2619,1767561450438581684,63,69928966
2134,896.4570,100,1665,2619,1767561450442411447,63,69928966
2135,896.4570,100,1665,2619,1767561450451245364,63,69928966
2136,896.4570,100,1665,2619,1767561450454904761,63,69928966
2137,896.7660,100,1665,2619,1767561450458765340,63,69928966
2138,896.7660,100,1665,2619,1767561450462506752,63,69928966
2139,896.7660,100,1665,2619,1767561450471260413,63,69928966
2140,896.7660,100,1665,2619,1767561450475071648,63,69928966
2141,896.7660,100,1665,2619,1767561450478955907,63,69928966
2142,896.7660,100,1665,2619,1767561450482968645,63,70027857
2143,896.7660,100,1665,2619,1767561450501057885,63,70027857
2144,896.7660,100,1665,2619,1767561450505035454,63,70027857
2145,896.7660,100,1665,2619,1767561450512348903,62,70027857
2146,896.7660,100,1665,2619,1767561450516073739,62,70027857
2147,896.7660,100,1665,2619,1767561450519831023,62,70027857
2148,896.7660,100,1665,2619,1767561450527437782,62,70027857
2149,896.7660,100,1665,2619,1767561450534881277,62,70027857
2150,896.7660,100,1665,2619,1767561450538460194,62,70027857
2151,896.7660,100,1665,2619,1767561450542208358,62,70027857
2152,896.7660,100,1665,2619,1767561450551136514,62,70027857
2153,896.7660,100,1665,2619,1767561450554769415,62,70027857
2154,896.7660,100,1665,2619,1767561450558510315,62,70027857
2155,896.7660,100,1665,2619,1767561450562248174,62,70027857
2156,896.7660,100,1665,2619,1767561450570892013,62,70027857
2157,896.7660,100,1665,2619,1767561450574666961,62,70027857
2158,896.7660,100,1665,2619,1767561450578400117,62,70027857
2159,896.4760,100,1665,2619,1767561450582707508,62,70125321
2160,896.4760,100,1665,2619,1767561450601543334,62,70125321
2161,896.4760,100,1665,2619,1767561450605544967,62,70125321
2162,896.4760,100,1665,2619,1767561450612877200,62,70125321
2163,896.4760,100,1665,2619,1767561450616668724,62,70125321
2164,896.4760,100,1665,2619,1767561450620433207,62,70125321
2165,896.4760,100,1665,2619,1767561450627479874,62,70125321
2166,896.4760,100,1665,2619,1767561450634748075,62,70125321
2167,896.4760,100,1665,2619,1767561450639009899,62,70125321
2168,896.4760,100,1665,2619,1767561450642927342,62,70125321
2169,896.4760,100,1665,2619,1767561450651752747,62,70125321
2170,896.4760,100,1665,2619,1767561450655765228,62,70125321
2171,896.4760,100,1665,2619,1767561450659527504,62,70125321
2172,896.4760,100,1665,2619,1767561450663337235,62,70125321
2173,896.4760,100,1665,2619,1767561450673770309,62,70125321
2174,896.4760,100,1665,2619,1767561450677520137,62,70125321
2175,896.4760,100,1665,2619,1767561450681071693,62,70125321
2176,896.4760,100,1665,2619,1767561450688012537,62,70226314
2177,896.4760,100,1665,2619,1767561450701364084,62,70226314
2178,896.4760,100,1665,2619,1767561450705331830,62,70226314
2179,896.4420,100,1665,2619,1767561450711807397,62,70226314
2180,896.4420,100,1665,2619,1767561450715591976,62,70226314
2181,896.4420,100,1665,2619,1767561450719278797,62,70226314
2182,896.4420,100,1665,2619,1767561450723313294,62,70226314
2183,896.4420,100,1665,2619,1767561450731328370,62,70226314
2184,896.4420,100,1665,2619,1767561450735112950,62,70226314
2185,896.4420,100,1665,2619,1767561450738885049,62,70226314
2186,896.4420,100,1665,2619,1767561450743193944,62,70226314
2187,896.4420,100,1665,2619,1767561450751259067,62,70226314
2188,896.4420,100,1665,2619,1767561450755145118,63,70226314
2189,896.4420,100,1665,2619,1767561450758899746,63,70226314
2190,896.4420,100,1665,2619,1767561450762729957,63,70226314
2191,896.4420,100,1665,2619,1767561450770573162,63,70226314
2192,896.4420,100,1665,2619,1767561450774587307,63,70226314
2193,896.4420,100,1665,2619,1767561450778496589,63,70226314
2194,896.4420,100,1665,2619,1767561450782864397,63,70323050
2195,896.4420,100,1665,2619,1767561450800622055,63,70323050
2196,896.4420,100,1665,2619,1767561450804811975,63,70323050
2197,896.4420,100,1680,2619,1767561450811432757,63,70323050
2198,896.4420,100,1680,2619,1767561450815231672,63,70323050
2199,896.4420,100,1680,2619,1767561450818996252,63,70323050
2200,896.4420,100,1680,2619,1767561450823457691,63,70323050
2201,896.4420,100,1680,2619,1767561450833936683,63,70323050
2202,896.6350,100,1680,2619,1767561450837491472,63,70323050
2203,896.6350,100,1680,2619,1767561450841410547,63,70323050
2204,896.6350,100,1680,2619,1767561450845641523,63,70323050
2205,896.6350,100,1680,2619,1767561450852828381,63,70323050
2206,896.6350,100,1680,2619,1767561450856684384,63,70323050
2207,896.6350,100,1680,2619,1767561450860457763,63,70323050
2208,896.6350,100,1680,2619,1767561450864866657,63,70323050
2209,896.6350,100,1680,2619,1767561450871315025,63,70323050
2210,896.6350,100,1680,2619,1767561450874890838,63,70323050
2211,896.6350,100,1680,2619,1767561450878921144,63,70323050
2212,896.6350,100,1680,2619,1767561450882977945,63,70422387
2213,896.6350,100,1680,2619,1767561450900213559,63,70422387
2214,896.6350,100,1680,2619,1767561450904747380,63,70422387
2215,896.6350,100,1680,2619,1767561450913875376,63,70422387
2216,896.6350,100,1680,2619,1767561450917781875,63,70422387
2217,896.6350,100,1680,2619,1767561450921435703,63,70422387
2218,896.6350,100,1680,2619,1767561450933521851,63,70422387
2219,896.6350,100,1665,2619,1767561450937117568,63,70422387
2220,896.6350,100,1665,2619,1767561450940916452,63,70422387
2221,896.6350,100,1665,2619,1767561450944995077,63,70422387
2222,896.6350,100,1665,2619,1767561450952310125,63,70422387
2223,896.6350,100,1665,2619,1767561450956002545,63,70422387
2224,896.2560,100,1665,2619,1767561450959935796,63,70422387
2225,896.2560,100,1665,2619,1767561450964805711,63,70422387
2226,896.2560,100,1665,2619,1767561450972062137,63,70422387
2227,896.2560,100,1665,2619,1767561450975799772,63,70422387
2228,896.2560,100,1665,2619,1767561450979590784,63,70422387
2229,896.2560,100,1665,2619,1767561450985280180,63,70522501
2230,896.2560,100,1665,2619,1767561451001999479,63,70522501
2231,896.2560,100,1665,2619,1767561451005884345,63,70522501
2232,896.2560,100,1665,2619,1767561451013259873,63,70522501
2233,896.2560,100,1665,2619,1767561451017248579,63,70522501
2234,896.2560,100,1665,2619,1767561451021080454,63,70522501
2235,896.2560,100,1665,2619,1767561451027645685,63,70522501
2236,896.2560,100,1665,2619,1767561451034939102,63,70522501
2237,896.2560,100,1665,2619,1767561451038684418,63,70522501
2238,896.2560,100,1665,2619,1767561451042513956,63,70522501
2239,896.2560,100,1665,2619,1767561451051202947,63,70522501
2240,896.2560,100,1665,2619,1767561451055528514,63,70522501
2241,896.2560,100,1665,2619,1767561451059290790,63,70522501
2242,896.2560,100,1665,2619,1767561451063239624,63,70522501
2243,896.2560,100,1665,2619,1767561451071961958,63,70522501
2244,896.2560,100,1665,2619,1767561451075660458,63,70522501
2245,896.6350,100,1665,2619,1767561451079423693,63,70522501
2246,896.6350,100,1665,2619,1767561451083489295,63,70620070
2247,896.6350,100,1665,2619,1767561451103229210,63,70620070
2248,896.6350,100,1665,2619,1767561451112504116,63,70620070
2249,896.6350,100,1665,2619,1767561451116033241,63,70620070
2250,896.6350,100,1665,2619,1767561451119943100,63,70620070
2251,896.6350,100,1665,2619,1767561451127461667,63,70620070
2252,896.6350,100,1665,2619,1767561451133945202,63,70620070
2253,896.6350,100,1665,2619,1767561451137657302,63,70620070
2254,896.6350,100,1665,2619,1767561451141609112,63,70620070
2255,896.6350,100,1665,2619,1767561451145587034,63,70620070
2256,896.6350,100,1665,2619,1767561451152007402,63,70620070
2257,896.6350,100,1665,2619,1767561451156950085,63,70620070
2258,896.6350,100,1665,2619,1767561451160728264,63,70620070
2259,896.6350,100,1665,2619,1767561451165013447,63,70620070
2260,896.6350,100,1665,2619,1767561451171530742,63,70620070
2261,896.6350,100,1665,2619,1767561451175262810,63,70620070
2262,896.6350,100,1665,2619,1767561451178960222,63,70620070
2263,896.6350,100,1680,2619,1767561451183262078,63,70718879
2264,896.6350,100,1680,2619,1767561451202374989,63,70718879
2265,896.6350,100,1680,2619,1767561451210161427,63,70718879
2266,894.9780,100,1680,2619,1767561451213926455,63,70718879
2267,894.9780,100,1680,2619,1767561451217629691,63,70718879
2268,894.9780,100,1680,2619,1767561451221492701,63,70718879
2269,894.9780,100,1680,2619,1767561451228201322,63,70718879
2270,894.9780,100,1680,2619,1767561451234625338,63,70718879
2271,894.9780,100,1680,2619,1767561451238395774,63,70718879
2272,894.9780,100,1680,2619,1767561451242156129,63,70718879
2273,894.9780,100,1680,2619,1767561451250050854,63,70718879
2274,894.9780,100,1680,2619,1767561451253640362,63,70718879
2275,894.9780,100,1680,2619,1767561451257808107,63,70718879
2276,894.9780,100,1680,2619,1767561451261672622,63,70718879
2277,894.9780,100,1680,2619,1767561451265795343,63,70718879
2278,894.9780,100,1680,2619,1767561451272263710,63,70718879
2279,894.9780,100,1680,2619,1767561451276339999,63,70718879
2280,894.9780,100,1680,2619,1767561451280032035,63,70718879
2281,894.9780,100,1680,2619,1767561451285637273,63,70819204
2282,894.9780,100,1680,2619,1767561451301187844,63,70819204
2283,894.9780,100,1680,2619,1767561451305093958,63,70819204
2284,894.9780,100,1680,2619,1767561451311565525,63,70819204
2285,894.9780,100,1680,2619,1767561451315340952,63,70819204
2286,894.9780,100,1680,2619,1767561451319049660,63,70819204
2287,894.9780,100,1680,2619,1767561451323681529,63,70819204
2288,894.9780,100,1680,2619,1767561451333307601,63,70819204
2289,896.4080,100,1680,2619,1767561451336836279,63,70819204
2290,896.4080,100,1680,2619,1767561451340701497,63,70819204
2291,896.4080,100,1680,2619,1767561451344827706,63,70819204
2292,896.4080,100,1680,2619,1767561451351038123,63,70819204
2293,896.4080,100,1680,2619,1767561451354809135,63,70819204
2294,896.4080,100,1680,2619,1767561451359006671,63,70819204
2295,896.4080,100,1680,2619,1767561451362824370,63,70819204
2296,896.4080,100,1680,2619,1767561451371012180,63,70819204
2297,896.4080,100,1680,2619,1767561451374606553,63,70819204
2298,896.4080,100,1680,2619,1767561451378471932,63,70819204
2299,896.4080,100,1680,2619,1767561451382852187,63,70917261
2300,896.4080,100,1680,2619,1767561451400737108,63,70917261
2301,896.4080,100,1680,2619,1767561451404750389,63,70917261
2302,896.4080,100,1680,2619,1767561451413629618,63,70917261
2303,896.4080,100,1680,2619,1767561451417273719,63,70917261
2304,896.4080,100,1680,2619,1767561451420905692,63,70917261
2305,896.4080,100,1680,2619,1767561451427493482,63,70917261
2306,896.4080,100,1665,2619,1767561451434009945,63,70917261
2307,896.4080,100,1665,2619,1767561451437896411,63,70917261
2308,896.4080,100,1665,2619,1767561451441750718,63,70917261
2309,896.4080,100,1665,2619,1767561451445618785,63,70917261
2310,897.1540,100,1665,2619,1767561451452908842,63,70917261
2311,897.1540,100,1665,2619,1767561451456685902,63,70917261
2312,897.1540,100,1665,2619,1767561451461023885,63,70917261
2313,897.1540,100,1665,2619,1767561451465064302,63,70917261
2314,897.1540,100,1665,2619,1767561451472587349,63,70917261
2315,897.1540,100,1665,2619,1767561451476309113,63,70917261
2316,897.1540,100,1665,2619,1767561451480072829,63,70917261
2317,897.1540,100,1665,2619,1767561451485564212,63,71017745
2318,897.1540,100,1665,2619,1767561451501436059,63,71017745
2319,897.1540,100,1665,2619,1767561451505539805,63,71017745
2320,897.1540,100,1665,2619,1767561451513023172,63,71017745
2321,897.1540,100,1665,2619,1767561451516754472,63,71017745
2322,897.1540,100,1665,2619,1767561451520519884,63,71017745
2323,897.1540,100,1665,2619,1767561451527501398,63,71017745
2324,897.1540,100,1665,2619,1767561451534748992,63,71017745
2325,897.1540,100,1665,2619,1767561451538455812,63,71017745
2326,897.1540,100,1665,2619,1767561451542258056,63,71017745
2327,897.1540,100,1665,2619,1767561451550873830,63,71017745
2328,897.1540,100,1665,2619,1767561451554578602,63,71017745
2329,896.6700,100,1665,2619,1767561451558329070,63,71017745
2330,896.6700,100,1665,2619,1767561451562603854,63,71017745
2331,896.6700,100,1665,2619,1767561451571355116,63,71017745
2332,896.6700,100,1665,2619,1767561451575064688,63,71017745
2333,896.6700,100,1665,2619,1767561451578962195,63,71017745
2334,896.6700,100,1665,2619,1767561451583156243,63,71114363
2335,896.6700,100,1665,2619,1767561451601741798,63,71114363
2336,896.6700,100,1665,2619,1767561451605687401,63,71114363
2337,896.6700,100,1665,2619,1767561451614861699,63,71114363
2338,896.6700,100,1665,2619,1767561451618811141,63,71114363
2339,896.6700,100,1665,2619,1767561451622714984,63,71114363
2340,896.6700,100,1665,2619,1767561451633437271,63,71114363
2341,896.6700,100,1665,2619,1767561451636985885,63,71114363
2342,896.6700,100,1665,2619,1767561451640907967,63,71114363
2343,896.6700,100,1665,2619,1767561451644985600,63,71114363
2344,896.6700,100,1665,2619,1767561451651457583,63,71114363
2345,896.6700,100,1680,2619,1767561451655239794,63,71114363
2346,896.6700,100,1680,2619,1767561451659002998,63,71114363
2347,896.6700,100,1680,2619,1767561451664832490,63,71114363
2348,896.6700,100,1680,2619,1767561451671267481,63,71114363
2349,896.6700,100,1680,2619,1767561451675078716,63,71114363
2350,896.6220,100,1680,2619,1767561451679087454,63,71114363
2351,896.6220,100,1680,2619,1767561451683027904,63,71213167
2352,896.6220,100,1680,2619,1767561451700222175,63,71213167