sample,power(W),gpu_util(%),core_clock(MHz),mem_clock(MHz),timestamp_ns,temp(C),energy(mJ)
0,72.9910,0,345,2619,1767559890807101596,28,41936892
1,72.9910,0,345,2619,1767559890811376665,28,41936892
2,72.9910,0,345,2619,1767559890817827621,28,41936892
3,72.9910,0,345,2619,1767559890823902931,28,41936892
4,72.9910,0,345,2619,1767559890828836491,28,41936892
5,72.9910,0,345,2619,1767559890837280263,28,41936892
6,72.9910,0,345,2619,1767559890841662691,28,41936892
7,72.9910,0,345,2619,1767559890845775906,28,41936892
8,72.9910,0,345,2619,1767559890851128055,28,41936892
9,72.9910,0,345,2619,1767559890857766977,28,41936892
10,72.9910,0,345,2619,1767559890861866848,28,41936892
11,72.9910,0,345,2619,1767559890865833312,28,41936892
12,72.9910,0,345,2619,1767559890871139349,28,41936892
13,72.9700,0,345,2619,1767559890878006653,28,41936892
14,72.9700,0,345,2619,1767559890882525112,28,41936892
15,72.9700,0,345,2619,1767559890889085603,28,41953313
16,72.9700,0,345,2619,1767559890907328815,28,41953313
17,72.9700,0,345,2619,1767559890911480942,28,41953313
18,72.9700,0,345,2619,1767559890918115736,28,41953313
19,72.9700,0,345,2619,1767559890923378285,28,41953313
20,72.9700,0,345,2619,1767559890928012328,28,41953313
21,72.9700,0,345,2619,1767559890936402915,28,41953313
22,72.9700,0,345,2619,1767559890941191677,28,41953313
23,72.9700,0,345,2619,1767559890945170172,28,41953313
24,72.9700,0,345,2619,1767559890949268027,28,41953313
25,72.9700,0,345,2619,1767559890957563000,28,41953313
26,72.9700,0,345,2619,1767559890962146899,28,41953313
27,72.9700,0,345,2619,1767559890966485264,28,41953313
28,72.9700,0,345,2619,1767559890971118250,28,41953313
29,72.9700,0,345,2619,1767559890978360079,28,41953313
30,73.0080,0,345,2619,1767559890982446798,28,41953313
31,73.0080,0,345,2619,1767559890987261767,28,41953313
32,73.0080,0,345,2619,1767559890993804466,28,41970033
33,73.0080,0,345,2619,1767559891008119774,28,41970033
34,73.0080,0,345,2619,1767559891016462362,28,41970033
35,73.0080,0,345,2619,1767559891020801751,28,41970033
36,73.0080,0,345,2619,1767559891037559663,28,41970033
37,73.0080,0,345,2619,1767559891115926452,28,41986090
38,73.0080,0,345,2619,1767559891119611478,28,41986090
39,73.0080,0,345,2619,1767559891123470647,28,41986090
40,73.0080,0,345,2619,1767559891128774028,28,41986090
41,73.0080,0,345,2619,1767559891137080361,28,41986090
42,73.0080,0,900,2619,1767559891141155144,28,41986090
43,73.0080,0,900,2619,1767559891145584708,28,41986090
44,73.0080,0,900,2619,1767559891149544996,28,41986090
45,73.0080,0,900,2619,1767559891158037375,28,41986090
46,73.2010,0,900,2619,1767559891163102102,28,41986090
47,73.2010,0,900,2619,1767559891168251212,28,41986090
48,73.2010,0,900,2619,1767559891176278603,28,41986090
49,73.2010,0,900,2619,1767559891180117036,28,41986090
50,73.2010,0,900,2619,1767559891186078556,28,41986090
51,73.2010,0,900,2619,1767559891191677550,28,42003030
52,73.2010,0,900,2619,1767559891207311055,28,42003030
53,73.2010,0,900,2619,1767559891211542157,28,42003030
54,73.2010,0,900,2619,1767559891218051064,28,42003030
55,73.2010,0,900,2619,1767559891221937369,28,42003030
56,73.2010,0,900,2619,1767559891227481388,28,42003030
57,73.2010,0,900,2619,1767559891236182245,28,42003030
58,73.2010,0,900,2619,1767559891240239780,28,42003030
59,73.2010,0,900,2619,1767559891244381987,28,42003030
60,73.2010,0,900,2619,1767559891248678304,28,42003030
61,73.2010,0,900,2619,1767559891256576768,28,42003030
62,73.2010,0,900,2619,1767559891260417089,28,42003030
63,73.2010,0,900,2619,1767559891266698446,28,42003030
64,73.2010,0,900,2619,1767559891270968747,28,42003030
65,73.2010,0,900,2619,1767559891277533174,28,42003030
66,73.6270,0,900,2619,1767559891281637749,28,42003030
67,73.6270,0,900,2619,1767559891285522837,28,42003030
68,73.6270,0,900,2619,1767559891291320198,28,42019723
69,73.6270,0,900,2619,1767559891309603410,28,42019723
70,73.6270,0,900,2619,1767559891317298580,28,42019723
71,73.6270,0,900,2619,1767559891320984054,28,42019723
72,73.6270,0,900,2619,1767559891325159668,28,42019723
73,73.6270,0,900,2619,1767559891331404609,28,42019723
74,73.6270,0,900,2619,1767559891338098539,28,42019723
75,73.6270,0,900,2619,1767559891342377513,28,42019723
76,73.6270,0,900,2619,1767559891346202570,28,42019723
77,73.6270,0,900,2619,1767559891351016834,28,42019723
78,73.6270,0,900,2619,1767559891357532558,28,42019723
79,73.6270,0,900,2619,1767559891361327791,28,42019723
80,73.6270,0,900,2619,1767559891365351502,28,42019723
81,73.6270,0,900,2619,1767559891369119568,28,42019723
82,73.6270,0,900,2619,1767559891377626507,28,42019723
83,73.6270,0,900,2619,1767559891381359245,28,42019723
84,73.6270,0,900,2619,1767559891385406732,28,42019723
85,74.1030,0,900,2619,1767559891389430283,28,42036516
86,74.1030,0,900,2619,1767559891406684415,28,42036516
87,74.1030,0,900,2619,1767559891411064444,28,42036516
88,74.1030,0,900,2619,1767559891418236706,28,42036516
89,74.1030,0,900,2619,1767559891422024387,28,42036516
90,74.1030,0,900,2619,1767559891434163008,28,42036516
91,74.1030,0,900,2619,1767559891440760491,29,42036516
92,74.1030,0,900,2619,1767559891444107376,29,42036516
93,74.1030,0,900,2619,1767559891447861841,29,42036516
94,74.1030,0,900,2619,1767559891451895121,29,42036516
95,74.1030,0,900,2619,1767559891458364828,29,42036516
96,74.1030,0,900,2619,1767559891461784225,29,42036516
97,74.1030,0,900,2619,1767559891465198277,29,42036516
98,74.1030,0,900,2619,1767559891470722872,29,42036516
99,74.1030,0,900,2619,1767559891477249315,29,42036516
100,74.1030,0,900,2619,1767559891480493065,29,42036516
101,74.1030,0,1980,2619,1767559891484405929,29,42036516
102,74.1030,0,1980,2619,1767559891488785350,29,42055459
103,74.1030,0,1980,2619,1767559891506953458,29,42055459
104,74.1030,0,1980,2619,1767559891511107281,29,42055459
105,77.2670,0,1980,2619,1767559891517672316,29,42055459
106,77.2670,0,1980,2619,1767559891521154495,29,42055459
107,77.2670,0,1980,2619,1767559891525129151,29,42055459
108,77.2670,0,1980,2619,1767559891533296317,29,42055459
109,77.2670,0,1980,2619,1767559891539768168,29,42055459
110,77.2670,0,1980,2619,1767559891543915079,29,42055459
111,77.2670,0,1980,2619,1767559891547833127,29,42055459
112,77.2670,0,1980,2619,1767559891551785607,29,42055459
113,77.2670,0,1980,2619,1767559891558157651,29,42055459
114,77.2670,0,1980,2619,1767559891561423129,29,42055459
115,77.2670,0,1980,2619,1767559891565667702,29,42055459
116,77.2670,0,1980,2619,1767559891569088827,29,42055459
117,77.2670,0,1980,2619,1767559891577267768,29,42055459
118,77.2670,0,1980,2619,1767559891580805276,29,42055459
119,77.2670,0,1980,2619,1767559891584561917,29,42055459
120,77.2670,0,1980,2619,1767559891588728444,29,42076711
121,77.2670,0,1980,2619,1767559891606719050,29,42076711
122,77.2670,0,1980,2619,1767559891610748969,29,42076711
123,77.2670,0,1980,2619,1767559891617186069,29,42076711
124,77.2670,0,1980,2619,1767559891620862903,29,42076711
125,77.2670,0,1980,2619,1767559891624415546,29,42076711
126,77.2670,0,1980,2619,1767559891627846270,29,42076711
127,77.2670,0,1980,2619,1767559891634957061,29,42076711
128,82.9760,0,1980,2619,1767559891640787638,29,42076711
129,82.9760,0,1980,2619,1767559891644759541,29,42076711
130,82.9760,0,1980,2619,1767559891648590422,29,42076711
131,82.9760,0,1980,2619,1767559891656694485,29,42076711
132,82.9760,0,1980,2619,1767559891660035130,29,42076711
133,82.9760,0,1980,2619,1767559891663371390,29,42076711
134,82.9760,0,1980,2619,1767559891666655460,29,42076711
135,82.9760,0,1980,2619,1767559891670882594,29,42076711
136,82.9760,0,1980,2619,1767559891677335437,29,42076711
137,82.9760,0,1980,2619,1767559891681041103,30,42076711
138,82.9760,0,1980,2619,1767559891684704690,30,42076711
139,82.9760,0,1980,2619,1767559891688819888,30,42098020
140,82.9760,0,1980,2619,1767559891709836582,30,42098020
141,82.9760,0,1980,2619,1767559891718813437,30,42098020
142,82.9760,0,1980,2619,1767559891722674206,30,42098020
143,82.9760,0,1980,2619,1767559891726006211,30,42098020
144,82.9760,0,1980,2619,1767559891730978426,30,42098020
145,82.9760,0,1980,2619,1767559891737639876,30,42098020
146,82.9760,0,1980,2619,1767559891740934794,30,42098020
147,82.9760,0,1980,2619,1767559891744929321,30,42098020
148,82.9760,0,1980,2619,1767559891748954537,30,42098020
149,82.9760,0,1980,2619,1767559891757014471,30,42098020
150,82.9760,0,1980,2619,1767559891760727209,30,42098020
151,90.1310,0,1980,2619,1767559891764669289,30,42098020
152,90.1310,0,1980,2619,1767559891768053038,30,42098020
153,90.1310,0,1980,2619,1767559891786059132,30,42098020
154,90.1310,0,1980,2619,1767559891791612655,30,42119550
155,90.1310,0,1980,2619,1767559891806734324,30,42119550
156,90.1310,0,1980,2619,1767559891810964626,30,42119550
157,90.1310,0,1980,2619,1767559891817269279,30,42119550
158,90.1310,0,1980,2619,1767559891823013936,30,42119550
159,90.1310,0,1980,2619,1767559891827255758,30,42119550
160,90.1310,0,1980,2619,1767559891831163054,30,42119550
161,90.1310,0,1980,2619,1767559891837661306,30,42119550
162,90.1310,0,1980,2619,1767559891841649753,30,42119550
163,90.1310,0,1980,2619,1767559891845310524,30,42119550
164,90.1310,0,1980,2619,1767559891850837359,30,42119550
165,90.1310,0,1980,2619,1767559891858136596,30,42119550
166,90.1310,0,1980,2619,1767559891861951125,30,42119550
167,90.1310,0,1980,2619,1767559891865524600,30,42119550
168,90.1310,0,1980,2619,1767559891869260473,30,42119550
169,90.1310,0,1980,2619,1767559891877094074,30,42119550
170,90.1310,0,1980,2619,1767559891880465599,30,42119550
171,96.0050,0,1980,2619,1767559891883950850,30,42119550
172,96.0050,0,1980,2619,1767559891888731228,30,42140523
173,96.0050,0,1980,2619,1767559891906349613,30,42140523
174,96.0050,0,1980,2619,1767559891910857736,30,42140523
175,96.0050,0,1980,2619,1767559891917193589,30,42140523
176,96.0050,0,1980,2619,1767559891920486202,30,42140523
177,96.0050,0,1980,2619,1767559891923940222,30,42140523
178,96.0050,0,1980,2619,1767559891928540121,30,42140523
179,96.0050,0,1980,2619,1767559891937111539,30,42140523
180,96.0050,0,1980,2619,1767559891940573559,30,42140523
181,96.0050,0,1980,2619,1767559891944766453,30,42140523
182,96.0050,0,1980,2619,1767559891948315929,30,42140523
183,96.0050,0,1980,2619,1767559891956310424,30,42140523
184,96.0050,0,1980,2619,1767559891959651869,30,42140523
185,96.0050,0,1980,2619,1767559891962921506,30,42140523
186,96.0050,0,1980,2619,1767559891966353766,30,42140523
187,96.0050,0,1980,2619,1767559891970821282,30,42140523
188,96.0050,0,1980,2619,1767559891977171919,30,42140523
189,96.0050,0,1980,2619,1767559891980887729,30,42140523
190,96.0050,0,1980,2619,1767559891985145390,30,42140523
191,96.0050,0,1980,2619,1767559891989185005,30,42162008
192,96.0050,0,1980,2619,1767559892006428738,30,42162008
193,96.0050,0,1980,2619,1767559892010812734,30,42162008
194,101.9160,0,1980,2619,1767559892017198186,30,42162008
195,101.9160,0,1980,2619,1767559892020663758,30,42162008
196,101.9160,0,1980,2619,1767559892024714029,30,42162008
197,101.9160,0,1980,2619,1767559892028134162,30,42162008
198,101.9160,0,1980,2619,1767559892036612013,30,42162008
199,101.9160,0,1980,2619,1767559892040166288,30,42162008
200,101.9160,0,1980,2619,1767559892043481333,30,42162008
201,101.9160,0,1980,2619,1767559892047195543,30,42162008
202,101.9160,0,1980,2619,1767559892051503412,30,42162008
203,101.9160,0,1980,2619,1767559892057975488,30,42162008
204,101.9160,0,1980,2619,1767559892061737249,30,42162008
205,101.9160,0,1980,2619,1767559892065006599,30,42162008
206,101.9160,0,1980,2619,1767559892068427659,30,42162008
207,101.9160,0,1980,2619,1767559892077025541,30,42162008
208,101.9160,0,1980,2619,1767559892080621608,30,42162008
209,101.9160,0,1980,2619,1767559892084173547,30,42162008
210,101.9160,0,1980,2619,1767559892088786726,30,42183108
211,101.9160,0,1980,2619,1767559892106463415,30,42183108
212,101.9160,0,1980,2619,1767559892110703316,30,42183108
213,101.9160,0,1980,2619,1767559892117179168,30,42183108
214,106.9310,0,1980,2619,1767559892121502557,30,42183108
215,106.9310,0,1980,2619,1767559892124823842,30,42183108
216,106.9310,0,1980,2619,1767559892128648963,30,42183108
217,106.9310,0,1980,2619,1767559892137092638,30,42183108
218,106.9310,0,1980,2619,1767559892141182717,30,42183108
219,106.9310,0,1980,2619,1767559892145273756,30,42183108
220,106.9310,0,1980,2619,1767559892150851343,30,42183108
221,106.9310,0,1980,2619,1767559892157611768,30,42183108
222,106.9310,0,1980,2619,1767559892161366458,30,42183108
223,106.9310,0,1980,2619,1767559892164750174,30,42183108
224,106.9310,0,1980,2619,1767559892168126307,30,42183108
225,106.9310,0,1980,2619,1767559892172143106,30,42183108
226,106.9310,0,1980,2619,1767559892178641646,30,42183108
227,106.9310,0,1980,2619,1767559892182389935,30,42183108
228,106.9310,0,1980,2619,1767559892186847819,30,42183108
229,106.9310,0,1980,2619,1767559892191952162,30,42204664
230,106.9310,0,1980,2619,1767559892207157670,30,42204664
231,106.9310,0,1980,2619,1767559892211238373,30,42204664
232,106.9310,0,1980,2619,1767559892217673073,30,42204664
233,106.9310,0,1980,2619,1767559892221009942,30,42204664
234,106.9310,0,1980,2619,1767559892224412986,30,42204664
235,106.9310,0,1980,2619,1767559892227785439,30,42204664
236,106.9310,0,1980,2619,1767559892232052989,30,42204664
237,111.9490,0,1980,2619,1767559892238559272,30,42204664
238,111.9490,0,1980,2619,1767559892241965036,30,42204664
239,111.9490,0,1980,2619,1767559892245585135,30,42204664
240,111.9490,0,1980,2619,1767559892249064435,30,42204664
241,111.9490,0,1980,2619,1767559892256976019,30,42204664
242,111.9490,15,1980,2619,1767559892260274328,30,42204664
243,111.9490,15,1980,2619,1767559892264415446,30,42204664
244,111.9490,15,1980,2619,1767559892268040793,30,42204664
245,111.9490,15,1980,2619,1767559892271947833,30,42204664
246,111.9490,15,1980,2619,1767559892278613507,30,42204664
247,111.9490,15,1980,2619,1767559892283305565,30,42204664
248,111.9490,15,1980,2619,1767559892286969183,30,42204664
249,111.9490,15,1980,2619,1767559892293276300,30,42225832
250,111.9490,15,1980,2619,1767559892311391033,30,42225832
251,111.9490,15,1980,2619,1767559892318716830,30,42225832
252,111.9490,15,1980,2619,1767559892322353601,30,42225832
253,111.9490,15,1980,2619,1767559892325856868,30,42225832
254,111.9490,15,1980,2619,1767559892331042170,30,42225832
255,111.9490,15,1980,2619,1767559892337549189,30,42225832
256,111.9490,15,1980,2619,1767559892341190984,30,42225832
257,111.9490,15,1980,2619,1767559892344835690,30,42225832
258,116.1860,15,1980,2619,1767559892349003561,30,42225832
259,116.1860,15,1980,2619,1767559892356778889,30,42225832
260,116.1860,15,1980,2619,1767559892360126318,30,42225832
261,116.1860,15,1980,2619,1767559892363416724,30,42225832
262,116.1860,15,1980,2619,1767559892367503123,30,42225832
263,116.1860,15,1980,2619,1767559892371494578,30,42225832
264,116.1860,15,1980,2619,1767559892377912894,30,42225832
265,116.1860,15,1980,2619,1767559892381183268,30,42225832
266,116.1860,15,1980,2619,1767559892385210243,30,42225832
267,116.1860,15,1980,2619,1767559892388794534,30,42246348
268,116.1860,15,1980,2619,1767559892406081754,30,42246348
269,116.1860,15,1980,2619,1767559892410826931,30,42246348
270,116.1860,15,1980,2619,1767559892418098712,30,42246348
271,116.1860,15,1980,2619,1767559892421617468,30,42246348
272,116.1860,15,1980,2619,1767559892424918977,30,42246348
273,116.1860,15,1980,2619,1767559892428530564,30,42246348
274,116.1860,15,1980,2619,1767559892436509571,30,42246348
275,116.1860,15,1980,2619,1767559892439818248,30,42246348
276,116.1860,15,1980,2619,1767559892443179085,30,42246348
277,116.1860,15,1980,2619,1767559892446496594,30,42246348
278,116.1860,15,1980,2619,1767559892450720016,30,42246348
279,116.1860,15,1980,2619,1767559892457203899,30,42246348
280,120.9170,15,1980,2619,1767559892460513665,30,42246348
281,120.9170,15,1980,2619,1767559892463907557,30,42246348
282,120.9170,15,1980,2619,1767559892468399873,30,42246348
283,120.9170,15,1980,2619,1767559892476363648,30,42246348
284,120.9170,15,1980,2619,1767559892479825732,30,42246348
285,120.9170,1,1980,2619,1767559892483775492,30,42246348
286,120.9170,1,1980,2619,1767559892488851995,30,42267454
287,120.9170,1,1980,2619,1767559892508030207,30,42267454
288,120.9170,1,1980,2619,1767559892512049311,30,42267454
289,120.9170,1,1980,2619,1767559892518478539,30,42267454
290,120.9170,1,1980,2619,1767559892522135309,30,42267454
291,120.9170,1,1980,2619,1767559892526372363,30,42267454
292,120.9170,1,1980,2619,1767559892531230659,30,42267454
293,120.9170,1,1980,2619,1767559892537726767,30,42267454
294,120.9170,1,1980,2619,1767559892541311250,30,42267454
295,120.9170,1,1980,2619,1767559892544937588,30,42267454
296,120.9170,1,1980,2619,1767559892548607318,30,42267454
297,120.9170,1,1980,2619,1767559892556758484,30,42267454
298,120.9170,1,1980,2619,1767559892560279384,30,42267454
299,120.9170,1,1980,2619,1767559892563825179,30,42267454
300,120.9170,1,1980,2619,1767559892567523197,30,42267454
301,120.9170,1,1980,2619,1767559892571788827,30,42267454
302,120.9170,1,1980,2619,1767559892578218854,30,42267454
303,120.9170,1,1980,2619,1767559892581776426,30,42267454
304,121.0590,1,1980,2619,1767559892585402348,30,42267454
305,121.0590,1,1980,2619,1767559892589502187,30,42289700
306,121.0590,1,1980,2619,1767559892606598176,30,42289700
307,121.0590,1,1980,2619,1767559892611017021,30,42289700
308,121.0590,1,1980,2619,1767559892617807942,30,42289700
309,121.0590,1,1980,2619,1767559892621472360,30,42289700
310,121.0590,1,1980,2619,1767559892625099850,30,42289700
311,121.0590,1,1980,2619,1767559892629047946,30,42289700
312,121.0590,1,1980,2619,1767559892637727460,30,42289700
313,121.0590,1,1980,2619,1767559892641463046,30,42289700
314,121.0590,1,1980,2619,1767559892645085064,30,42289700
315,121.0590,1,1980,2619,1767559892648756203,30,42289700
316,121.0590,1,1980,2619,1767559892656627243,30,42289700
317,121.0590,1,1980,2619,1767559892660599115,30,42289700
318,121.0590,1,1980,2619,1767559892664223949,30,42289700
319,121.0590,1,1980,2619,1767559892667910767,30,42289700
320,121.0590,1,1980,2619,1767559892671987182,30,42289700
321,121.0590,1,1980,2619,1767559892678590361,30,42289700
322,121.0590,1,1980,2619,1767559892682068157,30,42289700
323,121.0590,1,1980,2619,1767559892685710239,30,42289700
324,121.0590,1,1980,2619,1767559892689918333,30,42311896
325,121.0590,1,1980,2619,1767559892708485222,30,42311896
326,121.0590,1,1980,2619,1767559892716406694,30,42311896
327,121.1230,1,1980,2619,1767559892719990377,30,42311896
328,121.1230,1,1980,2619,1767559892723612556,30,42311896
329,121.1230,1,1980,2619,1767559892727764522,30,42311896
330,121.1230,1,1980,2619,1767559892731600235,30,42311896
331,121.1230,1,1980,2619,1767559892738124598,30,42311896
332,121.1230,100,1980,2619,1767559892741709113,30,42311896
333,121.1230,100,1980,2619,1767559892745917655,30,42311896
334,121.1230,100,1980,2619,1767559892750969358,30,42311896
335,121.1230,100,1980,2619,1767559892757286139,30,42311896
336,121.1230,100,1980,2619,1767559892760806654,30,42311896
337,121.1230,100,1980,2619,1767559892764504800,30,42311896
338,121.1230,100,1980,2619,1767559892768180963,30,42311896
339,121.1230,100,1980,2619,1767559892772154754,30,42311896
340,121.1230,100,1980,2619,1767559892778744205,30,42311896
341,121.1230,100,1980,2619,1767559892783537414,30,42311896
342,121.1230,100,1980,2619,1767559892787246248,30,42311896
343,121.1230,100,1980,2619,1767559892793760979,30,42334354
344,121.1230,100,1980,2619,1767559892807616355,30,42334354
345,121.1230,100,1980,2619,1767559892811703458,30,42334354
346,121.1230,100,1980,2619,1767559892818085038,30,42334354
347,121.1230,100,1980,2619,1767559892823514562,30,42334354
348,121.1230,100,1980,2619,1767559892827227140,30,42334354
349,121.1230,100,1980,2619,1767559892831400738,30,42334354
350,121.1230,100,1980,2619,1767559892838725639,30,42334354
351,121.3420,100,1980,2619,1767559892842454408,30,42334354
352,121.3420,100,1980,2619,1767559892845821549,30,42334354
353,121.3420,100,1980,2619,1767559892849346385,30,42334354
354,121.3420,100,1980,2619,1767559892857254992,30,42334354
355,121.3420,100,1980,2619,1767559892860623637,30,42334354
356,121.3420,100,1980,2619,1767559892864054937,30,42334354
357,121.3420,100,1980,2619,1767559892867601021,30,42334354
358,121.3420,100,1980,2619,1767559892871569660,30,42334354
359,121.3420,100,1980,2619,1767559892878044104,30,42334354
360,121.3420,100,1980,2619,1767559892881323469,30,42334354
361,121.3420,100,1980,2619,1767559892885216622,30,42334354
362,121.3420,100,1980,2619,1767559892889358028,30,42355752
363,121.3420,100,1980,2619,1767559892907441178,30,42355752
364,121.3420,100,1980,2619,1767559892911471865,30,42355752
365,121.3420,100,1980,2619,1767559892917953188,30,42355752
366,121.3420,100,1980,2619,1767559892921495048,30,42355752
367,121.3420,100,1980,2619,1767559892925102986,30,42355752
368,121.3420,100,1980,2619,1767559892929070858,30,42355752
369,121.3420,100,1980,2619,1767559892937149161,30,42355752
370,121.3420,100,1980,2619,1767559892940704396,30,42355752
371,121.3420,100,1980,2619,1767559892944784107,30,42355752
372,121.3420,100,1980,2619,1767559892948530733,30,42355752
373,121.3420,100,1980,2619,1767559892956405933,30,42355752
374,121.3420,100,1980,2619,1767559892959953616,30,42355752
375,121.4970,100,1980,2619,1767559892963548531,30,42355752
376,121.4970,100,1980,2619,1767559892967892432,30,42355752
377,121.4970,100,1980,2619,1767559892971568818,30,42355752
378,121.4970,100,1980,2619,1767559892978039133,30,42355752
379,121.4970,100,1980,2619,1767559892981608544,30,42355752
380,121.4970,49,1980,2619,1767559892985155268,30,42355752
381,121.4970,49,1980,2619,1767559892989264738,30,42378087
382,121.4970,49,1980,2619,1767559893006532022,30,42378087
383,121.4970,49,1980,2619,1767559893010939155,30,42378087
384,121.4970,49,1980,2619,1767559893017393406,30,42378087
385,121.4970,49,1980,2619,1767559893021013569,30,42378087
386,121.4970,49,1980,2619,1767559893024615236,30,42378087
387,121.4970,49,1980,2619,1767559893028352806,30,42378087
388,121.4970,49,1980,2619,1767559893036444772,30,42378087
389,121.4970,49,1980,2619,1767559893040083910,30,42378087
390,121.4970,49,1980,2619,1767559893043826888,30,42378087
391,121.4970,49,1980,2619,1767559893047508746,30,42378087
392,121.4970,49,1980,2619,1767559893051480650,30,42378087
393,121.4970,49,1980,2619,1767559893058414866,30,42378087
394,121.4970,49,1980,2619,1767559893062068564,30,42378087
395,121.4970,49,1980,2619,1767559893065655991,30,42378087
396,121.4970,49,1980,2619,1767559893069269530,30,42378087
397,121.4970,49,1980,2619,1767559893077761781,30,42378087
398,122.4450,49,1980,2619,1767559893081596854,30,42378087
399,122.4450,49,1980,2619,1767559893085239576,30,42378087
400,122.4450,49,1980,2619,1767559893089483542,30,42400867
401,122.4450,49,1980,2619,1767559893107222470,30,42400867
402,122.4450,49,1980,2619,1767559893111401604,30,42400867
403,122.4450,49,1980,2619,1767559893117953583,30,42400867
404,122.4450,49,1980,2619,1767559893121554994,30,42400867
405,122.4450,49,1980,2619,1767559893125097813,30,42400867
406,122.4450,49,1980,2619,1767559893129029461,30,42400867
407,122.4450,49,1980,2619,1767559893137107540,30,42400867
408,122.4450,49,1980,2619,1767559893140823766,30,42400867
409,122.4450,49,1980,2619,1767559893144302682,30,42400867
410,122.4450,49,1980,2619,1767559893147769725,30,42400867
411,122.4450,49,1980,2619,1767559893151802365,30,42400867
412,122.4450,49,1980,2619,1767559893158260872,30,42400867
413,122.4450,49,1980,2619,1767559893161609869,30,42400867
414,122.4450,49,1980,2619,1767559893164940850,30,42400867
415,122.4450,49,1980,2619,1767559893168246743,30,42400867
416,122.4450,49,1980,2619,1767559893172399126,30,42400867
417,122.4450,49,1980,2619,1767559893178920033,30,42400867
418,122.4450,49,1980,2619,1767559893182979520,30,42400867
419,122.4450,49,1980,2619,1767559893186675298,30,42400867
420,122.4450,49,1980,2619,1767559893192757169,30,42423543
421,122.4450,49,1980,2619,1767559893207264827,30,42423543
422,123.0610,49,1980,2619,1767559893211309146,30,42423543
423,123.0610,49,1980,2619,1767559893217738182,30,42423543
424,123.0610,49,1980,2619,1767559893221195082,30,42423543
425,123.0610,79,1980,2619,1767559893224817965,30,42423543
426,123.0610,79,1980,2619,1767559893228721805,30,42423543
427,123.0610,79,1980,2619,1767559893236806284,30,42423543
428,123.0610,79,1980,2619,1767559893240396687,30,42423543
429,123.0610,79,1980,2619,1767559893244113968,30,42423543
430,123.0610,79,1980,2619,1767559893247859922,30,42423543
431,123.0610,79,1980,2619,1767559893251916209,30,42423543
432,123.0610,79,1980,2619,1767559893258515100,30,42423543
433,123.0610,79,1980,2619,1767559893262165822,30,42423543
434,123.0610,79,1980,2619,1767559893266100126,30,42423543
435,123.0610,79,1980,2619,1767559893270869784,30,42423543
436,123.0610,79,1980,2619,1767559893277334275,30,42423543
437,123.0610,79,1980,2619,1767559893280960998,30,42423543
438,123.0610,79,1980,2619,1767559893284632840,30,42423543
439,123.0610,79,1980,2619,1767559893288932069,30,42445277
440,123.0610,79,1980,2619,1767559893308623686,30,42445277
441,123.0610,79,1980,2619,1767559893315977930,30,42445277
442,123.6040,79,1980,2619,1767559893319622764,30,42445277
443,123.6040,79,1980,2619,1767559893323401774,30,42445277
444,123.6040,79,1980,2619,1767559893327112912,30,42445277
445,123.6040,79,1980,2619,1767559893331266382,30,42445277
446,123.6040,79,1980,2619,1767559893337989400,30,42445277
447,123.6040,79,1980,2619,1767559893341558843,30,42445277
448,123.6040,79,1980,2619,1767559893345180861,30,42445277
449,123.6040,79,1980,2619,1767559893348821440,30,42445277
450,123.6040,79,1980,2619,1767559893356759199,30,42445277
451,123.6040,79,1980,2619,1767559893360224195,30,42445277
452,123.6040,79,1980,2619,1767559893363848102,30,42445277
453,123.6040,79,1980,2619,1767559893367536136,30,42445277
454,123.6040,79,1980,2619,1767559893371558663,30,42445277
455,123.6040,79,1980,2619,1767559893378058226,30,42445277
456,123.6040,79,1980,2619,1767559893382018706,30,42445277
457,123.6040,79,1980,2619,1767559893385651956,30,42445277
458,123.6040,79,1980,2619,1767559893389762899,30,42467666
459,123.6040,79,1980,2619,1767559893407048711,30,42467666
460,123.6040,79,1980,2619,1767559893411093702,30,42467666
461,123.6040,79,1980,2619,1767559893417588593,30,42467666
462,123.6040,79,1980,2619,1767559893421230708,30,42467666
463,123.6040,79,1980,2619,1767559893424837974,30,42467666
464,123.6040,79,1980,2619,1767559893428680695,30,42467666
465,123.6040,79,1980,2619,1767559893436722870,30,42467666
466,124.2010,79,1980,2619,1767559893440355129,30,42467666
467,124.2010,79,1980,2619,1767559893443911228,30,42467666
468,124.2010,79,1980,2619,1767559893447652413,30,42467666
469,124.2010,79,1980,2619,1767559893451702909,30,42467666
470,124.2010,79,1980,2619,1767559893458126216,30,42467666
471,124.2010,100,1980,2619,1767559893461752939,30,42467666
472,124.2010,100,1980,2619,1767559893465311310,30,42467666
473,124.2010,100,1980,2619,1767559893468950449,30,42467666
474,124.2010,100,1980,2619,1767559893476901520,30,42467666
475,124.2010,100,1980,2619,1767559893480360020,30,42467666
476,124.2010,100,1980,2619,1767559893484166357,30,42467666
477,124.2010,100,1980,2619,1767559893488857679,30,42489576
478,124.2010,100,1980,2619,1767559893506794206,30,42489576
479,124.2010,100,1980,2619,1767559893510869885,30,42489576
480,124.2010,100,1980,2619,1767559893517324105,30,42489576
481,124.2010,100,1980,2619,1767559893521423975,30,42489576
482,124.2010,100,1980,2619,1767559893525047818,30,42489576
483,124.2010,100,1980,2619,1767559893528936426,30,42489576
484,124.2010,100,1980,2619,1767559893537216103,30,42489576
485,124.2010,100,1980,2619,1767559893540830602,30,42489576
486,124.2010,100,1980,2619,1767559893544404813,30,42489576
487,124.2010,100,1980,2619,1767559893548139663,30,42489576
488,124.2010,100,1980,2619,1767559893552164782,30,42489576
489,124.2010,100,1980,2619,1767559893558606074,30,42489576
490,124.5690,100,1980,2619,1767559893562191453,30,42489576
491,124.5690,100,1980,2619,1767559893565799360,30,42489576
492,124.5690,100,1980,2619,1767559893570901974,30,42489576
493,124.5690,100,1980,2619,1767559893577404834,30,42489576
494,124.5690,100,1980,2619,1767559893581070852,30,42489576
495,124.5690,100,1980,2619,1767559893584857797,30,42489576
496,124.5690,100,1980,2619,1767559893588912260,30,42511891
497,124.5690,100,1980,2619,1767559893606701268,30,42511891
498,124.5690,100,1980,2619,1767559893610848818,30,42511891
499,124.5690,100,1980,2619,1767559893617848250,30,42511891
500,124.5690,100,1980,2619,1767559893622174679,30,42511891
501,124.5690,100,1980,2619,1767559893625770553,30,42511891
502,124.5690,100,1980,2619,1767559893630990895,30,42511891
503,124.5690,100,1980,2619,1767559893637617785,30,42511891
504,124.5690,100,1980,2619,1767559893641235388,30,42511891
505,124.5690,100,1980,2619,1767559893644775199,30,42511891
506,124.5690,100,1980,2619,1767559893648464834,30,42511891
507,124.5690,100,1980,2619,1767559893656413153,30,42511891
508,124.5690,100,1980,2619,1767559893659946916,30,42511891
509,124.5690,100,1980,2619,1767559893663498440,30,42511891
510,124.5690,100,1980,2619,1767559893667191274,30,42511891
511,124.5690,100,1980,2619,1767559893671224009,30,42511891
512,124.5690,100,1980,2619,1767559893677840051,30,42511891
513,124.5690,100,1980,2619,1767559893681448150,30,42511891
514,125.2640,100,1980,2619,1767559893685060345,30,42511891
515,125.2640,100,1980,2619,1767559893689173688,30,42534701
516,125.2640,100,1980,2619,1767559893707026279,30,42534701
517,125.2640,100,1980,2619,1767559893711081318,30,42534701
518,125.2640,100,1980,2619,1767559893717575697,30,42534701
519,125.2640,100,1980,2619,1767559893721198228,30,42534701
520,125.2640,100,1980,2619,1767559893725754063,30,42534701
521,125.2640,100,1980,2619,1767559893731204195,30,42534701
522,125.2640,100,1980,2619,1767559893737691278,30,42534701
523,125.2640,100,1980,2619,1767559893741316497,30,42534701
524,125.2640,100,1980,2619,1767559893744857908,30,42534701
525,125.2640,100,1980,2619,1767559893748600214,30,42534701
526,125.2640,100,1980,2619,1767559893756584917,30,42534701
527,125.2640,100,1980,2619,1767559893760523125,30,42534701
528,125.2640,100,1980,2619,1767559893764057240,30,42534701
529,125.2640,100,1980,2619,1767559893767758106,30,42534701
530,125.2640,100,1980,2619,1767559893771797018,30,42534701
531,125.2640,100,1980,2619,1767559893778267621,30,42534701
532,125.2640,100,1980,2619,1767559893781743369,30,42534701
533,125.2640,100,1980,2619,1767559893785343852,30,42534701
534,125.2640,100,1980,2619,1767559893789479626,30,42557464
535,125.2640,100,1980,2619,1767559893806731807,30,42557464
536,125.2640,100,1980,2619,1767559893810759070,30,42557464
537,125.9390,100,1980,2619,1767559893817384968,30,42557464
538,125.9390,100,1980,2619,1767559893820759405,30,42557464
539,125.9390,100,1980,2619,1767559893826372927,30,42557464
540,125.9390,100,1980,2619,1767559893831062233,30,42557464
541,125.9390,100,1980,2619,1767559893837791395,30,42557464
542,125.9390,100,1980,2619,1767559893841368326,30,42557464
543,125.9390,100,1980,2619,1767559893845461957,30,42557464
544,125.9390,100,1980,2619,1767559893849140359,30,42557464
545,125.9390,100,1980,2619,1767559893857618434,30,42557464
546,125.9390,100,1980,2619,1767559893861270596,30,42557464
547,125.9390,100,1980,2619,1767559893864876711,30,42557464
548,125.9390,100,1980,2619,1767559893868563433,30,42557464
549,125.9390,100,1980,2619,1767559893876479753,30,42557464
550,125.9390,100,1980,2619,1767559893880120908,30,42557464
551,125.9390,100,1980,2619,1767559893884254218,30,42557464
552,125.9390,100,1980,2619,1767559893888876005,30,42579371
553,125.9390,100,1980,2619,1767559893906789875,30,42579371
554,125.9390,100,1980,2619,1767559893910893010,30,42579371
555,125.9390,100,1980,2619,1767559893917390526,30,42579371
556,125.9390,100,1980,2619,1767559893920992896,30,42579371
557,125.9390,100,1980,2619,1767559893924622435,30,42579371
558,125.9390,100,1980,2619,1767559893929050239,30,42579371
559,125.9390,100,1980,2619,1767559893937121086,30,42579371
560,126.1300,100,1980,2619,1767559893940709472,30,42579371
561,126.1300,100,1980,2619,1767559893944335075,30,42579371
562,126.1300,100,1980,2619,1767559893948021093,30,42579371
563,126.1300,100,1980,2619,1767559893952047173,30,42579371
564,126.1300,100,1980,2619,1767559893959186251,30,42579371
565,126.1300,84,1980,2619,1767559893962825261,30,42579371
566,126.1300,84,1980,2619,1767559893966885452,30,42579371
567,126.1300,84,1980,2619,1767559893970955883,30,42579371
568,126.1300,84,1980,2619,1767559893977348119,30,42579371
569,126.1300,84,1980,2619,1767559893980856763,30,42579371
570,126.1300,84,1980,2619,1767559893984628604,30,42579371
571,126.1300,84,1980,2619,1767559893988833434,30,42601524
572,126.1300,84,1980,2619,1767559894006201102,30,42601524
573,126.1300,84,1980,2619,1767559894010878760,30,42601524
574,126.1300,84,1980,2619,1767559894017332275,30,42601524
575,126.1300,84,1980,2619,1767559894020931254,30,42601524
576,126.1300,84,1980,2619,1767559894024648408,30,42601524
577,126.1300,84,1980,2619,1767559894028479033,30,42601524
578,126.1300,84,1980,2619,1767559894036660663,30,42601524
579,126.1300,84,1980,2619,1767559894040227194,30,42601524
580,126.1300,84,1980,2619,1767559894043865340,30,42601524
581,126.1300,84,1980,2619,1767559894047639582,30,42601524
582,126.1300,84,1980,2619,1767559894051621885,30,42601524
583,126.1300,84,1980,2619,1767559894058131913,30,42601524
584,125.4340,84,1980,2619,1767559894061718156,30,42601524
585,125.4340,84,1980,2619,1767559894065327790,30,42601524
586,125.4340,84,1980,2619,1767559894068977041,30,42601524
587,125.4340,84,1980,2619,1767559894076913648,30,42601524
588,125.4340,84,1980,2619,1767559894080514291,30,42601524
589,125.4340,84,1980,2619,1767559894084237045,30,42601524
590,125.4340,84,1980,2619,1767559894088860080,30,42623705
591,125.4340,84,1980,2619,1767559894107226939,30,42623705
592,125.4340,84,1980,2619,1767559894111322745,30,42623705
593,125.4340,84,1980,2619,1767559894117803621,30,42623705
594,125.4340,84,1980,2619,1767559894121390120,30,42623705
595,125.4340,84,1980,2619,1767559894125020554,30,42623705
596,125.4340,84,1980,2619,1767559894128950891,30,42623705
597,125.4340,84,1980,2619,1767559894137034601,30,42623705
598,125.4340,84,1980,2619,1767559894140631660,30,42623705
599,125.4340,84,1980,2619,1767559894144164335,30,42623705
600,125.4340,84,1980,2619,1767559894147922417,30,42623705
601,125.4340,84,1980,2619,1767559894151918672,30,42623705
602,125.4340,84,1980,2619,1767559894158354300,30,42623705
603,125.4340,84,1980,2619,1767559894161985599,30,42623705
604,125.4340,84,1980,2619,1767559894165602337,30,42623705
605,125.4340,84,1980,2619,1767559894169190276,30,42623705
606,125.4340,84,1980,2619,1767559894177138628,30,42623705
607,125.4340,84,1980,2619,1767559894180718247,30,42623705
608,125.0170,84,1980,2619,1767559894184610311,30,42623705
609,125.0170,84,1980,2619,1767559894188852517,30,42645850
610,125.0170,84,1980,2619,1767559894206301208,30,42645850
611,125.0170,84,1980,2619,1767559894210943986,30,42645850
612,125.0170,100,1980,2619,1767559894217382238,30,42645850
613,125.0170,100,1980,2619,1767559894221011040,30,42645850
614,125.0170,100,1980,2619,1767559894224555428,30,42645850
615,125.0170,100,1980,2619,1767559894228266053,30,42645850
616,125.0170,100,1980,2619,1767559894232587746,30,42645850
617,125.0170,100,1980,2619,1767559894239210093,30,42645850
618,125.0170,100,1980,2619,1767559894242771664,30,42645850
619,125.0170,100,1980,2619,1767559894246620273,30,42645850
620,125.0170,100,1980,2619,1767559894250859118,30,42645850
621,125.0170,100,1980,2619,1767559894257313690,30,42645850
622,125.0170,100,1980,2619,1767559894260864061,30,42645850
623,125.0170,100,1980,2619,1767559894264468384,30,42645850
624,125.0170,100,1980,2619,1767559894268134626,30,42645850
625,125.0170,100,1980,2619,1767559894272163266,30,42645850
626,125.0170,100,1980,2619,1767559894278632141,30,42645850
627,125.0170,100,1980,2619,1767559894282232656,30,42645850
628,125.0170,100,1980,2619,1767559894285957490,30,42645850
629,125.0170,100,1980,2619,1767559894291450469,30,42668584
630,125.0170,100,1980,2619,1767559894309348276,30,42668584
631,125.0170,100,1980,2619,1767559894317486034,30,42668584
632,125.3290,100,1980,2619,1767559894321042901,30,42668584
633,125.3290,100,1980,2619,1767559894324649048,30,42668584
634,125.3290,100,1980,2619,1767559894328512089,30,42668584
635,125.3290,100,1980,2619,1767559894336603127,30,42668584
636,125.3290,100,1980,2619,1767559894340734102,30,42668584
637,125.3290,100,1980,2619,1767559894344316601,30,42668584
638,125.3290,100,1980,2619,1767559894347877084,30,42668584
639,125.3290,100,1980,2619,1767559894351911291,30,42668584
640,125.3290,100,1980,2619,1767559894358425222,30,42668584
641,125.3290,100,1980,2619,1767559894361912618,30,42668584
642,125.3290,100,1980,2619,1767559894365446573,30,42668584
643,125.3290,100,1980,2619,1767559894369093616,30,42668584
644,125.3290,100,1980,2619,1767559894377256622,30,42668584
645,125.3290,100,1980,2619,1767559894380885808,30,42668584
646,125.3290,100,1980,2619,1767559894384973167,30,42668584
647,125.3290,100,1980,2619,1767559894388989039,30,42691007
648,125.3290,100,1980,2619,1767559894406274210,30,42691007
649,125.3290,100,1980,2619,1767559894410914045,30,42691007
650,125.3290,100,1980,2619,1767559894417493576,30,42691007
651,125.3290,100,1980,2619,1767559894421053067,30,42691007
652,125.3290,100,1980,2619,1767559894424673549,30,42691007
653,125.3290,100,1980,2619,1767559894428587694,30,42691007
654,125.3290,100,1980,2619,1767559894436659180,30,42691007
655,125.8680,100,1980,2619,1767559894440281231,30,42691007
656,125.8680,100,1980,2619,1767559894444442669,30,42691007
657,125.8680,100,1980,2619,1767559894448134063,30,42691007
658,125.8680,100,1980,2619,1767559894452169486,30,42691007
659,125.8680,100,1980,2619,1767559894458649082,30,42691007
660,125.8680,100,1980,2619,1767559894462132606,30,42691007
661,125.8680,100,1980,2619,1767559894465482691,30,42691007
662,125.8680,100,1980,2619,1767559894468871943,30,42691007
663,125.8680,100,1980,2619,1767559894476783559,30,42691007
664,125.8680,100,1980,2619,1767559894480086828,30,42691007
665,125.8680,100,1980,2619,1767559894483482481,31,42691007
666,125.8680,100,1980,2619,1767559894486841781,31,42691007
667,125.8680,100,1980,2619,1767559894493285537,31,42713915
668,125.8680,100,1980,2619,1767559894507834635,31,42713915
669,125.8680,100,1980,2619,1767559894511878378,31,42713915
670,125.8680,100,1980,2619,1767559894520055496,31,42713915
671,125.8680,100,1980,2619,1767559894523870729,31,42713915
672,125.8680,100,1980,2619,1767559894527730122,31,42713915
673,125.8680,100,1980,2619,1767559894534351668,31,42713915
674,125.8680,100,1980,2619,1767559894543369803,31,42713915
675,125.8680,100,1980,2619,1767559894547770535,31,42713915
676,125.8680,100,1980,2619,1767559894551909126,31,42713915
677,125.8680,100,1980,2619,1767559894560791486,31,42713915
678,153.5120,100,1980,2619,1767559894564515488,31,42713915
679,153.5120,100,1980,2619,1767559894568090499,31,42713915
680,153.5120,100,1980,2619,1767559894572104130,31,42713915
681,153.5120,100,1980,2619,1767559894581170713,31,42713915
682,153.5120,100,1980,2619,1767559894587159720,31,42713915
683,153.5120,100,1980,2619,1767559894606096623,31,42790094
684,153.5120,100,1980,2619,1767559894634925381,31,42790094
685,153.5120,100,1980,2619,1767559894645903276,38,42790094
686,153.5120,100,1980,2619,1767559894650883524,38,42790094
687,153.5120,100,1980,2619,1767559894659684540,38,42790094
688,153.5120,100,1980,2619,1767559894665599756,38,42790094
689,153.5120,100,1800,2619,1767559894671418877,38,42790094
690,153.5120,100,1800,2619,1767559894696048981,38,42790094
691,153.5120,100,1800,2619,1767559894715452184,38,42908292
692,247.9920,100,1800,2619,1767559894725150026,38,42908292
693,247.9920,100,1800,2619,1767559894730841435,38,42908292
694,247.9920,100,1800,2619,1767559894760019855,38,42908292
695,247.9920,100,1800,2619,1767559894768318092,52,42908292
696,247.9920,100,1800,2619,1767559894780428937,52,42908292
697,247.9920,100,1800,2619,1767559894784588808,52,42908292
698,247.9920,100,1800,2619,1767559894788840901,52,42987482
699,247.9920,100,1800,2619,1767559894809133217,52,42987482
700,247.9920,100,1800,2619,1767559894820422725,52,42987482
701,247.9920,100,1755,2619,1767559894824024200,52,42987482
702,247.9920,100,1755,2619,1767559894827703626,52,42987482
703,247.9920,100,1755,2619,1767559894841052190,52,42987482
704,365.2500,100,1755,2619,1767559894845110429,52,42987482
705,365.2500,100,1755,2619,1767559894848963710,52,42987482
706,365.2500,100,1755,2619,1767559894859423721,52,42987482
707,365.2500,100,1755,2619,1767559894864491296,52,42987482
708,365.2500,100,1755,2619,1767559894870972555,52,42987482
709,365.2500,100,1755,2619,1767559894907824193,52,42987482
710,365.2500,100,1755,2619,1767559894918728360,52,43108169
711,365.2500,100,1755,2619,1767559894925529201,53,43108169
712,365.2500,100,1755,2619,1767559894930537705,53,43108169
713,365.2500,100,1755,2619,1767559894942310121,53,43108169
714,365.2500,100,1755,2619,1767559894948109402,53,43108169
715,365.2500,100,1755,2619,1767559894955509982,53,43108169
716,365.2500,100,1755,2619,1767559894976996656,53,43108169
717,365.2500,100,1755,2619,1767559894986367396,53,43108169
718,460.1640,100,1755,2619,1767559894996088693,53,43188548
719,460.1640,100,1755,2619,1767559895010285762,53,43188548
720,460.1640,100,1755,2619,1767559895040270799,53,43188548
721,460.1640,100,1755,2619,1767559895049697155,53,43188548
722,460.1640,100,1755,2619,1767559895060756617,58,43188548
723,460.1640,100,1755,2619,1767559895064792584,58,43188548
724,460.1640,100,1755,2619,1767559895068567818,58,43188548
725,460.1640,100,1755,2619,1767559895079096660,58,43188548
726,460.1640,100,1755,2619,1767559895083545872,58,43188548
727,460.1640,100,1755,2619,1767559895088368905,58,43188548
728,460.1640,100,1770,2619,1767559895107606669,58,43286019
729,460.1640,100,1770,2619,1767559895111516846,58,43286019
730,559.8280,100,1770,2619,1767559895118836946,58,43286019
731,559.8280,100,1770,2619,1767559895122491573,58,43286019
732,559.8280,100,1770,2619,1767559895126211318,58,43286019
733,559.8280,100,1770,2619,1767559895133681434,58,43286019
734,559.8280,100,1770,2619,1767559895143135213,58,43286019
735,559.8280,100,1770,2619,1767559895147364843,58,43286019
736,559.8280,100,1770,2619,1767559895151341291,58,43286019
737,559.8280,100,1770,2619,1767559895160322754,58,43286019
738,559.8280,100,1770,2619,1767559895163924325,58,43286019
739,559.8280,100,1770,2619,1767559895167763078,58,43286019
740,559.8280,100,1770,2619,1767559895171631494,58,43286019
741,559.8280,100,1770,2619,1767559895180847900,58,43286019
742,559.8280,100,1770,2619,1767559895185547541,58,43286019
743,559.8280,100,1770,2619,1767559895189674068,58,43381157
744,559.8280,100,1770,2619,1767559895206704778,58,43381157
745,559.8280,100,1770,2619,1767559895210830377,58,43381157
746,559.8280,100,1725,2619,1767559895218390987,58,43381157
747,559.8280,100,1725,2619,1767559895222090029,58,43381157
748,559.8280,100,1725,2619,1767559895225749712,58,43381157
749,559.8280,100,1725,2619,1767559895233666991,58,43381157
750,559.8280,100,1725,2619,1767559895242814757,58,43381157
751,660.3190,100,1725,2619,1767559895246723590,58,43381157
752,660.3190,100,1725,2619,1767559895250874756,58,43381157
753,660.3190,100,1725,2619,1767559895258172361,58,43381157
754,660.3190,100,1725,2619,1767559895261770092,58,43381157
755,660.3190,100,1725,2619,1767559895265518637,58,43381157
756,660.3190,100,1725,2619,1767559895269288687,58,43381157
757,660.3190,100,1725,2619,1767559895278073511,58,43381157
758,660.3190,100,1725,2619,1767559895281852937,58,43381157
759,660.3190,100,1725,2619,1767559895286066279,59,43381157
760,660.3190,100,1725,2619,1767559895291640473,59,43480286
761,660.3190,100,1725,2619,1767559895310664543,59,43480286
762,660.3190,100,1725,2619,1767559895318669694,59,43480286
763,660.3190,100,1725,2619,1767559895322389440,59,43480286
764,660.3190,100,1725,2619,1767559895326106210,59,43480286
765,660.3190,100,1725,2619,1767559895333423847,59,43480286
766,660.3190,100,1725,2619,1767559895342519229,59,43480286
767,660.3190,100,1710,2619,1767559895346200863,59,43480286
768,660.3190,100,1710,2619,1767559895350838138,59,43480286
769,660.3190,100,1710,2619,1767559895359846321,59,43480286
770,660.3190,100,1710,2619,1767559895363544627,59,43480286
771,750.2990,100,1710,2619,1767559895367148053,59,43480286
772,750.2990,100,1710,2619,1767559895371259252,59,43480286
773,750.2990,100,1710,2619,1767559895380430666,59,43480286
774,750.2990,100,1710,2619,1767559895384494057,59,43480286
775,750.2990,100,1710,2619,1767559895388910661,59,43574320
776,750.2990,100,1710,2619,1767559895408884515,59,43574320
777,750.2990,100,1710,2619,1767559895420891106,59,43574320
778,750.2990,100,1710,2619,1767559895424787362,61,43574320
779,750.2990,100,1710,2619,1767559895429187774,61,43574320
780,750.2990,100,1710,2619,1767559895440136710,61,43574320
781,750.2990,100,1710,2619,1767559895443763592,61,43574320
782,750.2990,100,1710,2619,1767559895447547146,61,43574320
783,750.2990,100,1710,2619,1767559895451578537,61,43574320
784,750.2990,100,1710,2619,1767559895460476449,61,43574320
785,750.2990,100,1830,2619,1767559895464147491,61,43574320
786,750.2990,100,1830,2619,1767559895467756262,61,43574320
787,750.2990,100,1830,2619,1767559895471778021,61,43574320
788,750.2990,100,1830,2619,1767559895480791964,61,43574320
789,836.1900,100,1830,2619,1767559895484567998,61,43574320
790,836.1900,100,1830,2619,1767559895488781083,61,43673316
791,836.1900,100,1830,2619,1767559895507099559,61,43673316
792,836.1900,100,1830,2619,1767559895511143846,61,43673316
793,836.1900,100,1830,2619,1767559895520097565,61,43673316
794,836.1900,100,1830,2619,1767559895523792672,61,43673316
795,836.1900,100,1830,2619,1767559895527896638,61,43673316
796,836.1900,100,1830,2619,1767559895533990573,60,43673316
797,836.1900,100,1830,2619,1767559895543136195,60,43673316
798,836.1900,100,1830,2619,1767559895546942308,60,43673316
799,836.1900,100,1830,2619,1767559895550994083,60,43673316
800,836.1900,100,1830,2619,1767559895560123673,60,43673316
801,836.1900,100,1830,2619,1767559895564191000,60,43673316
802,836.1900,100,1830,2619,1767559895567766651,60,43673316
803,836.1900,100,1830,2619,1767559895571854298,60,43673316
804,836.1900,100,1830,2619,1767559895579173119,60,43673316
805,836.1900,100,1695,2619,1767559895583118015,60,43673316
806,836.1900,100,1695,2619,1767559895586929184,60,43673316
807,836.1900,100,1695,2619,1767559895593224877,60,43775518
808,836.1900,100,1695,2619,1767559895608248979,60,43775518
809,883.4580,100,1695,2619,1767559895616266354,60,43775518
810,883.4580,100,1695,2619,1767559895619931924,60,43775518
811,883.4580,100,1695,2619,1767559895623666838,60,43775518
812,883.4580,100,1695,2619,1767559895627482455,60,43775518
813,883.4580,100,1695,2619,1767559895634547646,60,43775518
814,883.4580,100,1695,2619,1767559895663876496,60,43775518
815,883.4580,100,1695,2619,1767559895672514858,60,43775518
816,883.4580,100,1695,2619,1767559895682531097,62,43775518
817,883.4580,100,1695,2619,1767559895686642807,62,43775518
818,883.4580,100,1695,2619,1767559895692794598,62,43877353
819,883.4580,100,1695,2619,1767559895709789628,62,43877353
820,883.4580,100,1695,2619,1767559895739691017,62,43877353
821,883.4580,100,1680,2619,1767559895749117053,62,43877353
822,884.4320,100,1680,2619,1767559895760786750,62,43877353
823,884.4320,100,1680,2619,1767559895764688575,62,43877353
824,884.4320,100,1680,2619,1767559895768316257,62,43877353
825,884.4320,100,1680,2619,1767559895778979019,62,43877353
826,884.4320,100,1680,2619,1767559895782960363,62,43877353
827,884.4320,100,1680,2619,1767559895786636621,62,43877353
828,884.4320,100,1680,2619,1767559895792743387,62,43975542
829,884.4320,100,1680,2619,1767559895809806225,62,43975542
830,884.4320,100,1680,2619,1767559895819144101,62,43975542
831,884.4320,100,1680,2619,1767559895823496418,62,43975542
832,884.4320,100,1680,2619,1767559895827311299,62,43975542
833,884.4320,100,1680,2619,1767559895839637887,62,43975542
834,884.4320,100,1695,2619,1767559895843586591,62,43975542
835,884.4320,100,1695,2619,1767559895847524927,62,43975542
836,884.4320,100,1695,2619,1767559895851631870,62,43975542
837,884.4320,100,1695,2619,1767559895860708692,62,43975542
838,886.9610,100,1695,2619,1767559895864443062,62,43975542
839,886.9610,100,1695,2619,1767559895867975353,62,43975542
840,886.9610,100,1695,2619,1767559895872081176,62,43975542
841,886.9610,100,1695,2619,1767559895880929744,62,43975542
842,886.9610,100,1695,2619,1767559895884682098,62,43975542
843,886.9610,100,1695,2619,1767559895888927888,62,44068248
844,886.9610,100,1695,2619,1767559895909667784,62,44068248
845,886.9610,100,1695,2619,1767559895920554991,62,44068248
846,886.9610,100,1695,2619,1767559895924804909,62,44068248
847,886.9610,100,1695,2619,1767559895928744077,62,44068248
848,886.9610,100,1695,2619,1767559895939580309,62,44068248
849,886.9610,100,1695,2619,1767559895943712628,62,44068248
850,886.9610,100,1695,2619,1767559895947516085,62,44068248
851,886.9610,100,1695,2619,1767559895951770962,62,44068248
852,886.9610,100,1695,2619,1767559895960860585,62,44068248
853,886.9610,100,1695,2619,1767559895964449803,62,44068248
854,886.9610,100,1815,2619,1767559895968093518,62,44068248
855,886.9610,100,1815,2619,1767559895972245164,62,44068248
856,886.9610,100,1815,2619,1767559895982334554,62,44068248
857,878.5240,100,1815,2619,1767559895986207547,62,44068248
858,878.5240,100,1815,2619,1767559895991824206,62,44166856
859,878.5240,100,1815,2619,1767559896007906059,62,44166856
860,878.5240,100,1815,2619,1767559896011935979,62,44166856
861,878.5240,100,1815,2619,1767559896019307087,62,44166856
862,878.5240,100,1815,2619,1767559896023013585,62,44166856
863,878.5240,100,1815,2619,1767559896027393261,62,44166856
864,878.5240,100,1815,2619,1767559896034087063,62,44166856
865,878.5240,100,1815,2619,1767559896041511771,62,44166856
866,878.5240,100,1815,2619,1767559896045255676,62,44166856
867,878.5240,100,1815,2619,1767559896049023230,62,44166856
868,878.5240,100,1815,2619,1767559896058148724,62,44166856
869,878.5240,100,1815,2619,1767559896062225075,62,44166856
870,878.5240,100,1815,2619,1767559896065949909,62,44166856
871,878.5240,100,1815,2619,1767559896070897485,62,44166856
872,878.5240,100,1815,2619,1767559896078141554,62,44166856
873,878.5240,100,1815,2619,1767559896081769332,62,44166856
874,878.5240,100,1725,2619,1767559896086556270,62,44166856
875,878.5240,100,1725,2619,1767559896091272743,62,44265306
876,878.5240,100,1725,2619,1767559896107813345,62,44265306
877,878.5240,100,1725,2619,1767559896111878688,62,44265306
878,875.4530,100,1725,2619,1767559896119230373,62,44265306
879,875.4530,100,1725,2619,1767559896123195525,62,44265306
880,875.4530,100,1725,2619,1767559896126983142,62,44265306
881,875.4530,100,1725,2619,1767559896133681968,62,44265306
882,875.4530,100,1725,2619,1767559896140994388,62,44265306
883,875.4530,100,1725,2619,1767559896144664727,62,44265306
884,875.4530,100,1725,2619,1767559896148669878,62,44265306
885,875.4530,100,1725,2619,1767559896157533998,62,44265306
886,875.4530,100,1725,2619,1767559896161126481,62,44265306
887,875.4530,100,1725,2619,1767559896164779476,63,44265306
888,875.4530,100,1725,2619,1767559896168536149,63,44265306
889,875.4530,100,1725,2619,1767559896177357454,63,44265306
890,875.4530,100,1725,2619,1767559896181607883,63,44265306
891,875.4530,100,1725,2619,1767559896185330605,63,44265306
892,875.4530,100,1725,2619,1767559896189420044,63,44363843
893,875.4530,100,1725,2619,1767559896207656280,63,44363843
894,875.4530,100,1725,2619,1767559896211641944,63,44363843
895,875.4530,100,1725,2619,1767559896220428880,63,44363843
896,875.4530,100,1725,2619,1767559896224148306,63,44363843
897,875.4530,100,1725,2619,1767559896227716437,63,44363843
898,875.4530,100,1725,2619,1767559896240131857,63,44363843
899,879.4470,100,1725,2619,1767559896244203408,63,44363843
900,879.4470,100,1725,2619,1767559896247893874,63,44363843
901,879.4470,100,1725,2619,1767559896251911857,63,44363843
902,879.4470,100,1725,2619,1767559896259445844,63,44363843
903,879.4470,100,1725,2619,1767559896263325909,63,44363843
904,879.4470,100,1725,2619,1767559896267134646,63,44363843
905,879.4470,100,1725,2619,1767559896271176245,63,44363843
906,879.4470,100,1725,2619,1767559896278489690,63,44363843
907,879.4470,100,1725,2619,1767559896282173308,63,44363843
908,879.4470,100,1725,2619,1767559896285965949,63,44363843
909,879.4470,100,1725,2619,1767559896291516304,63,44465820
910,879.4470,100,1725,2619,1767559896312374887,63,44465820
911,879.4470,100,1695,2619,1767559896319845035,63,44465820
912,879.4470,100,1695,2619,1767559896323411886,63,44465820
913,879.4470,100,1695,2619,1767559896327194639,63,44465820
914,879.4470,100,1695,2619,1767559896334012664,63,44465820
915,879.4470,100,1695,2619,1767559896341355068,63,44465820
916,881.2990,100,1695,2619,1767559896345111774,63,44465820
917,881.2990,100,1695,2619,1767559896348842943,63,44465820
918,881.2990,100,1695,2619,1767559896357619832,63,44465820
919,881.2990,100,1695,2619,1767559896361461657,63,44465820
920,881.2990,100,1695,2619,1767559896365171579,63,44465820
921,881.2990,100,1695,2619,1767559896368882461,63,44465820
922,881.2990,100,1695,2619,1767559896377620598,63,44465820
923,881.2990,100,1695,2619,1767559896381276441,63,44465820
924,881.2990,100,1695,2619,1767559896385155865,64,44465820
925,881.2990,100,1695,2619,1767559896389176088,64,44564960
926,881.2990,100,1695,2619,1767559896407536900,64,44564960
927,881.2990,100,1695,2619,1767559896411579875,64,44564960
928,881.2990,100,1695,2619,1767559896421551954,64,44564960
929,881.2990,100,1695,2619,1767559896425416691,64,44564960
930,881.2990,100,1695,2619,1767559896430609609,64,44564960
931,881.2990,100,1695,2619,1767559896442337226,64,44564960
932,881.2990,100,1695,2619,1767559896446664326,64,44564960
933,881.2990,100,1695,2619,1767559896450887716,64,44564960
934,881.2990,100,1695,2619,1767559896457353712,64,44564960
935,888.4030,100,1695,2619,1767559896461198065,64,44564960
936,888.4030,100,1695,2619,1767559896464924466,64,44564960
937,888.4030,100,1695,2619,1767559896468714740,64,44564960
938,888.4030,100,1695,2619,1767559896476802706,64,44564960
939,888.4030,100,1695,2619,1767559896480408821,64,44564960
940,888.4030,100,1695,2619,1767559896484168118,64,44564960
941,888.4030,100,1695,2619,1767559896488873968,64,44664646
942,888.4030,100,1695,2619,1767559896506388034,64,44664646
943,888.4030,100,1695,2619,1767559896510868478,64,44664646
944,888.4030,100,1695,2619,1767559896519827317,64,44664646
945,888.4030,100,1695,2619,1767559896523546711,64,44664646
946,888.4030,100,1695,2619,1767559896528151474,64,44664646
947,888.4030,100,1695,2619,1767559896531961395,64,44664646
948,888.4030,100,1695,2619,1767559896538419103,64,44664646
949,888.4030,100,1695,2619,1767559896542114241,64,44664646
950,888.4030,100,1695,2619,1767559896545857954,64,44664646
951,888.4030,100,1695,2619,1767559896550875066,64,44664646
952,888.4030,100,1695,2619,1767559896557345285,64,44664646
953,888.4030,100,1695,2619,1767559896561091815,64,44664646
954,888.4030,100,1695,2619,1767559896564806313,64,44664646
955,888.4030,100,1695,2619,1767559896568628362,64,44664646
956,888.4030,100,1695,2619,1767559896579149205,64,44664646
957,888.4030,100,1695,2619,1767559896583073205,64,44664646
958,887.3200,100,1695,2619,1767559896586568984,64,44664646
959,887.3200,100,1695,2619,1767559896592604423,64,44766776
960,887.3200,100,1695,2619,1767559896609857116,64,44766776
961,887.3200,100,1695,2619,1767559896619406414,64,44766776
962,887.3200,100,1695,2619,1767559896623105296,64,44766776
963,887.3200,100,1695,2619,1767559896626832722,64,44766776
964,887.3200,100,1695,2619,1767559896633539708,64,44766776
965,887.3200,100,1695,2619,1767559896640923072,64,44766776
966,887.3200,100,1695,2619,1767559896644622210,64,44766776
967,887.3200,100,1695,2619,1767559896648431491,64,44766776
968,887.3200,100,1695,2619,1767559896658954766,64,44766776
969,887.3200,100,1695,2619,1767559896662935853,64,44766776
970,887.3200,100,1695,2619,1767559896666609712,64,44766776
971,887.3200,100,1695,2619,1767559896670950924,64,44766776
972,887.3200,100,1695,2619,1767559896678281393,64,44766776
973,887.3200,100,1695,2619,1767559896681934963,64,44766776
974,887.3200,100,1695,2619,1767559896685549206,64,44766776
975,887.3200,100,1680,2619,1767559896689804340,64,44866099
976,887.3200,100,1680,2619,1767559896710258670,64,44866099
977,887.3200,100,1680,2619,1767559896719472259,64,44866099
978,884.5870,100,1680,2619,1767559896722983783,64,44866099
979,884.5870,100,1680,2619,1767559896726691368,64,44866099
980,884.5870,100,1680,2619,1767559896733467154,64,44866099
981,884.5870,100,1680,2619,1767559896740819254,64,44866099
982,884.5870,100,1680,2619,1767559896745382705,64,44866099
983,884.5870,100,1680,2619,1767559896749171058,64,44866099
984,884.5870,100,1680,2619,1767559896758121450,64,44866099
985,884.5870,100,1680,2619,1767559896761675309,64,44866099
986,884.5870,100,1680,2619,1767559896765396719,65,44866099
987,884.5870,100,1680,2619,1767559896769214672,65,44866099
988,884.5870,100,1680,2619,1767559896779508572,65,44866099
989,884.5870,100,1680,2619,1767559896783628475,65,44866099
990,884.5870,100,1680,2619,1767559896787249470,65,44866099
991,884.5870,100,1680,2619,1767559896793904552,65,44967263
992,884.5870,100,1680,2619,1767559896809997029,65,44967263
993,884.5870,100,1680,2619,1767559896818670559,65,44967263
994,884.5870,100,1680,2619,1767559896822203522,65,44967263
995,884.5870,100,1680,2619,1767559896825940644,65,44967263
996,884.5870,100,1680,2619,1767559896833625862,65,44967263
997,884.5870,100,1680,2619,1767559896840057554,65,44967263
998,885.6650,100,1680,2619,1767559896845474246,65,44967263
999,885.6650,100,1680,2619,1767559896849208167,65,44967263
1000,885.6650,100,1680,2619,1767559896858980632,65,44967263
1001,885.6650,100,1680,2619,1767559896862772345,65,44967263
1002,885.6650,100,1680,2619,1767559896866484923,65,44967263
1003,885.6650,100,1680,2619,1767559896871038198,65,44967263
1004,885.6650,100,1680,2619,1767559896878414971,65,44967263
1005,885.6650,100,1680,2619,1767559896882158140,65,44967263
1006,885.6650,100,1680,2619,1767559896885778559,65,44967263
1007,885.6650,100,1680,2619,1767559896891517264,65,45065052
1008,885.6650,100,1680,2619,1767559896908527718,65,45065052
1009,885.6650,100,1680,2619,1767559896917293343,65,45065052
1010,885.6650,100,1680,2619,1767559896921053889,65,45065052
1011,885.6650,100,1680,2619,1767559896924703107,65,45065052
1012,885.6650,100,1680,2619,1767559896928903265,65,45065052
1013,885.6650,100,1680,2619,1767559896939589739,65,45065052
1014,885.6650,100,1665,2619,1767559896943447691,65,45065052
1015,885.6650,100,1665,2619,1767559896947252109,65,45065052
1016,885.6650,100,1665,2619,1767559896951315948,65,45065052
1017,885.6650,100,1665,2619,1767559896958484274,65,45065052
1018,894.7900,100,1665,2619,1767559896963175211,65,45065052
1019,894.7900,100,1665,2619,1767559896966956813,65,45065052
1020,894.7900,100,1665,2619,1767559896970941165,65,45065052
1021,894.7900,100,1665,2619,1767559896978399920,65,45065052
1022,894.7900,100,1665,2619,1767559896981970579,65,45065052
1023,894.7900,100,1665,2619,1767559896985701493,65,45065052
1024,894.7900,100,1665,2619,1767559896991263016,65,45163854
1025,894.7900,100,1665,2619,1767559897006697803,65,45163854
1026,894.7900,100,1665,2619,1767559897010816297,65,45163854
1027,894.7900,100,1665,2619,1767559897018102542,64,45163854
1028,894.7900,100,1665,2619,1767559897021764305,64,45163854
1029,894.7900,100,1665,2619,1767559897025484850,64,45163854
1030,894.7900,100,1665,2619,1767559897030567753,64,45163854
1031,894.7900,100,1665,2619,1767559897040782198,64,45163854
1032,894.7900,100,1665,2619,1767559897044354585,64,45163854
1033,894.7900,100,1665,2619,1767559897048183546,64,45163854
1034,894.7900,100,1665,2619,1767559897058627398,64,45163854
1035,894.7900,100,1665,2619,1767559897062213833,64,45163854
1036,894.7900,100,1665,2619,1767559897066491462,64,45163854
1037,894.7900,100,1665,2619,1767559897070814947,64,45163854
1038,894.7900,100,1665,2619,1767559897078802978,64,45163854
1039,892.6470,100,1665,2619,1767559897082820002,64,45163854
1040,892.6470,100,1665,2619,1767559897086489668,64,45163854
1041,892.6470,100,1665,2619,1767559897092371156,64,45263647
1042,892.6470,100,1665,2619,1767559897110063557,64,45263647
1043,892.6470,100,1665,2619,1767559897121430633,64,45263647
1044,892.6470,100,1665,2619,1767559897124982124,64,45263647
1045,892.6470,100,1665,2619,1767559897129137450,64,45263647
1046,892.6470,100,1665,2619,1767559897139756276,64,45263647
1047,892.6470,100,1665,2619,1767559897143433654,64,45263647
1048,892.6470,100,1665,2619,1767559897147325175,65,45263647
1049,892.6470,100,1665,2619,1767559897151447413,65,45263647
1050,892.6470,100,1665,2619,1767559897158579931,65,45263647
1051,892.6470,100,1665,2619,1767559897162283389,65,45263647
1052,892.6470,100,1665,2619,1767559897166340573,65,45263647
1053,892.6470,100,1665,2619,1767559897170934455,65,45263647
1054,892.6470,100,1665,2619,1767559897178384155,65,45263647
1055,892.6470,100,1665,2619,1767559897182117981,65,45263647
1056,892.6470,100,1665,2619,1767559897185916062,65,45263647
1057,892.6470,100,1680,2619,1767559897191468017,65,45362014
1058,892.6470,100,1680,2619,1767559897210147961,65,45362014
1059,892.8480,100,1680,2619,1767559897219214384,65,45362014
1060,892.8480,100,1680,2619,1767559897222791123,65,45362014
1061,892.8480,100,1680,2619,1767559897226494389,65,45362014
1062,892.8480,100,1680,2619,1767559897231079312,65,45362014
1063,892.8480,100,1680,2619,1767559897238541907,65,45362014
1064,892.8480,100,1680,2619,1767559897242386196,65,45362014
1065,892.8480,100,1680,2619,1767559897246340788,65,45362014
1066,892.8480,100,1680,2619,1767559897250940207,65,45362014
1067,892.8480,100,1680,2619,1767559897258223604,65,45362014
1068,892.8480,100,1680,2619,1767559897261890870,65,45362014
1069,892.8480,100,1680,2619,1767559897265605432,65,45362014
1070,892.8480,100,1680,2619,1767559897269341562,65,45362014
1071,892.8480,100,1680,2619,1767559897278076979,65,45362014
1072,892.8480,100,1680,2619,1767559897282202097,65,45362014
1073,892.8480,100,1680,2619,1767559897285877876,65,45362014
1074,892.8480,100,1680,2619,1767559897291429127,65,45461962
1075,892.8480,100,1680,2619,1767559897309954160,65,45461962
1076,892.8480,100,1680,2619,1767559897321246261,65,45461962
1077,892.8480,100,1695,2619,1767559897327382051,65,45461962
1078,892.8480,100,1695,2619,1767559897334793319,65,45461962
1079,892.8480,100,1695,2619,1767559897354871172,65,45461962
1080,891.1480,100,1695,2619,1767559897364144249,65,45461962
1081,891.1480,100,1695,2619,1767559897368406039,65,45461962
1082,891.1480,100,1695,2619,1767559897377238287,65,45461962
1083,891.1480,100,1695,2619,1767559897381616747,65,45461962
1084,891.1480,100,1695,2619,1767559897385378733,66,45461962
1085,891.1480,100,1695,2619,1767559897389514859,66,45562445
1086,891.1480,100,1695,2619,1767559897409068077,66,45562445
1087,891.1480,100,1695,2619,1767559897417770662,66,45562445
1088,891.1480,100,1695,2619,1767559897421354473,66,45562445
1089,891.1480,100,1695,2619,1767559897425041323,66,45562445
1090,891.1480,100,1695,2619,1767559897429812965,66,45562445
1091,891.1480,100,1695,2619,1767559897439475190,66,45562445
1092,891.1480,100,1665,2619,1767559897443025626,66,45562445
1093,891.1480,100,1665,2619,1767559897446757979,66,45562445
1094,891.1480,100,1665,2619,1767559897450840890,66,45562445
1095,891.1480,100,1665,2619,1767559897459741298,66,45562445
1096,892.9070,100,1665,2619,1767559897463479060,66,45562445
1097,892.9070,100,1665,2619,1767559897467060215,66,45562445
1098,892.9070,100,1665,2619,1767559897471146134,66,45562445
1099,892.9070,100,1665,2619,1767559897478532410,66,45562445
1100,892.9070,100,1665,2619,1767559897482941078,66,45562445
1101,892.9070,100,1665,2619,1767559897486764567,66,45562445
1102,892.9070,100,1665,2619,1767559897492959716,66,45663738
1103,892.9070,100,1665,2619,1767559897508641125,66,45663738
1104,892.9070,100,1665,2619,1767559897516614244,66,45663738
1105,892.9070,100,1665,2619,1767559897520644771,66,45663738
1106,892.9070,100,1665,2619,1767559897524497252,66,45663738
1107,892.9070,100,1665,2619,1767559897528365509,66,45663738
1108,892.9070,100,1665,2619,1767559897540355171,66,45663738
1109,892.9070,100,1680,2619,1767559897544108517,66,45663738
1110,892.9070,100,1680,2619,1767559897547925062,66,45663738
1111,892.9070,100,1680,2619,1767559897551925798,66,45663738
1112,892.9070,100,1680,2619,1767559897560768414,66,45663738
1113,892.9070,100,1680,2619,1767559897564447136,66,45663738
1114,891.5670,100,1680,2619,1767559897567953476,66,45663738
1115,891.5670,100,1680,2619,1767559897571947811,66,45663738
1116,891.5670,100,1680,2619,1767559897579183401,66,45663738
1117,891.5670,100,1680,2619,1767559897583740036,66,45663738
1118,891.5670,100,1680,2619,1767559897589028825,66,45761039
1119,891.5670,100,1680,2619,1767559897607500067,66,45761039
1120,891.5670,100,1680,2619,1767559897611584578,66,45761039
1121,891.5670,100,1680,2619,1767559897618879687,65,45761039
1122,891.5670,100,1680,2619,1767559897622560329,65,45761039
1123,891.5670,100,1680,2619,1767559897626278507,65,45761039
1124,891.5670,100,1680,2619,1767559897633573008,65,45761039
1125,891.5670,100,1680,2619,1767559897640900788,65,45761039
1126,891.5670,100,1680,2619,1767559897645689774,65,45761039
1127,891.5670,100,1680,2619,1767559897651011074,65,45761039
1128,891.5670,100,1680,2619,1767559897658174728,65,45761039
1129,891.5670,100,1680,2619,1767559897661788651,65,45761039
1130,891.5670,100,1695,2619,1767559897665521325,65,45761039
1131,891.5670,100,1695,2619,1767559897669258543,65,45761039
1132,891.5670,100,1695,2619,1767559897677195310,65,45761039
1133,891.5670,100,1695,2619,1767559897680888240,65,45761039
1134,891.5670,100,1695,2619,1767559897685302477,65,45761039
1135,891.9220,100,1695,2619,1767559897689580746,65,45862848
1136,891.9220,100,1695,2619,1767559897709560328,65,45862848
1137,891.9220,100,1695,2619,1767559897718225634,65,45862848
1138,891.9220,100,1695,2619,1767559897722050403,65,45862848
1139,891.9220,100,1695,2619,1767559897725688581,65,45862848
1140,891.9220,100,1695,2619,1767559897733685540,65,45862848
1141,891.9220,100,1695,2619,1767559897740259887,65,45862848
1142,891.9220,100,1695,2619,1767559897744003633,66,45862848
1143,891.9220,100,1695,2619,1767559897747862801,66,45862848
1144,891.9220,100,1695,2619,1767559897751892977,66,45862848
1145,891.9220,100,1695,2619,1767559897758324925,66,45862848
1146,891.9220,100,1695,2619,1767559897762356220,66,45862848
1147,891.9220,100,1695,2619,1767559897766090462,66,45862848
1148,891.9220,100,1695,2619,1767559897770922998,66,45862848
1149,891.9220,100,1695,2619,1767559897779596624,66,45862848
1150,891.9220,100,1695,2619,1767559897783450321,66,45862848
1151,891.9220,100,1680,2619,1767559897788883717,66,45961978
1152,891.9220,100,1680,2619,1767559897807572877,66,45961978
1153,891.9220,100,1680,2619,1767559897811602381,66,45961978
1154,892.3740,100,1680,2619,1767559897818903857,66,45961978
1155,892.3740,100,1680,2619,1767559897822625587,66,45961978
1156,892.3740,100,1680,2619,1767559897826382005,66,45961978
1157,892.3740,100,1680,2619,1767559897833502107,66,45961978
1158,892.3740,100,1680,2619,1767559897842754992,66,45961978
1159,892.3740,100,1680,2619,1767559897848406882,66,45961978
1160,892.3740,100,1680,2619,1767559897856371714,66,45961978
1161,892.3740,100,1680,2619,1767559897860003780,66,45961978
1162,892.3740,100,1680,2619,1767559897863745606,66,45961978
1163,892.3740,100,1680,2619,1767559897867492296,66,45961978
1164,892.3740,100,1680,2619,1767559897871577127,66,45961978
1165,892.3740,100,1680,2619,1767559897880525918,66,45961978
1166,892.3740,100,1680,2619,1767559897884594365,66,45961978
1167,892.3740,100,1680,2619,1767559897888876794,66,46061526
1168,892.3740,100,1680,2619,1767559897907899168,66,46061526
1169,892.3740,100,1680,2619,1767559897911884320,66,46061526
1170,892.3740,100,1665,2619,1767559897919177157,66,46061526
1171,892.3740,100,1665,2619,1767559897922939814,66,46061526
1172,892.3740,100,1665,2619,1767559897926669768,66,46061526
1173,892.3740,100,1665,2619,1767559897933520368,66,46061526
1174,892.3740,100,1665,2619,1767559897942677958,66,46061526
1175,892.8140,100,1665,2619,1767559897946560071,66,46061526
1176,892.8140,100,1665,2619,1767559897950934339,66,46061526
1177,892.8140,100,1665,2619,1767559897957254832,66,46061526
1178,892.8140,100,1665,2619,1767559897960784083,66,46061526
1179,892.8140,100,1665,2619,1767559897964479157,66,46061526
1180,892.8140,100,1665,2619,1767559897968186743,66,46061526
1181,892.8140,100,1665,2619,1767559897978472196,66,46061526
1182,892.8140,100,1665,2619,1767559897982058727,66,46061526
1183,892.8140,100,1665,2619,1767559897985553771,66,46061526
1184,892.8140,100,1665,2619,1767559897991067998,66,46161622
1185,892.8140,100,1665,2619,1767559898009219403,66,46161622
1186,892.8140,100,1665,2619,1767559898018045347,66,46161622
1187,892.8140,100,1665,2619,1767559898021563559,66,46161622
1188,892.8140,100,1665,2619,1767559898025272169,66,46161622
1189,892.8140,100,1665,2619,1767559898030126049,66,46161622
1190,892.8140,100,1665,2619,1767559898039686420,66,46161622
1191,892.8140,100,1680,2619,1767559898043249207,66,46161622
1192,892.8140,100,1680,2619,1767559898047146711,66,46161622
1193,892.8140,100,1680,2619,1767559898051166999,66,46161622
1194,892.8140,100,1680,2619,1767559898058411772,66,46161622
1195,892.3250,100,1680,2619,1767559898062101662,66,46161622
1196,892.3250,100,1680,2619,1767559898065821888,66,46161622
1197,892.3250,100,1680,2619,1767559898070867607,66,46161622
1198,892.3250,100,1680,2619,1767559898078063869,66,46161622
1199,892.3250,100,1680,2619,1767559898081841790,66,46161622
1200,892.3250,100,1680,2619,1767559898086552120,66,46161622
1201,892.3250,100,1680,2619,1767559898091115219,66,46259780
1202,892.3250,100,1680,2619,1767559898107327407,66,46259780
1203,892.3250,100,1680,2619,1767559898111369615,66,46259780
1204,892.3250,100,1680,2619,1767559898117820730,66,46259780
1205,892.3250,100,1680,2619,1767559898121512252,66,46259780
1206,892.3250,100,1680,2619,1767559898125238334,66,46259780
1207,892.3250,100,1680,2619,1767559898130189334,66,46259780
1208,892.3250,100,1680,2619,1767559898139569418,66,46259780
1209,892.3250,100,1680,2619,1767559898143094638,66,46259780
1210,892.3250,100,1680,2619,1767559898146964718,66,46259780
1211,892.3250,100,1680,2619,1767559898151049997,66,46259780
1212,892.3250,100,1680,2619,1767559898158577360,66,46259780
1213,892.3250,100,1680,2619,1767559898162194579,66,46259780
1214,892.3250,100,1680,2619,1767559898165874997,66,46259780
1215,892.3250,100,1680,2619,1767559898170815181,66,46259780
1216,892.3250,100,1680,2619,1767559898178033746,66,46259780
1217,892.3250,100,1680,2619,1767559898181744788,66,46259780
1218,891.9860,100,1680,2619,1767559898185464438,66,46259780
1219,891.9860,100,1680,2619,1767559898189585173,66,46358725
1220,891.9860,100,1680,2619,1767559898208638394,66,46358725
1221,891.9860,100,1680,2619,1767559898216650137,66,46358725
1222,891.9860,100,1680,2619,1767559898220364379,66,46358725
1223,891.9860,100,1680,2619,1767559898224175356,66,46358725
1224,891.9860,100,1680,2619,1767559898227977373,66,46358725
1225,891.9860,100,1680,2619,1767559898234333002,66,46358725
1226,891.9860,100,1680,2619,1767559898243323873,66,46358725
1227,891.9860,100,1680,2619,1767559898247167714,66,46358725
1228,891.9860,100,1680,2619,1767559898251238017,66,46358725
1229,891.9860,100,1680,2619,1767559898258575685,66,46358725
1230,891.9860,100,1680,2619,1767559898262234184,66,46358725
1231,891.9860,100,1680,2619,1767559898265951946,66,46358725
1232,891.9860,100,1680,2619,1767559898270904641,66,46358725
1233,891.9860,100,1680,2619,1767559898277254862,66,46358725
1234,891.9860,100,1680,2619,1767559898280882737,66,46358725
1235,891.9860,100,1695,2619,1767559898284754225,66,46358725
1236,891.9860,100,1695,2619,1767559898288954383,66,46457507
1237,891.9860,100,1695,2619,1767559898308612784,66,46457507
1238,891.9860,100,1695,2619,1767559898320114099,66,46457507
1239,892.1310,100,1695,2619,1767559898323941108,66,46457507
1240,892.1310,100,1695,2619,1767559898327711381,66,46457507
1241,892.1310,100,1695,2619,1767559898334078977,66,46457507
1242,892.1310,100,1695,2619,1767559898340614796,66,46457507
1243,892.1310,100,1695,2619,1767559898344353006,66,46457507
1244,892.1310,100,1695,2619,1767559898348214607,66,46457507
1245,892.1310,100,1695,2619,1767559898356155054,66,46457507
1246,892.1310,100,1695,2619,1767559898359761553,66,46457507
1247,892.1310,100,1695,2619,1767559898363630578,67,46457507
1248,892.1310,100,1695,2619,1767559898367452819,67,46457507
1249,892.1310,100,1695,2619,1767559898371512754,67,46457507
1250,892.1310,100,1695,2619,1767559898378019837,67,46457507
1251,892.1310,100,1695,2619,1767559898382069148,67,46457507
1252,892.1310,100,1695,2619,1767559898385766398,67,46457507
1253,892.1310,100,1695,2619,1767559898391271154,67,46559090
1254,892.1310,100,1695,2619,1767559898407601741,67,46559090
1255,892.1310,100,1695,2619,1767559898411735756,67,46559090
1256,892.1310,100,1680,2619,1767559898419087440,67,46559090
1257,892.1310,100,1680,2619,1767559898422760210,67,46559090
1258,892.1310,100,1680,2619,1767559898427530924,67,46559090
1259,892.1310,100,1680,2619,1767559898433751673,67,46559090
1260,891.2400,100,1680,2619,1767559898441124830,67,46559090
1261,891.2400,100,1680,2619,1767559898444858079,67,46559090
1262,891.2400,100,1680,2619,1767559898448558049,67,46559090
1263,891.2400,100,1680,2619,1767559898457333562,67,46559090
1264,891.2400,100,1680,2619,1767559898461059420,67,46559090
1265,891.2400,100,1680,2619,1767559898464719294,67,46559090
1266,891.2400,100,1680,2619,1767559898468485344,67,46559090
1267,891.2400,100,1680,2619,1767559898478933355,67,46559090
1268,891.2400,100,1680,2619,1767559898482765196,67,46559090
1269,891.2400,100,1680,2619,1767559898486339375,67,46559090
1270,891.2400,100,1680,2619,1767559898492141120,67,46658443
1271,891.2400,100,1680,2619,1767559898509515347,67,46658443
1272,891.2400,100,1680,2619,1767559898540656151,67,46658443
1273,891.2400,100,1695,2619,1767559898549376624,67,46658443
1274,891.2400,100,1695,2619,1767559898559226496,67,46658443
1275,891.2400,100,1695,2619,1767559898562811043,67,46658443
1276,891.2400,100,1695,2619,1767559898566520741,67,46658443
1277,892.2230,100,1695,2619,1767559898570882050,67,46658443
1278,892.2230,100,1695,2619,1767559898577548812,67,46658443
1279,892.2230,100,1695,2619,1767559898581221870,67,46658443
1280,892.2230,100,1695,2619,1767559898585188238,67,46658443
1281,892.2230,100,1695,2619,1767559898589279437,67,46758608
1282,892.2230,100,1695,2619,1767559898608998637,67,46758608
1283,892.2230,100,1695,2619,1767559898617670598,67,46758608
1284,892.2230,100,1695,2619,1767559898621248137,67,46758608
1285,892.2230,100,1695,2619,1767559898624983339,67,46758608
1286,892.2230,100,1695,2619,1767559898629797860,67,46758608
1287,892.2230,100,1695,2619,1767559898639386326,67,46758608
1288,892.2230,100,1695,2619,1767559898643127640,67,46758608
1289,892.2230,100,1695,2619,1767559898647515253,67,46758608
1290,892.2230,100,1695,2619,1767559898651513940,67,46758608
1291,892.2230,100,1695,2619,1767559898658852409,67,46758608
1292,892.2230,100,1680,2619,1767559898662564731,67,46758608
1293,892.2230,100,1680,2619,1767559898666215485,67,46758608
1294,892.2230,100,1680,2619,1767559898670894263,67,46758608
1295,892.2230,100,1680,2619,1767559898678159356,67,46758608
1296,892.2230,100,1680,2619,1767559898681872510,67,46758608
1297,892.3660,100,1680,2619,1767559898685524256,67,46758608
1298,892.3660,100,1680,2619,1767559898689776638,67,46859202
1299,892.3660,100,1680,2619,1767559898708010890,67,46859202
1300,892.3660,100,1680,2619,1767559898712028298,67,46859202
1301,892.3660,100,1680,2619,1767559898719578252,67,46859202
1302,892.3660,100,1680,2619,1767559898723232847,67,46859202
1303,892.3660,100,1680,2619,1767559898727048496,67,46859202
1304,892.3660,100,1680,2619,1767559898733754681,67,46859202
1305,892.3660,100,1680,2619,1767559898742975471,67,46859202
1306,892.3660,100,1680,2619,1767559898746983886,67,46859202
1307,892.3660,100,1680,2619,1767559898751193612,67,46859202
1308,892.3660,100,1680,2619,1767559898761084092,67,46859202
1309,892.3660,100,1680,2619,1767559898764918109,67,46859202
1310,892.3660,100,1680,2619,1767559898768641471,67,46859202
1311,892.3660,100,1680,2619,1767559898779136426,67,46859202
1312,892.3660,100,1680,2619,1767559898783286664,67,46859202
1313,892.3660,100,1680,2619,1767559898786957802,67,46859202
1314,892.3660,100,1785,2619,1767559898793429878,67,46953438
1315,892.3660,100,1785,2619,1767559898810133134,67,46953438
1316,892.3660,100,1785,2619,1767559898819616289,67,46953438
1317,884.2880,100,1785,2619,1767559898823198628,67,46953438
1318,884.2880,100,1785,2619,1767559898826945190,67,46953438
1319,884.2880,100,1785,2619,1767559898831230467,67,46953438
1320,884.2880,100,1785,2619,1767559898838764870,67,46953438
1321,884.2880,100,1785,2619,1767559898844454200,67,46953438
1322,884.2880,100,1785,2619,1767559898848172538,67,46953438
1323,884.2880,100,1785,2619,1767559898857082354,67,46953438
1324,884.2880,100,1785,2619,1767559898860679637,67,46953438
1325,884.2880,100,1785,2619,1767559898864333655,66,46953438
1326,884.2880,100,1785,2619,1767559898868120056,66,46953438
1327,884.2880,100,1785,2619,1767559898878595331,66,46953438
1328,884.2880,100,1785,2619,1767559898882735074,66,46953438
1329,884.2880,100,1785,2619,1767559898886289221,66,46953438
1330,884.2880,100,1785,2619,1767559898891975671,66,47048246
1331,884.2880,100,1785,2619,1767559898907579128,66,47048246
1332,884.2880,100,1785,2619,1767559898911547608,66,47048246
1333,884.2880,100,1815,2619,1767559898918940860,66,47048246
1334,884.2880,100,1815,2619,1767559898922850301,66,47048246
1335,884.2880,100,1815,2619,1767559898926556287,66,47048246
1336,884.2880,100,1815,2619,1767559898933488454,66,47048246
1337,884.2880,100,1815,2619,1767559898942653532,66,47048246
1338,879.3220,100,1815,2619,1767559898946542205,66,47048246
1339,879.3220,100,1815,2619,1767559898950823674,66,47048246
1340,879.3220,100,1815,2619,1767559898958115487,66,47048246
1341,879.3220,100,1815,2619,1767559898961649890,66,47048246
1342,879.3220,100,1815,2619,1767559898965369796,66,47048246
1343,879.3220,100,1815,2619,1767559898969157061,66,47048246
1344,879.3220,100,1815,2619,1767559898979705424,66,47048246
1345,879.3220,100,1815,2619,1767559898983537489,66,47048246
1346,879.3220,100,1815,2619,1767559898987130228,66,47048246
1347,879.3220,100,1815,2619,1767559898993985724,66,47147007
1348,879.3220,100,1815,2619,1767559899008572422,66,47147007
1349,879.3220,100,1815,2619,1767559899017398526,66,47147007
1350,879.3220,100,1815,2619,1767559899021206335,66,47147007
1351,879.3220,100,1815,2619,1767559899024985665,66,47147007
1352,879.3220,100,1815,2619,1767559899029684027,66,47147007
1353,879.3220,100,1815,2619,1767559899041541146,66,47147007
1354,879.3220,100,1725,2619,1767559899045335900,66,47147007
1355,879.3220,100,1725,2619,1767559899049092253,66,47147007
1356,879.3220,100,1725,2619,1767559899057873942,66,47147007
1357,879.3220,100,1725,2619,1767559899062416593,66,47147007
1358,879.9690,100,1725,2619,1767559899066063092,66,47147007
1359,879.9690,100,1725,2619,1767559899070882061,66,47147007
1360,879.9690,100,1725,2619,1767559899079968227,66,47147007
1361,879.9690,100,1725,2619,1767559899084405951,66,47147007
1362,879.9690,100,1725,2619,1767559899088943962,66,47244197
1363,879.9690,100,1725,2619,1767559899107691426,66,47244197
1364,879.9690,100,1725,2619,1767559899111738209,66,47244197
1365,879.9690,100,1725,2619,1767559899119092870,67,47244197
1366,879.9690,100,1725,2619,1767559899122940135,67,47244197
1367,879.9690,100,1725,2619,1767559899126704008,67,47244197
1368,879.9690,100,1725,2619,1767559899133634000,67,47244197
1369,879.9690,100,1725,2619,1767559899141075604,67,47244197
1370,879.9690,100,1725,2619,1767559899144775574,67,47244197
1371,879.9690,100,1725,2619,1767559899148588151,67,47244197
1372,879.9690,100,1725,2619,1767559899157380207,67,47244197
1373,879.9690,100,1725,2619,1767559899160947250,67,47244197
1374,879.9690,100,1695,2619,1767559899165303247,67,47244197
1375,879.9690,100,1695,2619,1767559899169064657,67,47244197
1376,879.9690,100,1695,2619,1767559899179455036,67,47244197
1377,879.9690,100,1695,2619,1767559899183340637,67,47244197
1378,883.0970,100,1695,2619,1767559899186956256,67,47244197
1379,883.0970,100,1695,2619,1767559899193434635,67,47347579
1380,883.0970,100,1695,2619,1767559899207520601,67,47347579
1381,883.0970,100,1695,2619,1767559899211522329,67,47347579
1382,883.0970,100,1695,2619,1767559899217941220,67,47347579
1383,883.0970,100,1695,2619,1767559899221614151,67,47347579
1384,883.0970,100,1695,2619,1767559899225440040,67,47347579
1385,883.0970,100,1695,2619,1767559899230847548,67,47347579
1386,883.0970,100,1695,2619,1767559899239929490,67,47347579
1387,883.0970,100,1695,2619,1767559899243455606,68,47347579
1388,883.0970,100,1695,2619,1767559899247381942,68,47347579
1389,883.0970,100,1695,2619,1767559899251435829,68,47347579
1390,883.0970,100,1695,2619,1767559899258758426,68,47347579
1391,883.0970,100,1695,2619,1767559899262510875,68,47347579
1392,883.0970,100,1695,2619,1767559899266701145,68,47347579
1393,883.0970,100,1695,2619,1767559899270930455,68,47347579
1394,883.0970,100,1695,2619,1767559899279886670,68,47347579
1395,883.0970,100,1695,2619,1767559899283530001,68,47347579
1396,883.0970,100,1680,2619,1767559899287142612,68,47347579
1397,883.0970,100,1680,2619,1767559899293734654,68,47447327
1398,883.0970,100,1680,2619,1767559899310603733,68,47447327
1399,883.0970,100,1680,2619,1767559899319511053,68,47447327
1400,883.8380,100,1680,2619,1767559899323203375,68,47447327
1401,883.8380,100,1680,2619,1767559899326999760,68,47447327
1402,883.8380,100,1680,2619,1767559899333802585,68,47447327
1403,883.8380,100,1680,2619,1767559899341216573,68,47447327
1404,883.8380,100,1680,2619,1767559899345012382,68,47447327
1405,883.8380,100,1680,2619,1767559899348809760,68,47447327
1406,883.8380,100,1680,2619,1767559899359364618,68,47447327
1407,883.8380,100,1680,2619,1767559899362998413,68,47447327
1408,883.8380,100,1680,2619,1767559899366573360,68,47447327
1409,883.8380,100,1680,2619,1767559899370978156,68,47447327
1410,883.8380,100,1680,2619,1767559899377453239,68,47447327
1411,883.8380,100,1680,2619,1767559899381211513,68,47447327
1412,883.8380,100,1680,2619,1767559899385244024,68,47447327
1413,883.8380,100,1680,2619,1767559899389323351,68,47547319
1414,883.8380,100,1680,2619,1767559899408935864,68,47547319
1415,883.8380,100,1680,2619,1767559899419587618,68,47547319
1416,883.8380,100,1665,2619,1767559899423407971,68,47547319
1417,883.8380,100,1665,2619,1767559899427146725,68,47547319
1418,883.8380,100,1665,2619,1767559899433978733,68,47547319
1419,883.8380,100,1665,2619,1767559899442864837,68,47547319
1420,885.3200,100,1665,2619,1767559899446643815,68,47547319
1421,885.3200,100,1665,2619,1767559899450776165,68,47547319
1422,885.3200,100,1665,2619,1767559899459706589,68,47547319
1423,885.3200,100,1665,2619,1767559899463237344,68,47547319
1424,885.3200,100,1665,2619,1767559899466862979,68,47547319
1425,885.3200,100,1665,2619,1767559899470880642,68,47547319
1426,885.3200,100,1665,2619,1767559899480045112,68,47547319
1427,885.3200,100,1665,2619,1767559899483862457,68,47547319
1428,885.3200,100,1665,2619,1767559899488841808,67,47646102
1429,885.3200,100,1665,2619,1767559899507748055,67,47646102
1430,885.3200,100,1665,2619,1767559899511777271,67,47646102
1431,885.3200,100,1665,2619,1767559899519082107,67,47646102
1432,885.3200,100,1665,2619,1767559899522762206,67,47646102
1433,885.3200,100,1665,2619,1767559899527536631,67,47646102
1434,885.3200,100,1665,2619,1767559899533626405,67,47646102
1435,885.3200,100,1665,2619,1767559899541030697,67,47646102
1436,885.3200,100,1695,2619,1767559899544758155,67,47646102
1437,885.3200,100,1695,2619,1767559899548537485,67,47646102
1438,885.3200,100,1695,2619,1767559899557555843,67,47646102
1439,885.3200,100,1695,2619,1767559899561257861,67,47646102
1440,885.1670,100,1695,2619,1767559899564969895,67,47646102
1441,885.1670,100,1695,2619,1767559899568768265,67,47646102
1442,885.1670,100,1695,2619,1767559899577583649,67,47646102
1443,885.1670,100,1695,2619,1767559899581798303,67,47646102
1444,885.1670,100,1695,2619,1767559899585531873,67,47646102
1445,885.1670,100,1695,2619,1767559899589630239,67,47748133
1446,885.1670,100,1695,2619,1767559899607636813,67,47748133
1447,885.1670,100,1695,2619,1767559899611680301,67,47748133
1448,885.1670,100,1695,2619,1767559899618962610,68,47748133
1449,885.1670,100,1695,2619,1767559899622929042,68,47748133
1450,885.1670,100,1695,2619,1767559899626610388,68,47748133
1451,885.1670,100,1695,2619,1767559899633514684,68,47748133
1452,885.1670,100,1695,2619,1767559899640951231,68,47748133
1453,885.1670,100,1695,2619,1767559899644605666,68,47748133
1454,885.1670,100,1695,2619,1767559899648384803,68,47748133
1455,885.1670,100,1695,2619,1767559899657173212,68,47748133
1456,885.1670,100,1695,2619,1767559899660756159,68,47748133
1457,885.1670,100,1695,2619,1767559899664450785,68,47748133
1458,885.1670,100,1695,2619,1767559899668176259,68,47748133
1459,885.1670,100,1695,2619,1767559899678538415,68,47748133
1460,885.1670,100,1695,2619,1767559899683084714,68,47748133
1461,886.0110,100,1695,2619,1767559899686589101,68,47748133
1462,886.0110,100,1695,2619,1767559899692928634,68,47850251
1463,886.0110,100,1695,2619,1767559899707823201,68,47850251
1464,886.0110,100,1695,2619,1767559899711834657,68,47850251
1465,886.0110,100,1695,2619,1767559899718231917,68,47850251
1466,886.0110,100,1695,2619,1767559899721950095,68,47850251
1467,886.0110,100,1695,2619,1767559899725616177,68,47850251
1468,886.0110,100,1695,2619,1767559899733465169,68,47850251
1469,886.0110,100,1695,2619,1767559899740157627,68,47850251
1470,886.0110,100,1695,2619,1767559899743879069,68,47850251
1471,886.0110,100,1695,2619,1767559899747503744,68,47850251
1472,886.0110,100,1695,2619,1767559899751572607,68,47850251
1473,886.0110,100,1695,2619,1767559899760380503,68,47850251
1474,886.0110,100,1695,2619,1767559899764526550,68,47850251
1475,886.0110,100,1695,2619,1767559899768091385,68,47850251
1476,886.0110,100,1695,2619,1767559899776901329,68,47850251
1477,886.0110,100,1695,2619,1767559899780639507,68,47850251
1478,886.0110,100,1695,2619,1767559899785127951,68,47850251
1479,886.0110,100,1665,2619,1767559899789185550,68,47946848
1480,886.0110,100,1665,2619,1767559899807446970,68,47946848
1481,886.0110,100,1665,2619,1767559899811505209,68,47946848
1482,891.1550,100,1665,2619,1767559899818580736,68,47946848
1483,891.1550,100,1665,2619,1767559899822299073,68,47946848
1484,891.1550,100,1665,2619,1767559899825999491,68,47946848
1485,891.1550,100,1665,2619,1767559899831006011,68,47946848
1486,891.1550,100,1665,2619,1767559899840406831,68,47946848
1487,891.1550,100,1665,2619,1767559899846451550,68,47946848
1488,891.1550,100,1665,2619,1767559899850856666,68,47946848
1489,891.1550,100,1665,2619,1767559899858098335,68,47946848
1490,891.1550,100,1665,2619,1767559899861825249,67,47946848
1491,891.1550,100,1665,2619,1767559899865526531,67,47946848
1492,891.1550,100,1665,2619,1767559899869237669,67,47946848
1493,891.1550,100,1665,2619,1767559899877165989,67,47946848
1494,891.1550,100,1665,2619,1767559899881206884,67,47946848
1495,891.1550,100,1665,2619,1767559899885666400,67,47946848
1496,891.1550,100,1665,2619,1767559899891353234,67,48044609
1497,891.1550,100,1665,2619,1767559899907553038,67,48044609
1498,891.1550,100,1665,2619,1767559899911540622,67,48044609
1499,891.1550,100,1680,2619,1767559899918854003,67,48044609
1500,891.1550,100,1680,2619,1767559899922524373,67,48044609
1501,891.1550,100,1680,2619,1767559899926200631,67,48044609
1502,891.1550,100,1680,2619,1767559899933537404,67,48044609
1503,891.1550,100,1680,2619,1767559899940880192,67,48044609
1504,893.4080,100,1680,2619,1767559899944724993,67,48044609
1505,893.4080,100,1680,2619,1767559899948493890,67,48044609
1506,893.4080,100,1680,2619,1767559899958880046,67,48044609
1507,893.4080,100,1680,2619,1767559899962453233,67,48044609
1508,893.4080,100,1680,2619,1767559899967052524,67,48044609
1509,893.4080,100,1680,2619,1767559899970982220,67,48044609
1510,893.4080,100,1680,2619,1767559899978374576,67,48044609
1511,893.4080,100,1680,2619,1767559899982027667,67,48044609
1512,893.4080,100,1680,2619,1767559899985618933,67,48044609
1513,893.4080,100,1680,2619,1767559899991168872,67,48142573
1514,893.4080,100,1680,2619,1767559900007597507,67,48142573
1515,893.4080,100,1680,2619,1767559900011704034,67,48142573
1516,893.4080,100,1680,2619,1767559900018905256,67,48142573
1517,893.4080,100,1680,2619,1767559900022616650,67,48142573
1518,893.4080,100,1680,2619,1767559900026263692,67,48142573
1519,893.4080,100,1680,2619,1767559900033533329,67,48142573
1520,893.4080,100,1680,2619,1767559900040886485,67,48142573
1521,893.4080,100,1695,2619,1767559900044810742,67,48142573
1522,893.4080,100,1695,2619,1767559900048617367,67,48142573
1523,893.4080,100,1695,2619,1767559900057412815,67,48142573
1524,893.4080,100,1695,2619,1767559900061141393,67,48142573
1525,894.8580,100,1695,2619,1767559900064806036,67,48142573
1526,894.8580,100,1695,2619,1767559900068597621,67,48142573
1527,894.8580,100,1695,2619,1767559900079085952,67,48142573
1528,894.8580,100,1695,2619,1767559900082968672,67,48142573
1529,894.8580,100,1695,2619,1767559900086475716,67,48142573
1530,894.8580,100,1695,2619,1767559900092441428,67,48244781
1531,894.8580,100,1695,2619,1767559900107525209,67,48244781
1532,894.8580,100,1695,2619,1767559900111506329,67,48244781
1533,894.8580,100,1695,2619,1767559900118112099,68,48244781
1534,894.8580,100,1695,2619,1767559900121816133,68,48244781
1535,894.8580,100,1695,2619,1767559900125518055,68,48244781
1536,894.8580,100,1695,2619,1767559900130529599,68,48244781
1537,894.8580,100,1695,2619,1767559900140675373,68,48244781
1538,894.8580,100,1695,2619,1767559900144492622,68,48244781
1539,894.8580,100,1695,2619,1767559900148323631,68,48244781
1540,894.8580,100,1695,2619,1767559900157201735,68,48244781
1541,894.8580,100,1695,2619,1767559900160770058,68,48244781
1542,894.8580,100,1680,2619,1767559900164633386,68,48244781
1543,894.8580,100,1680,2619,1767559900168370668,68,48244781
1544,894.8580,100,1680,2619,1767559900178763256,68,48244781
1545,894.8580,100,1680,2619,1767559900182880438,68,48244781
1546,892.3030,100,1680,2619,1767559900187548241,68,48244781
1547,892.3030,100,1680,2619,1767559900192450377,68,48343274
1548,892.3030,100,1680,2619,1767559900208176681,68,48343274
1549,892.3030,100,1680,2619,1767559900212222633,68,48343274
1550,892.3030,100,1680,2619,1767559900219458926,68,48343274
1551,892.3030,100,1680,2619,1767559900223136336,68,48343274
1552,892.3030,100,1680,2619,1767559900226961521,68,48343274
1553,892.3030,100,1680,2619,1767559900233708058,68,48343274
1554,892.3030,100,1680,2619,1767559900241041023,68,48343274
1555,892.3030,100,1680,2619,1767559900245035903,68,48343274
1556,892.3030,100,1680,2619,1767559900248846080,68,48343274
1557,892.3030,100,1680,2619,1767559900257108253,68,48343274
1558,892.3030,100,1680,2619,1767559900261120316,68,48343274
1559,892.3030,100,1680,2619,1767559900264838430,68,48343274
1560,892.3030,100,1680,2619,1767559900268569600,68,48343274
1561,892.3030,100,1680,2619,1767559900276498784,68,48343274
1562,892.3030,100,1680,2619,1767559900280195490,68,48343274
1563,892.3030,100,1680,2619,1767559900283900772,68,48343274
1564,892.3030,100,1695,2619,1767559900288829884,68,48443400
1565,892.3030,100,1695,2619,1767559900308016992,68,48443400
1566,892.3030,100,1695,2619,1767559900312077247,68,48443400
1567,894.2850,100,1695,2619,1767559900318508235,68,48443400
1568,894.2850,100,1695,2619,1767559900322308940,68,48443400
1569,894.2850,100,1695,2619,1767559900325968270,68,48443400
1570,894.2850,100,1695,2619,1767559900333516497,68,48443400
1571,894.2850,100,1695,2619,1767559900340076860,68,48443400
1572,894.2850,100,1695,2619,1767559900343800254,68,48443400
1573,894.2850,100,1695,2619,1767559900347684670,68,48443400
1574,894.2850,100,1695,2619,1767559900351864861,68,48443400
1575,894.2850,100,1695,2619,1767559900360998259,68,48443400
1576,894.2850,100,1695,2619,1767559900364603285,68,48443400
1577,894.2850,100,1695,2619,1767559900368328055,69,48443400
1578,894.2850,100,1695,2619,1767559900377053904,69,48443400
1579,894.2850,100,1695,2619,1767559900380709043,69,48443400
1580,894.2850,100,1695,2619,1767559900384594003,69,48443400
1581,894.2850,100,1695,2619,1767559900388807089,69,48544111
1582,894.2850,100,1695,2619,1767559900410040805,69,48544111
1583,894.2850,100,1665,2619,1767559900418507104,69,48544111
1584,894.2850,100,1665,2619,1767559900422032516,69,48544111
1585,894.2850,100,1665,2619,1767559900425753734,69,48544111
1586,894.2850,100,1665,2619,1767559900433439559,69,48544111
1587,894.2850,100,1665,2619,1767559900440755308,69,48544111
1588,890.9400,100,1665,2619,1767559900444502990,69,48544111
1589,890.9400,100,1665,2619,1767559900448318607,69,48544111
1590,890.9400,100,1665,2619,1767559900457357285,69,48544111
1591,890.9400,100,1665,2619,1767559900460883785,69,48544111
1592,890.9400,100,1665,2619,1767559900464670506,69,48544111
1593,890.9400,100,1665,2619,1767559900468394156,69,48544111
1594,890.9400,100,1665,2619,1767559900478790616,69,48544111
1595,890.9400,100,1665,2619,1767559900482486458,69,48544111
1596,890.9400,100,1665,2619,1767559900485995037,68,48544111
1597,890.9400,100,1665,2619,1767559900491535664,68,48643284
1598,890.9400,100,1665,2619,1767559900508373704,68,48643284
1599,890.9400,100,1665,2619,1767559900517222624,68,48643284
1600,890.9400,100,1665,2619,1767559900521469022,68,48643284
1601,890.9400,100,1665,2619,1767559900525207071,68,48643284
1602,890.9400,100,1665,2619,1767559900530184855,68,48643284
1603,890.9400,100,1665,2619,1767559900540638690,68,48643284
1604,890.9400,100,1695,2619,1767559900544148806,68,48643284
1605,890.9400,100,1695,2619,1767559900547959687,68,48643284
1606,890.9400,100,1695,2619,1767559900552018758,68,48643284
1607,890.9400,100,1695,2619,1767559900559441322,68,48643284
1608,892.0260,100,1695,2619,1767559900563170700,68,48643284
1609,892.0260,100,1695,2619,1767559900566978893,68,48643284
1610,892.0260,100,1695,2619,1767559900570962796,68,48643284
1611,892.0260,100,1695,2619,1767559900578273681,68,48643284
1612,892.0260,100,1695,2619,1767559900582000851,68,48643284
1613,892.0260,100,1695,2619,1767559900585691509,68,48643284
1614,892.0260,100,1695,2619,1767559900591278216,68,48744434
1615,892.0260,100,1695,2619,1767559900607995552,68,48744434
1616,892.0260,100,1695,2619,1767559900611969888,68,48744434
1617,892.0260,100,1695,2619,1767559900619256741,69,48744434
1618,892.0260,100,1695,2619,1767559900623499683,69,48744434
1619,892.0260,100,1695,2619,1767559900627232388,69,48744434
1620,892.0260,100,1695,2619,1767559900633859343,69,48744434
1621,892.0260,100,1695,2619,1767559900641167155,69,48744434
1622,892.0260,100,1695,2619,1767559900644895701,69,48744434
1623,892.0260,100,1695,2619,1767559900648752566,69,48744434
1624,892.0260,100,1695,2619,1767559900656764757,69,48744434
1625,892.0260,100,1695,2619,1767559900660456407,69,48744434
1626,892.0260,100,1695,2619,1767559900664152505,69,48744434
1627,892.0260,100,1695,2619,1767559900667944314,69,48744434
1628,892.0260,100,1695,2619,1767559900672025785,69,48744434
1629,892.0260,100,1695,2619,1767559900680916145,69,48744434
1630,892.0260,100,1695,2619,1767559900684673267,69,48744434
1631,891.9860,100,1695,2619,1767559900689106767,69,48845194
1632,891.9860,100,1695,2619,1767559900709170444,69,48845194
1633,891.9860,100,1695,2619,1767559900718842910,69,48845194
1634,891.9860,100,1695,2619,1767559900722422433,69,48845194
1635,891.9860,100,1695,2619,1767559900726615135,69,48845194
1636,891.9860,100,1695,2619,1767559900733478119,69,48845194
1637,891.9860,100,1695,2619,1767559900742680796,69,48845194
1638,891.9860,100,1695,2619,1767559900747576981,68,48845194
1639,891.9860,100,1695,2619,1767559900751327926,68,48845194
1640,891.9860,100,1695,2619,1767559900758426013,68,48845194
1641,891.9860,100,1695,2619,1767559900762592475,68,48845194
1642,891.9860,100,1695,2619,1767559900766311485,68,48845194
1643,891.9860,100,1695,2619,1767559900770782489,68,48845194
1644,891.9860,100,1695,2619,1767559900777999230,68,48845194
1645,891.9860,100,1695,2619,1767559900781686752,68,48845194
1646,891.9860,100,1695,2619,1767559900785299107,68,48845194
1647,891.9860,100,1665,2619,1767559900789406722,68,48943869
1648,891.9860,100,1665,2619,1767559900807531983,68,48943869
1649,891.9860,100,1665,2619,1767559900811619726,68,48943869
1650,892.5120,100,1665,2619,1767559900819055953,68,48943869
1651,892.5120,100,1665,2619,1767559900822779603,68,48943869
1652,892.5120,100,1665,2619,1767559900826471605,68,48943869
1653,892.5120,100,1665,2619,1767559900833584668,68,48943869
1654,892.5120,100,1665,2619,1767559900840890752,68,48943869
1655,892.5120,100,1665,2619,1767559900846633970,68,48943869
1656,892.5120,100,1665,2619,1767559900850879567,68,48943869
1657,892.5120,100,1665,2619,1767559900858163316,68,48943869
1658,892.5120,100,1665,2619,1767559900861761015,68,48943869
1659,892.5120,100,1665,2619,1767559900865470457,68,48943869
1660,892.5120,100,1665,2619,1767559900869190523,68,48943869
1661,892.5120,100,1665,2619,1767559900879783461,68,48943869
1662,892.5120,100,1665,2619,1767559900884139138,68,48943869
1663,892.5120,100,1665,2619,1767559900888833404,68,49040655
1664,892.5120,100,1665,2619,1767559900907678371,68,49040655
1665,892.5120,100,1665,2619,1767559900911633027,68,49040655
1666,892.5120,100,1680,2619,1767559900918944296,68,49040655
1667,892.5120,100,1680,2619,1767559900922615146,68,49040655
1668,892.5120,100,1680,2619,1767559900926333676,68,49040655
1669,892.5120,100,1680,2619,1767559900931073989,68,49040655
1670,892.5120,100,1680,2619,1767559900940145020,68,49040655
1671,892.5670,100,1680,2619,1767559900943794910,68,49040655
1672,892.5670,100,1680,2619,1767559900947457409,68,49040655
1673,892.5670,100,1680,2619,1767559900951507008,68,49040655
1674,892.5670,100,1680,2619,1767559900958971939,68,49040655
1675,892.5670,100,1680,2619,1767559900962560134,68,49040655
1676,892.5670,100,1680,2619,1767559900967420447,68,49040655
1677,892.5670,100,1680,2619,1767559900971147008,68,49040655
1678,892.5670,100,1680,2619,1767559900977446445,68,49040655
1679,892.5670,100,1680,2619,1767559900981181583,68,49040655
1680,892.5670,100,1680,2619,1767559900984990736,68,49040655
1681,892.5670,100,1680,2619,1767559900989058447,68,49139709
1682,892.5670,100,1680,2619,1767559901008977902,68,49139709
1683,892.5670,100,1680,2619,1767559901019844342,68,49139709
1684,892.5670,100,1680,2619,1767559901023811478,68,49139709
1685,892.5670,100,1680,2619,1767559901027687862,68,49139709
1686,892.5670,100,1680,2619,1767559901034217601,68,49139709
1687,892.5670,100,1680,2619,1767559901043328471,68,49139709
1688,892.5670,100,1665,2619,1767559901047198296,68,49139709
1689,892.5670,100,1665,2619,1767559901051297495,68,49139709
1690,892.5670,100,1665,2619,1767559901057784322,68,49139709
1691,892.5670,100,1665,2619,1767559901061474724,68,49139709
1692,894.5080,100,1665,2619,1767559901065164102,68,49139709
1693,894.5080,100,1665,2619,1767559901069056295,68,49139709
1694,894.5080,100,1665,2619,1767559901079905135,68,49139709
1695,894.5080,100,1665,2619,1767559901083702736,68,49139709
1696,894.5080,100,1665,2619,1767559901088855270,68,49240248
1697,894.5080,100,1665,2619,1767559901109261185,68,49240248
1698,894.5080,100,1665,2619,1767559901120378279,68,49240248
1699,894.5080,100,1665,2619,1767559901123959690,69,49240248
1700,894.5080,100,1665,2619,1767559901127876906,69,49240248
1701,894.5080,100,1665,2619,1767559901134099128,69,49240248
1702,894.5080,100,1665,2619,1767559901143067631,69,49240248
1703,894.5080,100,1665,2619,1767559901147396908,69,49240248
1704,894.5080,100,1665,2619,1767559901151514122,69,49240248
1705,894.5080,100,1665,2619,1767559901158801999,69,49240248
1706,894.5080,100,1665,2619,1767559901162685680,69,49240248
1707,894.5080,100,1695,2619,1767559901166504721,69,49240248
1708,894.5080,100,1695,2619,1767559901171064236,69,49240248
1709,894.5080,100,1695,2619,1767559901178573967,69,49240248
1710,894.5080,100,1695,2619,1767559901182353104,69,49240248
1711,894.5080,100,1695,2619,1767559901186032595,69,49240248
1712,892.5960,100,1695,2619,1767559901191695205,69,49340503
1713,892.5960,100,1695,2619,1767559901208006624,69,49340503
1714,892.5960,100,1695,2619,1767559901211982400,69,49340503
1715,892.5960,100,1695,2619,1767559901219305541,69,49340503
1716,892.5960,100,1695,2619,1767559901223044039,69,49340503
1717,892.5960,100,1695,2619,1767559901226811464,69,49340503
1718,892.5960,100,1695,2619,1767559901233591697,69,49340503
1719,892.5960,100,1695,2619,1767559901240952725,69,49340503
1720,892.5960,100,1695,2619,1767559901244999157,69,49340503
1721,892.5960,100,1695,2619,1767559901249191283,69,49340503
1722,892.5960,100,1695,2619,1767559901258001003,69,49340503
1723,892.5960,100,1695,2619,1767559901262045578,69,49340503
1724,892.5960,100,1695,2619,1767559901265834380,69,49340503
1725,892.5960,100,1695,2619,1767559901270933250,69,49340503
1726,892.5960,100,1695,2619,1767559901279910522,69,49340503
1727,892.5960,100,1695,2619,1767559901283688667,69,49340503
1728,892.5960,100,1695,2619,1767559901287257118,69,49340503
1729,892.5960,100,1695,2619,1767559901294104486,69,49443615
1730,892.5960,100,1695,2619,1767559901309979974,69,49443615
1731,892.5960,100,1695,2619,1767559901317763079,69,49443615
1732,893.4920,100,1695,2619,1767559901321472521,69,49443615
1733,893.4920,100,1695,2619,1767559901325228042,69,49443615
1734,893.4920,100,1695,2619,1767559901330250465,69,49443615
1735,893.4920,100,1695,2619,1767559901339610166,69,49443615
1736,893.4920,100,1695,2619,1767559901343106105,69,49443615
1737,893.4920,100,1695,2619,1767559901347038745,69,49443615
1738,893.4920,100,1695,2619,1767559901351233367,69,49443615
1739,893.4920,100,1695,2619,1767559901358534524,69,49443615
1740,893.4920,100,1695,2619,1767559901362263678,69,49443615
1741,893.4920,100,1695,2619,1767559901366025951,69,49443615
1742,893.4920,100,1695,2619,1767559901370886072,69,49443615
1743,893.4920,100,1695,2619,1767559901378577434,69,49443615
1744,893.4920,100,1695,2619,1767559901382882199,69,49443615
1745,893.4920,100,1695,2619,1767559901386571289,69,49443615
1746,893.4920,100,1695,2619,1767559901392421418,69,49541450
1747,893.4920,100,1695,2619,1767559901408279497,69,49541450
1748,893.4920,100,1680,2619,1767559901418452374,69,49541450
1749,893.4920,100,1680,2619,1767559901422184632,69,49541450
1750,893.4920,100,1680,2619,1767559901425734011,69,49541450
1751,893.4920,100,1680,2619,1767559901433493437,69,49541450
1752,893.4920,100,1680,2619,1767559901440781633,69,49541450
1753,891.3750,100,1680,2619,1767559901444734881,69,49541450
1754,891.3750,100,1680,2619,1767559901448656866,69,49541450
1755,891.3750,100,1680,2619,1767559901457305244,69,49541450
1756,891.3750,100,1680,2619,1767559901460913278,69,49541450
1757,891.3750,100,1680,2619,1767559901464611040,69,49541450
1758,891.3750,100,1680,2619,1767559901468482081,69,49541450
1759,891.3750,100,1680,2619,1767559901477158555,69,49541450
1760,891.3750,100,1680,2619,1767559901481117083,69,49541450
1761,891.3750,100,1680,2619,1767559901484741405,69,49541450
1762,891.3750,100,1680,2619,1767559901489025338,69,49640086
1763,891.3750,100,1680,2619,1767559901506796362,69,49640086
1764,891.3750,100,1680,2619,1767559901510893449,69,49640086
1765,891.3750,100,1680,2619,1767559901519421604,69,49640086
1766,891.3750,100,1680,2619,1767559901523205349,69,49640086
1767,891.3750,100,1680,2619,1767559901527001447,69,49640086
1768,891.3750,100,1680,2619,1767559901533651953,69,49640086
1769,891.3750,100,1695,2619,1767559901540997429,69,49640086
1770,891.3750,100,1695,2619,1767559901544690455,69,49640086
1771,891.3750,100,1695,2619,1767559901548544248,69,49640086
1772,891.3750,100,1695,2619,1767559901557252145,69,49640086
1773,894.0860,100,1695,2619,1767559901561480111,69,49640086
1774,894.0860,100,1695,2619,1767559901565222929,69,49640086
1775,894.0860,100,1695,2619,1767559901569048178,69,49640086
1776,894.0860,100,1695,2619,1767559901577796619,69,49640086
1777,894.0860,100,1695,2619,1767559901581589196,69,49640086
1778,894.0860,100,1695,2619,1767559901585303630,69,49640086
1779,894.0860,100,1695,2619,1767559901589390925,69,49742075
1780,894.0860,100,1695,2619,1767559901607600056,69,49742075
1781,894.0860,100,1695,2619,1767559901611656215,70,49742075
1782,894.0860,100,1695,2619,1767559901620751725,70,49742075
1783,894.0860,100,1695,2619,1767559901625512487,70,49742075
1784,894.0860,100,1695,2619,1767559901630860411,70,49742075
1785,894.0860,100,1695,2619,1767559901642385630,70,49742075
1786,894.0860,100,1695,2619,1767559901646101888,70,49742075
1787,894.0860,100,1680,2619,1767559901650766714,70,49742075
1788,894.0860,100,1680,2619,1767559901657470724,70,49742075
1789,894.0860,100,1680,2619,1767559901661182182,70,49742075
1790,894.0860,100,1680,2619,1767559901665336900,70,49742075
1791,894.0860,100,1680,2619,1767559901669077478,70,49742075
1792,894.0810,100,1680,2619,1767559901677773023,70,49742075
1793,894.0810,100,1680,2619,1767559901681472033,70,49742075
1794,894.0810,100,1680,2619,1767559901685323778,70,49742075
1795,894.0810,100,1680,2619,1767559901689520256,70,49842398
1796,894.0810,100,1680,2619,1767559901707912427,70,49842398
1797,894.0810,100,1680,2619,1767559901711939402,70,49842398
1798,894.0810,100,1680,2619,1767559901719150032,69,49842398
1799,894.0810,100,1680,2619,1767559901723090416,69,49842398
1800,894.0810,100,1680,2619,1767559901726895249,69,49842398
1801,894.0810,100,1680,2619,1767559901733651770,69,49842398
1802,894.0810,100,1680,2619,1767559901740969087,69,49842398
1803,894.0810,100,1680,2619,1767559901744693473,69,49842398
1804,894.0810,100,1680,2619,1767559901748541345,69,49842398
1805,894.0810,100,1680,2619,1767559901757275579,69,49842398
1806,894.0810,100,1680,2619,1767559901760856254,69,49842398
1807,894.0810,100,1665,2619,1767559901764565024,69,49842398
1808,894.0810,100,1665,2619,1767559901768833693,69,49842398
1809,894.0810,100,1665,2619,1767559901779204489,69,49842398
1810,894.0810,100,1665,2619,1767559901783104681,69,49842398
1811,891.1600,100,1665,2619,1767559901786740588,69,49842398
1812,891.1600,100,1665,2619,1767559901793337078,69,49941129
1813,891.1600,100,1665,2619,1767559901808290301,69,49941129
1814,891.1600,100,1665,2619,1767559901816291932,69,49941129
1815,891.1600,100,1665,2619,1767559901820010814,69,49941129
1816,891.1600,100,1665,2619,1767559901823691808,69,49941129
1817,891.1600,100,1665,2619,1767559901827491554,69,49941129
1818,891.1600,100,1665,2619,1767559901831759679,69,49941129
1819,891.1600,100,1665,2619,1767559901839196835,69,49941129
1820,891.1600,100,1665,2619,1767559901842870629,69,49941129
1821,891.1600,100,1665,2619,1767559901849747789,69,49941129
1822,891.1600,100,1665,2619,1767559901857552110,69,49941129
1823,891.1600,100,1665,2619,1767559901861555053,69,49941129
1824,891.1600,100,1665,2619,1767559901865273263,69,49941129
1825,891.1600,100,1665,2619,1767559901870851650,69,49941129
1826,891.1600,100,1665,2619,1767559901879925272,69,49941129
1827,891.1600,100,1665,2619,1767559901883595195,69,49941129
1828,891.1600,100,1680,2619,1767559901887221565,69,49941129
1829,891.1600,100,1680,2619,1767559901894170565,69,50039379
1830,891.1600,100,1680,2619,1767559901908799662,69,50039379
1831,891.1600,100,1680,2619,1767559901917614983,69,50039379
1832,891.3340,100,1680,2619,1767559901921291529,69,50039379
1833,891.3340,100,1680,2619,1767559901925020907,69,50039379
1834,891.3340,100,1680,2619,1767559901929752901,69,50039379
1835,891.3340,100,1680,2619,1767559901940373806,69,50039379
1836,891.3340,100,1680,2619,1767559901943957233,69,50039379
1837,891.3340,100,1680,2619,1767559901947733107,69,50039379
1838,891.3340,100,1680,2619,1767559901951802994,69,50039379
1839,891.3340,100,1680,2619,1767559901961929216,69,50039379
1840,891.3340,100,1680,2619,1767559901965813312,69,50039379
1841,891.3340,100,1680,2619,1767559901970788152,69,50039379
1842,891.3340,100,1680,2619,1767559901977203236,69,50039379
1843,891.3340,100,1680,2619,1767559901981250243,69,50039379
1844,891.3340,100,1680,2619,1767559901985183715,69,50039379
1845,891.3340,100,1680,2619,1767559901989236546,69,50138836
1846,891.3340,100,1680,2619,1767559902009306880,69,50138836
1847,891.3340,100,1680,2619,1767559902018787027,69,50138836
1848,891.3340,100,1680,2619,1767559902022531604,69,50138836
1849,891.3340,100,1680,2619,1767559902026188791,69,50138836
1850,891.3340,100,1680,2619,1767559902031001776,69,50138836
1851,891.3340,100,1680,2619,1767559902038411572,69,50138836
1852,892.7650,100,1680,2619,1767559902042126678,69,50138836
1853,892.7650,100,1680,2619,1767559902045815736,69,50138836
1854,892.7650,100,1680,2619,1767559902050788559,69,50138836
1855,892.7650,100,1680,2619,1767559902058031669,69,50138836
1856,892.7650,100,1680,2619,1767559902061719991,69,50138836
1857,892.7650,100,1680,2619,1767559902066480688,69,50138836
1858,892.7650,100,1680,2619,1767559902071004460,69,50138836
1859,892.7650,100,1680,2619,1767559902079949603,69,50138836
1860,892.7650,100,1680,2619,1767559902083657669,69,50138836
1861,892.7650,100,1680,2619,1767559902087230792,69,50138836
1862,892.7650,100,1680,2619,1767559902094153136,69,50239301
1863,892.7650,100,1680,2619,1767559902110681354,69,50239301
1864,892.7650,100,1680,2619,1767559902120078142,69,50239301
1865,892.7650,100,1680,2619,1767559902123852063,69,50239301
1866,892.7650,100,1680,2619,1767559902127625185,69,50239301
1867,892.7650,100,1680,2619,1767559902134105740,69,50239301
1868,892.7650,100,1680,2619,1767559902141465296,69,50239301
1869,892.7650,100,1695,2619,1767559902145205554,69,50239301
1870,892.7650,100,1695,2619,1767559902148919348,69,50239301
1871,892.7650,100,1695,2619,1767559902157702829,69,50239301
1872,892.7650,100,1695,2619,1767559902161433934,69,50239301
1873,893.1300,100,1695,2619,1767559902165150576,69,50239301
1874,893.1300,100,1695,2619,1767559902169075569,69,50239301
1875,893.1300,100,1695,2619,1767559902176893617,69,50239301
1876,893.1300,100,1695,2619,1767559902181103535,69,50239301
1877,893.1300,100,1695,2619,1767559902185909736,69,50239301
1878,893.1300,100,1695,2619,1767559902190932959,69,50337366
1879,893.1300,100,1695,2619,1767559902209104844,69,50337366
1880,893.1300,100,1695,2619,1767559902217886149,69,50337366
1881,893.1300,100,1695,2619,1767559902221481928,70,50337366
1882,893.1300,100,1695,2619,1767559902225142410,70,50337366
1883,893.1300,100,1695,2619,1767559902229992291,70,50337366
1884,893.1300,100,1695,2619,1767559902242087393,70,50337366
1885,893.1300,100,1695,2619,1767559902245839138,70,50337366
1886,893.1300,100,1695,2619,1767559902250798266,70,50337366
1887,893.1300,100,1695,2619,1767559902258114559,70,50337366
1888,893.1300,100,1665,2619,1767559902261790593,70,50337366
1889,893.1300,100,1665,2619,1767559902265506979,70,50337366
1890,893.1300,100,1665,2619,1767559902269245829,70,50337366
1891,893.1300,100,1665,2619,1767559902277851967,70,50337366
1892,893.1300,100,1665,2619,1767559902282397338,70,50337366
1893,892.2590,100,1665,2619,1767559902286041756,70,50337366
1894,892.2590,100,1665,2619,1767559902291598383,70,50438704
1895,892.2590,100,1665,2619,1767559902312573477,70,50438704
1896,892.2590,100,1665,2619,1767559902321261951,70,50438704
1897,892.2590,100,1665,2619,1767559902324845058,70,50438704
1898,892.2590,100,1665,2619,1767559902328779810,70,50438704
1899,892.2590,100,1665,2619,1767559902337727001,70,50438704
1900,892.2590,100,1665,2619,1767559902341309372,70,50438704
1901,892.2590,100,1665,2619,1767559902344980543,69,50438704
1902,892.2590,100,1665,2619,1767559902348773216,69,50438704
1903,892.2590,100,1665,2619,1767559902359389258,69,50438704
1904,892.2590,100,1665,2619,1767559902363382441,69,50438704
1905,892.2590,100,1665,2619,1767559902367004204,69,50438704
1906,892.2590,100,1665,2619,1767559902371041579,69,50438704
1907,892.2590,100,1665,2619,1767559902378343088,69,50438704
1908,892.2590,100,1665,2619,1767559902382077298,69,50438704
1909,892.2590,100,1665,2619,1767559902386373679,69,50438704
1910,892.2590,100,1695,2619,1767559902392258207,69,50537248
1911,892.2590,100,1695,2619,1767559902408131327,69,50537248
1912,892.2590,100,1695,2619,1767559902416970967,69,50537248
1913,891.2300,100,1695,2619,1767559902420668953,69,50537248
1914,891.2300,100,1695,2619,1767559902424518938,69,50537248
1915,891.2300,100,1695,2619,1767559902428646104,69,50537248
1916,891.2300,100,1695,2619,1767559902438704327,69,50537248
1917,891.2300,100,1695,2619,1767559902442294186,69,50537248
1918,891.2300,100,1695,2619,1767559902445998764,69,50537248
1919,891.2300,100,1695,2619,1767559902450868868,69,50537248
1920,891.2300,100,1695,2619,1767559902458117289,69,50537248
1921,891.2300,100,1695,2619,1767559902461808332,70,50537248
1922,891.2300,100,1695,2619,1767559902465518157,70,50537248
1923,891.2300,100,1695,2619,1767559902469217263,70,50537248
1924,891.2300,100,1695,2619,1767559902478103815,70,50537248
1925,891.2300,100,1695,2619,1767559902482080743,70,50537248
1926,891.2300,100,1695,2619,1767559902485937512,70,50537248
1927,891.2300,100,1695,2619,1767559902491492539,70,50638731
1928,891.2300,100,1695,2619,1767559902508559377,70,50638731
1929,891.2300,100,1695,2619,1767559902516559216,70,50638731
1930,891.2300,100,1695,2619,1767559902520227762,70,50638731
1931,891.2300,100,1695,2619,1767559902523948468,70,50638731
1932,891.2300,100,1695,2619,1767559902527733493,70,50638731
1933,891.2300,100,1695,2619,1767559902534861659,70,50638731
1934,893.1850,100,1695,2619,1767559902540933450,70,50638731
1935,893.1850,100,1695,2619,1767559902544650988,70,50638731
1936,893.1850,100,1695,2619,1767559902548446797,70,50638731
1937,893.1850,100,1695,2619,1767559902556382861,70,50638731
1938,893.1850,100,1695,2619,1767559902560147406,70,50638731
1939,893.1850,100,1695,2619,1767559902563937392,70,50638731
1940,893.1850,100,1695,2619,1767559902567761841,70,50638731
1941,893.1850,100,1695,2619,1767559902571791056,70,50638731
1942,893.1850,100,1695,2619,1767559902580835943,70,50638731
1943,893.1850,100,1695,2619,1767559902584522569,70,50638731
1944,893.1850,100,1695,2619,1767559902588761670,70,50739404
1945,893.1850,100,1695,2619,1767559902608939395,70,50739404
1946,893.1850,100,1695,2619,1767559902618247255,70,50739404
1947,893.1850,100,1695,2619,1767559902622044505,70,50739404
1948,893.1850,100,1695,2619,1767559902625693659,70,50739404
1949,893.1850,100,1695,2619,1767559902633712890,70,50739404
1950,893.1850,100,1695,2619,1767559902641088670,70,50739404
1951,893.1850,100,1665,2619,1767559902645886487,70,50739404
1952,893.1850,100,1665,2619,1767559902650992846,70,50739404
1953,893.1850,100,1665,2619,1767559902658147636,70,50739404
1954,893.1850,100,1665,2619,1767559902661865366,70,50739404
1955,891.1690,100,1665,2619,1767559902665507160,70,50739404
1956,891.1690,100,1665,2619,1767559902669291386,70,50739404
1957,891.1690,100,1665,2619,1767559902678007059,70,50739404
1958,891.1690,100,1665,2619,1767559902681797588,70,50739404
1959,891.1690,100,1665,2619,1767559902685477046,70,50739404
1960,891.1690,100,1665,2619,1767559902689704372,70,50838501
1961,891.1690,100,1665,2619,1767559902708299165,70,50838501
1962,891.1690,100,1665,2619,1767559902717110262,70,50838501
1963,891.1690,100,1665,2619,1767559902720826232,70,50838501
1964,891.1690,100,1665,2619,1767559902724483258,70,50838501
1965,891.1690,100,1665,2619,1767559902728485594,70,50838501
1966,891.1690,100,1665,2619,1767559902739518400,70,50838501
1967,891.1690,100,1665,2619,1767559902743102211,70,50838501
1968,891.1690,100,1665,2619,1767559902746997956,70,50838501
1969,891.1690,100,1665,2619,1767559902751095874,70,50838501
1970,891.1690,100,1665,2619,1767559902758419879,70,50838501
1971,891.1690,100,1665,2619,1767559902762161065,70,50838501
1972,891.1690,100,1665,2619,1767559902765863947,70,50838501
1973,891.1690,100,1665,2619,1767559902770838082,70,50838501
1974,891.1690,100,1665,2619,1767559902779903449,70,50838501
1975,891.1690,100,1665,2619,1767559902783822617,70,50838501
1976,891.1950,100,1665,2619,1767559902788800593,70,50935074
1977,891.1950,100,1665,2619,1767559902807135900,70,50935074
1978,891.1950,100,1665,2619,1767559902811466393,70,50935074
1979,891.1950,100,1665,2619,1767559902820540816,70,50935074
1980,891.1950,100,1665,2619,1767559902824226514,70,50935074
1981,891.1950,100,1665,2619,1767559902827872436,70,50935074
1982,891.1950,100,1665,2619,1767559902834187617,70,50935074
1983,891.1950,100,1665,2619,1767559902843303799,70,50935074
1984,891.1950,100,1665,2619,1767559902849168199,70,50935074
1985,891.1950,100,1665,2619,1767559902857875713,70,50935074
1986,891.1950,100,1665,2619,1767559902861610467,70,50935074
1987,891.1950,100,1665,2619,1767559902866431164,70,50935074
1988,891.1950,100,1665,2619,1767559902870962487,70,50935074
1989,891.1950,100,1665,2619,1767559902878137533,70,50935074
1990,891.1950,100,1680,2619,1767559902881852735,70,50935074
1991,891.1950,100,1680,2619,1767559902885511233,70,50935074
1992,891.1950,100,1680,2619,1767559902889752766,70,51035396
1993,891.1950,100,1680,2619,1767559902908093770,70,51035396
1994,891.1950,100,1680,2619,1767559902917281759,70,51035396
1995,893.0830,100,1680,2619,1767559902920941730,70,51035396
1996,893.0830,100,1680,2619,1767559902924640516,70,51035396
1997,893.0830,100,1680,2619,1767559902928606788,70,51035396
1998,893.0830,100,1680,2619,1767559902937539867,70,51035396
1999,893.0830,100,1680,2619,1767559902941208381,70,51035396
2000,893.0830,100,1680,2619,1767559902944913375,70,51035396
2001,893.0830,100,1680,2619,1767559902948695649,70,51035396
2002,893.0830,100,1680,2619,1767559902958979789,70,51035396
2003,893.0830,100,1680,2619,1767559902962636240,70,51035396
2004,893.0830,100,1680,2619,1767559902966191795,70,51035396
2005,893.0830,100,1680,2619,1767559902970793934,70,51035396
2006,893.0830,100,1680,2619,1767559902978095474,70,51035396
2007,893.0830,100,1680,2619,1767559902981811668,70,51035396
2008,893.0830,100,1680,2619,1767559902985479959,70,51035396
2009,893.0830,100,1680,2619,1767559902989601461,70,51134421
2010,893.0830,100,1680,2619,1767559903006854473,70,51134421
2011,893.0830,100,1680,2619,1767559903010859081,70,51134421
2012,893.0830,100,1695,2619,1767559903017471091,70,51134421
2013,893.0830,100,1695,2619,1767559903021192213,70,51134421
2014,893.0830,100,1695,2619,1767559903024848887,70,51134421
2015,893.0830,100,1695,2619,1767559903029380019,70,51134421
2016,893.0830,100,1695,2619,1767559903039142436,70,51134421
2017,891.2630,100,1695,2619,1767559903042660615,70,51134421
2018,891.2630,100,1695,2619,1767559903046463496,70,51134421
2019,891.2630,100,1695,2619,1767559903050871620,70,51134421
2020,891.2630,100,1695,2619,1767559903057593966,70,51134421
2021,891.2630,100,1695,2619,1767559903061264560,70,51134421
2022,891.2630,100,1695,2619,1767559903064988018,70,51134421
2023,891.2630,100,1695,2619,1767559903068721396,70,51134421
2024,891.2630,100,1695,2619,1767559903079384925,70,51134421
2025,891.2630,100,1695,2619,1767559903083048704,70,51134421
2026,891.2630,100,1695,2619,1767559903086622051,70,51134421
2027,891.2630,100,1695,2619,1767559903092718289,70,51237582
2028,891.2630,100,1695,2619,1767559903110078212,70,51237582
2029,891.2630,100,1695,2619,1767559903121474344,70,51237582
2030,891.2630,100,1695,2619,1767559903125704486,70,51237582
2031,891.2630,100,1695,2619,1767559903130864540,70,51237582
2032,891.2630,100,1695,2619,1767559903142515614,70,51237582
2033,891.2630,100,1650,2619,1767559903146120640,70,51237582
2034,891.2630,100,1650,2619,1767559903150768859,70,51237582
2035,891.2630,100,1650,2619,1767559903159761650,70,51237582
2036,894.8830,100,1650,2619,1767559903163437556,70,51237582
2037,894.8830,100,1650,2619,1767559903167051639,70,51237582
2038,894.8830,100,1650,2619,1767559903171166773,70,51237582
2039,894.8830,100,1650,2619,1767559903177515074,70,51237582
2040,894.8830,100,1650,2619,1767559903181223236,70,51237582
2041,894.8830,100,1650,2619,1767559903185166308,70,51237582
2042,894.8830,100,1650,2619,1767559903189241347,70,51335447
2043,894.8830,100,1650,2619,1767559903206764469,70,51335447
2044,894.8830,100,1650,2619,1767559903210907027,70,51335447
2045,894.8830,100,1650,2619,1767559903217324319,70,51335447
2046,894.8830,100,1650,2619,1767559903221129440,70,51335447
2047,894.8830,100,1650,2619,1767559903224825154,70,51335447
2048,894.8830,100,1650,2619,1767559903230498228,70,51335447
2049,894.8830,100,1650,2619,1767559903239795337,70,51335447
2050,894.8830,100,1650,2619,1767559903243358220,70,51335447
2051,894.8830,100,1650,2619,1767559903247264524,70,51335447
2052,894.8830,100,1650,2619,1767559903251352811,70,51335447
2053,894.8830,100,1650,2619,1767559903258708720,70,51335447
2054,894.8830,100,1680,2619,1767559903262589616,70,51335447
2055,894.8830,100,1680,2619,1767559903266304114,70,51335447
2056,894.8830,100,1680,2619,1767559903270784302,70,51335447
2057,894.8830,100,1680,2619,1767559903278097714,70,51335447
2058,894.8830,100,1680,2619,1767559903281793716,70,51335447
2059,890.9070,100,1680,2619,1767559903285444023,70,51335447
2060,890.9070,100,1680,2619,1767559903289714804,70,51434233
2061,890.9070,100,1680,2619,1767559903311161190,70,51434233
2062,890.9070,100,1680,2619,1767559903320544986,70,51434233
2063,890.9070,100,1680,2619,1767559903324208413,70,51434233
2064,890.9070,100,1680,2619,1767559903327987326,70,51434233
2065,890.9070,100,1680,2619,1767559903337175636,70,51434233
2066,890.9070,100,1680,2619,1767559903340713559,70,51434233
2067,890.9070,100,1680,2619,1767559903344428313,70,51434233
2068,890.9070,100,1680,2619,1767559903348215642,70,51434233
2069,890.9070,100,1680,2619,1767559903356972659,70,51434233
2070,890.9070,100,1680,2619,1767559903360684981,70,51434233
2071,890.9070,100,1680,2619,1767559903364708500,70,51434233
2072,890.9070,100,1680,2619,1767559903368429046,70,51434233
2073,890.9070,100,1680,2619,1767559903377220655,70,51434233
2074,890.9070,100,1680,2619,1767559903380946993,70,51434233
2075,890.9070,100,1680,2619,1767559903384681874,70,51434233
2076,890.9070,100,1695,2619,1767559903388755569,70,51533755
2077,890.9070,100,1695,2619,1767559903408548145,70,51533755
2078,890.9070,100,1695,2619,1767559903437995298,70,51533755
2079,894.1060,100,1695,2619,1767559903447894642,70,51533755
2080,894.1060,100,1695,2619,1767559903453033480,70,51533755
2081,894.1060,100,1695,2619,1767559903459565331,70,51533755
2082,894.1060,100,1695,2619,1767559903463090807,70,51533755
2083,894.1060,100,1695,2619,1767559903466846584,71,51533755
2084,894.1060,100,1695,2619,1767559903470938263,71,51533755
2085,894.1060,100,1695,2619,1767559903479806575,71,51533755
2086,894.1060,100,1695,2619,1767559903483945390,71,51533755
2087,894.1060,100,1695,2619,1767559903488762407,71,51635814
2088,894.1060,100,1695,2619,1767559903509582590,71,51635814
2089,894.1060,100,1695,2619,1767559903518002618,71,51635814
2090,894.1060,100,1680,2619,1767559903521612764,71,51635814
2091,894.1060,100,1680,2619,1767559903525365374,71,51635814
2092,894.1060,100,1680,2619,1767559903530656627,71,51635814
2093,894.1060,100,1680,2619,1767559903541005343,71,51635814
2094,893.7480,100,1680,2619,1767559903544962335,71,51635814
2095,893.7480,100,1680,2619,1767559903548824672,71,51635814
2096,893.7480,100,1680,2619,1767559903557431578,71,51635814
2097,893.7480,100,1680,2619,1767559903561216891,71,51635814
2098,893.7480,100,1680,2619,1767559903564849310,71,51635814
2099,893.7480,100,1680,2619,1767559903568613183,71,51635814
2100,893.7480,100,1680,2619,1767559903577393624,71,51635814
2101,893.7480,100,1680,2619,1767559903581189818,71,51635814
2102,893.7480,100,1680,2619,1767559903585113978,70,51635814
2103,893.7480,100,1680,2619,1767559903589180025,70,51736612
2104,893.7480,100,1680,2619,1767559903607108007,70,51736612
2105,893.7480,100,1680,2619,1767559903611147911,70,51736612
2106,893.7480,100,1680,2619,1767559903618552875,70,51736612
2107,893.7480,100,1680,2619,1767559903622227181,70,51736612
2108,893.7480,100,1680,2619,1767559903625942383,70,51736612
2109,893.7480,100,1680,2619,1767559903633707024,70,51736612
2110,893.7480,100,1680,2619,1767559903640949557,70,51736612
2111,893.7480,100,1665,2619,1767559903646225610,70,51736612
2112,893.7480,100,1665,2619,1767559903650922916,70,51736612
2113,893.7480,100,1665,2619,1767559903658057674,70,51736612
2114,893.7480,100,1665,2619,1767559903661726989,70,51736612
2115,891.7120,100,1665,2619,1767559903665393551,70,51736612
2116,891.7120,100,1665,2619,1767559903669119505,70,51736612
2117,891.7120,100,1665,2619,1767559903679591964,70,51736612
2118,891.7120,100,1665,2619,1767559903683462364,70,51736612
2119,891.7120,100,1665,2619,1767559903687060543,70,51736612
2120,891.7120,100,1665,2619,1767559903693667210,70,51836148
2121,891.7120,100,1665,2619,1767559903708699248,70,51836148
2122,891.7120,100,1665,2619,1767559903717612232,70,51836148
2123,891.7120,100,1665,2619,1767559903721331785,70,51836148
2124,891.7120,100,1665,2619,1767559903724986988,70,51836148
2125,891.7120,100,1665,2619,1767559903729009995,70,51836148
2126,891.7120,100,1665,2619,1767559903738127457,70,51836148
2127,891.7120,100,1665,2619,1767559903741851043,70,51836148
2128,891.7120,100,1665,2619,1767559903746052289,70,51836148
2129,891.7120,100,1665,2619,1767559903750862554,70,51836148
2130,891.7120,100,1665,2619,1767559903758377341,70,51836148
2131,891.7120,100,1680,2619,1767559903762042015,70,51836148
2132,891.7120,100,1680,2619,1767559903765768641,70,51836148
2133,891.7120,100,1680,2619,1767559903770778841,70,51836148
2134,891.7120,100,1680,2619,1767559903778029150,70,51836148
2135,891.6750,100,1680,2619,1767559903781687168,70,51836148
2136,891.6750,100,1680,2619,1767559903785402338,70,51836148
2137,891.6750,100,1680,2619,1767559903789483105,70,51932492
2138,891.6750,100,1680,2619,1767559903807349680,70,51932492
2139,891.6750,100,1680,2619,1767559903811502831,70,51932492
2140,891.6750,100,1680,2619,1767559903820389798,70,51932492
2141,891.6750,100,1680,2619,1767559903824266567,70,51932492
2142,891.6750,100,1680,2619,1767559903827841418,70,51932492
2143,891.6750,100,1680,2619,1767559903834333237,70,51932492
2144,891.6750,100,1680,2619,1767559903841764921,70,51932492
2145,891.6750,100,1680,2619,1767559903845422684,70,51932492
2146,891.6750,100,1680,2619,1767559903850836944,70,51932492
2147,891.6750,100,1680,2619,1767559903859961286,70,51932492
2148,891.6750,100,1680,2619,1767559903863667240,70,51932492
2149,891.6750,100,1680,2619,1767559903868506624,70,51932492
2150,891.6750,100,1680,2619,1767559903875818469,70,51932492
2151,891.6750,100,1680,2619,1767559903879651206,70,51932492
2152,891.6750,100,1695,2619,1767559903883520167,70,51932492
2153,891.6750,100,1695,2619,1767559903887303432,70,51932492
2154,891.6750,100,1695,2619,1767559903894366383,70,52034614
2155,891.6750,100,1695,2619,1767559903908154975,70,52034614
2156,891.6750,100,1695,2619,1767559903916874520,70,52034614
2157,893.4280,100,1695,2619,1767559903920535867,70,52034614
2158,893.4280,100,1695,2619,1767559903924260124,70,52034614
2159,893.4280,100,1695,2619,1767559903928044638,70,52034614
2160,893.4280,100,1695,2619,1767559903939309698,70,52034614
2161,893.4280,100,1695,2619,1767559903942830278,70,52034614
2162,893.4280,100,1695,2619,1767559903946636007,70,52034614
2163,893.4280,100,1695,2619,1767559903950884165,70,52034614
2164,893.4280,100,1695,2619,1767559903957407568,70,52034614
2165,893.4280,100,1695,2619,1767559903961145137,71,52034614
2166,893.4280,100,1695,2619,1767559903964848819,71,52034614
2167,893.4280,100,1695,2619,1767559903968586933,71,52034614
2168,893.4280,100,1695,2619,1767559903976647668,71,52034614
2169,893.4280,100,1695,2619,1767559903980656467,71,52034614
2170,893.4280,100,1695,2619,1767559903984579156,71,52034614
2171,893.4280,100,1695,2619,1767559903988782193,71,52133899
2172,893.4280,100,1695,2619,1767559904006223044,71,52133899
2173,893.4280,100,1695,2619,1767559904010759391,71,52133899
2174,893.4280,100,1695,2619,1767559904017224587,71,52133899
2175,893.4280,100,1695,2619,1767559904020956045,71,52133899
2176,893.4280,100,1695,2619,1767559904024613103,71,52133899
2177,893.4280,100,1695,2619,1767559904028767981,71,52133899
2178,893.4280,100,1695,2619,1767559904041184553,71,52133899
2179,896.5310,100,1695,2619,1767559904045221736,71,52133899
2180,896.5310,100,1695,2619,1767559904048777195,71,52133899
2181,896.5310,100,1695,2619,1767559904059260086,71,52133899
2182,896.5310,100,1695,2619,1767559904062925592,71,52133899
2183,896.5310,100,1695,2619,1767559904066468956,71,52133899
2184,896.5310,100,1695,2619,1767559904070750905,71,52133899
2185,896.5310,100,1695,2619,1767559904078027582,71,52133899
2186,896.5310,100,1695,2619,1767559904081710592,71,52133899
2187,896.5310,100,1695,2619,1767559904085796991,71,52133899
2188,896.5310,100,1695,2619,1767559904091240147,71,52235751
2189,896.5310,100,1695,2619,1767559904107929644,71,52235751
2190,896.5310,100,1695,2619,1767559904112055338,71,52235751
2191,896.5310,100,1695,2619,1767559904119275536,71,52235751
2192,896.5310,100,1665,2619,1767559904122941970,71,52235751
2193,896.5310,100,1665,2619,1767559904126648148,71,52235751
2194,896.5310,100,1665,2619,1767559904133505308,71,52235751
2195,896.5310,100,1665,2619,1767559904140918112,71,52235751
2196,893.1370,100,1665,2619,1767559904144651106,71,52235751
2197,893.1370,100,1665,2619,1767559904148502019,71,52235751
2198,893.1370,100,1665,2619,1767559904157282492,71,52235751
2199,893.1370,100,1665,2619,1767559904161518041,71,52235751
2200,893.1370,100,1665,2619,1767559904165250075,71,52235751
2201,893.1370,100,1665,2619,1767559904168989213,71,52235751
2202,893.1370,100,1665,2619,1767559904177998260,71,52235751
2203,893.1370,100,1665,2619,1767559904181604918,71,52235751
2204,893.1370,100,1665,2619,1767559904185322104,70,52235751
2205,893.1370,100,1665,2619,1767559904189451607,70,52333153
2206,893.1370,100,1665,2619,1767559904207407173,70,52333153
2207,893.1370,100,1665,2619,1767559904211531236,70,52333153
2208,893.1370,100,1665,2619,1767559904218815817,70,52333153
2209,893.1370,100,1665,2619,1767559904222538571,70,52333153
2210,893.1370,100,1665,2619,1767559904226199085,70,52333153
2211,893.1370,100,1665,2619,1767559904233455634,70,52333153
2212,893.1370,100,1665,2619,1767559904242799942,70,52333153
2213,893.1370,100,1665,2619,1767559904246838598,70,52333153
2214,893.1370,100,1665,2619,1767559904250971076,70,52333153
2215,893.1370,100,1665,2619,1767559904259782749,70,52333153
2216,893.1370,100,1665,2619,1767559904264202809,70,52333153
2217,893.2050,100,1665,2619,1767559904267783484,70,52333153
2218,893.2050,100,1665,2619,1767559904271851195,70,52333153
2219,893.2050,100,1665,2619,1767559904279181759,70,52333153
2220,893.2050,100,1665,2619,1767559904283007936,70,52333153
2221,893.2050,100,1665,2619,1767559904286755650,70,52333153
2222,893.2050,100,1665,2619,1767559904292761809,70,52432918
2223,893.2050,100,1665,2619,1767559904310341795,70,52432918
2224,893.2050,100,1665,2619,1767559904319838166,70,52432918
2225,893.2050,100,1665,2619,1767559904323592119,70,52432918
2226,893.2050,100,1665,2619,1767559904327321529,70,52432918
2227,893.2050,100,1665,2619,1767559904334008995,70,52432918
2228,893.2050,100,1665,2619,1767559904341396103,70,52432918
2229,893.2050,100,1665,2619,1767559904345175304,70,52432918
2230,893.2050,100,1665,2619,1767559904348960266,70,52432918
2231,893.2050,100,1665,2619,1767559904357720163,70,52432918
2232,893.2050,100,1665,2619,1767559904361295366,70,52432918
2233,893.2050,100,1680,2619,1767559904365521347,70,52432918
2234,893.2050,100,1680,2619,1767559904369215846,70,52432918
2235,893.2050,100,1680,2619,1767559904377959807,70,52432918
2236,893.2050,100,1680,2619,1767559904381630049,70,52432918
2237,893.6170,100,1680,2619,1767559904385350275,70,52432918
2238,893.6170,100,1680,2619,1767559904389490369,70,52531982
2239,893.6170,100,1680,2619,1767559904407488175,70,52531982
2240,893.6170,100,1680,2619,1767559904411463023,70,52531982
2241,893.6170,100,1680,2619,1767559904419221488,70,52531982
2242,893.6170,100,1680,2619,1767559904422976978,70,52531982
2243,893.6170,100,1680,2619,1767559904426685044,70,52531982
2244,893.6170,100,1680,2619,1767559904433566268,70,52531982
2245,893.6170,100,1680,2619,1767559904442763121,70,52531982
2246,893.6170,100,1680,2619,1767559904446546963,70,52531982
2247,893.6170,100,1680,2619,1767559904450951087,70,52531982
2248,893.6170,100,1680,2619,1767559904459960838,70,52531982
2249,893.6170,100,1680,2619,1767559904463996805,70,52531982
2250,893.6170,100,1680,2619,1767559904468269155,70,52531982
2251,893.6170,100,1680,2619,1767559904478867053,70,52531982
2252,893.6170,100,1680,2619,1767559904482940684,70,52531982
2253,893.6170,100,1680,2619,1767559904486619598,70,52531982
2254,893.6170,100,1770,2619,1767559904492767772,70,52626908
2255,893.6170,100,1770,2619,1767559904508665275,70,52626908
2256,893.6170,100,1770,2619,1767559904517388724,70,52626908
2257,885.4720,100,1770,2619,1767559904521185206,70,52626908
2258,885.4720,100,1770,2619,1767559904524978615,70,52626908
2259,885.4720,100,1770,2619,1767559904529798416,70,52626908
2260,885.4720,100,1770,2619,1767559904541674128,70,52626908
2261,885.4720,100,1770,2619,1767559904545453233,70,52626908
2262,885.4720,100,1770,2619,1767559904549270034,70,52626908
2263,885.4720,100,1770,2619,1767559904557332881,70,52626908
2264,885.4720,100,1770,2619,1767559904560964211,70,52626908
2265,885.4720,100,1770,2619,1767559904564729589,69,52626908
2266,885.4720,100,1770,2619,1767559904569014066,69,52626908
2267,885.4720,100,1770,2619,1767559904579548029,69,52626908
2268,885.4720,100,1770,2619,1767559904583740731,69,52626908
2269,885.4720,100,1770,2619,1767559904588758194,69,52722786
2270,885.4720,100,1770,2619,1767559904607367643,69,52722786
2271,885.4720,100,1770,2619,1767559904611276987,69,52722786
2272,885.4720,100,1710,2619,1767559904620237683,69,52722786
2273,885.4720,100,1710,2619,1767559904623944309,69,52722786
2274,885.4720,100,1710,2619,1767559904627488792,69,52722786
2275,885.4720,100,1710,2619,1767559904635193081,69,52722786
2276,882.6380,100,1710,2619,1767559904643246040,69,52722786
2277,882.6380,100,1710,2619,1767559904647189496,69,52722786
2278,882.6380,100,1710,2619,1767559904651403126,69,52722786
2279,882.6380,100,1710,2619,1767559904659026072,69,52722786
2280,882.6380,100,1710,2619,1767559904663002776,69,52722786
2281,882.6380,100,1710,2619,1767559904666738362,69,52722786
2282,882.6380,100,1710,2619,1767559904670978935,69,52722786
2283,882.6380,100,1710,2619,1767559904680033070,69,52722786
2284,882.6380,100,1710,2619,1767559904683703408,69,52722786
2285,882.6380,100,1710,2619,1767559904687324659,70,52722786
2286,882.6380,100,1710,2619,1767559904694095292,70,52824909
2287,882.6380,100,1710,2619,1767559904710259513,70,52824909
2288,882.6380,100,1710,2619,1767559904719741644,70,52824909
2289,882.6380,100,1710,2619,1767559904723335759,70,52824909
2290,882.6380,100,1710,2619,1767559904727113488,70,52824909
2291,882.6380,100,1710,2619,1767559904733934105,70,52824909
2292,882.6380,100,1710,2619,1767559904742747058,70,52824909
2293,882.6380,100,1695,2619,1767559904747597642,70,52824909
2294,882.6380,100,1695,2619,1767559904751361836,70,52824909
2295,882.6380,100,1695,2619,1767559904757879703,70,52824909
2296,882.6380,100,1695,2619,1767559904761632600,70,52824909
2297,885.6370,100,1695,2619,1767559904765241755,70,52824909
2298,885.6370,100,1695,2619,1767559904768983805,70,52824909
2299,885.6370,100,1695,2619,1767559904776904093,70,52824909
2300,885.6370,100,1695,2619,1767559904780562527,70,52824909
2301,885.6370,100,1695,2619,1767559904784557183,70,52824909
2302,885.6370,100,1695,2619,1767559904788720637,70,52922486
2303,885.6370,100,1695,2619,1767559904806476493,70,52922486
2304,885.6370,100,1695,2619,1767559904810836778,70,52922486
2305,885.6370,100,1695,2619,1767559904817285045,71,52922486
2306,885.6370,100,1695,2619,1767559904820973783,71,52922486
2307,885.6370,100,1695,2619,1767559904824702809,71,52922486
2308,885.6370,100,1695,2619,1767559904829082134,71,52922486
2309,885.6370,100,1695,2619,1767559904838837287,71,52922486
2310,885.6370,100,1695,2619,1767559904842440073,71,52922486
2311,885.6370,100,1695,2619,1767559904846206763,71,52922486
2312,885.6370,100,1695,2619,1767559904858019339,71,52922486
2313,885.6370,100,1680,2619,1767559904861689005,71,52922486
2314,885.6370,100,1680,2619,1767559904865034930,71,52922486
2315,885.6370,100,1680,2619,1767559904868515926,71,52922486
2316,885.6370,100,1680,2619,1767559904878695268,71,52922486
2317,885.6370,100,1680,2619,1767559904885053680,71,52922486
2318,872.7640,100,1680,2619,1767559904893114863,71,53002615
2319,872.7640,100,1680,2619,1767559904923963861,71,53002615
2320,872.7640,100,1680,2619,1767559904932693486,71,53002615
2321,872.7640,48,1680,2619,1767559904943073754,71,53002615
2322,872.7640,48,1680,2619,1767559904949701828,71,53002615
2323,872.7640,48,1680,2619,1767559904978703353,71,53002615
2324,872.7640,48,1680,2619,1767559904987477362,57,53002615
2325,872.7640,48,1680,2619,1767559905003045460,57,53026560
2326,872.7640,48,1680,2619,1767559905010415224,57,53026560
2327,872.7640,48,1950,2619,1767559905020786340,57,53026560
2328,872.7640,48,1950,2619,1767559905026684276,57,53026560
2329,872.7640,48,1950,2619,1767559905034122328,57,53026560
2330,763.2830,48,1950,2619,1767559905055633417,57,53026560
2331,763.2830,48,1950,2619,1767559905065448378,57,53026560
2332,763.2830,48,1950,2619,1767559905071014029,57,53026560
2333,763.2830,48,1950,2619,1767559905078373809,57,53026560
2334,763.2830,48,1950,2619,1767559905082527567,57,53026560
2335,763.2830,48,1950,2619,1767559905089017691,52,53026560
2336,763.2830,48,1950,2619,1767559905127310916,52,53049994
2337,763.2830,48,1950,2619,1767559905136536793,52,53049994
2338,763.2830,48,1950,2619,1767559905145245523,52,53049994
2339,763.2830,48,1950,2619,1767559905150652359,52,53049994
2340,763.2830,48,1950,2619,1767559905159567839,52,53049994
2341,763.2830,48,1965,2619,1767559905165862316,52,53049994
2342,763.2830,48,1965,2619,1767559905173616045,52,53049994
2343,763.2830,48,1965,2619,1767559905195723258,52,53049994
2344,649.5170,48,1965,2619,1767559905214026021,52,53075699
2345,649.5170,0,1965,2619,1767559905222797886,52,53075699
2346,649.5170,0,1965,2619,1767559905226771582,52,53075699
2347,649.5170,0,1965,2619,1767559905233534983,49,53075699
2348,649.5170,0,1965,2619,1767559905240944171,49,53075699
2349,649.5170,0,1965,2619,1767559905244884875,49,53075699
2350,649.5170,0,1965,2619,1767559905249128553,49,53075699
2351,649.5170,0,1965,2619,1767559905257860706,49,53075699
2352,649.5170,0,1965,2619,1767559905261680035,49,53075699
2353,649.5170,0,1965,2619,1767559905265409573,49,53075699
2354,649.5170,0,1965,2619,1767559905270920568,49,53075699
2355,649.5170,0,1965,2619,1767559905278081470,49,53075699
2356,649.5170,0,1965,26