sample,power(W),gpu_util(%),core_clock(MHz),mem_clock(MHz),timestamp_ns,temp(C),energy(mJ)
0,99.0450,0,345,2619,1767559890853401746,34,43148515
1,99.0450,0,345,2619,1767559890857574716,34,43148515
2,99.0450,0,345,2619,1767559890861993413,34,43148515
3,99.0450,0,345,2619,1767559890868270565,34,43148515
4,99.0450,0,345,2619,1767559890874939202,34,43148515
5,99.0450,0,345,2619,1767559890879043756,34,43148515
6,99.0450,0,345,2619,1767559890883130423,34,43148515
7,99.0450,0,345,2619,1767559890888870713,34,43166312
8,99.0450,0,345,2619,1767559890905235108,34,43166312
9,99.0450,0,345,2619,1767559890913384377,34,43166312
10,99.0450,0,345,2619,1767559890917799106,34,43166312
11,99.0230,0,345,2619,1767559890921824781,34,43166312
12,99.0230,0,345,2619,1767559890926850899,34,43166312
13,99.0230,0,345,2619,1767559890935369766,34,43166312
14,99.0230,0,345,2619,1767559890939698063,34,43166312
15,99.0230,0,345,2619,1767559890943928505,34,43166312
16,99.0230,0,345,2619,1767559890948371042,34,43166312
17,99.0230,0,345,2619,1767559890955010048,34,43166312
18,99.0230,0,345,2619,1767559890959440713,34,43166312
19,99.0230,0,345,2619,1767559890965355018,34,43166312
20,99.0230,0,345,2619,1767559890973405888,34,43166312
21,99.0230,0,345,2619,1767559890979453280,34,43166312
22,99.0230,0,345,2619,1767559890983392043,34,43166312
23,99.0230,0,345,2619,1767559890989036718,34,43183648
24,99.0230,0,345,2619,1767559891004991547,34,43183648
25,99.0230,0,345,2619,1767559891013266672,34,43183648
26,99.0230,0,345,2619,1767559891019731278,34,43183648
27,99.0230,0,345,2619,1767559891023804121,34,43183648
28,99.0230,0,345,2619,1767559891028734815,34,43183648
29,99.0230,0,345,2619,1767559891035453436,34,43183648
30,99.0750,0,345,2619,1767559891039781893,34,43183648
31,99.0750,0,345,2619,1767559891043981392,34,43183648
32,99.0750,0,345,2619,1767559891048338777,34,43183648
33,99.0750,0,345,2619,1767559891054963798,34,43183648
34,99.0750,0,345,2619,1767559891073522645,34,43183648
35,99.0750,0,345,2619,1767559891144976097,34,43200821
36,99.0750,0,345,2619,1767559891149058859,34,43200821
37,99.0750,0,345,2619,1767559891155718184,34,43200821
38,99.0750,0,345,2619,1767559891160061906,34,43200821
39,99.0750,0,345,2619,1767559891165499733,34,43200821
40,99.0750,0,885,2619,1767559891173568299,34,43200821
41,99.0750,0,885,2619,1767559891178034900,34,43200821
42,99.0750,0,885,2619,1767559891182093759,34,43200821
43,99.0750,0,885,2619,1767559891186213578,34,43218553
44,99.2970,0,885,2619,1767559891204004076,34,43218553
45,99.2970,0,885,2619,1767559891208845715,34,43218553
46,99.2970,0,885,2619,1767559891215691311,34,43218553
47,99.2970,0,885,2619,1767559891219558171,34,43218553
48,99.2970,0,885,2619,1767559891225839675,34,43218553
49,99.2970,0,885,2619,1767559891236813121,34,43218553
50,99.2970,0,885,2619,1767559891240802316,34,43218553
51,99.2970,0,885,2619,1767559891245992081,34,43218553
52,99.2970,0,885,2619,1767559891254048391,34,43218553
53,99.2970,0,885,2619,1767559891258160145,34,43218553
54,99.2970,0,885,2619,1767559891261979262,34,43218553
55,99.2970,0,885,2619,1767559891268064831,34,43218553
56,99.2970,0,885,2619,1767559891274638652,34,43218553
57,99.2970,0,885,2619,1767559891278608167,34,43218553
58,99.2970,0,885,2619,1767559891282381523,34,43218553
59,99.2970,0,885,2619,1767559891286703997,34,43236440
60,99.2970,0,885,2619,1767559891304462400,34,43236440
61,99.2970,0,885,2619,1767559891309652773,34,43236440
62,99.6850,0,885,2619,1767559891315133801,34,43236440
63,99.6850,0,885,2619,1767559891319119060,34,43236440
64,99.6850,0,885,2619,1767559891323046399,34,43236440
65,99.6850,0,885,2619,1767559891328275908,34,43236440
66,99.6850,0,885,2619,1767559891334993537,34,43236440
67,99.6850,0,885,2619,1767559891338947500,34,43236440
68,99.6850,0,885,2619,1767559891343077526,34,43236440
69,99.6850,0,885,2619,1767559891348029148,34,43236440
70,99.6850,0,885,2619,1767559891354814234,34,43236440
71,99.6850,0,885,2619,1767559891358816709,34,43236440
72,99.6850,0,885,2619,1767559891362820976,34,43236440
73,99.6850,0,885,2619,1767559891368093396,34,43236440
74,99.6850,0,885,2619,1767559891374655794,34,43236440
75,99.6850,0,885,2619,1767559891381928780,34,43236440
76,99.6850,0,885,2619,1767559891386098966,34,43254099
77,99.6850,0,885,2619,1767559891403662362,34,43254099
78,99.6850,0,885,2619,1767559891408125508,34,43254099
79,99.6850,0,885,2619,1767559891414694913,34,43254099
80,99.6850,0,885,2619,1767559891419569767,34,43254099
81,99.6850,0,885,2619,1767559891423276884,34,43254099
82,99.6850,0,885,2619,1767559891428364121,34,43254099
83,99.6850,0,885,2619,1767559891435046582,34,43254099
84,100.1220,0,885,2619,1767559891438958818,34,43254099
85,100.1220,0,885,2619,1767559891442922062,34,43254099
86,100.1220,0,885,2619,1767559891448067379,34,43254099
87,100.1220,0,885,2619,1767559891454628081,34,43254099
88,100.1220,0,885,2619,1767559891458428829,34,43254099
89,100.1220,0,885,2619,1767559891462241161,34,43254099
90,100.1220,0,885,2619,1767559891466129012,34,43254099
91,100.1220,0,885,2619,1767559891474110571,34,43254099
92,100.1220,0,885,2619,1767559891482885309,34,43254099
93,100.1220,0,885,2619,1767559891488575231,34,43272179
94,100.1220,0,885,2619,1767559891506350467,34,43272179
95,100.1220,0,885,2619,1767559891514350521,34,43272179
96,100.1220,0,885,2619,1767559891517842598,34,43272179
97,100.1220,0,885,2619,1767559891521181909,34,43272179
98,100.1220,0,885,2619,1767559891524622819,34,43272179
99,100.1220,0,885,2619,1767559891531101857,34,43272179
100,100.1220,0,885,2619,1767559891537720447,34,43272179
101,100.1220,0,1980,2619,1767559891542216840,34,43272179
102,100.1220,0,1980,2619,1767559891545940404,34,43272179
103,100.1220,0,1980,2619,1767559891553770795,34,43272179
104,100.1220,0,1980,2619,1767559891557666871,34,43272179
105,103.9920,0,1980,2619,1767559891561143236,34,43272179
106,103.9920,0,1980,2619,1767559891564552723,34,43272179
107,103.9920,0,1980,2619,1767559891572758728,34,43272179
108,103.9920,0,1980,2619,1767559891576174679,34,43272179
109,103.9920,0,1980,2619,1767559891580349345,34,43272179
110,103.9920,0,1980,2619,1767559891583979662,34,43272179
111,103.9920,0,1980,2619,1767559891590174477,34,43294760
112,103.9920,0,1980,2619,1767559891604413027,34,43294760
113,103.9920,0,1980,2619,1767559891608427822,35,43294760
114,103.9920,0,1980,2619,1767559891614823276,35,43294760
115,103.9920,0,1980,2619,1767559891619067574,35,43294760
116,103.9920,0,1980,2619,1767559891622484004,35,43294760
117,103.9920,0,1980,2619,1767559891627715914,35,43294760
118,103.9920,0,1980,2619,1767559891637136856,35,43294760
119,103.9920,0,1980,2619,1767559891641886975,35,43294760
120,103.9920,0,1980,2619,1767559891645483788,35,43294760
121,103.9920,0,1980,2619,1767559891653375459,35,43294760
122,103.9920,0,1980,2619,1767559891657078896,35,43294760
123,103.9920,0,1980,2619,1767559891661203930,35,43294760
124,103.9920,0,1980,2619,1767559891664558569,35,43294760
125,103.9920,0,1980,2619,1767559891668563957,35,43294760
126,103.9920,0,1980,2619,1767559891675019859,35,43294760
127,103.9920,0,1980,2619,1767559891679265852,35,43294760
128,110.5830,0,1980,2619,1767559891682608011,35,43294760
129,110.5830,0,1980,2619,1767559891686844149,35,43317358
130,110.5830,0,1980,2619,1767559891707099466,35,43317358
131,110.5830,0,1980,2619,1767559891715787582,35,43317358
132,110.5830,0,1980,2619,1767559891719183980,35,43317358
133,110.5830,0,1980,2619,1767559891722451675,35,43317358
134,110.5830,0,1980,2619,1767559891730209202,35,43317358
135,110.5830,0,1980,2619,1767559891736716592,35,43317358
136,110.5830,0,1980,2619,1767559891740471933,36,43317358
137,110.5830,0,1980,2619,1767559891744028042,36,43317358
138,110.5830,0,1980,2619,1767559891748181780,36,43317358
139,110.5830,0,1980,2619,1767559891754475156,36,43317358
140,110.5830,0,1980,2619,1767559891758123041,36,43317358
141,110.5830,0,1980,2619,1767559891761871406,36,43317358
142,110.5830,0,1980,2619,1767559891766350134,36,43317358
143,110.5830,0,1980,2619,1767559891774445900,36,43317358
144,110.5830,0,1980,2619,1767559891778274616,36,43317358
145,110.5830,0,1980,2619,1767559891781944196,36,43317358
146,110.5830,0,1980,2619,1767559891785910767,36,43340002
147,110.5830,0,1980,2619,1767559891803375477,36,43340002
148,110.5830,0,1980,2619,1767559891807870525,36,43340002
149,117.3520,0,1980,2619,1767559891814330460,36,43340002
150,117.3520,0,1980,2619,1767559891818094280,36,43340002
151,117.3520,0,1980,2619,1767559891821619925,36,43340002
152,117.3520,0,1980,2619,1767559891824981732,36,43340002
153,117.3520,0,1980,2619,1767559891831679585,36,43340002
154,117.3520,0,1980,2619,1767559891838381694,36,43340002
155,117.3520,0,1980,2619,1767559891842640200,36,43340002
156,117.3520,0,1980,2619,1767559891846139254,36,43340002
157,117.3520,0,1980,2619,1767559891854119756,36,43340002
158,117.3520,0,1980,2619,1767559891857469915,36,43340002
159,117.3520,0,1980,2619,1767559891862054050,36,43340002
160,117.3520,0,1980,2619,1767559891865519824,36,43340002
161,117.3520,0,1980,2619,1767559891873651046,36,43340002
162,117.3520,0,1980,2619,1767559891901489941,36,43362829
163,117.3520,0,1980,2619,1767559891905709087,36,43362829
164,117.3520,0,1980,2619,1767559891913747413,36,43362829
165,117.3520,0,1980,2619,1767559891917679680,36,43362829
166,117.3520,0,1980,2619,1767559891921406444,36,43362829
167,117.3520,0,1980,2619,1767559891926027444,36,43362829
168,123.9690,0,1980,2619,1767559891935866273,36,43362829
169,123.9690,0,1980,2619,1767559891939859949,36,43362829
170,123.9690,0,1980,2619,1767559891943749560,36,43362829
171,123.9690,0,1980,2619,1767559891948007298,36,43362829
172,123.9690,0,1980,2619,1767559891954387041,36,43362829
173,123.9690,0,1980,2619,1767559891958366348,36,43362829
174,123.9690,0,1980,2619,1767559891962214359,36,43362829
175,123.9690,0,1980,2619,1767559891969003092,36,43362829
176,123.9690,0,1980,2619,1767559891974355544,36,43362829
177,123.9690,0,1980,2619,1767559891978539298,36,43362829
178,123.9690,0,1980,2619,1767559891982058288,36,43362829
179,123.9690,0,1980,2619,1767559891986142299,36,43385859
180,123.9690,0,1980,2619,1767559892003457952,36,43385859
181,123.9690,0,1980,2619,1767559892007818281,36,43385859
182,123.9690,0,1980,2619,1767559892014438759,36,43385859
183,123.9690,0,1980,2619,1767559892019429965,36,43385859
184,123.9690,0,1980,2619,1767559892022761596,36,43385859
185,123.9690,0,1980,2619,1767559892030526644,36,43385859
186,123.9690,0,1980,2619,1767559892037073841,36,43385859
187,123.9690,0,1980,2619,1767559892040753790,36,43385859
188,123.9690,0,1980,2619,1767559892044185420,36,43385859
189,123.9690,0,1980,2619,1767559892048260727,36,43385859
190,130.0250,0,1980,2619,1767559892054910548,36,43385859
191,130.0250,0,1980,2619,1767559892059194077,36,43385859
192,130.0250,0,1980,2619,1767559892062534828,36,43385859
193,130.0250,0,1980,2619,1767559892066016121,36,43385859
194,130.0250,0,1980,2619,1767559892073963728,36,43385859
195,130.0250,0,1980,2619,1767559892077277663,36,43385859
196,130.0250,0,1980,2619,1767559892080767789,36,43385859
197,130.0250,0,1980,2619,1767559892085890386,36,43408874
198,130.0250,0,1980,2619,1767559892103543382,36,43408874
199,130.0250,0,1980,2619,1767559892107939903,36,43408874
200,130.0250,0,1980,2619,1767559892114387838,36,43408874
201,130.0250,0,1980,2619,1767559892118454025,36,43408874
202,130.0250,0,1980,2619,1767559892122477140,36,43408874
203,130.0250,0,1980,2619,1767559892130392170,36,43408874
204,130.0250,0,1980,2619,1767559892136910536,36,43408874
205,130.0250,0,1980,2619,1767559892140415702,36,43408874
206,130.0250,0,1980,2619,1767559892144780895,36,43408874
207,130.0250,0,1980,2619,1767559892148820937,36,43408874
208,130.0250,0,1980,2619,1767559892155311591,36,43408874
209,130.0250,0,1980,2619,1767559892158675990,36,43408874
210,130.0250,0,1980,2619,1767559892162321315,36,43408874
211,130.0250,0,1980,2619,1767559892165752114,36,43408874
212,130.0250,0,1980,2619,1767559892173726312,36,43408874
213,130.0250,0,1980,2619,1767559892178470799,36,43408874
214,130.0250,0,1980,2619,1767559892182122524,36,43408874
215,138.2490,0,1980,2619,1767559892186096199,36,43431917
216,138.2490,0,1980,2619,1767559892203631340,36,43431917
217,138.2490,0,1980,2619,1767559892207748343,36,43431917
218,138.2490,0,1980,2619,1767559892214223989,36,43431917
219,138.2490,0,1980,2619,1767559892217580323,36,43431917
220,138.2490,0,1980,2619,1767559892221251760,36,43431917
221,138.2490,0,1980,2619,1767559892224680126,36,43431917
222,138.2490,0,1980,2619,1767559892231156508,36,43431917
223,138.2490,0,1980,2619,1767559892237599770,36,43431917
224,138.2490,0,1980,2619,1767559892241033128,36,43431917
225,138.2490,0,1980,2619,1767559892244749301,36,43431917
226,138.2490,0,1980,2619,1767559892252782443,36,43431917
227,138.2490,0,1980,2619,1767559892256958934,36,43431917
228,138.2490,0,1980,2619,1767559892261232255,36,43431917
229,138.2490,0,1980,2619,1767559892265336330,36,43431917
230,138.2490,0,1980,2619,1767559892273169601,36,43431917
231,138.2490,0,1980,2619,1767559892276654735,36,43431917
232,138.2490,0,1980,2619,1767559892280637402,36,43431917
233,138.2490,0,1980,2619,1767559892284044392,36,43431917
234,138.2490,0,1980,2619,1767559892290576614,36,43455384
235,138.2490,0,1980,2619,1767559892306253332,36,43455384
236,143.5930,0,1980,2619,1767559892314114859,36,43455384
237,143.5930,15,1980,2619,1767559892317994327,36,43455384
238,143.5930,15,1980,2619,1767559892321297862,36,43455384
239,143.5930,15,1980,2619,1767559892324832339,36,43455384
240,143.5930,15,1980,2619,1767559892331474032,36,43455384
241,143.5930,15,1980,2619,1767559892337995086,36,43455384
242,143.5930,15,1980,2619,1767559892341216733,36,43455384
243,143.5930,15,1980,2619,1767559892344767467,36,43455384
244,143.5930,15,1980,2619,1767559892348768279,36,43455384
245,143.5930,15,1980,2619,1767559892355227413,36,43455384
246,143.5930,15,1980,2619,1767559892358617763,36,43455384
247,143.5930,15,1980,2619,1767559892362329936,36,43455384
248,143.5930,15,1980,2619,1767559892365849821,36,43455384
249,143.5930,15,1980,2619,1767559892373736020,36,43455384
250,143.5930,15,1980,2619,1767559892377053762,36,43455384
251,143.5930,15,1980,2619,1767559892380680240,36,43455384
252,143.5930,15,1980,2619,1767559892385885109,36,43477561
253,143.5930,15,1980,2619,1767559892403611128,36,43477561
254,143.5930,15,1980,2619,1767559892407742435,36,43477561
255,148.3730,15,1980,2619,1767559892414293504,36,43477561
256,148.3730,15,1980,2619,1767559892417830094,36,43477561
257,148.3730,15,1980,2619,1767559892421163292,36,43477561
258,148.3730,15,1980,2619,1767559892424608106,36,43477561
259,148.3730,15,1980,2619,1767559892431139528,36,43477561
260,148.3730,15,1980,2619,1767559892437747526,36,43477561
261,148.3730,15,1980,2619,1767559892441356051,36,43477561
262,148.3730,15,1980,2619,1767559892445145216,36,43477561
263,148.3730,15,1980,2619,1767559892449225930,36,43477561
264,148.3730,15,1980,2619,1767559892455629513,36,43477561
265,148.3730,15,1980,2619,1767559892459228310,36,43477561
266,148.3730,15,1980,2619,1767559892462635844,36,43477561
267,148.3730,15,1980,2619,1767559892466247089,36,43477561
268,148.3730,15,1980,2619,1767559892474439015,36,43477561
269,148.3730,15,1980,2619,1767559892478507378,36,43477561
270,148.3730,15,1980,2619,1767559892481899008,36,43477561
271,148.3730,15,1980,2619,1767559892486029226,36,43500256
272,148.3730,15,1980,2619,1767559892506262208,36,43500256
273,148.3730,15,1980,2619,1767559892514237655,36,43500256
274,148.3730,15,1980,2619,1767559892517512902,36,43500256
275,148.3730,15,1980,2619,1767559892521838192,36,43500256
276,148.3730,15,1980,2619,1767559892525594780,36,43500256
277,148.3730,15,1980,2619,1767559892535616359,36,43500256
278,148.3730,15,1980,2619,1767559892538994806,36,43500256
279,153.7000,15,1980,2619,1767559892542338244,36,43500256
280,153.7000,15,1980,2619,1767559892545707282,36,43500256
281,153.7000,15,1980,2619,1767559892553775912,36,43500256
282,153.7000,15,1980,2619,1767559892557121175,36,43500256
283,153.7000,15,1980,2619,1767559892560620901,36,43500256
284,153.7000,1,1980,2619,1767559892564152306,36,43500256
285,153.7000,1,1980,2619,1767559892568142046,36,43500256
286,153.7000,1,1980,2619,1767559892574551228,36,43500256
287,153.7000,1,1980,2619,1767559892577875211,36,43500256
288,153.7000,1,1980,2619,1767559892581369081,37,43500256
289,153.7000,1,1980,2619,1767559892585861825,37,43522766
290,153.7000,1,1980,2619,1767559892603262374,37,43522766
291,153.7000,1,1980,2619,1767559892607806895,37,43522766
292,153.7000,1,1980,2619,1767559892614613579,37,43522766
293,153.7000,1,1980,2619,1767559892618203417,37,43522766
294,153.7000,1,1980,2619,1767559892621831302,37,43522766
295,153.7000,1,1980,2619,1767559892626023760,37,43522766
296,153.7000,1,1980,2619,1767559892635908604,37,43522766
297,153.7000,1,1980,2619,1767559892639621384,37,43522766
298,153.7000,1,1980,2619,1767559892643245141,37,43522766
299,153.7000,1,1980,2619,1767559892647970108,37,43522766
300,153.7000,1,1980,2619,1767559892654435931,37,43522766
301,153.4650,1,1980,2619,1767559892658072041,37,43522766
302,153.4650,1,1980,2619,1767559892661621014,37,43522766
303,153.4650,1,1980,2619,1767559892665464290,37,43522766
304,153.4650,1,1980,2619,1767559892673425944,37,43522766
305,153.4650,1,1980,2619,1767559892677037797,37,43522766
306,153.4650,1,1980,2619,1767559892680871409,37,43522766
307,153.4650,1,1980,2619,1767559892686010646,37,43546204
308,153.4650,1,1980,2619,1767559892705135283,37,43546204
309,153.4650,1,1980,2619,1767559892713050569,37,43546204
310,153.4650,1,1980,2619,1767559892716692342,37,43546204
311,153.4650,1,1980,2619,1767559892720318947,37,43546204
312,153.4650,1,1980,2619,1767559892723982832,37,43546204
313,153.4650,1,1980,2619,1767559892730580717,37,43546204
314,153.4650,1,1980,2619,1767559892737074763,37,43546204
315,153.4650,1,1980,2619,1767559892741816243,37,43546204
316,153.4650,1,1980,2619,1767559892745623040,37,43546204
317,153.4650,1,1980,2619,1767559892753687125,37,43546204
318,153.4650,1,1980,2619,1767559892757157315,37,43546204
319,153.4650,1,1980,2619,1767559892760793104,37,43546204
320,153.4650,1,1980,2619,1767559892764470749,37,43546204
321,153.4650,1,1980,2619,1767559892768645767,37,43546204
322,153.4650,1,1980,2619,1767559892775065829,37,43546204
323,153.4650,1,1980,2619,1767559892778622515,37,43546204
324,153.7910,1,1980,2619,1767559892782296000,37,43546204
325,153.7910,1,1980,2619,1767559892786346539,37,43570246
326,153.7910,1,1980,2619,1767559892803558097,37,43570246
327,153.7910,1,1980,2619,1767559892807926010,37,43570246
328,153.7910,100,1980,2619,1767559892814409688,37,43570246
329,153.7910,100,1980,2619,1767559892818011333,37,43570246
330,153.7910,100,1980,2619,1767559892821736274,37,43570246
331,153.7910,100,1980,2619,1767559892825728861,37,43570246
332,153.7910,100,1980,2619,1767559892835783913,37,43570246
333,153.7910,100,1980,2619,1767559892839294775,37,43570246
334,153.7910,100,1980,2619,1767559892842847588,37,43570246
335,153.7910,100,1980,2619,1767559892846473361,37,43570246
336,153.7910,100,1980,2619,1767559892855456098,37,43570246
337,153.7910,100,1980,2619,1767559892859161103,37,43570246
338,153.7910,100,1980,2619,1767559892862778364,37,43570246
339,153.7910,100,1980,2619,1767559892866420297,37,43570246
340,153.7910,100,1980,2619,1767559892874493759,37,43570246
341,153.7910,100,1980,2619,1767559892878146732,37,43570246
342,153.7910,100,1980,2619,1767559892881862873,37,43570246
343,153.7910,100,1980,2619,1767559892886045475,37,43594043
344,153.7910,100,1980,2619,1767559892904378275,37,43594043
345,153.7910,100,1980,2619,1767559892908416653,37,43594043
346,154.1350,100,1980,2619,1767559892914930091,37,43594043
347,154.1350,100,1980,2619,1767559892918504281,37,43594043
348,154.1350,100,1980,2619,1767559892922134214,37,43594043
349,154.1350,100,1980,2619,1767559892926687407,37,43594043
350,154.1350,100,1980,2619,1767559892936245565,37,43594043
351,154.1350,100,1980,2619,1767559892939748266,37,43594043
352,154.1350,100,1980,2619,1767559892943472887,37,43594043
353,154.1350,100,1980,2619,1767559892947922399,37,43594043
354,154.1350,100,1980,2619,1767559892954338430,37,43594043
355,154.1350,100,1980,2619,1767559892958810886,37,43594043
356,154.1350,100,1980,2619,1767559892962405364,37,43594043
357,154.1350,100,1980,2619,1767559892965824834,37,43594043
358,154.1350,100,1980,2619,1767559892973948312,37,43594043
359,154.1350,100,1980,2619,1767559892977601669,37,43594043
360,154.1350,100,1980,2619,1767559892981263538,37,43594043
361,154.1350,100,1980,2619,1767559892985966521,37,43617826
362,154.1350,100,1980,2619,1767559893003532765,37,43617826
363,154.1350,100,1980,2619,1767559893007984710,37,43617826
364,154.1350,100,1980,2619,1767559893014472900,37,43617826
365,154.1350,100,1980,2619,1767559893018589871,37,43617826
366,154.1350,100,1980,2619,1767559893023729492,37,43617826
367,154.1350,100,1980,2619,1767559893030614160,37,43617826
368,154.4870,100,1980,2619,1767559893037238701,37,43617826
369,154.4870,100,1980,2619,1767559893040861562,37,43617826
370,154.4870,100,1980,2619,1767559893044646886,37,43617826
371,154.4870,100,1980,2619,1767559893048691089,37,43617826
372,154.4870,77,1980,2619,1767559893055141968,37,43617826
373,154.4870,77,1980,2619,1767559893058753374,37,43617826
374,154.4870,77,1980,2619,1767559893062294795,37,43617826
375,154.4870,77,1980,2619,1767559893065978296,37,43617826
376,154.4870,77,1980,2619,1767559893075125288,37,43617826
377,154.4870,77,1980,2619,1767559893078776981,37,43617826
378,154.4870,77,1980,2619,1767559893082366594,37,43617826
379,154.4870,77,1980,2619,1767559893086519788,37,43642409
380,154.4870,77,1980,2619,1767559893104364143,37,43642409
381,154.4870,77,1980,2619,1767559893108343227,37,43642409
382,154.4870,77,1980,2619,1767559893114794873,37,43642409
383,154.4870,77,1980,2619,1767559893118347654,37,43642409
384,154.4870,77,1980,2619,1767559893122466769,37,43642409
385,154.4870,77,1980,2619,1767559893127196888,37,43642409
386,154.4870,77,1980,2619,1767559893136805061,37,43642409
387,154.4870,77,1980,2619,1767559893140443027,37,43642409
388,155.5030,77,1980,2619,1767559893144156800,37,43642409
389,155.5030,77,1980,2619,1767559893148204427,37,43642409
390,155.5030,77,1980,2619,1767559893154653129,37,43642409
391,155.5030,77,1980,2619,1767559893158264918,37,43642409
392,155.5030,77,1980,2619,1767559893161909187,37,43642409
393,155.5030,77,1980,2619,1767559893165531664,37,43642409
394,155.5030,77,1980,2619,1767559893173619782,37,43642409
395,155.5030,77,1980,2619,1767559893177301394,37,43642409
396,155.5030,77,1980,2619,1767559893181098846,37,43642409
397,155.5030,77,1980,2619,1767559893185911077,37,43666754
398,155.5030,77,1980,2619,1767559893203447946,37,43666754
399,155.5030,77,1980,2619,1767559893207952211,37,43666754
400,155.5030,77,1980,2619,1767559893214382865,37,43666754
401,155.5030,77,1980,2619,1767559893218008478,37,43666754
402,155.5030,77,1980,2619,1767559893221539051,37,43666754
403,155.5030,77,1980,2619,1767559893226372914,37,43666754
404,155.5030,77,1980,2619,1767559893236221663,37,43666754
405,155.5030,77,1980,2619,1767559893239915788,37,43666754
406,155.5030,77,1980,2619,1767559893243285467,37,43666754
407,155.5030,77,1980,2619,1767559893247805763,37,43666754
408,155.5030,77,1980,2619,1767559893254258177,37,43666754
409,156.4320,77,1980,2619,1767559893257613263,37,43666754
410,156.4320,77,1980,2619,1767559893261068573,37,43666754
411,156.4320,77,1980,2619,1767559893264768874,37,43666754
412,156.4320,77,1980,2619,1767559893268799285,37,43666754
413,156.4320,77,1980,2619,1767559893275207347,37,43666754
414,156.4320,100,1980,2619,1767559893278886080,37,43666754
415,156.4320,100,1980,2619,1767559893282552589,37,43666754
416,156.4320,100,1980,2619,1767559893286704088,37,43691019
417,156.4320,100,1980,2619,1767559893305221559,37,43691019
418,156.4320,100,1980,2619,1767559893308977411,37,43691019
419,156.4320,100,1980,2619,1767559893315519393,37,43691019
420,156.4320,100,1980,2619,1767559893319120814,37,43691019
421,156.4320,100,1980,2619,1767559893322737596,37,43691019
422,156.4320,100,1980,2619,1767559893330318292,37,43691019
423,156.4320,100,1980,2619,1767559893336951186,37,43691019
424,156.4320,100,1980,2619,1767559893340416191,37,43691019
425,156.4320,100,1980,2619,1767559893344113484,37,43691019
426,156.4320,100,1980,2619,1767559893348159223,37,43691019
427,156.4320,100,1980,2619,1767559893354616693,37,43691019
428,156.4320,100,1980,2619,1767559893358100995,37,43691019
429,156.4320,100,1980,2619,1767559893361734576,37,43691019
430,156.4320,100,1980,2619,1767559893365413916,37,43691019
431,156.4320,100,1980,2619,1767559893373377075,37,43691019
432,156.4320,100,1980,2619,1767559893376959009,37,43691019
433,156.4320,100,1980,2619,1767559893381037036,37,43691019
434,156.9060,100,1980,2619,1767559893385994546,37,43714814
435,156.9060,100,1980,2619,1767559893403333463,37,43714814
436,156.9060,100,1980,2619,1767559893407945886,37,43714814
437,156.9060,100,1980,2619,1767559893414388445,37,43714814
438,156.9060,100,1980,2619,1767559893417968491,37,43714814
439,156.9060,100,1980,2619,1767559893421603992,37,43714814
440,156.9060,100,1980,2619,1767559893425473188,37,43714814
441,156.9060,100,1980,2619,1767559893435753038,37,43714814
442,156.9060,100,1980,2619,1767559893439189596,37,43714814
443,156.9060,100,1980,2619,1767559893443079015,37,43714814
444,156.9060,100,1980,2619,1767559893447985166,37,43714814
445,156.9060,100,1980,2619,1767559893454674283,37,43714814
446,156.9060,100,1980,2619,1767559893458316791,37,43714814
447,156.9060,100,1980,2619,1767559893461935397,37,43714814
448,156.9060,100,1980,2619,1767559893465495315,37,43714814
449,156.9060,100,1980,2619,1767559893473437961,37,43714814
450,156.9060,100,1980,2619,1767559893476915735,37,43714814
451,156.9060,100,1980,2619,1767559893480721635,37,43714814
452,156.9060,100,1980,2619,1767559893484450864,37,43714814
453,156.9060,100,1980,2619,1767559893491302892,37,43739319
454,156.9060,100,1980,2619,1767559893507082298,37,43739319
455,156.9060,100,1980,2619,1767559893515008752,37,43739319
456,157.7510,100,1980,2619,1767559893518636541,37,43739319
457,157.7510,100,1980,2619,1767559893522195819,37,43739319
458,157.7510,100,1980,2619,1767559893526861362,37,43739319
459,157.7510,100,1980,2619,1767559893536446912,37,43739319
460,157.7510,100,1980,2619,1767559893539898670,37,43739319
461,157.7510,100,1980,2619,1767559893543628123,37,43739319
462,157.7510,100,1980,2619,1767559893547910853,37,43739319
463,157.7510,100,1980,2619,1767559893554315139,37,43739319
464,157.7510,100,1980,2619,1767559893557887793,37,43739319
465,157.7510,100,1980,2619,1767559893561508958,37,43739319
466,157.7510,100,1980,2619,1767559893565148395,37,43739319
467,157.7510,100,1980,2619,1767559893569168310,37,43739319
468,157.7510,100,1980,2619,1767559893575630132,37,43739319
469,157.7510,100,1980,2619,1767559893579212897,37,43739319
470,157.7510,100,1980,2619,1767559893582851534,37,43739319
471,157.7510,100,1980,2619,1767559893588574064,37,43762942
472,157.7510,100,1980,2619,1767559893604416830,37,43762942
473,157.7510,100,1980,2619,1767559893608503016,37,43762942
474,157.7510,100,1980,2619,1767559893614930503,37,43762942
475,157.7510,100,1980,2619,1767559893618487444,37,43762942
476,157.7510,100,1980,2619,1767559893622118209,37,43762942
477,157.7510,100,1980,2619,1767559893626625769,37,43762942
478,157.7510,100,1980,2619,1767559893637541233,37,43762942
479,158.8550,100,1980,2619,1767559893641201694,37,43762942
480,158.8550,100,1980,2619,1767559893644919243,37,43762942
481,158.8550,100,1980,2619,1767559893648963157,37,43762942
482,158.8550,100,1980,2619,1767559893655449459,37,43762942
483,158.8550,100,1980,2619,1767559893659061984,37,43762942
484,158.8550,100,1980,2619,1767559893662607534,37,43762942
485,158.8550,100,1980,2619,1767559893666267963,37,43762942
486,158.8550,100,1980,2619,1767559893674194673,37,43762942
487,158.8550,100,1980,2619,1767559893677691615,37,43762942
488,158.8550,100,1980,2619,1767559893681373036,37,43762942
489,158.8550,100,1980,2619,1767559893685910293,37,43787118
490,158.8550,100,1980,2619,1767559893704194325,37,43787118
491,158.8550,100,1980,2619,1767559893708267552,37,43787118
492,158.8550,100,1980,2619,1767559893714779677,37,43787118
493,158.8550,100,1980,2619,1767559893718361515,37,43787118
494,158.8550,100,1980,2619,1767559893721980728,37,43787118
495,158.8550,100,1980,2619,1767559893726265954,37,43787118
496,158.8550,100,1980,2619,1767559893736278446,37,43787118
497,158.8550,100,1980,2619,1767559893740788534,37,43787118
498,158.8550,100,1980,2619,1767559893744647618,37,43787118
499,158.8550,100,1980,2619,1767559893748612941,37,43787118
500,158.8550,100,1980,2619,1767559893755049355,37,43787118
501,159.7140,100,1980,2619,1767559893758675928,37,43787118
502,159.7140,100,1980,2619,1767559893762206566,37,43787118
503,159.7140,100,1980,2619,1767559893765878643,37,43787118
504,159.7140,100,1980,2619,1767559893773848617,37,43787118
505,159.7140,100,1980,2619,1767559893777327128,37,43787118
506,159.7140,100,1980,2619,1767559893781090692,37,43787118
507,159.7140,100,1980,2619,1767559893785967658,37,43811626
508,159.7140,100,1980,2619,1767559893803895116,37,43811626
509,159.7140,100,1980,2619,1767559893807896375,37,43811626
510,159.7140,100,1980,2619,1767559893814410390,37,43811626
511,159.7140,100,1980,2619,1767559893818030179,37,43811626
512,159.7140,100,1980,2619,1767559893821557777,37,43811626
513,159.7140,100,1980,2619,1767559893825256381,37,43811626
514,159.7140,100,1980,2619,1767559893835392584,37,43811626
515,159.7140,100,1980,2619,1767559893838813014,37,43811626
516,159.7140,100,1980,2619,1767559893842415779,37,43811626
517,159.7140,100,1980,2619,1767559893849043937,37,43811626
518,159.7140,100,1980,2619,1767559893854456356,37,43811626
519,159.7140,100,1980,2619,1767559893857871442,37,43811626
520,159.7140,100,1980,2619,1767559893861156130,37,43811626
521,159.7140,100,1980,2619,1767559893864610736,37,43811626
522,159.7140,100,1980,2619,1767559893868683611,37,43811626
523,159.7140,100,1980,2619,1767559893875384504,37,43811626
524,160.2460,100,1980,2619,1767559893878757606,37,43811626
525,160.2460,100,1980,2619,1767559893882186292,37,43811626
526,160.2460,100,1980,2619,1767559893886458270,37,43835927
527,160.2460,100,1980,2619,1767559893904312193,37,43835927
528,160.2460,100,1980,2619,1767559893908441196,37,43835927
529,160.2460,100,1980,2619,1767559893914798922,37,43835927
530,160.2460,100,1980,2619,1767559893918371191,37,43835927
531,160.2460,100,1980,2619,1767559893921994916,37,43835927
532,160.2460,100,1980,2619,1767559893926328686,37,43835927
533,160.2460,100,1980,2619,1767559893936089210,37,43835927
534,160.2460,100,1980,2619,1767559893939709544,37,43835927
535,160.2460,100,1980,2619,1767559893943447188,37,43835927
536,160.2460,100,1980,2619,1767559893947966332,37,43835927
537,160.2460,100,1980,2619,1767559893954424507,37,43835927
538,160.2460,100,1980,2619,1767559893958002665,37,43835927
539,160.2460,100,1980,2619,1767559893961598966,37,43835927
540,160.2460,100,1980,2619,1767559893965266723,37,43835927
541,160.2460,100,1980,2619,1767559893969231630,37,43835927
542,160.2460,100,1980,2619,1767559893975652044,37,43835927
543,160.2460,100,1980,2619,1767559893979307257,37,43835927
544,160.2460,100,1980,2619,1767559893982879654,37,43835927
545,160.2460,100,1980,2619,1767559893988506537,37,43859969
546,160.2460,100,1980,2619,1767559894004243863,37,43859969
547,160.2460,100,1980,2619,1767559894008240034,37,43859969
548,160.1770,100,1980,2619,1767559894014817632,37,43859969
549,160.1770,100,1980,2619,1767559894018438125,37,43859969
550,160.1770,100,1980,2619,1767559894023824337,37,43859969
551,160.1770,100,1980,2619,1767559894030094288,37,43859969
552,160.1770,100,1980,2619,1767559894036903500,37,43859969
553,160.1770,100,1980,2619,1767559894040328602,37,43859969
554,160.1770,100,1980,2619,1767559894044124871,37,43859969
555,160.1770,100,1980,2619,1767559894048268946,37,43859969
556,160.1770,100,1980,2619,1767559894054619248,37,43859969
557,160.1770,100,1980,2619,1767559894058133214,37,43859969
558,160.1770,100,1980,2619,1767559894061706187,37,43859969
559,160.1770,100,1980,2619,1767559894065398136,37,43859969
560,160.1770,100,1980,2619,1767559894073266543,37,43859969
561,160.1770,100,1980,2619,1767559894076909979,37,43859969
562,160.1770,100,1980,2619,1767559894081128646,37,43859969
563,160.1770,100,1980,2619,1767559894085998285,37,43883589
564,160.1770,100,1980,2619,1767559894104023182,37,43883589
565,160.1770,100,1980,2619,1767559894108108697,37,43883589
566,160.1770,100,1980,2619,1767559894114556311,37,43883589
567,160.1770,100,1980,2619,1767559894118135652,37,43883589
568,160.1770,100,1980,2619,1767559894121763665,37,43883589
569,160.1770,100,1980,2619,1767559894125783004,37,43883589
570,160.1770,100,1980,2619,1767559894135753065,37,43883589
571,159.6010,100,1980,2619,1767559894139188887,37,43883589
572,159.6010,100,1980,2619,1767559894142820036,37,43883589
573,159.6010,100,1980,2619,1767559894146396561,37,43883589
574,159.6010,100,1980,2619,1767559894154604518,37,43883589
575,159.6010,100,1980,2619,1767559894158245267,37,43883589
576,159.6010,100,1980,2619,1767559894161864352,37,43883589
577,159.6010,100,1980,2619,1767559894165486157,37,43883589
578,159.6010,100,1980,2619,1767559894173394020,37,43883589
579,159.6010,100,1980,2619,1767559894176894226,37,43883589
580,159.6010,100,1980,2619,1767559894180723678,37,43883589
581,159.6010,100,1980,2619,1767559894184441419,37,43883589
582,159.6010,100,1980,2619,1767559894191310887,37,43908104
583,159.6010,100,1980,2619,1767559894204744256,37,43908104
584,159.6010,100,1980,2619,1767559894208829867,37,43908104
585,159.6010,100,1980,2619,1767559894215241321,37,43908104
586,159.6010,100,1980,2619,1767559894218814295,37,43908104
587,159.6010,100,1980,2619,1767559894222426980,37,43908104
588,159.6010,100,1980,2619,1767559894227197708,37,43908104
589,159.6010,100,1980,2619,1767559894236718746,37,43908104
590,159.6010,100,1980,2619,1767559894240204648,37,43908104
591,159.6010,100,1980,2619,1767559894243983444,37,43908104
592,159.6010,100,1980,2619,1767559894248006431,37,43908104
593,159.6010,100,1980,2619,1767559894254480989,37,43908104
594,158.8080,100,1980,2619,1767559894258115466,37,43908104
595,158.8080,100,1980,2619,1767559894261726807,37,43908104
596,158.8080,100,1980,2619,1767559894265372613,37,43908104
597,158.8080,100,1980,2619,1767559894273304219,37,43908104
598,158.8080,100,1980,2619,1767559894276797897,37,43908104
599,158.8080,100,1980,2619,1767559894280529141,37,43908104
600,158.8080,100,1980,2619,1767559894284216642,37,43908104
601,158.8080,100,1980,2619,1767559894292197496,37,43932008
602,158.8080,100,1980,2619,1767559894305318771,37,43932008
603,158.8080,100,1980,2619,1767559894309222239,37,43932008
604,158.8080,100,1980,2619,1767559894315706654,37,43932008
605,158.8080,100,1980,2619,1767559894319273707,37,43932008
606,158.8080,100,1980,2619,1767559894322874296,37,43932008
607,158.8080,100,1980,2619,1767559894330555504,37,43932008
608,158.8080,100,1980,2619,1767559894337065038,37,43932008
609,158.8080,100,1980,2619,1767559894340776315,37,43932008
610,158.8080,100,1980,2619,1767559894344554055,37,43932008
611,158.8080,100,1980,2619,1767559894348523858,37,43932008
612,158.8080,100,1980,2619,1767559894354999473,37,43932008
613,158.8080,100,1980,2619,1767559894358476735,37,43932008
614,158.8080,100,1980,2619,1767559894362060300,37,43932008
615,158.8080,100,1980,2619,1767559894365740761,37,43932008
616,158.8080,100,1980,2619,1767559894373663247,37,43932008
617,158.8080,100,1980,2619,1767559894377291804,37,43932008
618,158.8080,100,1980,2619,1767559894381050984,37,43932008
619,159.4410,100,1980,2619,1767559894385903087,37,43955936
620,159.4410,100,1980,2619,1767559894404265392,37,43955936
621,159.4410,100,1980,2619,1767559894408196539,37,43955936
622,159.4410,100,1980,2619,1767559894414506490,37,43955936
623,159.4410,100,1980,2619,1767559894418128775,37,43955936
624,159.4410,100,1980,2619,1767559894421723508,37,43955936
625,159.4410,100,1980,2619,1767559894425671840,37,43955936
626,159.4410,100,1980,2619,1767559894435825706,37,43955936
627,159.4410,100,1980,2619,1767559894439310616,37,43955936
628,159.4410,100,1980,2619,1767559894443100645,37,43955936
629,159.4410,100,1980,2619,1767559894447877772,37,43955936
630,159.4410,100,1980,2619,1767559894454336042,37,43955936
631,159.4410,100,1980,2619,1767559894458409013,37,43955936
632,159.4410,100,1980,2619,1767559894462004418,37,43955936
633,159.4410,100,1980,2619,1767559894465641263,37,43955936
634,159.4410,100,1980,2619,1767559894473545446,37,43955936
635,159.4410,100,1980,2619,1767559894477018707,37,43955936
636,159.4410,100,1980,2619,1767559894480749312,37,43955936
637,159.4410,100,1980,2619,1767559894484368174,37,43955936
638,159.4410,100,1980,2619,1767559894491254666,37,43981052
639,159.4410,100,1980,2619,1767559894507104343,37,43981052
640,159.4410,100,1980,2619,1767559894516312519,37,43981052
641,160.1120,100,1980,2619,1767559894520005075,37,43981052
642,160.1120,100,1980,2619,1767559894523538433,37,43981052
643,160.1120,100,1980,2619,1767559894530419645,37,43981052
644,160.1120,100,1980,2619,1767559894536883612,37,43981052
645,160.1120,100,1980,2619,1767559894540256362,37,43981052
646,160.1120,100,1980,2619,1767559894543639192,37,43981052
647,160.1120,100,1980,2619,1767559894547828610,37,43981052
648,160.1120,100,1980,2619,1767559894554215649,37,43981052
649,160.1120,100,1980,2619,1767559894557483632,37,43981052
650,160.1120,100,1980,2619,1767559894561297788,37,43981052
651,160.1120,100,1980,2619,1767559894564744042,37,43981052
652,160.1120,100,1980,2619,1767559894568822004,37,43981052
653,160.1120,100,1980,2619,1767559894575405651,37,43981052
654,160.1120,100,1980,2619,1767559894579254207,37,43981052
655,160.1120,100,1980,2619,1767559894582906444,37,43981052
656,160.1120,100,1980,2619,1767559894588481198,37,44005810
657,160.1120,100,1980,2619,1767559894604086269,37,44005810
658,160.1120,100,1980,2619,1767559894608126599,37,44005810
659,160.1120,100,1980,2619,1767559894617075992,37,44005810
660,160.1120,100,1980,2619,1767559894621908768,37,44005810
661,160.1120,100,1980,2619,1767559894626296617,37,44005810
662,160.1120,100,1980,2619,1767559894638122411,37,44005810
663,181.8990,100,1980,2619,1767559894644000524,37,44005810
664,181.8990,100,1980,2619,1767559894651381030,37,44005810
665,181.8990,100,1980,2619,1767559894676509827,37,44005810
666,181.8990,100,1980,2619,1767559894686012689,37,44005810
667,181.8990,100,1980,2619,1767559894704911310,55,44112908
668,181.8990,100,1980,2619,1767559894715292025,55,44112908
669,181.8990,100,1980,2619,1767559894721316537,55,44112908
670,181.8990,100,1980,2619,1767559894727110171,55,44112908
671,181.8990,100,1980,2619,1767559894750218594,55,44112908
672,181.8990,100,1770,2619,1767559894764656791,55,44112908
673,278.7170,100,1770,2619,1767559894768741282,55,44112908
674,278.7170,100,1770,2619,1767559894777636723,55,44112908
675,278.7170,100,1770,2619,1767559894784303696,55,44112908
676,278.7170,100,1770,2619,1767559894803180398,55,44208860
677,278.7170,100,1770,2619,1767559894830519647,55,44208860
678,278.7170,100,1770,2619,1767559894844098488,62,44208860
679,278.7170,100,1770,2619,1767559894849370813,62,44208860
680,278.7170,100,1770,2619,1767559894858497421,62,44208860
681,278.7170,100,1770,2619,1767559894862064059,62,44208860
682,278.7170,100,1800,2619,1767559894865692744,62,44208860
683,278.7170,100,1800,2619,1767559894876248336,62,44208860
684,278.7170,100,1800,2619,1767559894880182172,62,44208860
685,278.7170,100,1800,2619,1767559894886032797,62,44300095
686,374.0120,100,1800,2619,1767559894906721458,62,44300095
687,374.0120,100,1800,2619,1767559894915091654,62,44300095
688,374.0120,100,1800,2619,1767559894918743730,62,44300095
689,374.0120,100,1800,2619,1767559894924707219,62,44300095
690,374.0120,100,1800,2619,1767559894932188140,62,44300095
691,374.0120,100,1800,2619,1767559894956471182,62,44300095
692,374.0120,100,1800,2619,1767559894965999356,66,44300095
693,374.0120,100,1800,2619,1767559894977798878,66,44300095
694,374.0120,100,1800,2619,1767559894981659050,66,44300095
695,374.0120,100,1680,2619,1767559894985984052,66,44397227
696,374.0120,100,1680,2619,1767559895005960203,66,44397227
697,374.0120,100,1680,2619,1767559895035154259,66,44397227
698,461.1930,100,1680,2619,1767559895043856038,66,44397227
699,461.1930,100,1680,2619,1767559895054054768,66,44397227
700,461.1930,100,1680,2619,1767559895058866999,66,44397227
701,461.1930,100,1680,2619,1767559895064737304,69,44397227
702,461.1930,100,1680,2619,1767559895072002259,69,44397227
703,461.1930,100,1680,2619,1767559895105736674,69,44397227
704,461.1930,100,1680,2619,1767559895122218285,69,44524570
705,461.1930,100,1680,2619,1767559895127076756,69,44524570
706,461.1930,100,1680,2619,1767559895136740929,69,44524570
707,461.1930,100,1680,2619,1767559895140308622,69,44524570
708,461.1930,100,1680,2619,1767559895144150202,69,44524570
709,461.1930,100,1680,2619,1767559895148147653,69,44524570
710,461.1930,100,1680,2619,1767559895157064854,69,44524570
711,574.7630,100,1680,2619,1767559895160804483,69,44524570
712,574.7630,100,1680,2619,1767559895164715663,69,44524570
713,574.7630,100,1680,2619,1767559895168611803,69,44524570
714,574.7630,100,1680,2619,1767559895175179417,69,44524570
715,574.7630,100,1680,2619,1767559895178875877,69,44524570
716,574.7630,100,1680,2619,1767559895182590866,69,44524570
717,574.7630,100,1680,2619,1767559895186670044,69,44599805
718,574.7630,100,1680,2619,1767559895206319798,69,44599805
719,574.7630,100,1680,2619,1767559895217417308,69,44599805
720,574.7630,100,1680,2619,1767559895221696294,71,44599805
721,574.7630,100,1680,2619,1767559895225717233,71,44599805
722,574.7630,100,1680,2619,1767559895238103056,71,44599805
723,574.7630,100,1680,2619,1767559895242251642,71,44599805
724,574.7630,100,1680,2619,1767559895245846983,71,44599805
725,574.7630,100,1680,2619,1767559895253861342,71,44599805
726,574.7630,100,1680,2619,1767559895257556395,71,44599805
727,574.7630,100,1680,2619,1767559895261312855,71,44599805
728,574.7630,100,1680,2619,1767559895264993892,71,44599805
729,574.7630,100,1650,2619,1767559895269004079,71,44599805
730,574.7630,100,1650,2619,1767559895276553959,71,44599805
731,574.7630,100,1650,2619,1767559895280339603,71,44599805
732,574.7630,100,1650,2619,1767559895284123391,71,44599805
733,574.7630,100,1650,2619,1767559895291718968,71,44700085
734,660.9880,100,1650,2619,1767559895307497126,71,44700085
735,660.9880,100,1650,2619,1767559895318653932,71,44700085
736,660.9880,100,1650,2619,1767559895322884469,71,44700085
737,660.9880,100,1650,2619,1767559895328141466,71,44700085
738,660.9880,100,1650,2619,1767559895339822269,71,44700085
739,660.9880,100,1650,2619,1767559895343516458,71,44700085
740,660.9880,100,1650,2619,1767559895347992147,71,44700085
741,660.9880,100,1650,2619,1767559895356813829,71,44700085
742,660.9880,100,1650,2619,1767559895360485777,71,44700085
743,660.9880,100,1650,2619,1767559895364097950,71,44700085
744,660.9880,100,1650,2619,1767559895368145993,71,44700085
745,660.9880,100,1650,2619,1767559895375432003,71,44700085
746,660.9880,100,1605,2619,1767559895379149488,71,44700085
747,660.9880,100,1605,2619,1767559895382908700,71,44700085
748,660.9880,100,1605,2619,1767559895388392768,71,44792576
749,660.9880,100,1605,2619,1767559895406776192,71,44792576
750,740.9700,100,1605,2619,1767559895416285742,71,44792576
751,740.9700,100,1605,2619,1767559895419767228,71,44792576
752,740.9700,100,1605,2619,1767559895424033893,71,44792576
753,740.9700,100,1605,2619,1767559895430872194,71,44792576
754,740.9700,100,1605,2619,1767559895439996339,71,44792576
755,740.9700,100,1605,2619,1767559895443744703,71,44792576
756,740.9700,100,1605,2619,1767559895447979017,71,44792576
757,740.9700,100,1605,2619,1767559895456819770,71,44792576
758,740.9700,100,1605,2619,1767559895460527751,71,44792576
759,740.9700,100,1605,2619,1767559895464595314,71,44792576
760,740.9700,100,1605,2619,1767559895468673564,71,44792576
761,740.9700,100,1605,2619,1767559895477637678,71,44792576
762,740.9700,100,1605,2619,1767559895481603130,71,44792576
763,740.9700,100,1605,2619,1767559895485956035,71,44882146
764,740.9700,100,780,2619,1767559895507523218,71,44882146
765,740.9700,100,780,2619,1767559895519890802,71,44882146
766,814.9350,100,780,2619,1767559895523760030,71,44882146
767,814.9350,100,780,2619,1767559895530591290,71,44882146
768,814.9350,100,780,2619,1767559895539606731,71,44882146
769,814.9350,100,780,2619,1767559895543403287,71,44882146
770,814.9350,100,780,2619,1767559895547916479,71,44882146
771,814.9350,100,780,2619,1767559895556897872,71,44882146
772,814.9350,100,780,2619,1767559895560519869,71,44882146
773,814.9350,100,780,2619,1767559895564092171,71,44882146
774,814.9350,100,780,2619,1767559895568091862,71,44882146
775,814.9350,100,780,2619,1767559895577081255,71,44882146
776,814.9350,100,780,2619,1767559895581357297,71,44882146
777,814.9350,100,780,2619,1767559895585991864,71,44971094
778,814.9350,100,780,2619,1767559895605979089,71,44971094
779,814.9350,100,780,2619,1767559895615426591,71,44971094
780,814.9350,100,1530,2619,1767559895619201579,71,44971094
781,814.9350,100,1530,2619,1767559895622896664,71,44971094
782,814.9350,100,1530,2619,1767559895630744495,71,44971094
783,814.9350,100,1530,2619,1767559895638322535,71,44971094
784,866.1140,100,1530,2619,1767559895642101619,71,44971094
785,866.1140,100,1530,2619,1767559895645857920,71,44971094
786,866.1140,100,1530,2619,1767559895656540297,71,44971094
787,866.1140,100,1530,2619,1767559895660266645,71,44971094
788,866.1140,100,1530,2619,1767559895663943906,71,44971094
789,866.1140,100,1530,2619,1767559895668104012,71,44971094
790,866.1140,100,1530,2619,1767559895675466918,71,44971094
791,866.1140,100,1530,2619,1767559895679186578,71,44971094
792,866.1140,100,1530,2619,1767559895682693120,71,44971094
793,866.1140,100,1530,2619,1767559895687078761,70,45062815
794,866.1140,100,1530,2619,1767559895706906530,70,45062815
795,866.1140,100,1530,2619,1767559895718400966,70,45062815
796,866.1140,100,1530,2619,1767559895722217874,70,45062815
797,866.1140,100,1530,2619,1767559895727188151,70,45062815
798,866.1140,100,1530,2619,1767559895739657142,70,45062815
799,866.1140,100,772,2619,1767559895744675709,70,45062815
800,866.1140,100,772,2619,1767559895748797447,70,45062815
801,866.1140,100,772,2619,1767559895757801336,70,45062815
802,846.3710,100,772,2619,1767559895761796579,70,45062815
803,846.3710,100,772,2619,1767559895765398864,70,45062815
804,846.3710,100,772,2619,1767559895776166264,70,45062815
805,846.3710,100,772,2619,1767559895779975268,70,45062815
806,846.3710,100,772,2619,1767559895783472082,70,45062815
807,846.3710,100,772,2619,1767559895789413587,70,45145684
808,846.3710,100,772,2619,1767559895806785560,70,45145684
809,846.3710,100,772,2619,1767559895817801567,70,45145684
810,846.3710,100,772,2619,1767559895821550411,70,45145684
811,846.3710,100,772,2619,1767559895825589238,70,45145684
812,846.3710,100,772,2619,1767559895837767383,70,45145684
813,846.3710,100,772,2619,1767559895842069600,70,45145684
814,846.3710,100,772,2619,1767559895846436682,70,45145684
815,846.3710,100,772,2619,1767559895857721710,70,45145684
816,846.3710,100,772,2619,1767559895861613018,70,45145684
817,846.3710,100,870,2619,1767559895865362598,70,45145684
818,846.3710,100,870,2619,1767559895875792017,70,45145684
819,846.3710,100,870,2619,1767559895879563677,70,45145684
820,846.3710,100,870,2619,1767559895883235018,70,45145684
821,837.1730,100,870,2619,1767559895888791277,70,45234180
822,837.1730,100,870,2619,1767559895904877976,70,45234180
823,837.1730,100,870,2619,1767559895909028418,70,45234180
824,837.1730,100,870,2619,1767559895916089597,70,45234180
825,837.1730,100,870,2619,1767559895919842474,70,45234180
826,837.1730,100,870,2619,1767559895923582263,70,45234180
827,837.1730,100,870,2619,1767559895930649042,70,45234180
828,837.1730,100,870,2619,1767559895939781282,70,45234180
829,837.1730,100,870,2619,1767559895943721358,71,45234180
830,837.1730,100,870,2619,1767559895948061815,71,45234180
831,837.1730,100,870,2619,1767559895957058088,71,45234180
832,837.1730,100,870,2619,1767559895961000851,71,45234180
833,837.1730,100,870,2619,1767559895964608641,71,45234180
834,837.1730,100,870,2619,1767559895968631660,71,45234180
835,837.1730,100,870,2619,1767559895977607133,71,45234180
836,837.1730,100,870,2619,1767559895981325706,71,45234180
837,837.1730,100,1680,2619,1767559895986009169,71,45320476
838,837.1730,100,1680,2619,1767559896006250055,71,45320476
839,837.1730,100,1680,2619,1767559896015469079,71,45320476
840,822.9620,100,1680,2619,1767559896019001829,71,45320476
841,822.9620,100,1680,2619,1767559896022725170,71,45320476
842,822.9620,100,1680,2619,1767559896028064502,71,45320476
843,822.9620,100,1680,2619,1767559896039716664,71,45320476
844,822.9620,100,1680,2619,1767559896045792505,71,45320476
845,822.9620,100,1680,2619,1767559896054483116,71,45320476
846,822.9620,100,1680,2619,1767559896058054138,71,45320476
847,822.9620,100,1680,2619,1767559896061781126,70,45320476
848,822.9620,100,1680,2619,1767559896065527218,70,45320476
849,822.9620,100,1680,2619,1767559896074888321,70,45320476
850,822.9620,100,1680,2619,1767559896078677069,70,45320476
851,822.9620,100,1680,2619,1767559896082360922,70,45320476
852,822.9620,100,1680,2619,1767559896086598788,70,45411333
853,822.9620,100,1680,2619,1767559896104106441,70,45411333
854,822.9620,100,1680,2619,1767559896108142324,70,45411333
855,822.9620,100,1650,2619,1767559896114814865,70,45411333
856,822.9620,100,1650,2619,1767559896118497502,70,45411333
857,822.9620,100,1650,2619,1767559896122252426,70,45411333
858,822.9620,100,1650,2619,1767559896127138192,70,45411333
859,822.9620,100,1650,2619,1767559896137659097,70,45411333
860,815.5320,100,1650,2619,1767559896141230855,70,45411333
861,815.5320,100,1650,2619,1767559896145090675,70,45411333
862,815.5320,100,1650,2619,1767559896149246366,70,45411333
863,815.5320,100,1650,2619,1767559896158302318,70,45411333
864,815.5320,100,1650,2619,1767559896161903739,70,45411333
865,815.5320,100,1650,2619,1767559896165489384,70,45411333
866,815.5320,100,1650,2619,1767559896174356954,70,45411333
867,815.5320,100,1650,2619,1767559896178589700,70,45411333
868,815.5320,100,1650,2619,1767559896182398352,71,45411333
869,815.5320,100,1650,2619,1767559896186411035,71,45502083
870,815.5320,100,1650,2619,1767559896206171860,71,45502083
871,815.5320,100,1650,2619,1767559896215542115,71,45502083
872,815.5320,100,1650,2619,1767559896219066385,71,45502083
873,815.5320,100,1650,2619,1767559896222756189,71,45502083
874,815.5320,100,1650,2619,1767559896227908770,71,45502083
875,815.5320,100,1650,2619,1767559896239342503,71,45502083
876,815.5320,100,1605,2619,1767559896242957236,71,45502083
877,815.5320,100,1605,2619,1767559896248014298,71,45502083
878,815.5320,100,1605,2619,1767559896257021003,71,45502083
879,799.0710,100,1605,2619,1767559896261290900,71,45502083
880,799.0710,100,1605,2619,1767559896265065920,71,45502083
881,799.0710,100,1605,2619,1767559896268893836,71,45502083
882,799.0710,100,1605,2619,1767559896277783198,71,45502083
883,799.0710,100,1605,2619,1767559896281567050,71,45502083
884,799.0710,100,1605,2619,1767559896285956372,71,45589089
885,799.0710,100,1605,2619,1767559896307356900,71,45589089
886,799.0710,100,1605,2619,1767559896317493103,71,45589089
887,799.0710,100,1605,2619,1767559896321354747,71,45589089
888,799.0710,100,1605,2619,1767559896324914537,71,45589089
889,799.0710,100,1605,2619,1767559896331351911,71,45589089
890,799.0710,100,1605,2619,1767559896340478007,71,45589089
891,799.0710,100,1605,2619,1767559896344401635,71,45589089
892,799.0710,100,1605,2619,1767559896348516461,71,45589089
893,799.0710,100,1605,2619,1767559896355081963,71,45589089
894,799.0710,100,1605,2619,1767559896358675512,71,45589089
895,799.0710,100,1500,2619,1767559896362893154,71,45589089
896,799.0710,100,1500,2619,1767559896367899111,71,45589089
897,799.0710,100,1500,2619,1767559896377226136,71,45589089
898,799.0710,100,1500,2619,1767559896381169827,71,45589089
899,785.4960,100,1500,2619,1767559896386005194,71,45673918
900,785.4960,100,1500,2619,1767559896406082688,71,45673918
901,785.4960,100,1500,2619,1767559896417140391,71,45673918
902,785.4960,100,1500,2619,1767559896420856820,71,45673918
903,785.4960,100,1500,2619,1767559896424523841,71,45673918
904,785.4960,100,1500,2619,1767559896431110270,71,45673918
905,785.4960,100,1500,2619,1767559896440219598,71,45673918
906,785.4960,100,1500,2619,1767559896444091962,71,45673918
907,785.4960,100,1500,2619,1767559896448208677,71,45673918
908,785.4960,100,1500,2619,1767559896457303318,71,45673918
909,785.4960,100,1500,2619,1767559896461545408,71,45673918
910,785.4960,100,1500,2619,1767559896466051240,71,45673918
911,785.4960,100,1500,2619,1767559896476466098,71,45673918
912,785.4960,100,1500,2619,1767559896480454237,71,45673918
913,785.4960,100,1500,2619,1767559896484226121,71,45673918
914,785.4960,100,1425,2619,1767559896490536680,71,45760903
915,785.4960,100,1425,2619,1767559896509643173,71,45760903
916,785.4960,100,1425,2619,1767559896520406316,71,45760903
917,779.6630,100,1425,2619,1767559896524123673,71,45760903
918,779.6630,100,1425,2619,1767559896530768374,71,45760903
919,779.6630,100,1425,2619,1767559896539990630,71,45760903
920,779.6630,100,1425,2619,1767559896544068721,71,45760903
921,779.6630,100,1425,2619,1767559896548115676,71,45760903
922,779.6630,100,1425,2619,1767559896557209004,71,45760903
923,779.6630,100,1425,2619,1767559896560844729,71,45760903
924,779.6630,100,1425,2619,1767559896564445254,70,45760903
925,779.6630,100,1425,2619,1767559896568734608,70,45760903
926,779.6630,100,1425,2619,1767559896576015178,70,45760903
927,779.6630,100,1425,2619,1767559896580050357,70,45760903
928,779.6630,100,1425,2619,1767559896584171423,70,45760903
929,779.6630,100,1425,2619,1767559896590565854,70,45844959
930,779.6630,100,1425,2619,1767559896607028456,70,45844959
931,779.6630,100,1425,2619,1767559896616534774,70,45844959
932,779.6630,100,1455,2619,1767559896620127620,70,45844959
933,779.6630,100,1455,2619,1767559896623987151,70,45844959
934,779.6630,100,1455,2619,1767559896630650541,70,45844959
935,779.6630,100,1455,2619,1767559896640168988,70,45844959
936,774.1910,100,1455,2619,1767559896643996872,70,45844959
937,774.1910,100,1455,2619,1767559896647964051,70,45844959
938,774.1910,100,1455,2619,1767559896655268204,70,45844959
939,774.1910,100,1455,2619,1767559896659073561,70,45844959
940,774.1910,100,1455,2619,1767559896662740069,70,45844959
941,774.1910,100,1455,2619,1767559896666475666,70,45844959
942,774.1910,100,1455,2619,1767559896677040986,70,45844959
943,774.1910,100,1455,2619,1767559896680682632,70,45844959
944,774.1910,100,1455,2619,1767559896684304501,70,45844959
945,774.1910,100,1455,2619,1767559896691005362,70,45926033
946,774.1910,100,1455,2619,1767559896705930500,70,45926033
947,774.1910,100,1455,2619,1767559896714813397,70,45926033
948,774.1910,100,1455,2619,1767559896718552994,70,45926033
949,774.1910,100,1455,2619,1767559896722261743,70,45926033
950,774.1910,100,1455,2619,1767559896727037910,70,45926033
951,774.1910,100,1455,2619,1767559896739702676,70,45926033
952,774.1910,100,1470,2619,1767559896743507712,70,45926033
953,774.1910,100,1470,2619,1767559896748468454,70,45926033
954,761.7220,100,1470,2619,1767559896757089657,70,45926033
955,761.7220,100,1470,2619,1767559896760829093,70,45926033
956,761.7220,100,1470,2619,1767559896764551698,70,45926033
957,761.7220,100,1470,2619,1767559896768659484,70,45926033
958,761.7220,100,1470,2619,1767559896777619598,70,45926033
959,761.7220,100,1470,2619,1767559896781595161,70,45926033
960,761.7220,100,1470,2619,1767559896785909315,70,46001495
961,761.7220,100,1470,2619,1767559896806122873,70,46001495
962,761.7220,100,1470,2619,1767559896815881063,70,46001495
963,761.7220,100,1470,2619,1767559896819718259,68,46001495
964,761.7220,100,1470,2619,1767559896823309408,68,46001495
965,761.7220,100,1470,2619,1767559896830555322,68,46001495
966,761.7220,100,1470,2619,1767559896837942611,68,46001495
967,761.7220,100,1470,2619,1767559896841678943,68,46001495
968,761.7220,100,1470,2619,1767559896845402828,68,46001495
969,761.7220,100,1470,2619,1767559896854816667,68,46001495
970,761.7220,100,1500,2619,1767559896858592839,68,46001495
971,761.7220,100,1500,2619,1767559896862434579,68,46001495
972,761.7220,100,1500,2619,1767559896866287135,68,46001495
973,761.7220,100,1500,2619,1767559896874950450,68,46001495
974,761.7220,100,1500,2619,1767559896879507066,68,46001495
975,756.2750,100,1500,2619,1767559896883231655,68,46001495
976,756.2750,100,1500,2619,1767559896888725130,68,46083310
977,756.2750,100,1500,2619,1767559896905448979,68,46083310
978,756.2750,100,1500,2619,1767559896914326405,68,46083310
979,756.2750,100,1500,2619,1767559896918028337,68,46083310
980,756.2750,100,1500,2619,1767559896921746494,68,46083310
981,756.2750,100,1500,2619,1767559896926024135,68,46083310
982,756.2750,100,1500,2619,1767559896936673616,68,46083310
983,756.2750,100,1500,2619,1767559896940203677,69,46083310
984,756.2750,100,1500,2619,1767559896944164840,69,46083310
985,756.2750,100,1500,2619,1767559896948212659,69,46083310
986,756.2750,100,1500,2619,1767559896957194277,69,46083310
987,756.2750,100,1500,2619,1767559896961624334,69,46083310
988,756.2750,100,1500,2619,1767559896965610905,69,46083310
989,756.2750,100,1500,2619,1767559896974720393,69,46083310
990,756.2750,100,1500,2619,1767559896978490613,69,46083310
991,756.2750,100,1500,2619,1767559896982779775,69,46083310
992,756.2750,100,1500,2619,1767559896988365410,69,46164337
993,756.2750,100,1500,2619,1767559897004042641,69,46164337
994,756.2750,100,1500,2619,1767559897008126331,69,46164337
995,748.8740,100,1500,2619,1767559897017102956,69,46164337
996,748.8740,100,1500,2619,1767559897020992792,69,46164337
997,748.8740,100,1500,2619,1767559897024665956,69,46164337
998,748.8740,100,1500,2619,1767559897031089443,69,46164337
999,748.8740,100,1500,2619,1767559897038532796,69,46164337
1000,748.8740,100,1500,2619,1767559897042182537,69,46164337
1001,748.8740,100,1500,2619,1767559897048266378,69,46164337
1002,748.8740,100,1500,2619,1767559897055343013,69,46164337
1003,748.8740,100,1500,2619,1767559897059042801,69,46164337
1004,748.8740,100,1500,2619,1767559897062778462,69,46164337
1005,748.8740,100,1500,2619,1767559897068736318,69,46164337
1006,748.8740,100,1500,2619,1767559897075434747,69,46164337
1007,748.8740,100,1500,2619,1767559897079627430,69,46164337
1008,748.8740,100,1500,2619,1767559897083413938,69,46164337
1009,748.8740,100,1500,2619,1767559897089182004,69,46246890
1010,748.8740,100,1500,2619,1767559897106940087,69,46246890
1011,748.8740,100,1500,2619,1767559897118584634,69,46246890
1012,748.8740,100,1500,2619,1767559897122284583,69,46246890
1013,737.9200,100,1500,2619,1767559897126708656,69,46246890
1014,737.9200,100,1500,2619,1767559897137084954,69,46246890
1015,737.9200,100,1500,2619,1767559897140611304,69,46246890
1016,737.9200,100,1500,2619,1767559897144495859,69,46246890
1017,737.9200,100,1500,2619,1767559897148534462,69,46246890
1018,737.9200,100,1500,2619,1767559897155830424,69,46246890
1019,737.9200,100,1500,2619,1767559897159754595,69,46246890
1020,737.9200,100,1500,2619,1767559897163466160,69,46246890
1021,737.9200,100,1500,2619,1767559897167968152,69,46246890
1022,737.9200,100,1500,2619,1767559897175345491,69,46246890
1023,737.9200,100,1500,2619,1767559897179700252,69,46246890
1024,737.9200,100,1500,2619,1767559897183512136,69,46246890
1025,737.9200,100,1500,2619,1767559897189200106,69,46328368
1026,737.9200,100,1500,2619,1767559897204991767,69,46328368
1027,737.9200,100,1500,2619,1767559897209026786,69,46328368
1028,737.9200,100,1500,2619,1767559897216314908,69,46328368
1029,737.9200,100,1500,2619,1767559897220062089,69,46328368
1030,737.9200,100,1500,2619,1767559897223732918,69,46328368
1031,737.9200,100,1500,2619,1767559897230771665,69,46328368
1032,737.9200,100,1500,2619,1767559897238263146,69,46328368
1033,730.0040,100,1500,2619,1767559897242015510,69,46328368
1034,730.0040,100,1500,2619,1767559897245814498,69,46328368
1035,730.0040,100,1500,2619,1767559897254634932,69,46328368
1036,730.0040,100,1500,2619,1767559897258224129,69,46328368
1037,730.0040,100,1500,2619,1767559897261913038,69,46328368
1038,730.0040,100,1500,2619,1767559897265668347,69,46328368
1039,730.0040,100,1500,2619,1767559897274550061,69,46328368
1040,730.0040,100,1500,2619,1767559897278338393,69,46328368
1041,730.0040,100,1500,2619,1767559897282254372,69,46328368
1042,730.0040,100,1500,2619,1767559897286428207,69,46410405
1043,730.0040,100,1500,2619,1767559897305680010,69,46410405
1044,730.0040,100,1500,2619,1767559897315550551,69,46410405
1045,730.0040,100,1500,2619,1767559897319264036,69,46410405
1046,730.0040,100,1500,2619,1767559897322755281,69,46410405
1047,730.0040,100,1500,2619,1767559897328006902,69,46410405
1048,730.0040,100,1500,2619,1767559897337818178,69,46410405
1049,730.0040,100,1515,2619,1767559897341400975,69,46410405
1050,730.0040,100,1515,2619,1767559897345349499,69,46410405
1051,730.0040,100,1515,2619,1767559897355451271,69,46410405
1052,730.0040,100,1515,2619,1767559897359194355,69,46410405
1053,725.9280,100,1515,2619,1767559897363024287,69,46410405
1054,725.9280,100,1515,2619,1767559897367952933,69,46410405
1055,725.9280,100,1515,2619,1767559897375473278,69,46410405
1056,725.9280,100,1515,2619,1767559897379276394,69,46410405
1057,725.9280,100,1515,2619,1767559897382920023,69,46410405
1058,725.9280,100,1515,2619,1767559897388465434,69,46492705
1059,725.9280,100,1515,2619,1767559897404987716,69,46492705
1060,725.9280,100,1515,2619,1767559897409042063,69,46492705
1061,725.9280,100,1515,2619,1767559897416237673,69,46492705
1062,725.9280,100,1515,2619,1767559897419971990,69,46492705
1063,725.9280,100,1515,2619,1767559897423702850,69,46492705
1064,725.9280,100,1515,2619,1767559897430604830,69,46492705
1065,725.9280,100,1515,2619,1767559897440002381,69,46492705
1066,725.9280,100,1515,2619,1767559897444017816,69,46492705
1067,725.9280,100,1515,2619,1767559897448081315,69,46492705
1068,725.9280,100,1515,2619,1767559897454632449,69,46492705
1069,725.9280,100,1515,2619,1767559897458294414,69,46492705
1070,725.9280,100,1500,2619,1767559897462090970,69,46492705
1071,725.9280,100,1500,2619,1767559897465958758,69,46492705
1072,725.9280,100,1500,2619,1767559897476134416,69,46492705
1073,725.9280,100,1500,2619,1767559897480035356,69,46492705
1074,727.5280,100,1500,2619,1767559897483611370,69,46492705
1075,727.5280,100,1500,2619,1767559897489652459,69,46577028
1076,727.5280,100,1500,2619,1767559897509225156,69,46577028
1077,727.5280,100,1500,2619,1767559897521180389,69,46577028
1078,727.5280,100,1500,2619,1767559897525035825,69,46577028
1079,727.5280,100,1500,2619,1767559897531645295,69,46577028
1080,727.5280,100,1500,2619,1767559897538697675,70,46577028
1081,727.5280,100,1500,2619,1767559897542433527,70,46577028
1082,727.5280,100,1500,2619,1767559897546180323,70,46577028
1083,727.5280,100,1500,2619,1767559897556525997,70,46577028
1084,727.5280,100,1500,2619,1767559897560605176,70,46577028
1085,727.5280,100,1500,2619,1767559897564199077,70,46577028
1086,727.5280,100,1500,2619,1767559897568271215,70,46577028
1087,727.5280,100,1500,2619,1767559897577134978,70,46577028
1088,727.5280,100,1500,2619,1767559897581282764,70,46577028
1089,727.5280,100,1500,2619,1767559897586136435,70,46658453
1090,727.5280,100,1500,2619,1767559897606008075,70,46658453
1091,727.5280,100,1500,2619,1767559897614587422,70,46658453
1092,723.6630,100,1500,2619,1767559897618188523,70,46658453
1093,723.6630,100,1500,2619,1767559897621866552,70,46658453
1094,723.6630,100,1500,2619,1767559897626289921,70,46658453
1095,723.6630,100,1500,2619,1767559897636574252,70,46658453
1096,723.6630,100,1500,2619,1767559897640449495,70,46658453
1097,723.6630,100,1500,2619,1767559897644236515,70,46658453
1098,723.6630,100,1500,2619,1767559897648263694,70,46658453
1099,723.6630,100,1500,2619,1767559897657146784,70,46658453
1100,723.6630,100,1500,2619,1767559897660781805,70,46658453
1101,723.6630,100,1500,2619,1767559897664386938,70,46658453
1102,723.6630,100,1500,2619,1767559897668377894,70,46658453
1103,723.6630,100,1500,2619,1767559897675743391,70,46658453
1104,723.6630,100,1500,2619,1767559897679433996,70,46658453
1105,723.6630,100,1500,2619,1767559897683520758,70,46658453
1106,723.6630,100,1500,2619,1767559897689508023,70,46743414
1107,723.6630,100,1500,2619,1767559897707096091,70,46743414
1108,723.6630,100,1500,2619,1767559897718178338,70,46743414
1109,723.6630,100,1485,2619,1767559897721910254,70,46743414
1110,723.6630,100,1485,2619,1767559897726267831,70,46743414
1111,723.6630,100,1485,2619,1767559897736704353,70,46743414
1112,723.6630,100,1485,2619,1767559897740490477,70,46743414
1113,727.5390,100,1485,2619,1767559897744333017,70,46743414
1114,727.5390,100,1485,2619,1767559897748402915,70,46743414
1115,727.5390,100,1485,2619,1767559897757266550,70,46743414
1116,727.5390,100,1485,2619,1767559897760858435,70,46743414
1117,727.5390,100,1485,2619,1767559897764498320,70,46743414
1118,727.5390,100,1485,2619,1767559897768559003,70,46743414
1119,727.5390,100,1485,2619,1767559897775874612,70,46743414
1120,727.5390,100,1485,2619,1767559897779859392,70,46743414
1121,727.5390,100,1485,2619,1767559897783399885,70,46743414
1122,727.5390,100,1485,2619,1767559897789433133,70,46825670
1123,727.5390,100,1485,2619,1767559897806932051,70,46825670
1124,727.5390,100,1485,2619,1767559897816413345,70,46825670
1125,727.5390,100,1485,2619,1767559897820696139,70,46825670
1126,727.5390,100,1485,2619,1767559897824473111,70,46825670
1127,727.5390,100,1485,2619,1767559897828583585,70,46825670
1128,727.5390,100,1485,2619,1767559897837783153,70,46825670
1129,727.5390,100,1485,2619,1767559897841483742,70,46825670
1130,727.5390,100,1485,2619,1767559897845121803,70,46825670
1131,727.5390,100,1485,2619,1767559897849823859,70,46825670
1132,732.3170,100,1485,2619,1767559897856527440,70,46825670
1133,732.3170,100,1485,2619,1767559897860894649,70,46825670
1134,732.3170,100,1485,2619,1767559897864773605,70,46825670
1135,732.3170,100,1485,2619,1767559897868709360,70,46825670
1136,732.3170,100,1485,2619,1767559897877623681,70,46825670
1137,732.3170,100,1485,2619,1767559897881463725,70,46825670
1138,732.3170,100,1485,2619,1767559897885945237,70,46906651
1139,732.3170,100,1485,2619,1767559897906764393,70,46906651
1140,732.3170,100,1485,2619,1767559897917729744,70,46906651
1141,732.3170,100,1485,2619,1767559897922130937,70,46906651
1142,732.3170,100,1485,2619,1767559897926730369,70,46906651
1143,732.3170,100,1485,2619,1767559897938329861,70,46906651
1144,732.3170,100,1485,2619,1767559897942538063,70,46906651
1145,732.3170,100,1485,2619,1767559897946175132,70,46906651
1146,732.3170,100,1485,2619,1767559897954908270,70,46906651
1147,732.3170,100,1485,2619,1767559897959220152,70,46906651
1148,732.3170,100,1485,2619,1767559897962962692,70,46906651
1149,732.3170,100,1485,2619,1767559897968372424,70,46906651
1150,732.3170,100,1485,2619,1767559897975401923,70,46906651
1151,732.3170,100,1485,2619,1767559897979088271,70,46906651
1152,734.4400,100,1485,2619,1767559897982834812,70,46906651
1153,734.4400,100,1485,2619,1767559897988349792,70,46990900
1154,734.4400,100,1485,2619,1767559898006605024,70,46990900
1155,734.4400,100,1485,2619,1767559898017903301,70,46990900
1156,734.4400,100,1485,2619,1767559898021762481,70,46990900
1157,734.4400,100,1485,2619,1767559898027458996,70,46990900
1158,734.4400,100,1485,2619,1767559898039393109,70,46990900
1159,734.4400,100,1485,2619,1767559898043066082,70,46990900
1160,734.4400,100,1485,2619,1767559898047978504,70,46990900
1161,734.4400,100,1485,2619,1767559898057903668,70,46990900
1162,734.4400,100,1485,2619,1767559898061604129,70,46990900
1163,734.4400,100,1485,2619,1767559898065383821,70,46990900
1164,734.4400,100,1485,2619,1767559898074374303,70,46990900
1165,734.4400,100,1485,2619,1767559898079034087,70,46990900
1166,734.4400,100,1455,2619,1767559898082869235,70,46990900
1167,734.4400,100,1455,2619,1767559898088420917,70,47071863
1168,734.4400,100,1455,2619,1767559898106905588,70,47071863
1169,734.4400,100,1455,2619,1767559898116329764,70,47071863
1170,732.7790,100,1455,2619,1767559898119955921,70,47071863
1171,732.7790,100,1455,2619,1767559898123686238,70,47071863
1172,732.7790,100,1455,2619,1767559898130561850,70,47071863
1173,732.7790,100,1455,2619,1767559898137861203,70,47071863
1174,732.7790,100,1455,2619,1767559898141746687,70,47071863
1175,732.7790,100,1455,2619,1767559898145586251,70,47071863
1176,732.7790,100,1455,2619,1767559898154278301,70,47071863
1177,732.7790,100,1455,2619,1767559898157893258,70,47071863
1178,732.7790,100,1455,2619,1767559898161603767,69,47071863
1179,732.7790,100,1455,2619,1767559898165424452,69,47071863
1180,732.7790,100,1455,2619,1767559898175945261,69,47071863
1181,732.7790,100,1455,2619,1767559898180146967,69,47071863
1182,732.7790,100,1455,2619,1767559898183751012,69,47071863
1183,732.7790,100,1455,2619,1767559898190331489,69,47151356
1184,732.7790,100,1455,2619,1767559898206967947,69,47151356
1185,732.7790,100,1455,2619,1767559898216429146,69,47151356
1186,732.7790,100,1470,2619,1767559898219979079,69,47151356
1187,732.7790,100,1470,2619,1767559898223632404,69,47151356
1188,732.7790,100,1470,2619,1767559898230602735,69,47151356
1189,732.7790,100,1470,2619,1767559898239380609,69,47151356
1190,728.2500,100,1470,2619,1767559898243246253,69,47151356
1191,728.2500,100,1470,2619,1767559898247958708,69,47151356
1192,728.2500,100,1470,2619,1767559898255117999,69,47151356
1193,728.2500,100,1470,2619,1767559898258683709,69,47151356
1194,728.2500,100,1470,2619,1767559898262438249,69,47151356
1195,728.2500,100,1470,2619,1767559898266184054,69,47151356
1196,728.2500,100,1470,2619,1767559898274142540,69,47151356
1197,728.2500,100,1470,2619,1767559898277907768,69,47151356
1198,728.2500,100,1470,2619,1767559898281761092,69,47151356
1199,728.2500,100,1470,2619,1767559898286034286,69,47228219
1200,728.2500,100,1470,2619,1767559898304685645,69,47228219
1201,728.2500,100,1470,2619,1767559898308756952,69,47228219
1202,728.2500,100,1470,2619,1767559898317824072,69,47228219
1203,728.2500,100,1470,2619,1767559898321552085,69,47228219
1204,728.2500,100,1470,2619,1767559898325283809,69,47228219
1205,728.2500,100,1470,2619,1767559898331712991,69,47228219
1206,728.2500,100,1455,2619,1767559898338209981,69,47228219
1207,728.2500,100,1455,2619,1767559898341945642,69,47228219
1208,728.2500,100,1455,2619,1767559898345926070,69,47228219
1209,728.2500,100,1455,2619,1767559898354821415,69,47228219
1210,726.1900,100,1455,2619,1767559898358573940,69,47228219
1211,726.1900,100,1455,2619,1767559898362257312,69,47228219
1212,726.1900,100,1455,2619,1767559898366072748,69,47228219
1213,726.1900,100,1455,2619,1767559898376537109,69,47228219
1214,726.1900,100,1455,2619,1767559898380462561,69,47228219
1215,726.1900,100,1455,2619,1767559898384100494,69,47228219
1216,726.1900,100,1455,2619,1767559898390487757,69,47310255
1217,726.1900,100,1455,2619,1767559898405578910,69,47310255
1218,726.1900,100,1455,2619,1767559898416030183,69,47310255
1219,726.1900,100,1455,2619,1767559898420322801,69,47310255
1220,726.1900,100,1455,2619,1767559898423994590,69,47310255
1221,726.1900,100,1455,2619,1767559898430698140,69,47310255
1222,726.1900,100,1455,2619,1767559898439720556,69,47310255
1223,726.1900,100,1455,2619,1767559898444166133,69,47310255
1224,726.1900,100,1485,2619,1767559898448205920,69,47310255
1225,726.1900,100,1485,2619,1767559898456938706,69,47310255
1226,726.1900,100,1485,2619,1767559898460622463,69,47310255
1227,726.1900,100,1485,2619,1767559898464493706,69,47310255
1228,721.2850,100,1485,2619,1767559898468532053,69,47310255
1229,721.2850,100,1485,2619,1767559898474985620,69,47310255
1230,721.2850,100,1485,2619,1767559898478732769,69,47310255
1231,721.2850,100,1485,2619,1767559898482425645,69,47310255
1232,721.2850,100,1485,2619,1767559898486606392,69,47388197
1233,721.2850,100,1485,2619,1767559898508527461,69,47388197
1234,721.2850,100,1485,2619,1767559898518050228,69,47388197
1235,721.2850,100,1485,2619,1767559898521635681,69,47388197
1236,721.2850,100,1485,2619,1767559898525837611,69,47388197
1237,721.2850,100,1485,2619,1767559898537559629,69,47388197
1238,721.2850,100,1485,2619,1767559898541384057,69,47388197
1239,721.2850,100,1485,2619,1767559898545762530,69,47388197
1240,721.2850,100,1485,2619,1767559898554489685,69,47388197
1241,721.2850,100,1485,2619,1767559898558249185,69,47388197
1242,721.2850,100,1485,2619,1767559898561987726,69,47388197
1243,721.2850,100,1470,2619,1767559898565836026,69,47388197
1244,721.2850,100,1470,2619,1767559898574696588,69,47388197
1245,721.2850,100,1470,2619,1767559898578493752,69,47388197
1246,721.2850,100,1470,2619,1767559898582246020,69,47388197
1247,718.6070,100,1470,2619,1767559898586388015,69,47468890
1248,718.6070,100,1470,2619,1767559898604521360,69,47468890
1249,718.6070,100,1470,2619,1767559898608745434,69,47468890
1250,718.6070,100,1470,2619,1767559898615709782,69,47468890
1251,718.6070,100,1470,2619,1767559898619489506,69,47468890
1252,718.6070,100,1470,2619,1767559898623190255,69,47468890
1253,718.6070,100,1470,2619,1767559898630620424,69,47468890
1254,718.6070,100,1470,2619,1767559898637237829,69,47468890
1255,718.6070,100,1470,2619,1767559898642090924,70,47468890
1256,718.6070,100,1470,2619,1767559898647928173,70,47468890
1257,718.6070,100,1470,2619,1767559898655165704,70,47468890
1258,718.6070,100,1470,2619,1767559898659171987,70,47468890
1259,718.6070,100,1470,2619,1767559898662912192,70,47468890
1260,718.6070,100,1470,2619,1767559898667951141,70,47468890
1261,718.6070,100,1470,2619,1767559898677106357,70,47468890
1262,718.6070,100,1470,2619,1767559898680863713,70,47468890
1263,718.6070,100,1470,2619,1767559898686105734,70,47548158
1264,718.6070,100,1470,2619,1767559898706274909,70,47548158
1265,718.6070,100,1470,2619,1767559898717685857,70,47548158
1266,714.3300,100,1470,2619,1767559898721281647,70,47548158
1267,714.3300,100,1470,2619,1767559898724922171,70,47548158
1268,714.3300,100,1470,2619,1767559898731387578,70,47548158
1269,714.3300,100,1470,2619,1767559898738626164,70,47548158
1270,714.3300,100,1470,2619,1767559898742365089,70,47548158
1271,714.3300,100,1470,2619,1767559898746130765,70,47548158
1272,714.3300,100,1470,2619,1767559898754857088,70,47548158
1273,714.3300,100,1470,2619,1767559898758472941,70,47548158
1274,714.3300,100,1470,2619,1767559898762154329,70,47548158
1275,714.3300,100,1470,2619,1767559898765968837,70,47548158
1276,714.3300,100,1470,2619,1767559898774931862,70,47548158
1277,714.3300,100,1470,2619,1767559898778992161,70,47548158
1278,714.3300,100,1470,2619,1767559898782676398,70,47548158
1279,714.3300,100,1470,2619,1767559898786786745,70,47629903
1280,714.3300,100,1470,2619,1767559898803980575,70,47629903
1281,714.3300,100,1470,2619,1767559898808148489,70,47629903
1282,714.3300,100,1485,2619,1767559898817085178,70,47629903
1283,714.3300,100,1485,2619,1767559898820826087,70,47629903
1284,714.3300,100,1485,2619,1767559898824459412,70,47629903
1285,714.3300,100,1485,2619,1767559898830952018,70,47629903
1286,713.6620,100,1485,2619,1767559898837484369,70,47629903
1287,713.6620,100,1485,2619,1767559898841394876,70,47629903
1288,713.6620,100,1485,2619,1767559898845169128,70,47629903
1289,713.6620,100,1485,2619,1767559898849282259,70,47629903
1290,713.6620,100,1485,2619,1767559898856438157,70,47629903
1291,713.6620,100,1485,2619,1767559898861253524,70,47629903
1292,713.6620,100,1485,2619,1767559898865033408,70,47629903
1293,713.6620,100,1485,2619,1767559898869006219,70,47629903
1294,713.6620,100,1485,2619,1767559898877984541,70,47629903
1295,713.6620,100,1485,2619,1767559898881807849,70,47629903
1296,713.6620,100,1485,2619,1767559898886029811,70,47709087
1297,713.6620,100,1485,2619,1767559898904950608,70,47709087
1298,713.6620,100,1485,2619,1767559898909035739,70,47709087
1299,713.6620,100,1485,2619,1767559898916686610,70,47709087
1300,713.6620,100,1470,2619,1767559898920363551,70,47709087
1301,713.6620,100,1470,2619,1767559898924168524,70,47709087
1302,713.6620,100,1470,2619,1767559898930774442,70,47709087
1303,713.6620,100,1470,2619,1767559898939751643,70,47709087
1304,708.7960,100,1470,2619,1767559898943566407,70,47709087
1305,708.7960,100,1470,2619,1767559898947930288,70,47709087
1306,708.7960,100,1470,2619,1767559898955119690,70,47709087
1307,708.7960,100,1470,2619,1767559898959414996,70,47709087
1308,708.7960,100,1470,2619,1767559898963164448,70,47709087
1309,708.7960,100,1470,2619,1767559898968310342,70,47709087
1310,708.7960,100,1470,2619,1767559898975316065,70,47709087
1311,708.7960,100,1470,2619,1767559898979081710,70,47709087
1312,708.7960,100,1470,2619,1767559898982759578,70,47709087
1313,708.7960,100,1470,2619,1767559898988345085,70,47788345
1314,708.7960,100,1470,2619,1767559899006433598,70,47788345
1315,708.7960,100,1470,2619,1767559899017849155,70,47788345
1316,708.7960,100,1470,2619,1767559899021423793,70,47788345
1317,708.7960,100,1470,2619,1767559899025108605,70,47788345
1318,708.7960,100,1470,2619,1767559899031362492,70,47788345
1319,708.7960,100,1470,2619,1767559899038579639,70,47788345
1320,708.7960,100,1440,2619,1767559899042263427,70,47788345
1321,708.7960,100,1440,2619,1767559899046015760,70,47788345
1322,708.7960,100,1440,2619,1767559899058504335,70,47788345
1323,705.4760,100,1440,2619,1767559899062858488,70,47788345
1324,705.4760,100,1440,2619,1767559899067957694,70,47788345
1325,705.4760,100,1440,2619,1767559899075227928,70,47788345
1326,705.4760,100,1440,2619,1767559899079028004,70,47788345
1327,705.4760,100,1440,2619,1767559899082720016,70,47788345
1328,705.4760,100,1440,2619,1767559899087027674,70,47867940
1329,705.4760,100,1440,2619,1767559899107717518,70,47867940
1330,705.4760,100,1440,2619,1767559899116582496,70,47867940
1331,705.4760,100,1440,2619,1767559899120366892,70,47867940
1332,705.4760,100,1440,2619,1767559899124209176,70,47867940
1333,705.4760,100,1440,2619,1767559899130855477,70,47867940
1334,705.4760,100,1440,2619,1767559899139988677,70,47867940
1335,705.4760,100,1440,2619,1767559899143748786,70,47867940
1336,705.4760,100,1440,2619,1767559899147916861,70,47867940
1337,705.4760,100,1440,2619,1767559899156731342,70,47867940
1338,705.4760,100,1440,2619,1767559899160305276,70,47867940
1339,705.4760,100,1470,2619,1767559899164701669,70,47867940
1340,705.4760,100,1470,2619,1767559899168738511,70,47867940
1341,705.4760,100,1470,2619,1767559899175987049,70,47867940
1342,705.4760,100,1470,2619,1767559899179909045,70,47867940
1343,705.4760,100,1470,2619,1767559899183649217,70,47867940
1344,703.3930,100,1470,2619,1767559899189930689,70,47945793
1345,703.3930,100,1470,2619,1767559899206878601,70,47945793
1346,703.3930,100,1470,2619,1767559899216243256,70,47945793
1347,703.3930,100,1470,2619,1767559899220480961,70,47945793
1348,703.3930,100,1470,2619,1767559899224396813,70,47945793
1349,703.3930,100,1470,2619,1767559899230963051,70,47945793
1350,703.3930,100,1470,2619,1767559899239976348,70,47945793
1351,703.3930,100,1470,2619,1767559899243823400,70,47945793
1352,703.3930,100,1470,2619,1767559899247920979,70,47945793
1353,703.3930,100,1470,2619,1767559899255107565,70,47945793
1354,703.3930,100,1470,2619,1767559899259187031,70,47945793
1355,703.3930,100,1470,2619,1767559899262923172,70,47945793
1356,703.3930,100,1470,2619,1767559899267977481,70,47945793
1357,703.3930,100,1470,2619,1767559899274411816,70,47945793
1358,703.3930,100,1470,2619,1767559899278150708,70,47945793
1359,703.3930,100,1470,2619,1767559899281810593,70,47945793
1360,703.3930,100,1470,2619,1767559899285984204,70,48022575
1361,703.3930,100,1470,2619,1767559899303683023,70,48022575
1362,703.3930,100,1470,2619,1767559899307961561,70,48022575
1363,703.5940,100,1470,2619,1767559899315134579,70,48022575
1364,703.5940,100,1470,2619,1767559899318896448,70,48022575
1365,703.5940,100,1470,2619,1767559899322724908,70,48022575
1366,703.5940,100,1470,2619,1767559899330728099,70,48022575
1367,703.5940,100,1470,2619,1767559899338089116,70,48022575
1368,703.5940,100,1470,2619,1767559899341867720,70,48022575
1369,703.5940,100,1470,2619,1767559899345628916,70,48022575
1370,703.5940,100,1470,2619,1767559899354302439,70,48022575
1371,703.5940,100,1470,2619,1767559899357884948,70,48022575
1372,703.5940,100,1470,2619,1767559899361627041,70,48022575
1373,703.5940,100,1470,2619,1767559899365426318,70,48022575
1374,703.5940,100,1470,2619,1767559899374096800,70,48022575
1375,703.5940,100,1470,2619,1767559899377866125,70,48022575
1376,703.5940,100,1470,2619,1767559899382039415,70,48022575
1377,703.5940,100,1470,2619,1767559899386131425,70,48102283
1378,703.5940,100,1470,2619,1767559899404548097,70,48102283
1379,703.5940,100,1470,2619,1767559899408536204,70,48102283
1380,703.5940,100,1470,2619,1767559899415707527,70,48102283
1381,703.5940,100,1470,2619,1767559899419436884,70,48102283
1382,703.5940,100,1470,2619,1767559899423290271,70,48102283
1383,703.5940,100,1470,2619,1767559899430659161,70,48102283
1384,703.5940,100,1470,2619,1767559899437857011,70,48102283
1385,703.9580,100,1470,2619,1767559899441874494,70,48102283
1386,703.9580,100,1470,2619,1767559899445779657,70,48102283
1387,703.9580,100,1470,2619,1767559899454542396,70,48102283
1388,703.9580,100,1470,2619,1767559899458135914,70,48102283
1389,703.9580,100,1470,2619,1767559899461817303,70,48102283
1390,703.9580,100,1470,2619,1767559899465582499,70,48102283
1391,703.9580,100,1470,2619,1767559899476009388,70,48102283
1392,703.9580,100,1470,2619,1767559899480515476,70,48102283
1393,703.9580,100,1470,2619,1767559899484141537,70,48102283
1394,703.9580,100,1470,2619,1767559899490642911,70,48182921
1395,703.9580,100,1470,2619,1767559899507590344,70,48182921
1396,703.9580,100,1470,2619,1767559899516410425,70,48182921
1397,703.9580,100,1470,2619,1767559899520116486,70,48182921
1398,703.9580,100,1470,2619,1767559899523948242,70,48182921
1399,703.9580,100,1470,2619,1767559899530738094,70,48182921
1400,703.9580,100,1470,2619,1767559899539891071,70,48182921
1401,703.9580,100,1470,2619,1767559899543739755,70,48182921
1402,703.9580,100,1470,2619,1767559899548982224,70,48182921
1403,703.9580,100,1470,2619,1767559899555239887,70,48182921
1404,703.9580,100,1470,2619,1767559899558927836,70,48182921
1405,700.2600,100,1470,2619,1767559899562727816,70,48182921
1406,700.2600,100,1470,2619,1767559899566458900,70,48182921
1407,700.2600,100,1470,2619,1767559899576829214,70,48182921
1408,700.2600,100,1470,2619,1767559899581348294,70,48182921
1409,700.2600,100,1470,2619,1767559899585929710,70,48260206
1410,700.2600,100,1470,2619,1767559899606204613,70,48260206
1411,700.2600,100,1470,2619,1767559899615595540,70,48260206
1412,700.2600,100,1470,2619,1767559899619163361,70,48260206
1413,700.2600,100,1470,2619,1767559899622938733,70,48260206
1414,700.2600,100,1470,2619,1767559899630763364,70,48260206
1415,700.2600,100,1470,2619,1767559899640075572,70,48260206
1416,700.2600,100,1470,2619,1767559899644124767,70,48260206
1417,700.2600,100,1470,2619,1767559899648153642,70,48260206
1418,700.2600,100,1470,2619,1767559899655426212,70,48260206
1419,700.2600,100,1470,2619,1767559899659081073,70,48260206
1420,700.2600,100,1455,2619,1767559899662762205,70,48260206
1421,700.2600,100,1455,2619,1767559899667996098,70,48260206
1422,700.2600,100,1455,2619,1767559899676846643,70,48260206
1423,700.2600,100,1455,2619,1767559899680772447,70,48260206
1424,700.9630,100,1455,2619,1767559899686005412,70,48339688
1425,700.9630,100,1455,2619,1767559899704726498,70,48339688
1426,700.9630,100,1455,2619,1767559899708702350,70,48339688
1427,700.9630,100,1455,2619,1767559899717559199,70,48339688
1428,700.9630,100,1455,2619,1767559899721258764,70,48339688
1429,700.9630,100,1455,2619,1767559899724888218,70,48339688
1430,700.9630,100,1455,2619,1767559899731288920,70,48339688
1431,700.9630,100,1455,2619,1767559899740065674,70,48339688
1432,700.9630,100,1455,2619,1767559899743843702,70,48339688
1433,700.9630,100,1455,2619,1767559899747969889,70,48339688
1434,700.9630,100,1455,2619,1767559899755404570,70,48339688
1435,700.9630,100,1455,2619,1767559899759132486,70,48339688
1436,700.9630,100,1455,2619,1767559899762836531,70,48339688
1437,700.9630,100,1455,2619,1767559899767968664,70,48339688
1438,700.9630,100,1455,2619,1767559899776705995,70,48339688
1439,700.9630,100,1470,2619,1767559899780613207,70,48339688
1440,700.9630,100,1470,2619,1767559899784492802,70,48339688
1441,700.9630,100,1470,2619,1767559899791127840,70,48419960
1442,700.9630,100,1470,2619,1767559899805470580,70,48419960
1443,698.5590,100,1470,2619,1767559899814268103,70,48419960
1444,698.5590,100,1470,2619,1767559899818054900,70,48419960
1445,698.5590,100,1470,2619,1767559899821862528,70,48419960
1446,698.5590,100,1470,2619,1767559899826102569,70,48419960
1447,698.5590,100,1470,2619,1767559899837720940,70,48419960
1448,698.5590,100,1470,2619,1767559899841955862,70,48419960
1449,698.5590,100,1470,2619,1767559899845564323,70,48419960
1450,698.5590,100,1470,2619,1767559899856060812,70,48419960
1451,698.5590,100,1470,2619,1767559899859764729,70,48419960
1452,698.5590,100,1470,2619,1767559899863923844,70,48419960
1453,698.5590,100,1470,2619,1767559899868032943,70,48419960
1454,698.5590,100,1470,2619,1767559899875242281,70,48419960
1455,698.5590,100,1470,2619,1767559899880110575,70,48419960
1456,698.5590,100,1440,2619,1767559899883953979,70,48419960
1457,698.5590,100,1440,2619,1767559899890212602,70,48497848
1458,698.5590,100,1440,2619,1767559899904979438,70,48497848
1459,698.5590,100,1440,2619,1767559899909059449,70,48497848
1460,696.6930,100,1440,2619,1767559899915480951,70,48497848
1461,696.6930,100,1440,2619,1767559899919190051,70,48497848
1462,696.6930,100,1440,2619,1767559899922916496,70,48497848
1463,696.6930,100,1440,2619,1767559899930495368,70,48497848
1464,696.6930,100,1440,2619,1767559899938127872,70,48497848
1465,696.6930,100,1440,2619,1767559899941835213,70,48497848
1466,696.6930,100,1440,2619,1767559899945757784,70,48497848
1467,696.6930,100,1440,2619,1767559899954556747,70,48497848
1468,696.6930,100,1440,2619,1767559899958155544,70,48497848
1469,696.6930,100,1440,2619,1767559899962055588,70,48497848
1470,696.6930,100,1440,2619,1767559899965801584,70,48497848
1471,696.6930,100,1440,2619,1767559899974580930,70,48497848
1472,696.6930,100,1440,2619,1767559899978638349,70,48497848
1473,696.6930,100,1440,2619,1767559899982388377,70,48497848
1474,696.6930,100,1440,2619,1767559899986518499,70,48573729
1475,696.6930,100,1440,2619,1767559900005836671,70,48573729
1476,696.6930,100,1440,2619,1767559900013748022,70,48573729
1477,696.6930,100,1440,2619,1767559900017461122,70,48573729
1478,696.6930,100,1440,2619,1767559900021204431,70,48573729
1479,696.6930,100,1440,2619,1767559900024991963,70,48573729
1480,696.6930,100,1440,2619,1767559900031564184,70,48573729
1481,696.6930,100,1440,2619,1767559900039074577,70,48573729
1482,692.2200,100,1440,2619,1767559900042827742,70,48573729
1483,692.2200,100,1440,2619,1767559900047870820,70,48573729
1484,692.2200,100,1440,2619,1767559900056434647,70,48573729
1485,692.2200,100,1440,2619,1767559900060120260,70,48573729
1486,692.2200,100,1440,2619,1767559900063985360,70,48573729
1487,692.2200,100,1440,2619,1767559900068009466,70,48573729
1488,692.2200,100,1440,2619,1767559900074461081,70,48573729
1489,692.2200,100,1440,2619,1767559900078041670,70,48573729
1490,692.2200,100,1440,2619,1767559900081851154,70,48573729
1491,692.2200,100,1440,2619,1767559900085979357,70,48649631
1492,692.2200,100,1440,2619,1767559900104219518,70,48649631
1493,692.2200,100,1440,2619,1767559900109475426,70,48649631
1494,692.2200,100,1440,2619,1767559900115697058,70,48649631
1495,692.2200,100,1440,2619,1767559900119411310,70,48649631
1496,692.2200,100,1440,2619,1767559900123148890,70,48649631
1497,692.2200,100,1440,2619,1767559900130643443,70,48649631
1498,692.2200,100,1440,2619,1767559900137900398,70,48649631
1499,692.2200,100,1440,2619,1767559900141725978,70,48649631
1500,692.2200,100,1440,2619,1767559900145563430,70,48649631
1501,692.2200,100,1440,2619,1767559900154299960,70,48649631
1502,692.2200,100,1440,2619,1767559900158038885,70,48649631
1503,691.7720,100,1440,2619,1767559900161775569,70,48649631
1504,691.7720,100,1440,2619,1767559900165606205,70,48649631
1505,691.7720,100,1440,2619,1767559900174576495,70,48649631
1506,691.7720,100,1440,2619,1767559900178195004,70,48649631
1507,691.7720,100,1440,2619,1767559900182032808,70,48649631
1508,691.7720,100,1440,2619,1767559900186144594,70,48726558
1509,691.7720,100,1440,2619,1767559900204398579,70,48726558
1510,691.7720,100,1440,2619,1767559900208398206,70,48726558
1511,691.7720,100,1440,2619,1767559900215668696,70,48726558
1512,691.7720,100,1440,2619,1767559900219981697,70,48726558
1513,691.7720,100,1440,2619,1767559900223748270,70,48726558
1514,691.7720,100,1440,2619,1767559900230502251,70,48726558
1515,691.7720,100,1440,2619,1767559900237859812,70,48726558
1516,691.7720,100,1440,2619,1767559900241838863,70,48726558
1517,691.7720,100,1440,2619,1767559900245721499,70,48726558
1518,691.7720,100,1440,2619,1767559900253624722,70,48726558
1519,691.7720,100,1440,2619,1767559900257292414,70,48726558
1520,691.7720,100,1440,2619,1767559900261030059,70,48726558
1521,691.7720,100,1440,2619,1767559900264890039,70,48726558
1522,691.7720,100,1440,2619,1767559900268913283,70,48726558
1523,691.7720,100,1440,2619,1767559900275377889,70,48726558
1524,691.7720,100,1440,2619,1767559900279056141,70,48726558
1525,689.8710,100,1440,2619,1767559900282803930,70,48726558
1526,689.8710,100,1440,2619,1767559900288483260,70,48803413
1527,689.8710,100,1440,2619,1767559900304268073,70,48803413
1528,689.8710,100,1440,2619,1767559900308392436,70,48803413
1529,689.8710,100,1440,2619,1767559900315633231,70,48803413
1530,689.8710,100,1440,2619,1767559900319346139,70,48803413
1531,689.8710,100,1440,2619,1767559900323630309,70,48803413
1532,689.8710,100,1440,2619,1767559900330578816,70,48803413
1533,689.8710,100,1440,2619,1767559900339042868,70,48803413
1534,689.8710,100,1440,2619,1767559900342830720,70,48803413
1535,689.8710,100,1440,2619,1767559900348142948,70,48803413
1536,689.8710,100,1440,2619,1767559900355206144,70,48803413
1537,689.8710,100,1440,2619,1767559900359287467,70,48803413
1538,689.8710,100,1440,2619,1767559900362991192,70,48803413
1539,689.8710,100,1440,2619,1767559900367961885,70,48803413
1540,689.8710,100,1440,2619,1767559900375240375,70,48803413
1541,689.8710,100,1440,2619,1767559900378851908,70,48803413
1542,689.8710,100,1440,2619,1767559900382604721,70,48803413
1543,689.8710,100,1440,2619,1767559900386677787,70,48880528
1544,689.8710,100,1440,2619,1767559900404610622,70,48880528
1545,689.8710,100,1440,2619,1767559900408726793,70,48880528
1546,687.0140,100,1440,2619,1767559900415998659,70,48880528
1547,687.0140,100,1440,2619,1767559900419740879,70,48880528
1548,687.0140,100,1440,2619,1767559900423423132,70,48880528
1549,687.0140,100,1440,2619,1767559900430717941,70,48880528
1550,687.0140,100,1440,2619,1767559900438012623,70,48880528
1551,687.0140,100,1440,2619,1767559900442025275,70,48880528
1552,687.0140,100,1440,2619,1767559900445796007,70,48880528
1553,687.0140,100,1440,2619,1767559900455934194,70,48880528
1554,687.0140,100,1440,2619,1767559900459717471,70,48880528
1555,687.0140,100,1440,2619,1767559900463456523,70,48880528
1556,687.0140,100,1440,2619,1767559900467939283,70,48880528
1557,687.0140,100,1440,2619,1767559900474378226,70,48880528
1558,687.0140,100,1440,2619,1767559900478076702,70,48880528
1559,687.0140,100,1440,2619,1767559900482209161,70,48880528
1560,687.0140,100,1440,2619,1767559900486468051,70,48956958
1561,687.0140,100,1440,2619,1767559900505589839,70,48956958
1562,687.0140,100,1440,2619,1767559900514294625,70,48956958
1563,687.0140,100,1440,2619,1767559900518069230,70,48956958
1564,687.0140,100,1440,2619,1767559900521933401,70,48956958
1565,687.0140,100,1440,2619,1767559900526606977,70,48956958
1566,687.0140,100,1440,2619,1767559900536947596,70,48956958
1567,685.0230,100,1440,2619,1767559900540520089,70,48956958
1568,685.0230,100,1440,2619,1767559900544407397,70,48956958
1569,685.0230,100,1440,2619,1767559900548502959,70,48956958
1570,685.0230,100,1440,2619,1767559900555891880,70,48956958
1571,685.0230,100,1440,2619,1767559900559640789,70,48956958
1572,685.0230,100,1440,2619,1767559900563311266,70,48956958
1573,685.0230,100,1440,2619,1767559900567982217,70,48956958
1574,685.0230,100,1440,2619,1767559900575320835,70,48956958
1575,685.0230,100,1440,2619,1767559900578912785,70,48956958
1576,685.0230,100,1440,2619,1767559900582657949,70,48956958
1577,685.0230,100,1440,2619,1767559900586797640,70,49034197
1578,685.0230,100,1440,2619,1767559900604868137,70,49034197
1579,685.0230,100,1440,2619,1767559900608908852,70,49034197
1580,685.0230,100,1440,2619,1767559900616183693,70,49034197
1581,685.0230,100,1440,2619,1767559900619925658,70,49034197
1582,685.0230,100,1440,2619,1767559900623593735,70,49034197
1583,685.0230,100,1440,2619,1767559900630507588,70,49034197
1584,685.0230,100,1440,2619,1767559900637798525,70,49034197
1585,685.0230,100,1440,2619,1767559900641573513,70,49034197
1586,685.0230,100,1440,2619,1767559900645410773,70,49034197
1587,685.0230,100,1440,2619,1767559900653421195,70,49034197
1588,685.0230,100,1440,2619,1767559900657154424,70,49034197
1589,680.1870,100,1440,2619,1767559900661015556,70,49034197
1590,680.1870,100,1440,2619,1767559900664819792,70,49034197
1591,680.1870,100,1440,2619,1767559900669916342,70,49034197
1592,680.1870,100,1440,2619,1767559900675417881,70,49034197
1593,680.1870,100,1440,2619,1767559900679003238,70,49034197
1594,680.1870,100,1440,2619,1767559900682772339,70,49034197
1595,680.1870,100,1440,2619,1767559900688455925,70,49110925
1596,680.1870,100,1440,2619,1767559900705173245,70,49110925
1597,680.1870,100,1440,2619,1767559900709161640,70,49110925
1598,680.1870,100,1440,2619,1767559900718085851,70,49110925
1599,680.1870,100,1440,2619,1767559900721884103,70,49110925
1600,680.1870,100,1440,2619,1767559900725986801,70,49110925
1601,680.1870,100,1440,2619,1767559900737749235,70,49110925
1602,680.1870,100,1440,2619,1767559900742118172,70,49110925
1603,680.1870,100,1440,2619,1767559900745790793,70,49110925
1604,680.1870,100,1440,2619,1767559900756483794,70,49110925
1605,680.1870,100,1440,2619,1767559900760193695,70,49110925
1606,680.1870,100,1425,2619,1767559900763762796,70,49110925
1607,680.1870,100,1425,2619,1767559900768144533,70,49110925
1608,680.1870,100,1425,2619,1767559900775193552,70,49110925
1609,680.1870,100,1425,2619,1767559900780055575,70,49110925
1610,679.7200,100,1425,2619,1767559900783870499,70,49110925
1611,679.7200,100,1425,2619,1767559900789770820,70,49189773
1612,679.7200,100,1425,2619,1767559900804560279,70,49189773
1613,679.7200,100,1425,2619,1767559900808750433,70,49189773
1614,679.7200,100,1425,2619,1767559900814942497,70,49189773
1615,679.7200,100,1425,2619,1767559900818692845,70,49189773
1616,679.7200,100,1425,2619,1767559900822440186,70,49189773
1617,679.7200,100,1425,2619,1767559900827350656,70,49189773
1618,679.7200,100,1425,2619,1767559900839403361,70,49189773
1619,679.7200,100,1425,2619,1767559900843827850,70,49189773
1620,679.7200,100,1425,2619,1767559900847902869,70,49189773
1621,679.7200,100,1425,2619,1767559900855200751,70,49189773
1622,679.7200,100,1425,2619,1767559900859044155,70,49189773
1623,679.7200,100,1425,2619,1767559900862806023,70,49189773
1624,679.7200,100,1425,2619,1767559900867914220,70,49189773
1625,679.7200,100,1425,2619,1767559900875386053,70,49189773
1626,679.7200,100,1440,2619,1767559900879144817,70,49189773
1627,679.7200,100,1440,2619,1767559900882953437,70,49189773
1628,679.7200,100,1440,2619,1767559900888605376,70,49265948
1629,679.7200,100,1440,2619,1767559900907330527,70,49265948
1630,678.4570,100,1440,2619,1767559900916444111,70,49265948
1631,678.4570,100,1440,2619,1767559900920129404,70,49265948
1632,678.4570,100,1440,2619,1767559900923871912,70,49265948
1633,678.4570,100,1440,2619,1767559900930496901,70,49265948
1634,678.4570,100,1440,2619,1767559900937879744,70,49265948
1635,678.4570,100,1440,2619,1767559900941573036,70,49265948
1636,678.4570,100,1440,2619,1767559900945834038,70,49265948
1637,678.4570,100,1440,2619,1767559900954621320,70,49265948
1638,678.4570,100,1440,2619,1767559900958457940,70,49265948
1639,678.4570,100,1440,2619,1767559900962516926,70,49265948
1640,678.4570,100,1440,2619,1767559900966210315,70,49265948
1641,678.4570,100,1440,2619,1767559900975060189,70,49265948
1642,678.4570,100,1440,2619,1767559900978806857,70,49265948
1643,678.4570,100,1440,2619,1767559900982445366,70,49265948
1644,678.4570,100,1440,2619,1767559900986555425,70,49341703
1645,678.4570,100,1440,2619,1767559901004702466,70,49341703
1646,678.4570,100,1440,2619,1767559901008756397,70,49341703
1647,677.6250,100,1440,2619,1767559901016244134,70,49341703
1648,677.6250,100,1440,2619,1767559901019971026,70,49341703
1649,677.6250,100,1440,2619,1767559901023652128,70,49341703
1650,677.6250,100,1440,2619,1767559901030453276,70,49341703
1651,677.6250,100,1440,2619,1767559901037872950,70,49341703
1652,677.6250,100,1440,2619,1767559901041632738,70,49341703
1653,677.6250,100,1440,2619,1767559901045362350,70,49341703
1654,677.6250,100,1440,2619,1767559901054204640,70,49341703
1655,677.6250,100,1440,2619,1767559901057799693,70,49341703
1656,677.6250,100,1440,2619,1767559901063300976,70,49341703
1657,677.6250,100,1440,2619,1767559901067967000,70,49341703
1658,677.6250,100,1440,2619,1767559901075308050,70,49341703
1659,677.6250,100,1440,2619,1767559901079498620,70,49341703
1660,677.6250,100,1440,2619,1767559901083233129,70,49341703
1661,677.6250,100,1440,2619,1767559901088820715,70,49418411
1662,677.6250,100,1440,2619,1767559901105542100,70,49418411
1663,677.6250,100,1440,2619,1767559901116012766,70,49418411
1664,677.6250,100,1440,2619,1767559901119896362,70,49418411
1665,677.6250,100,1440,2619,1767559901123430615,70,49418411
1666,677.6250,100,1440,2619,1767559901130384339,70,49418411
1667,677.6250,100,1440,2619,1767559901137775980,70,49418411
1668,677.2380,100,1440,2619,1767559901141496984,70,49418411
1669,677.2380,100,1440,2619,1767559901145359332,70,49418411
1670,677.2380,100,1440,2619,1767559901154319221,70,49418411
1671,677.2380,100,1440,2619,1767559901158707230,70,49418411
1672,677.2380,100,1440,2619,1767559901162394539,70,49418411
1673,677.2380,100,1440,2619,1767559901166288471,70,49418411
1674,677.2380,100,1440,2619,1767559901175042218,70,49418411
1675,677.2380,100,1440,2619,1767559901178653335,70,49418411
1676,677.2380,100,1440,2619,1767559901182397411,70,49418411
1677,677.2380,100,1440,2619,1767559901186507469,70,49494666
1678,677.2380,100,1440,2619,1767559901206141191,70,49494666
1679,677.2380,100,1440,2619,1767559901215483543,70,49494666
1680,677.2380,100,1440,2619,1767559901220150174,70,49494666
1681,677.2380,100,1440,2619,1767559901224050314,70,49494666
1682,677.2380,100,1440,2619,1767559901230716679,70,49494666
1683,677.2380,100,1440,2619,1767559901238044448,70,49494666
1684,677.2380,100,1455,2619,1767559901241769293,70,49494666
1685,677.2380,100,1455,2619,1767559901245573721,70,49494666
1686,677.2380,100,1455,2619,1767559901254314764,70,49494666
1687,677.2380,100,1455,2619,1767559901257995705,70,49494666
1688,677.9410,100,1455,2619,1767559901262251235,70,49494666
1689,677.9410,100,1455,2619,1767559901266153326,70,49494666
1690,677.9410,100,1455,2619,1767559901276553528,70,49494666
1691,677.9410,100,1455,2619,1767559901280436547,70,49494666
1692,677.9410,100,1455,2619,1767559901284094512,70,49494666
1693,677.9410,100,1455,2619,1767559901290848557,70,49572943
1694,677.9410,100,1455,2619,1767559901305992126,70,49572943
1695,677.9410,100,1455,2619,1767559901314712913,70,49572943
1696,677.9410,100,1455,2619,1767559901318462237,70,49572943
1697,677.9410,100,1455,2619,1767559901322216105,70,49572943
1698,677.9410,100,1455,2619,1767559901327065200,70,49572943
1699,677.9410,100,1455,2619,1767559901338987762,70,49572943
1700,677.9410,100,1455,2619,1767559901342604703,70,49572943
1701,677.9410,100,1455,2619,1767559901346134477,70,49572943
1702,677.9410,100,1455,2619,1767559901354981183,70,49572943
1703,677.9410,100,1455,2619,1767559901358645899,70,49572943
1704,677.9410,100,1440,2619,1767559901363070292,70,49572943
1705,677.9410,100,1440,2619,1767559901367992442,70,49572943
1706,677.9410,100,1440,2619,1767559901375486387,70,49572943
1707,677.9410,100,1440,2619,1767559901379200352,70,49572943
1708,677.3830,100,1440,2619,1767559901382954316,70,49572943
1709,677.3830,100,1440,2619,1767559901388507568,70,49648388
1710,677.3830,100,1440,2619,1767559901404971674,70,49648388
1711,677.3830,100,1440,2619,1767559901408985700,70,49648388
1712,677.3830,100,1440,2619,1767559901415480258,70,49648388
1713,677.3830,100,1440,2619,1767559901419229967,70,49648388
1714,677.3830,100,1440,2619,1767559901422953628,70,49648388
1715,677.3830,100,1440,2619,1767559901430567924,70,49648388
1716,677.3830,100,1440,2619,1767559901438662506,70,49648388
1717,677.3830,100,1440,2619,1767559901442662165,70,49648388
1718,677.3830,100,1440,2619,1767559901446415873,70,49648388
1719,677.3830,100,1440,2619,1767559901455184883,70,49648388
1720,677.3830,100,1440,2619,1767559901459305182,70,49648388
1721,677.3830,100,1440,2619,1767559901462988202,70,49648388
1722,677.3830,100,1440,2619,1767559901467916433,70,49648388
1723,677.3830,100,1440,2619,1767559901475389386,70,49648388
1724,677.3830,100,1440,2619,1767559901478967640,70,49648388
1725,677.3830,100,1440,2619,1767559901482714532,70,49648388
1726,677.3830,100,1440,2619,1767559901488461286,70,49724242
1727,677.3830,100,1440,2619,1767559901507290755,70,49724242
1728,677.3830,100,1440,2619,1767559901516111318,70,49724242
1729,676.5760,100,1440,2619,1767559901519867362,70,49724242
1730,676.5760,100,1440,2619,1767559901523610863,70,49724242
1731,676.5760,100,1440,2619,1767559901530522539,70,49724242
1732,676.5760,100,1440,2619,1767559901537902916,70,49724242
1733,676.5760,100,1440,2619,1767559901541677200,70,49724242
1734,676.5760,100,1440,2619,1767559901545477148,70,49724242
1735,676.5760,100,1440,2619,1767559901554220014,70,49724242
1736,676.5760,100,1440,2619,1767559901557836155,70,49724242
1737,676.5760,100,1440,2619,1767559901561554376,70,49724242
1738,676.5760,100,1440,2619,1767559901565408948,70,49724242
1739,676.5760,100,1440,2619,1767559901574479973,70,49724242
1740,676.5760,100,1440,2619,1767559901578485680,70,49724242
1741,676.5760,100,1440,2619,1767559901582272316,70,49724242
1742,676.5760,100,1440,2619,1767559901586336455,70,49799520
1743,676.5760,100,1440,2619,1767559901604743591,70,49799520
1744,676.5760,100,1440,2619,1767559901608754611,70,49799520
1745,676.5760,100,1440,2619,1767559901616055660,70,49799520
1746,676.5760,100,1440,2619,1767559901619762617,70,49799520
1747,676.5760,100,1440,2619,1767559901623504005,70,49799520
1748,676.5760,100,1440,2619,1767559901630492033,70,49799520
1749,676.5760,100,1440,2619,1767559901637774426,70,49799520
1750,675.3720,100,1440,2619,1767559901641573510,70,49799520
1751,675.3720,100,1440,2619,1767559901645393906,70,49799520
1752,675.3720,100,1440,2619,1767559901654132613,70,49799520
1753,675.3720,100,1440,2619,1767559901657708083,70,49799520
1754,675.3720,100,1440,2619,1767559901661416288,70,49799520
1755,675.3720,100,1440,2619,1767559901665165132,70,49799520
1756,675.3720,100,1440,2619,1767559901670262897,70,49799520
1757,675.3720,100,1440,2619,1767559901676700015,70,49799520
1758,675.3720,100,1440,2619,1767559901680453596,70,49799520
1759,675.3720,100,1440,2619,1767559901684269800,70,49799520
1760,675.3720,100,1440,2619,1767559901691017413,70,49876768
1761,675.3720,100,1440,2619,1767559901707795373,70,49876768
1762,675.3720,100,1440,2619,1767559901716402848,70,49876768
1763,675.3720,100,1440,2619,1767559901719946446,70,49876768
1764,675.3720,100,1440,2619,1767559901723701722,70,49876768
1765,675.3720,100,1440,2619,1767559901730578262,70,49876768
1766,675.3720,100,1440,2619,1767559901737060884,70,49876768
1767,675.3720,100,1425,2619,1767559901740768097,70,49876768
1768,675.3720,100,1425,2619,1767559901744680941,70,49876768
1769,675.3720,100,1425,2619,1767559901748743480,70,49876768
1770,675.3720,100,1425,2619,1767559901755252726,70,49876768
1771,675.3720,100,1425,2619,1767559901758958594,70,49876768
1772,673.5090,100,1425,2619,1767559901762768718,70,49876768
1773,673.5090,100,1425,2619,1767559901767941203,70,49876768
1774,673.5090,100,1425,2619,1767559901774385969,70,49876768
1775,673.5090,100,1425,2619,1767559901778810458,70,49876768
1776,673.5090,100,1425,2619,1767559901782636455,70,49876768
1777,673.5090,100,1425,2619,1767559901786618514,70,49950686
1778,673.5090,100,1425,2619,1767559901803849272,70,49950686
1779,673.5090,100,1425,2619,1767559901807944291,70,49950686
1780,673.5090,100,1425,2619,1767559901815167165,70,49950686
1781,673.5090,100,1425,2619,1767559901818887753,70,49950686
1782,673.5090,100,1425,2619,1767559901822633206,70,49950686
1783,673.5090,100,1425,2619,1767559901827956474,70,49950686
1784,673.5090,100,1425,2619,1767559901837785383,70,49950686
1785,673.5090,100,1425,2619,1767559901841350133,70,49950686
1786,673.5090,100,1425,2619,1767559901845224032,70,49950686
1787,673.5090,100,1425,2619,1767559901854073650,70,49950686
1788,673.5090,100,1425,2619,1767559901857735743,70,49950686
1789,673.5090,100,1425,2619,1767559901861437387,70,49950686
1790,673.5090,100,1425,2619,1767559901865227223,70,49950686
1791,673.5090,100,1425,2619,1767559901874013034,70,49950686
1792,673.5090,100,1425,2619,1767559901877944694,70,49950686
1793,669.4010,100,1425,2619,1767559901882371167,70,49950686
1794,669.4010,100,1425,2619,1767559901886613832,70,50024344
1795,669.4010,100,1425,2619,1767559901904920584,70,50024344
1796,669.4010,100,1425,2619,1767559901908988915,70,50024344
1797,669.4010,100,1425,2619,1767559901916274861,70,50024344
1798,669.4010,100,1425,2619,1767559901920253560,70,50024344
1799,669.4010,100,1425,2619,1767559901924104804,70,50024344
1800,669.4010,100,1425,2619,1767559901930780066,70,50024344
1801,669.4010,100,1425,2619,1767559901938073980,70,50024344
1802,669.4010,100,1425,2619,1767559901941795240,70,50024344
1803,669.4010,100,1425,2619,1767559901945723379,70,50024344
1804,669.4010,100,1425,2619,1767559901954437606,70,50024344
1805,669.4010,100,1425,2619,1767559901958551376,70,50024344
1806,669.4010,100,1425,2619,1767559901962248573,70,50024344
1807,669.4010,100,1425,2619,1767559901966072266,70,50024344
1808,669.4010,100,1425,2619,1767559901974850460,70,50024344
1809,669.4010,100,1425,2619,1767559901978467945,70,50024344
1810,669.4010,100,1425,2619,1767559901983107409,70,50024344
1811,669.4010,100,1425,2619,1767559901988709235,70,50098602
1812,669.4010,100,1425,2619,1767559902006251767,70,50098602
1813,666.6890,100,1425,2619,1767559902014070031,70,50098602
1814,666.6890,100,1425,2619,1767559902017811132,70,50098602
1815,666.6890,100,1425,2619,1767559902021581896,70,50098602
1816,666.6890,100,1425,2619,1767559902025612147,70,50098602
1817,666.6890,100,1425,2619,1767559902036367322,70,50098602
1818,666.6890,100,1425,2619,1767559902039991463,70,50098602
1819,666.6890,100,1425,2619,1767559902043891859,70,50098602
1820,666.6890,100,1425,2619,1767559902047986973,70,50098602
1821,666.6890,100,1425,2619,1767559902055246552,70,50098602
1822,666.6890,100,1425,2619,1767559902061139706,70,50098602
1823,666.6890,100,1425,2619,1767559902064875718,70,50098602
1824,666.6890,100,1425,2619,1767559902068947537,70,50098602
1825,666.6890,100,1425,2619,1767559902076265418,70,50098602
1826,666.6890,100,1425,2619,1767559902080096726,70,50098602
1827,666.6890,100,1425,2619,1767559902084499039,70,50098602
1828,666.6890,100,1425,2619,1767559902091650490,70,50173350
1829,666.6890,100,1425,2619,1767559902106033487,70,50173350
1830,666.6890,100,1425,2619,1767559902115608669,70,50173350
1831,663.4600,100,1425,2619,1767559902119478345,70,50173350
1832,663.4600,100,1425,2619,1767559902123220213,70,50173350
1833,663.4600,100,1425,2619,1767559902130612718,70,50173350
1834,663.4600,100,1425,2619,1767559902137927880,70,50173350
1835,663.4600,100,1425,2619,1767559902141548790,70,50173350
1836,663.4600,100,1425,2619,1767559902145391490,70,50173350
1837,663.4600,100,1425,2619,1767559902154163956,70,50173350
1838,663.4600,100,1425,2619,1767559902157954816,70,50173350
1839,663.4600,100,1425,2619,1767559902161590317,70,50173350
1840,663.4600,100,1425,2619,1767559902165405529,70,50173350
1841,663.4600,100,1425,2619,1767559902174188427,70,50173350
1842,663.4600,100,1425,2619,1767559902177900888,70,50173350
1843,663.4600,100,1425,2619,1767559902182278881,70,50173350
1844,663.4600,100,1425,2619,1767559902188018563,70,50245356
1845,663.4600,100,1425,2619,1767559902205006123,70,50245356
1846,663.4600,100,1425,2619,1767559902209011606,70,50245356
1847,663.4600,100,1425,2619,1767559902215486772,70,50245356
1848,663.4600,100,1425,2619,1767559902220285050,70,50245356
1849,663.4600,100,1425,2619,1767559902224215526,70,50245356
1850,663.4600,100,1425,2619,1767559902230673988,70,50245356
1851,663.4600,100,1425,2619,1767559902237246563,70,50245356
1852,659.7860,100,1425,2619,1767559902241018479,70,50245356
1853,659.7860,100,1425,2619,1767559902244846139,70,50245356
1854,659.7860,100,1425,2619,1767559902248880646,70,50245356
1855,659.7860,100,1425,2619,1767559902255353316,70,50245356
1856,659.7860,100,1425,2619,1767559902259156112,70,50245356
1857,659.7860,100,1425,2619,1767559902262914588,70,50245356
1858,659.7860,100,1425,2619,1767559902267940546,70,50245356
1859,659.7860,100,1425,2619,1767559902274606112,70,50245356
1860,659.7860,100,1425,2619,1767559902278361708,70,50245356
1861,659.7860,100,1425,2619,1767559902282160248,70,50245356
1862,659.7860,100,1425,2619,1767559902286337122,70,50318919
1863,659.7860,100,1425,2619,1767559902304428452,70,50318919
1864,659.7860,100,1425,2619,1767559902308542126,70,50318919
1865,659.7860,100,1425,2619,1767559902315107563,70,50318919
1866,659.7860,100,1425,2619,1767559902318817080,70,50318919
1867,659.7860,100,1425,2619,1767559902322602693,70,50318919
1868,659.7860,100,1425,2619,1767559902328887972,70,50318919
1869,659.7860,100,1425,2619,1767559902337010394,70,50318919
1870,659.7860,100,1425,2619,1767559902340703718,70,50318919
1871,659.7860,100,1425,2619,1767559902344558802,70,50318919
1872,659.7860,100,1425,2619,1767559902348586461,70,50318919
1873,659.7860,100,1425,2619,1767559902355105627,70,50318919
1874,656.1410,100,1425,2619,1767559902358771144,70,50318919
1875,656.1410,100,1425,2619,1767559902362466805,70,50318919
1876,656.1410,100,1425,2619,1767559902366285249,70,50318919
1877,656.1410,100,1425,2619,1767559902374328215,70,50318919
1878,656.1410,100,1425,2619,1767559902377910308,70,50318919
1879,656.1410,100,1425,2619,1767559902381894480,70,50318919
1880,656.1410,100,1425,2619,1767559902386022906,70,50392558
1881,656.1410,100,1425,2619,1767559902403693981,70,50392558
1882,656.1410,100,1425,2619,1767559902408062022,70,50392558
1883,656.1410,100,1425,2619,1767559902414823780,70,50392558
1884,656.1410,100,1425,2619,1767559902418590672,70,50392558
1885,656.1410,100,1425,2619,1767559902422329853,70,50392558
1886,656.1410,100,1425,2619,1767559902427333154,70,50392558
1887,656.1410,100,1425,2619,1767559902436803473,70,50392558
1888,656.1410,100,1425,2619,1767559902441499544,70,50392558
1889,656.1410,100,1425,2619,1767559902445490051,70,50392558
1890,656.1410,100,1425,2619,1767559902453351675,70,50392558
1891,656.1410,100,1425,2619,1767559902457006056,70,50392558
1892,656.1410,100,1425,2619,1767559902460760500,70,50392558
1893,656.1410,100,1425,2619,1767559902464554944,70,50392558
1894,656.1410,100,1425,2619,1767559902468543947,70,50392558
1895,656.1410,100,1425,2619,1767559902474999562,70,50392558
1896,656.1410,100,1425,2619,1767559902478753142,70,50392558
1897,653.6410,100,1425,2619,1767559902482461218,70,50392558
1898,653.6410,100,1425,2619,1767559902486653260,70,50466969
1899,653.6410,100,1425,2619,1767559902506104903,70,50466969
1900,653.6410,100,1425,2619,1767559902514125662,70,50466969
1901,653.6410,100,1425,2619,1767559902517885834,70,50466969
1902,653.6410,100,1425,2619,1767559902521590230,70,50466969
1903,653.6410,100,1425,2619,1767559902525799584,70,50466969
1904,653.6410,100,1425,2619,1767559902535751692,70,50466969
1905,653.6410,100,1425,2619,1767559902539482969,70,50466969
1906,653.6410,100,1425,2619,1767559902543283173,70,50466969
1907,653.6410,100,1425,2619,1767559902547903950,70,50466969
1908,653.6410,100,1425,2619,1767559902554620810,70,50466969
1909,653.6410,100,1425,2619,1767559902558398135,70,50466969
1910,653.6410,100,1425,2619,1767559902562479297,70,50466969
1911,653.6410,100,1425,2619,1767559902566277485,70,50466969
1912,653.6410,100,1425,2619,1767559902574204548,70,50466969
1913,653.6410,100,1425,2619,1767559902577966448,70,50466969
1914,653.6410,100,1425,2619,1767559902581860699,70,50466969
1915,653.6410,100,1425,2619,1767559902585985094,70,50540073
1916,653.6410,100,1425,2619,1767559902603652170,70,50540073
1917,653.6410,100,1425,2619,1767559902607952532,70,50540073
1918,651.3300,100,1425,2619,1767559902614490129,70,50540073
1919,651.3300,100,1425,2619,1767559902618241662,70,50540073
1920,651.3300,100,1425,2619,1767559902621980618,70,50540073
1921,651.3300,100,1425,2619,1767559902626070101,70,50540073
1922,651.3300,100,1425,2619,1767559902634983655,70,50540073
1923,651.3300,100,1425,2619,1767559902638745107,70,50540073
1924,651.3300,100,1425,2619,1767559902642506560,70,50540073
1925,651.3300,100,1425,2619,1767559902646311020,70,50540073
1926,651.3300,100,1425,2619,1767559902655021918,70,50540073
1927,651.3300,100,1425,2619,1767559902659869061,70,50540073
1928,651.3300,100,1425,2619,1767559902663712785,70,50540073
1929,651.3300,100,1425,2619,1767559902668026362,70,50540073
1930,651.3300,100,1425,2619,1767559902674543448,70,50540073
1931,651.3300,100,1425,2619,1767559902678282052,70,50540073
1932,651.3300,100,1425,2619,1767559902682237360,70,50540073
1933,651.3300,100,1425,2619,1767559902686442042,70,50614461
1934,651.3300,100,1425,2619,1767559902704318077,70,50614461
1935,651.3300,100,1425,2619,1767559902708330696,70,50614461
1936,651.3300,100,1425,2619,1767559902714847045,70,50614461
1937,651.3300,100,1425,2619,1767559902719106607,70,50614461
1938,651.3300,100,1425,2619,1767559902722864092,70,50614461
1939,651.3300,100,1425,2619,1767559902730527444,70,50614461
1940,651.3300,100,1425,2619,1767559902737876750,70,50614461
1941,648.4140,100,1425,2619,1767559902741603930,70,50614461
1942,648.4140,100,1425,2619,1767559902745460390,70,50614461
1943,648.4140,100,1425,2619,1767559902754182168,70,50614461
1944,648.4140,100,1425,2619,1767559902757973220,70,50614461
1945,648.4140,100,1425,2619,1767559902761791056,70,50614461
1946,648.4140,100,1425,2619,1767559902765571613,70,50614461
1947,648.4140,100,1425,2619,1767559902774720941,70,50614461
1948,648.4140,100,1425,2619,1767559902778541370,70,50614461
1949,648.4140,100,1425,2619,1767559902782291782,70,50614461
1950,648.4140,100,1425,2619,1767559902786326705,70,50688029
1951,648.4140,100,1425,2619,1767559902803899509,70,50688029
1952,648.4140,100,1425,2619,1767559902808007487,70,50688029
1953,648.4140,100,1425,2619,1767559902814503550,70,50688029
1954,648.4140,100,1425,2619,1767559902818261995,70,50688029
1955,648.4140,100,1425,2619,1767559902822515412,70,50688029
1956,648.4140,100,1425,2619,1767559902827755449,70,50688029
1957,648.4140,100,1425,2619,1767559902837950435,70,50688029
1958,648.4140,100,1425,2619,1767559902841554000,70,50688029
1959,648.4140,100,1425,2619,1767559902845363996,70,50688029
1960,648.4140,100,1425,2619,1767559902853950863,70,50688029
1961,648.4140,100,1425,2619,1767559902857681756,70,50688029
1962,647.0500,100,1425,2619,1767559902861357417,70,50688029
1963,647.0500,100,1425,2619,1767559902865160438,70,50688029
1964,647.0500,100,1425,2619,1767559902869252800,70,50688029
1965,647.0500,100,1425,2619,1767559902875818334,70,50688029
1966,647.0500,100,1425,2619,1767559902879413707,70,50688029
1967,647.0500,100,1425,2619,1767559902883107288,70,50688029
1968,647.0500,100,1425,2619,1767559902888652827,70,50762033
1969,647.0500,100,1425,2619,1767559902904961190,70,50762033
1970,647.0500,100,1425,2619,1767559902909083537,70,50762033
1971,647.0500,100,1425,2619,1767559902915602926,70,50762033
1972,647.0500,100,1425,2619,1767559902919366587,70,50762033
1973,647.0500,100,1425,2619,1767559902923586821,70,50762033
1974,647.0500,100,1425,2619,1767559902930343841,70,50762033
1975,647.0500,100,1425,2619,1767559902936869567,70,50762033
1976,647.0500,100,1425,2619,1767559902940582667,70,50762033
1977,647.0500,100,1425,2619,1767559902944501495,70,50762033
1978,647.0500,100,1425,2619,1767559902948586786,70,50762033
1979,647.0500,100,1425,2619,1767559902955091840,70,50762033
1980,647.0500,100,1425,2619,1767559902958699374,70,50762033
1981,647.0500,100,1425,2619,1767559902962454746,70,50762033
1982,647.0500,100,1425,2619,1767559902966266022,70,50762033
1983,647.0500,100,1425,2619,1767559902974490075,70,50762033
1984,647.0500,100,1425,2619,1767559902978214759,70,50762033
1985,647.0500,100,1425,2619,1767559902982146547,70,50762033
1986,647.2280,100,1425,2619,1767559902986166302,70,50835175
1987,647.2280,100,1425,2619,1767559903004734429,70,50835175
1988,647.2280,100,1425,2619,1767559903008728104,70,50835175
1989,647.2280,100,1425,2619,1767559903015091751,70,50835175
1990,647.2280,100,1425,2619,1767559903018810835,70,50835175
1991,647.2280,100,1425,2619,1767559903022598144,70,50835175
1992,647.2280,100,1425,2619,1767559903030628117,70,50835175
1993,647.2280,100,1425,2619,1767559903037127027,70,50835175
1994,647.2280,100,1425,2619,1767559903041055263,70,50835175
1995,647.2280,100,1425,2619,1767559903044918699,70,50835175
1996,647.2280,100,1425,2619,1767559903048884055,70,50835175
1997,647.2280,100,1425,2619,1767559903056198321,70,50835175
1998,647.2280,100,1425,2619,1767559903060330203,70,50835175
1999,647.2280,100,1425,2619,1767559903065823806,70,50835175
2000,647.2280,100,1425,2619,1767559903074580784,70,50835175
2001,647.2280,100,1425,2619,1767559903078288477,70,50835175
2002,647.2280,100,1425,2619,1767559903081995626,70,50835175
2003,647.2280,100,1425,2619,1767559903086189140,70,50909670
2004,647.2280,100,1425,2619,1767559903104895634,70,50909670
2005,647.2280,100,1425,2619,1767559903110203094,70,50909670
2006,648.0210,100,1425,2619,1767559903116736596,70,50909670
2007,648.0210,100,1425,2619,1767559903120508672,70,50909670
2008,648.0210,100,1425,2619,1767559903124305101,70,50909670
2009,648.0210,100,1425,2619,1767559903130814123,70,50909670
2010,648.0210,100,1425,2619,1767559903138151781,70,50909670
2011,648.0210,100,1425,2619,1767559903141880498,70,50909670
2012,648.0210,100,1425,2619,1767559903145731709,70,50909670
2013,648.0210,100,1425,2619,1767559903154436752,70,50909670
2014,648.0210,100,1425,2619,1767559903158184892,70,50909670
2015,648.0210,100,1425,2619,1767559903161939720,70,50909670
2016,648.0210,100,1425,2619,1767559903165756692,70,50909670
2017,648.0210,100,1425,2619,1767559903174542727,70,50909670
2018,648.0210,100,1425,2619,1767559903178248564,70,50909670
2019,648.0210,100,1425,2619,1767559903182272895,70,50909670
2020,648.0210,100,1425,2619,1767559903186315338,70,50983423
2021,648.0210,100,1425,2619,1767559903204566634,70,50983423
2022,648.0210,100,1425,2619,1767559903208701268,70,50983423
2023,648.0210,100,1425,2619,1767559903216123981,70,50983423
2024,648.1220,100,1425,2619,1767559903219886650,70,50983423
2025,648.1220,100,1425,2619,1767559903223657126,70,50983423
2026,648.1220,100,1425,2619,1767559903230523523,70,50983423
2027,648.1220,100,1425,2619,1767559903237110304,70,50983423
2028,648.1220,100,1425,2619,1767559903240862829,70,50983423
2029,648.1220,100,1425,2619,1767559903244666361,70,50983423
2030,648.1220,100,1425,2619,1767559903248693092,70,50983423
2031,648.1220,100,1425,2619,1767559903256149597,70,50983423
2032,648.1220,100,1425,2619,1767559903259727370,70,50983423
2033,648.1220,100,1425,2619,1767559903263474807,70,50983423
2034,648.1220,100,1425,2619,1767559903267952416,70,50983423
2035,648.1220,100,1425,2619,1767559903275247066,70,50983423
2036,648.1220,100,1425,2619,1767559903278971334,70,50983423
2037,648.1220,100,1425,2619,1767559903283064305,70,50983423
2038,648.1220,100,1425,2619,1767559903288664723,70,51058039
2039,648.1220,100,1425,2619,1767559903305418492,70,51058039
2040,648.1220,100,1425,2619,1767559903314322350,70,51058039
2041,648.1220,100,1425,2619,1767559903318196377,70,51058039
2042,648.1220,100,1425,2619,1767559903321960422,70,51058039
2043,648.1220,100,1425,2619,1767559903326633997,70,51058039
2044,648.1220,100,1425,2619,1767559903337143830,70,51058039
2045,648.6530,100,1425,2619,1767559903341471007,70,51058039
2046,648.6530,100,1425,2619,1767559903345332907,70,51058039
2047,648.6530,100,1425,2619,1767559903354133918,70,51058039
2048,648.6530,100,1425,2619,1767559903357714379,70,51058039
2049,648.6530,100,1425,2619,1767559903361371352,70,51058039
2050,648.6530,100,1425,2619,1767559903365153028,70,51058039
2051,648.6530,100,1425,2619,1767559903369231791,70,51058039
2052,648.6530,100,1425,2619,1767559903376477865,70,51058039
2053,648.6530,100,1425,2619,1767559903380356181,70,51058039
2054,648.6530,100,1425,2619,1767559903384116929,70,51058039
2055,648.6530,100,1425,2619,1767559903390901598,70,51132580
2056,648.6530,100,1425,2619,1767559903405462354,70,51132580
2057,648.6530,100,1425,2619,1767559903414292644,70,51132580
2058,648.6530,100,1425,2619,1767559903418267439,70,51132580
2059,648.6530,100,1425,2619,1767559903422047611,70,51132580
2060,648.6530,100,1425,2619,1767559903426731619,70,51132580
2061,648.6530,100,1425,2619,1767559903437161804,70,51132580
2062,648.6530,100,1425,2619,1767559903440935640,70,51132580
2063,648.6530,100,1425,2619,1767559903445365922,70,51132580
2064,648.6530,100,1425,2619,1767559903454169556,70,51132580
2065,648.6530,100,1425,2619,1767559903457856768,70,51132580
2066,648.2470,100,1425,2619,1767559903461774316,70,51132580
2067,648.2470,100,1425,2619,1767559903465508440,70,51132580
2068,648.2470,100,1425,2619,1767559903474195659,70,51132580
2069,648.2470,100,1425,2619,1767559903478015863,70,51132580
2070,648.2470,100,1425,2619,1767559903481866723,70,51132580
2071,648.2470,100,1425,2619,1767559903485985710,70,51204661
2072,648.2470,100,1425,2619,1767559903506041925,70,51204661
2073,648.2470,100,1425,2619,1767559903514771895,70,51204661
2074,648.2470,100,1425,2619,1767559903518657923,70,51204661
2075,648.2470,100,1425,2619,1767559903522493551,70,51204661
2076,648.2470,100,1425,2619,1767559903527541588,70,51204661
2077,648.2470,100,1425,2619,1767559903537143459,70,51204661
2078,648.2470,100,1425,2619,1767559903540742192,70,51204661
2079,648.2470,100,1425,2619,1767559903544671100,70,51204661
2080,648.2470,100,1425,2619,1767559903552889808,70,51204661
2081,648.2470,100,1425,2619,1767559903556557629,70,51204661
2082,648.2470,100,1425,2619,1767559903560262570,70,51204661
2083,648.2470,100,1425,2619,1767559903564133173,70,51204661
2084,648.2470,100,1425,2619,1767559903568202208,70,51204661
2085,648.2470,100,1425,2619,1767559903577002195,70,51204661
2086,648.2470,100,1425,2619,1767559903580935006,70,51204661
2087,648.6550,100,1425,2619,1767559903585903140,70,51278324
2088,648.6550,100,1425,2619,1767559903603708295,70,51278324
2089,648.6550,100,1425,2619,1767559903607922833,70,51278324
2090,648.6550,100,1425,2619,1767559903617060257,70,51278324
2091,648.6550,100,1425,2619,1767559903620944429,70,51278324
2092,648.6550,100,1425,2619,1767559903624753977,70,51278324
2093,648.6550,100,1425,2619,1767559903631244696,70,51278324
2094,648.6550,100,1425,2619,1767559903640453351,70,51278324
2095,648.6550,100,1425,2619,1767559903644304403,70,51278324
2096,648.6550,100,1425,2619,1767559903648440190,70,51278324
2097,648.6550,100,1425,2619,1767559903657653709,70,51278324
2098,648.6550,100,1425,2619,1767559903661392026,70,51278324
2099,648.6550,100,1425,2619,1767559903665045159,70,51278324
2100,648.6550,100,1425,2619,1767559903669182834,70,51278324
2101,648.6550,100,1425,2619,1767559903676613707,70,51278324
2102,648.6550,100,1410,2619,1767559903680568502,70,51278324
2103,648.6550,100,1410,2619,1767559903684454594,70,51278324
2104,648.6550,100,1410,2619,1767559903691313118,70,51353666
2105,648.6550,100,1410,2619,1767559903706042705,70,51353666
2106,648.2860,100,1410,2619,1767559903716850553,70,51353666
2107,648.2860,100,1410,2619,1767559903720906500,70,51353666
2108,648.2860,100,1410,2619,1767559903724586545,70,51353666
2109,648.2860,100,1410,2619,1767559903731355821,70,51353666
2110,648.2860,100,1410,2619,1767559903738715366,70,51353666
2111,648.2860,100,1410,2619,1767559903742394771,70,51353666
2112,648.2860,100,1410,2619,1767559903746216191,70,51353666
2113,648.2860,100,1410,2619,1767559903756675273,70,51353666
2114,648.2860,100,1410,2619,1767559903761033011,70,51353666
2115,648.2860,100,1410,2619,1767559903765074749,70,51353666
2116,648.2860,100,1410,2619,1767559903769270535,70,51353666
2117,648.2860,100,1410,2619,1767559903779415762,70,51353666
2118,648.2860,100,1410,2619,1767559903783318142,70,51353666
2119,648.2860,100,1410,2619,1767559903788805217,70,51426413
2120,648.2860,100,1410,2619,1767559903805142668,70,51426413
2121,648.2860,100,1410,2619,1767559903809265431,70,51426413
2122,648.0140,100,1410,2619,1767559903816732080,70,51426413
2123,648.0140,100,1410,2619,1767559903820521756,70,51426413
2124,648.0140,100,1410,2619,1767559903824351912,70,51426413
2125,648.0140,100,1410,2619,1767559903831176260,70,51426413
2126,648.0140,100,1410,2619,1767559903838560189,70,51426413
2127,648.0140,100,1410,2619,1767559903842330250,70,51426413
2128,648.0140,100,1410,2619,1767559903846182870,70,51426413
2129,648.0140,100,1410,2619,1767559903856534560,70,51426413
2130,648.0140,100,1410,2619,1767559903860177261,70,51426413
2131,648.0140,100,1410,2619,1767559903864549430,70,51426413
2132,648.0140,100,1410,2619,1767559903868643649,70,51426413
2133,648.0140,100,1410,2619,1767559903876007482,70,51426413
2134,648.0140,100,1410,2619,1767559903880124804,70,51426413
2135,648.0140,100,1410,2619,1767559903884290126,70,51426413
2136,648.0140,100,1410,2619,1767559903890992300,70,51500632
2137,648.0140,100,1410,2619,1767559903905815039,70,51500632
2138,648.0140,100,1410,2619,1767559903916333256,70,51500632
2139,648.0140,100,1410,2619,1767559903920113876,70,51500632
2140,648.0140,100,1410,2619,1767559903923675329,70,51500632
2141,648.0140,100,1410,2619,1767559903930673053,70,51500632
2142,648.0140,100,1410,2619,1767559903937235707,70,51500632
2143,648.1100,100,1410,2619,1767559903941004743,70,51500632
2144,648.1100,100,1410,2619,1767559903944893555,70,51500632
2145,648.1100,100,1410,2619,1767559903948879230,70,51500632
2146,648.1100,100,1410,2619,1767559903955500507,70,51500632
2147,648.1100,100,1410,2619,1767559903959322631,70,51500632
2148,648.1100,100,1410,2619,1767559903963092436,70,51500632
2149,648.1100,100,1410,2619,1767559903967906042,70,51500632
2150,648.1100,100,1410,2619,1767559903974460440,70,51500632
2151,648.1100,100,1410,2619,1767559903978171652,70,51500632
2152,648.1100,100,1410,2619,1767559903981961585,70,51500632
2153,648.1100,100,1410,2619,1767559903986030620,71,51572376
2154,648.1100,100,1410,2619,1767559904003612224,71,51572376
2155,648.1100,100,1410,2619,1767559904007926314,71,51572376
2156,648.1100,100,1410,2619,1767559904015208867,71,51572376
2157,648.1100,100,1410,2619,1767559904019004848,71,51572376
2158,648.1100,100,1410,2619,1767559904022722845,71,51572376
2159,648.1100,100,1410,2619,1767559904030647348,71,51572376
2160,648.1100,100,1410,2619,1767559904037270865,71,51572376
2161,648.1100,100,1410,2619,1767559904041013277,71,51572376
2162,648.1100,100,1410,2619,1767559904044919977,71,51572376
2163,648.1100,100,1410,2619,1767559904048923732,71,51572376
2164,648.1100,100,1410,2619,1767559904058056708,71,51572376
2165,648.1100,100,1410,2619,1767559904061782416,71,51572376
2166,647.6050,100,1410,2619,1767559904068043535,71,51572376
2167,647.6050,100,1410,2619,1767559904075444234,71,51572376
2168,647.6050,100,1410,2619,1767559904079155574,71,51572376
2169,647.6050,100,1410,2619,1767559904082837507,71,51572376
2170,647.6050,100,1410,2619,1767559904088472645,71,51647285
2171,647.6050,100,1410,2619,1767559904106636422,71,51647285
2172,647.6050,100,1410,2619,1767559904116605619,71,51647285
2173,647.6050,100,1410,2619,1767559904120196576,71,51647285
2174,647.6050,100,1410,2619,1767559904124040300,71,51647285
2175,647.6050,100,1410,2619,1767559904130728745,71,51647285
2176,647.6050,100,1410,2619,1767559904138231970,71,51647285
2177,647.6050,100,1410,2619,1767559904142001102,71,51647285
2178,647.6050,100,1410,2619,1767559904145804762,71,51647285
2179,647.6050,100,1410,2619,1767559904154492684,71,51647285
2180,647.6050,100,1410,2619,1767559904158165625,71,51647285
2181,647.6050,100,1410,2619,1767559904161971974,71,51647285
2182,647.6050,100,1410,2619,1767559904165827442,71,51647285
2183,647.6050,100,1410,2619,1767559904174608164,71,51647285
2184,647.6050,100,1410,2619,1767559904179095084,71,51647285
2185,647.5920,100,1410,2619,1767559904182896889,71,51647285
2186,647.5920,100,1410,2619,1767559904188408572,71,51720940
2187,647.5920,100,1410,2619,1767559904206539614,71,51720940
2188,647.5920,100,1410,2619,1767559904215023217,71,51720940
2189,647.5920,100,1410,2619,1767559904219745048,71,51720940
2190,647.5920,100,1410,2619,1767559904223545573,71,51720940
2191,647.5920,100,1410,2619,1767559904230313441,71,51720940
2192,647.5920,100,1410,2619,1767559904239749584,71,51720940
2193,647.5920,100,1410,2619,1767559904243627004,70,51720940
2194,647.5920,100,1410,2619,1767559904247965990,70,51720940
2195,647.5920,100,1410,2619,1767559904255358495,70,51720940
2196,647.5920,100,1410,2619,1767559904259451561,70,51720940
2197,647.5920,100,1410,2619,1767559904263143510,70,51720940
2198,647.5920,100,1410,2619,1767559904267864797,70,51720940
2199,647.5920,100,1410,2619,1767559904276745071,70,51720940
2200,647.5920,100,1410,2619,1767559904281242583,70,51720940
2201,647.5920,100,1395,2619,1767559904285999806,70,51793404
2202,647.5920,100,1395,2619,1767559904304975132,70,51793404
2203,647.5920,100,1395,2619,1767559904309062246,70,51793404
2204,646.8120,100,1395,2619,1767559904318066423,70,51793404
2205,646.8120,100,1395,2619,1767559904321797732,70,51793404
2206,646.8120,100,1395,2619,1767559904325855310,70,51793404
2207,646.8120,100,1395,2619,1767559904337876304,70,51793404
2208,646.8120,100,1395,2619,1767559904341859964,70,51793404
2209,646.8120,100,1395,2619,1767559904345675016,70,51793404
2210,646.8120,100,1395,2619,1767559904354434170,70,51793404
2211,646.8120,100,1395,2619,1767559904358407141,71,51793404
2212,646.8120,100,1395,2619,1767559904362167633,71,51793404
2213,646.8120,100,1395,2619,1767559904365951933,71,51793404
2214,646.8120,100,1395,2619,1767559904374936590,71,51793404
2215,646.8120,100,1395,2619,1767559904378720154,71,51793404
2216,646.8120,100,1395,2619,1767559904382991716,71,51793404
2217,646.8120,100,1395,2619,1767559904388602600,71,51867952
2218,646.8120,100,1395,2619,1767559904404956722,71,51867952
2219,646.8120,100,1410,2619,1767559904409169468,71,51867952
2220,646.8120,100,1410,2619,1767559904416403478,71,51867952
2221,646.8150,100,1410,2619,1767559904420087331,71,51867952
2222,646.8150,100,1410,2619,1767559904423971663,71,51867952
2223,646.8150,100,1410,2619,1767559904430677612,71,51867952
2224,646.8150,100,1410,2619,1767559904437992358,71,51867952
2225,646.8150,100,1410,2619,1767559904442200464,71,51867952
2226,646.8150,100,1410,2619,1767559904445953692,71,51867952
2227,646.8150,100,1410,2619,1767559904454714638,71,51867952
2228,646.8150,100,1410,2619,1767559904458328795,71,51867952
2229,646.8150,100,1410,2619,1767559904462083591,71,51867952
2230,646.8150,100,1410,2619,1767559904465882067,71,51867952
2231,646.8150,100,1410,2619,1767559904474606406,71,51867952
2232,646.8150,100,1410,2619,1767559904478869680,71,51867952
2233,646.8150,100,1410,2619,1767559904482641853,71,51867952
2234,646.8150,100,1410,2619,1767559904488318687,71,51941335
2235,646.8150,100,1410,2619,1767559904506980765,71,51941335
2236,646.8150,100,1410,2619,1767559904515938479,71,51941335
2237,646.8150,100,1410,2619,1767559904519702203,71,51941335
2238,646.8150,100,1410,2619,1767559904523426216,71,51941335
2239,646.8150,100,1410,2619,1767559904530584610,71,51941335
2240,646.8150,100,1410,2619,1767559904537907164,71,51941335
2241,646.3000,100,1410,2619,1767559904541708456,71,51941335
2242,646.3000,100,1410,2619,1767559904545561396,71,51941335
2243,646.3000,100,1410,2619,1767559904555942557,71,51941335
2244,646.3000,100,1410,2619,1767559904559569451,71,51941335
2245,646.3000,100,1410,2619,1767559904563185496,71,51941335
2246,646.3000,100,1410,2619,1767559904568113407,71,51941335
2247,646.3000,100,1410,2619,1767559904574571645,71,51941335
2248,646.3000,100,1410,2619,1767559904578311817,71,51941335
2249,646.3000,100,1410,2619,1767559904582221045,71,51941335
2250,646.3000,100,1410,2619,1767559904586210112,71,52013913
2251,646.3000,100,1410,2619,1767559904603454374,71,52013913
2252,646.3000,100,1410,2619,1767559904607910767,71,52013913
2253,646.3000,100,1410,2619,1767559904614357261,71,52013913
2254,646.3000,100,1410,2619,1767559904618127738,71,52013913
2255,646.3000,100,1410,2619,1767559904621895590,71,52013913
2256,646.3000,100,1410,2619,1767559904626384238,71,52013913
2257,646.3000,100,1410,2619,1767559904636292794,71,52013913
2258,646.3000,100,1395,2619,1767559904640184998,71,52013913
2259,646.3000,100,1395,2619,1767559904644075793,71,52013913
2260,646.3000,100,1395,2619,1767559904648225404,71,52013913
2261,646.3000,100,1395,2619,1767559904654991449,71,52013913
2262,644.4340,100,1395,2619,1767559904659695809,71,52013913
2263,644.4340,100,1395,2619,1767559904663487853,71,52013913
2264,644.4340,100,1395,2619,1767559904668001461,71,52013913
2265,644.4340,100,1395,2619,1767559904677192837,71,52013913
2266,644.4340,100,1395,2619,1767559904681399375,71,52013913
2267,644.4340,100,1395,2619,1767559904686081206,71,52085243
2268,644.4340,100,1395,2619,1767559904704744150,71,52085243
2269,644.4340,100,1395,2619,1767559904713575399,71,52085243
2270,644.4340,100,1395,2619,1767559904717353492,71,52085243
2271,644.4340,100,1395,2619,1767559904721230015,71,52085243
2272,644.4340,100,1395,2619,1767559904724999115,71,52085243
2273,644.4340,100,1395,2619,1767559904731304138,71,52085243
2274,644.4340,100,1395,2619,1767559904738631972,71,52085243
2275,644.4340,100,1395,2619,1767559904742416913,71,52085243
2276,644.4340,100,1395,2619,1767559904746176893,71,52085243
2277,644.4340,100,1395,2619,1767559904756849030,71,52085243
2278,644.4340,100,1395,2619,1767559904760456243,71,52085243
2279,644.4340,100,1395,2619,1767559904764144735,71,52085243
2280,644.4340,100,1395,2619,1767559904769079013,71,52085243
2281,644.4340,100,1395,2619,1767559904775572419,71,52085243
2282,644.4340,100,1395,2619,1767559904779316144,71,52085243
2283,644.4340,100,1395,2619,1767559904783087773,71,52085243
2284,642.3530,100,1395,2619,1767559904788816191,71,52157618
2285,642.3530,100,1395,2619,1767559904805066314,71,52157618
2286,642.3530,100,1395,2619,1767559904809022485,71,52157618
2287,642.3530,100,1395,2619,1767559904815484339,71,52157618
2288,642.3530,100,1395,2619,1767559904819276127,71,52157618
2289,642.3530,100,1395,2619,1767559904822985356,71,52157618
2290,642.3530,100,1395,2619,1767559904830592868,71,52157618
2291,642.3530,100,1395,2619,1767559904839516822,71,52157618
2292,642.3530,100,1395,2619,1767559904843367874,70,52157618
2293,642.3530,100,1395,2619,1767559904847866795,70,52157618
2294,642.3530,100,1395,2619,1767559904855458659,70,52157618
2295,642.3530,100,1395,2619,1767559904859703628,70,52157618
2296,642.3530,100,1395,2619,1767559904863415993,70,52157618
2297,642.3530,100,1395,2619,1767559904867845826,70,52157618
2298,642.3530,100,1395,2619,1767559904875235260,70,52157618
2299,642.3530,100,1395,2619,1767559904879002440,70,52157618
2300,642.3530,100,1395,2619,1767559904882598102,70,52157618
2301,642.3530,100,1395,2619,1767559904886802527,70,52229653
2302,642.3530,100,1395,2619,1767559904905405086,70,52229653
2303,640.8420,100,1395,2619,1767559904915956359,70,52229653
2304,640.8420,100,1395,2619,1767559904920255920,70,52229653
2305,640.8420,100,1395,2619,1767559904923891070,70,52229653
2306,640.8420,100,1395,2619,1767559904930654875,70,52229653
2307,640.8420,100,1395,2619,1767559904939799243,70,52229653
2308,640.8420,100,1395,2619,1767559904943659702,70,52229653
2309,640.8420,100,1395,2619,1767559904947932960,70,52229653
2310,640.8420,100,1395,2619,1767559904957233007,70,52229653
2311,640.8420,100,1395,2619,1767559904960854941,70,52229653
2312,640.8420,100,1395,2619,1767559904964741097,71,52229653
2313,640.8420,100,1395,2619,1767559904968600181,71,52229653
2314,640.8420,100,1395,2619,1767559904975831791,71,52229653
2315,640.8420,100,1395,2619,1767559904979846746,71,52229653
2316,640.8420,100,1395,2619,1767559904983987236,71,52229653
2317,640.8420,100,1395,2619,1767559904990116740,71,52302458
2318,640.8420,100,1395,2619,1767559905005406388,71,52302458
2319,640.8420,100,1395,2619,1767559905014070055,71,52302458
2320,640.8420,100,1395,2619,1767559905017828020,71,52302458
2321,640.8420,100,1395,2619,1767559905022177117,71,52302458
2322,640.8420,100,1395,2619,1767559905027234978,71,52302458
2323,640.8420,100,1395,2619,1767559905036748593,71,52302458
2324,638.6380,100,1395,2619,1767559905040323582,71,52302458
2325,638.6380,100,1395,2619,1767559905044223561,71,52302458
2326,638.6380,100,1395,2619,1767559905048280500,71,52302458
2327,638.6380,100,1395,2619,1767559905054808339,71,52302458
2328,638.6380,100,1395,2619,1767559905058584479,71,52302458
2329,638.6380,100,1395,2619,1767559905064408193,71,52302458
2330,638.6380,100,1395,2619,1767559905068322444,71,52302458
2331,638.6380,100,1395,2619,1767559905075851045,71,52302458
2332,638.6380,100,1395,2619,1767559905079687761,70,52302458
2333,638.6380,100,1395,2619,1767559905083464765,70,52302458
2334,638.6380,100,1395,2619,1767559905089281950,70,52373462
2335,638.6380,100,1395,2619,1767559905105718953,70,52373462
2336,638.6380,100,1395,2619,1767559905116242930,70,52373462
2337,638.6380,100,1395,2619,1767559905119923743,70,52373462
2338,638.6380,100,1395,2619,1767559905124392167,70,52373462
2339,638.6380,100,1395,2619,1767559905130975813,70,52373462
2340,638.6380,100,1395,2619,1767559905138390430,70,52373462
2341,638.6380,100,1395,2619,1767559905142136459,70,52373462
2342,635.6020,100,1395,2619,1767559905145936215,70,52373462
2343,635.6020,100,1395,2619,1767559905154714729,70,52373462
2344,635.6020,100,1395,2619,1767559905158565493,70,52373462
2345,635.6020,100,1395,2619,1767559905162358881,70,52373462
2346,635.6020,100,1395,2619,1767559905166221773,70,52373462
2347,635.6020,100,1395,2619,1767559905176731382,70,52373462
2348,635.6020,100,1395,2619,1767559905180660129,70,52373462
2349,635.6020,100,1395,2619,1767559905184443021,70,52373462
2350,635.6020,100,1395,2619,1767559905191080491,70,52446067
2351,635.6020,100,1395,2619,1767559905204798276,70,52446067
2352,635.6020,100,1395,2619,1767559905209830121,70,52446067
2353,635.6020,100,1395,2619,1767559905215741482,70,52446067
2354,635.6020,100,1395,2619,1767559905219512951,70,52446067
2355,635.6020,100,1395,2619,1767559905223221123,70,52446067
2356,635.6020,100,1395,2619,1767559905230712092,70,52446067
2357,635.6020,100,1395,2619,1767559905237130075,70,52446067
2358,635.6020,100,1395,2619,1767559905240872648,70,52446067
2359,635.6020,100,1395,2619,1767559905244818419,70,52446067
2360,635.6020,100,1395,2619,1767559905248867198,70,52446067
2361,635.6020,100,1395,2619,1767559905255377884,70,52446067
2362,635.6020,100,1395,2619,1767559905259229096,70,52446067
2363,633.6980,100,1395,2619,1767559905263025652,70,52446067
2364,633.6980,100,1395,2619,1767559905267938714,70,52446067
2365,633.6980,100,1395,2619,1767559905274403545,70,52446067
2366,633.6980,100,1395,2619,1767559905278196837,70,52446067
2367,633.6980,100,1395,2619,1767559905282125713,70,52446067
2368,633.6980,100,1395,2619,1767559905286291867,70,52516203
2369,633.6980,100,1395,2619,1767559905306643728,70,52516203
2370,633.6980,100,1395,2619,1767559905318477266,70,52516203
2371,633.6980,100,1395,2619,1767559905322392926,70,52516203
2372,633.6980,100,1395,2619,1767559905327329125,70,52516203
2373,633.6980,100,1395,2619,1767559905336783955,70,52516203
2374,633.6980,100,1395,2619,1767559905340610495,70,52516203
2375,633.6980,100,1395,2619,1767559905344512875,70,52516203
2376,633.6980,100,1395,2619,1767559905348393494,70,52516203
2377,633.6980,100,1395,2619,1767559905357418887,70,52516203
2378,633.6980,100,1395,2619,1767559905361397970,70,52516203
2379,633.6980,100,1395,2619,1767559905365063456,70,52516203
2380,633.6980,100,1395,2619,1767559905369076491,70,52516203
2381,633.6980,100,1395,2619,1767559905378091964,70,52516203
2382,631.8000,100,1395,2619,1767559905381916104,70,52516203
2383,631.8000,100,1395,2619,1767559905386069010,70,52587521
2384,631.8000,100,1395,2619,1767559905404333842,70,52587521
2385,631.8000,100,1395,2619,1767559905408409469,70,52587521
2386,631.8000,100,1395,2619,1767559905417487726,70,52587521
2387,631.8000,100,1395,2619,1767559905421413242,70,52587521
2388,631.8000,100,1395,2619,1767559905425044391,70,52587521
2389,631.8000,100,1395,2619,1767559905429230417,70,52587521
2390,631.8000,100,1395,2619,1767559905439346268,70,52587521
2391,631.8000,100,1395,2619,1767559905443499238,70,52587521
2392,631.8000,100,1395,2619,1767559905448079822,70,52587521
2393,631.8000,100,1395,2619,1767559905454412045,70,52587521
2394,631.8000,100,1395,2619,1767559905458212986,70,52587521
2395,631.8000,100,1395,2619,1767559905461934630,70,52587521
2396,631.8000,100,1395,2619,1767559905465883218,70,52587521
2397,631.8000,100,1395,2619,1767559905476657785,70,52587521
2398,631.8000,100,1395,2619,1767559905480448293,70,52587521
2399,631.8000,100,1395,2619,1767559905484108722,70,52587521
2400,631.8000,100,1395,2619,1767559905490874286,70,52661588
2401,631.8000,100,1395,2619,1767559905509557326,70,52661588
2402,631.8000,100,1395,2619,1767559905520560628,70,52661588
2403,630.0050,100,1395,2619,1767559905524457504,70,52661588
2404,630.0050,100,1395,2619,1767559905530930462,70,52661588
2405,630.0050,100,1395,2619,1767559905538285175,70,52661588
2406,630.0050,100,1395,2619,1767559905542024388,70,52661588
2407,630.0050,100,1395,2619,1767559905545815344,70,52661588
2408,630.0050,100,1395,2619,1767559905555618205,70,52661588
2409,630.0050,100,1395,2619,1767559905559568873,70,52661588
2410,630.0050,100,1395,2619,1767559905563326901,70,52661588
2411,630.0050,100,1395,2619,1767559905567941853,70,52661588
2412,630.0050,100,1395,2619,1767559905575452853,70,52661588
2413,630.0050,100,1395,2619,1767559905579842046,70,52661588
2414,630.0050,100,1395,2619,1767559905583549963,70,52661588
2415,630.0050,100,1395,2619,1767559905589426060,70,52732910
2416,630.0050,100,1395,2619,1767559905606916465,70,52732910
2417,630.0050,100,1395,2619,1767559905618060727,70,52732910
2418,630.0050,100,1395,2619,1767559905621874115,70,52732910
2419,630.0050,100,1395,2619,1767559905626335692,70,52732910
2420,630.0050,100,1395,2619,1767559905636952053,70,52732910
2421,630.0050,100,1395,2619,1767559905641457245,70,52732910
2422,628.9310,100,1395,2619,1767559905645326249,70,52732910
2423,628.9310,100,1395,2619,1767559905654006428,70,52732910
2424,628.9310,100,1395,2619,1767559905658725155,70,52732910
2425,628.9310,100,1395,2619,1767559905662520559,70,52732910
2426,628.9310,100,1395,2619,1767559905666393243,70,52732910
2427,628.9310,100,1395,2619,1767559905677066467,70,52732910
2428,628.9310,100,1395,2619,1767559905680926063,70,52732910
2429,628.9310,100,1395,2619,1767559905685968917,70,52804123
2430,628.9310,100,1395,2619,1767559905704999857,70,52804123
2431,628.9310,100,1395,2619,1767559905715573978,70,52804123
2432,628.9310,100,1395,2619,1767559905719330726,70,52804123
2433,628.9310,100,1395,2619,1767559905722866516,70,52804123
2434,628.9310,100,1395,2619,1767559905730391821,70,52804123
2435,628.9310,100,1395,2619,1767559905737810726,70,52804123
2436,628.9310,100,1395,2619,1767559905742351343,70,52804123
2437,628.9310,100,1395,2619,1767559905746133563,70,52804123
2438,628.9310,100,1395,2619,1767559905754947661,70,52804123
2439,628.9310,100,1395,2619,1767559905758681817,70,52804123
2440,629.9520,100,1395,2619,1767559905762457221,70,52804123
2441,629.9520,100,1395,2619,1767559905766254993,70,52804123
2442,629.9520,100,1395,2619,1767559905777603159,70,52804123
2443,629.9520,100,1395,2619,1767559905781566114,70,52804123
2444,629.9520,100,1395,2619,1767559905785974635,70,52876350
2445,629.9520,100,1395,2619,1767559905803643118,70,52876350
2446,629.9520,100,1395,2619,1767559905807968824,70,52876350
2447,629.9520,100,1395,2619,1767559905815184403,71,52876350
2448,629.9520,100,1395,2619,1767559905818936607,71,52876350
2449,629.9520,100,1395,2619,1767559905822725675,71,52876350
2450,629.9520,100,1395,2619,1767559905830556994,71,52876350
2451,629.9520,100,1395,2619,1767559905839626387,71,52876350
2452,629.9520,100,1395,2619,1767559905844079611,71,52876350
2453,629.9520,100,1395,2619,1767559905848200454,71,52876350
2454,629.9520,100,1395,2619,1767559905856885976,71,52876350
2455,629.9520,100,1395,2619,1767559905860506630,71,52876350
2456,629.9520,100,1395,2619,1767559905864192115,71,52876350
2457,629.9520,100,1395,2619,1767559905868267198,71,52876350
2458,629.9520,100,1395,2619,1767559905877659404,71,52876350
2459,629.9520,100,1395,2619,1767559905881531256,71,52876350
2460,629.5720,100,1395,2619,1767559905886006945,71,52947534
2461,629.5720,100,1395,2619,1767559905904946558,71,52947534
2462,629.5720,100,1395,2619,1767559905909156168,71,52947534
2463,629.5720,100,1395,2619,1767559905918047322,71,52947534
2464,629.5720,100,1395,2619,1767559905921844966,71,52947534
2465,629.5720,100,1395,2619,1767559905925924368,71,52947534
2466,629.5720,100,1395,2619,1767559905937742706,71,52947534
2467,629.5720,100,1395,2619,1767559905942022396,71,52947534
2468,629.5720,100,1395,2619,1767559905946415301,71,52947534
2469,629.5720,100,1395,2619,1767559905956843023,71,52947534
2470,629.5720,100,1395,2619,1767559905960658299,71,52947534
2471,629.5720,100,1395,2619,1767559905964341128,71,52947534
2472,629.5720,100,1395,2619,1767559905968374515,71,52947534
2473,629.5720,100,1395,2619,1767559905975607949,71,52947534
2474,629.5720,100,1395,2619,1767559905979615192,71,52947534
2475,629.5720,100,1395,2619,1767559905983396676,71,52947534
2476,629.5720,100,1395,2619,1767559905990184545,71,53020747
2477,629.4840,100,1395,2619,1767559906005357362,71,53020747
2478,629.4840,100,1395,2619,1767559906015876411,71,53020747
2479,629.4840,100,1395,2619,1767559906019492008,71,53020747
2480,629.4840,100,1395,2619,1767559906023080853,71,53020747
2481,629.4840,100,1395,2619,1767559906030405583,71,53020747
2482,629.4840,100,1395,2619,1767559906037833000,71,53020747
2483,629.4840,100,1395,2619,1767559906041445013,71,53020747
2484,629.4840,100,1395,2619,1767559906045295106,71,53020747
2485,629.4840,100,1395,2619,1767559906054315795,71,53020747
2486,629.4840,100,1395,2619,1767559906058049279,71,53020747
2487,629.4840,100,1395,2619,1767559906062170761,71,53020747
2488,629.4840,100,1395,2619,1767559906068201866,71,53020747
2489,629.4840,100,1395,26