sample,power(W),gpu_util(%),core_clock(MHz),mem_clock(MHz),timestamp_ns,temp(C),energy(mJ)
0,74.2980,0,345,2619,1767561488613746910,37,75395644
1,74.2980,0,345,2619,1767561488617921391,37,75395644
2,74.2980,0,345,2619,1767561488622824223,37,75395644
3,74.2980,0,345,2619,1767561488629694856,37,75395644
4,74.2980,0,345,2619,1767561488634448088,37,75395644
5,74.2980,0,345,2619,1767561488638630122,37,75395644
6,74.2980,0,345,2619,1767561488644763190,37,75412641
7,74.2980,0,345,2619,1767561488661974428,37,75412641
8,74.2980,0,345,2619,1767561488669970785,37,75412641
9,74.2980,0,345,2619,1767561488674708818,37,75412641
10,74.2980,0,345,2619,1767561488679221891,37,75412641
11,74.2980,0,345,2619,1767561488686399402,37,75412641
12,74.2980,0,345,2619,1767561488693443026,37,75412641
13,74.3190,0,345,2619,1767561488697727620,37,75412641
14,74.3190,0,345,2619,1767561488702681555,37,75412641
15,74.3190,0,345,2619,1767561488709351101,37,75412641
16,74.3190,0,345,2619,1767561488713544175,37,75412641
17,74.3190,0,345,2619,1767561488717565857,37,75412641
18,74.3190,0,345,2619,1767561488722669168,37,75412641
19,74.3190,0,345,2619,1767561488729202746,37,75412641
20,74.3190,0,345,2619,1767561488733434732,37,75412641
21,74.3190,0,345,2619,1767561488737511967,37,75412641
22,74.3190,0,345,2619,1767561488743131564,37,75428991
23,74.3190,0,345,2619,1767561488759327989,37,75428991
24,74.3190,0,345,2619,1767561488767916888,37,75428991
25,74.3190,0,345,2619,1767561488774861473,37,75428991
26,74.3190,0,345,2619,1767561488778961043,37,75428991
27,74.3190,0,345,2619,1767561488786083355,37,75428991
28,74.3190,0,345,2619,1767561488793093092,37,75428991
29,74.3190,0,345,2619,1767561488797648821,37,75428991
30,74.3190,0,345,2619,1767561488802627012,37,75428991
31,74.3190,0,345,2619,1767561488809229454,37,75428991
32,74.3190,0,345,2619,1767561488813555519,37,75428991
33,74.4020,0,345,2619,1767561488817953360,37,75428991
34,74.4020,0,345,2619,1767561488822643872,37,75428991
35,74.4020,0,345,2619,1767561488829217034,37,75428991
36,74.4020,0,345,2619,1767561488833490108,37,75428991
37,74.4020,0,345,2619,1767561488837812046,37,75428991
38,74.4020,0,345,2619,1767561488843361787,37,75445571
39,74.4020,0,345,2619,1767561488863931478,37,75445571
40,74.4020,0,345,2619,1767561488931219893,37,75445571
41,74.4020,0,345,2619,1767561488935155431,37,75445571
42,74.4020,0,345,2619,1767561488939127770,37,75445571
43,74.4020,0,345,2619,1767561488945700804,37,75462385
44,74.4020,0,345,2619,1767561488959547669,37,75462385
45,74.4020,0,885,2619,1767561488963661319,37,75462385
46,74.4020,0,885,2619,1767561488970168369,37,75462385
47,74.4020,0,885,2619,1767561488974048708,37,75462385
48,74.6910,0,885,2619,1767561488978267062,37,75462385
49,74.6910,0,885,2619,1767561488986032636,37,75462385
50,74.6910,0,885,2619,1767561488992781350,37,75462385
51,74.6910,0,885,2619,1767561488996712313,37,75462385
52,74.6910,0,885,2619,1767561489000642156,37,75462385
53,74.6910,0,885,2619,1767561489008699441,37,75462385
54,74.6910,0,885,2619,1767561489012690339,37,75462385
55,74.6910,0,885,2619,1767561489016691221,37,75462385
56,74.6910,0,885,2619,1767561489020942823,37,75462385
57,74.6910,0,885,2619,1767561489029152715,37,75462385
58,74.6910,0,885,2619,1767561489033695612,37,75462385
59,74.6910,0,885,2619,1767561489040458054,37,75479026
60,74.6910,0,885,2619,1767561489058580489,37,75479026
61,74.6910,0,885,2619,1767561489062776059,37,75479026
62,74.6910,0,885,2619,1767561489069292517,37,75479026
63,74.6910,0,885,2619,1767561489073399256,37,75479026
64,74.6910,0,885,2619,1767561489078284999,37,75479026
65,74.6910,0,885,2619,1767561489084889745,37,75479026
66,74.6910,0,885,2619,1767561489092456503,37,75479026
67,75.0860,0,885,2619,1767561489096506953,37,75479026
68,75.0860,0,885,2619,1767561489100647772,37,75479026
69,75.0860,0,885,2619,1767561489108669057,37,75479026
70,75.0860,0,885,2619,1767561489112347572,37,75479026
71,75.0860,0,885,2619,1767561489116623814,37,75479026
72,75.0860,0,885,2619,1767561489120549145,37,75479026
73,75.0860,0,885,2619,1767561489128674686,37,75479026
74,75.0860,0,885,2619,1767561489132797712,37,75479026
75,75.0860,0,885,2619,1767561489137727744,37,75479026
76,75.0860,0,885,2619,1767561489143311661,37,75496261
77,75.0860,0,885,2619,1767561489158992920,37,75496261
78,75.0860,0,885,2619,1767561489167742490,37,75496261
79,75.0860,0,885,2619,1767561489171653645,37,75496261
80,75.0860,0,885,2619,1767561489175493824,37,75496261
81,75.0860,0,885,2619,1767561489179432179,37,75496261
82,75.0860,0,885,2619,1767561489186984026,37,75496261
83,75.0860,0,885,2619,1767561489193804707,37,75496261
84,75.0860,0,885,2619,1767561489197662006,37,75496261
85,75.0860,0,885,2619,1767561489202481766,37,75496261
86,75.0860,0,885,2619,1767561489209069840,37,75496261
87,75.5220,0,885,2619,1767561489212858531,37,75496261
88,75.5220,0,885,2619,1767561489216697430,37,75496261
89,75.5220,0,885,2619,1767561489220594633,37,75496261
90,75.5220,0,885,2619,1767561489228561422,37,75496261
91,75.5220,0,885,2619,1767561489232509345,37,75496261
92,75.5220,0,885,2619,1767561489236475572,37,75496261
93,75.5220,0,885,2619,1767561489242562207,37,75512968
94,75.5220,0,885,2619,1767561489259191240,37,75512968
95,75.5220,0,885,2619,1767561489263439642,37,75512968
96,75.5220,0,885,2619,1767561489270003876,37,75512968
97,75.5220,0,885,2619,1767561489273867607,37,75512968
98,75.5220,0,885,2619,1767561489277698634,37,75512968
99,75.5220,0,885,2619,1767561489285065841,37,75512968
100,75.5220,0,885,2619,1767561489292537911,37,75512968
101,75.5220,0,885,2619,1767561489296458282,37,75512968
102,75.5220,0,885,2619,1767561489300404605,37,75512968
103,75.5220,0,885,2619,1767561489311358297,37,75512968
104,75.5220,0,885,2619,1767561489315471563,37,75512968
105,75.5220,0,885,2619,1767561489319500541,37,75512968
106,75.5220,0,885,2619,1767561489323506288,37,75512968
107,75.5220,0,885,2619,1767561489330345337,37,75512968
108,75.5220,0,885,2619,1767561489334479883,37,75512968
109,76.0500,0,885,2619,1767561489359468791,37,75530126
110,76.0500,0,885,2619,1767561489363616745,37,75530126
111,76.0500,0,885,2619,1767561489370114579,37,75530126
112,76.0500,0,885,2619,1767561489373731111,37,75530126
113,76.0500,0,885,2619,1767561489377155196,37,75530126
114,76.0500,0,885,2619,1767561489381536397,37,75530126
115,76.0500,0,885,2619,1767561489391105069,37,75530126
116,76.0500,0,885,2619,1767561489394790977,37,75530126
117,76.0500,0,885,2619,1767561489398252821,37,75530126
118,76.0500,0,885,2619,1767561489403021477,37,75530126
119,76.0500,0,885,2619,1767561489409512112,37,75530126
120,76.0500,0,885,2619,1767561489412812804,37,75530126
121,76.0500,0,885,2619,1767561489416143641,37,75530126
122,76.0500,0,885,2619,1767561489419588365,37,75530126
123,76.0500,0,885,2619,1767561489423608512,37,75530126
124,76.0500,0,1980,2619,1767561489430077034,37,75530126
125,76.0500,0,1980,2619,1767561489433489855,37,75530126
126,76.0500,0,1980,2619,1767561489437450513,37,75530126
127,76.0500,0,1980,2619,1767561489443069119,37,75551317
128,76.0500,0,1980,2619,1767561489458997545,37,75551317
129,81.3320,0,1980,2619,1767561489463042844,37,75551317
130,81.3320,0,1980,2619,1767561489469844901,37,75551317
131,81.3320,0,1980,2619,1767561489473135514,37,75551317
132,81.3320,0,1980,2619,1767561489476455439,37,75551317
133,81.3320,0,1980,2619,1767561489484697107,37,75551317
134,81.3320,0,1980,2619,1767561489491332380,37,75551317
135,81.3320,0,1980,2619,1767561489495039088,38,75551317
136,81.3320,0,1980,2619,1767561489498763011,38,75551317
137,81.3320,0,1980,2619,1767561489502667830,38,75551317
138,81.3320,0,1980,2619,1767561489509153921,38,75551317
139,81.3320,0,1980,2619,1767561489512813013,38,75551317
140,81.3320,0,1980,2619,1767561489517015047,38,75551317
141,81.3320,0,1980,2619,1767561489520542107,38,75551317
142,81.3320,0,1980,2619,1767561489528448768,38,75551317
143,81.3320,0,1980,2619,1767561489532009493,38,75551317
144,81.3320,0,1980,2619,1767561489535679976,38,75551317
145,81.3320,0,1980,2619,1767561489540223641,38,75572841
146,81.3320,0,1980,2619,1767561489557588446,38,75572841
147,81.3320,0,1980,2619,1767561489562277582,38,75572841
148,86.8580,0,1980,2619,1767561489568809560,38,75572841
149,86.8580,0,1980,2619,1767561489572715403,38,75572841
150,86.8580,0,1980,2619,1767561489576269632,38,75572841
151,86.8580,0,1980,2619,1767561489579609940,38,75572841
152,86.8580,0,1980,2619,1767561489588301783,38,75572841
153,86.8580,0,1980,2619,1767561489592020299,38,75572841
154,86.8580,0,1980,2619,1767561489595607679,38,75572841
155,86.8580,0,1980,2619,1767561489599095187,38,75572841
156,86.8580,0,1980,2619,1767561489603153062,38,75572841
157,86.8580,0,1980,2619,1767561489609849840,38,75572841
158,86.8580,0,1980,2619,1767561489614066273,38,75572841
159,86.8580,0,1980,2619,1767561489617428086,38,75572841
160,86.8580,0,1980,2619,1767561489622227686,38,75572841
161,86.8580,0,1980,2619,1767561489628705167,38,75572841
162,86.8580,0,1980,2619,1767561489632315779,38,75572841
163,86.8580,0,1980,2619,1767561489635919127,38,75572841
164,86.8580,0,1980,2619,1767561489640225129,38,75594687
165,86.8580,0,1980,2619,1767561489660773060,38,75594687
166,86.8580,0,1980,2619,1767561489670329252,38,75594687
167,86.8580,0,1980,2619,1767561489674757014,38,75594687
168,86.8580,0,1980,2619,1767561489678328490,38,75594687
169,86.8580,0,1980,2619,1767561489682640635,38,75594687
170,86.8580,0,1980,2619,1767561489689204228,38,75594687
171,94.0040,0,1980,2619,1767561489692490553,38,75594687
172,94.0040,0,1980,2619,1767561489696722347,38,75594687
173,94.0040,0,1980,2619,1767561489700242303,38,75594687
174,94.0040,0,1980,2619,1767561489708184837,38,75594687
175,94.0040,0,1980,2619,1767561489711694105,38,75594687
176,94.0040,0,1980,2619,1767561489715718476,38,75594687
177,94.0040,0,1980,2619,1767561489719125472,38,75594687
178,94.0040,0,1980,2619,1767561489737070788,38,75594687
179,94.0040,0,1980,2619,1767561489742795985,38,75616656
180,94.0040,0,1980,2619,1767561489758326364,38,75616656
181,94.0040,0,1980,2619,1767561489762748718,38,75616656
182,94.0040,0,1980,2619,1767561489769088664,38,75616656
183,94.0040,0,1980,2619,1767561489773082155,38,75616656
184,94.0040,0,1980,2619,1767561489777412893,38,75616656
185,94.0040,0,1980,2619,1767561489782564651,38,75616656
186,94.0040,0,1980,2619,1767561489789071158,38,75616656
187,94.0040,0,1980,2619,1767561489793082696,38,75616656
188,94.0040,0,1980,2619,1767561489796767644,38,75616656
189,94.0040,0,1980,2619,1767561489800802415,38,75616656
190,94.0040,0,1980,2619,1767561489808643924,38,75616656
191,94.0040,0,1980,2619,1767561489812737895,38,75616656
192,100.8010,0,1980,2619,1767561489816481146,38,75616656
193,100.8010,0,1980,2619,1767561489820195374,38,75616656
194,100.8010,0,1980,2619,1767561489828164050,38,75616656
195,100.8010,0,1980,2619,1767561489832395172,38,75616656
196,100.8010,0,1980,2619,1767561489835833496,38,75616656
197,100.8010,0,1980,2619,1767561489840313577,38,75638356
198,100.8010,0,1980,2619,1767561489857887279,38,75638356
199,100.8010,0,1980,2619,1767561489862315776,38,75638356
200,100.8010,0,1980,2619,1767561489868728875,38,75638356
201,100.8010,0,1980,2619,1767561489872005248,38,75638356
202,100.8010,0,1980,2619,1767561489875332117,38,75638356
203,100.8010,0,1980,2619,1767561489879275655,38,75638356
204,100.8010,0,1980,2619,1767561489887841738,38,75638356
205,100.8010,0,1980,2619,1767561489891183806,38,75638356
206,100.8010,0,1980,2619,1767561489894745619,38,75638356
207,100.8010,0,1980,2619,1767561489898142503,38,75638356
208,100.8010,0,1980,2619,1767561489902224442,38,75638356
209,100.8010,0,1980,2619,1767561489908665124,38,75638356
210,100.8010,0,1980,2619,1767561489912870166,38,75638356
211,100.8010,0,1980,2619,1767561489916260587,38,75638356
212,100.8010,0,1980,2619,1767561489920018462,38,75638356
213,100.8010,0,1980,2619,1767561489927842148,38,75638356
214,100.8010,0,1980,2619,1767561489931216345,38,75638356
215,107.0710,0,1980,2619,1767561489934793805,38,75638356
216,107.0710,0,1980,2619,1767561489940365722,38,75660226
217,107.0710,0,1980,2619,1767561489957849119,38,75660226
218,107.0710,0,1980,2619,1767561489962379856,38,75660226
219,107.0710,0,1980,2619,1767561489968847514,38,75660226
220,107.0710,0,1980,2619,1767561489972912909,38,75660226
221,107.0710,0,1980,2619,1767561489977018399,38,75660226
222,107.0710,0,1980,2619,1767561489982616652,38,75660226
223,107.0710,0,1980,2619,1767561489989090519,38,75660226
224,107.0710,0,1980,2619,1767561489992629227,38,75660226
225,107.0710,0,1980,2619,1767561489996769053,38,75660226
226,107.0710,0,1980,2619,1767561490000188561,38,75660226
227,107.0710,0,1980,2619,1767561490008083415,38,75660226
228,107.0710,0,1980,2619,1767561490012673384,38,75660226
229,107.0710,0,1980,2619,1767561490016009501,38,75660226
230,107.0710,0,1980,2619,1767561490019764432,38,75660226
231,107.0710,0,1980,2619,1767561490023782082,38,75660226
232,107.0710,0,1980,2619,1767561490030484875,38,75660226
233,107.0710,0,1980,2619,1767561490034949212,38,75660226
234,107.0710,0,1980,2619,1767561490038308945,38,75660226
235,107.0710,0,1980,2619,1767561490044641052,38,75682617
236,107.0710,0,1980,2619,1767561490059399211,38,75682617
237,112.4340,0,1980,2619,1767561490063432797,38,75682617
238,112.4340,0,1980,2619,1767561490069801704,38,75682617
239,112.4340,0,1980,2619,1767561490073995738,38,75682617
240,112.4340,0,1980,2619,1767561490077421678,38,75682617
241,112.4340,0,1980,2619,1767561490082573469,38,75682617
242,112.4340,0,1980,2619,1767561490089169927,38,75682617
243,112.4340,0,1980,2619,1767561490092451228,38,75682617
244,112.4340,0,1980,2619,1767561490095872944,38,75682617
245,112.4340,0,1980,2619,1767561490100252673,38,75682617
246,112.4340,0,1980,2619,1767561490108082823,38,75682617
247,112.4340,0,1980,2619,1767561490111667579,38,75682617
248,112.4340,0,1980,2619,1767561490116209676,38,75682617
249,112.4340,0,1980,2619,1767561490120292638,38,75682617
250,112.4340,0,1980,2619,1767561490128242436,38,75682617
251,112.4340,0,1980,2619,1767561490132348118,38,75682617
252,112.4340,0,1980,2619,1767561490136206217,38,75682617
253,112.4340,0,1980,2619,1767561490140321851,38,75704045
254,112.4340,0,1980,2619,1767561490157604161,38,75704045
255,112.4340,0,1980,2619,1767561490162301489,38,75704045
256,118.0640,0,1980,2619,1767561490168959323,38,75704045
257,118.0640,0,1980,2619,1767561490172566255,38,75704045
258,118.0640,0,1980,2619,1767561490176371266,38,75704045
259,118.0640,0,1980,2619,1767561490179919478,38,75704045
260,118.0640,0,1980,2619,1767561490188117307,38,75704045
261,118.0640,0,1980,2619,1767561490191523471,38,75704045
262,118.0640,0,1980,2619,1767561490194875652,38,75704045
263,118.0640,0,1980,2619,1767561490198296665,38,75704045
264,118.0640,0,1980,2619,1767561490202390891,38,75704045
265,118.0640,0,1980,2619,1767561490208895669,38,75704045
266,118.0640,0,1980,2619,1767561490212263402,38,75704045
267,118.0640,0,1980,2619,1767561490215618975,38,75704045
268,118.0640,0,1980,2619,1767561490219076627,38,75704045
269,118.0640,0,1980,2619,1767561490223140997,38,75704045
270,118.0640,0,1980,2619,1767561490229611183,38,75704045
271,118.0640,0,1980,2619,1767561490233014404,38,75704045
272,118.0640,0,1980,2619,1767561490236555384,38,75704045
273,118.0640,0,1980,2619,1767561490240650890,38,75725739
274,118.0640,0,1980,2619,1767561490259857866,38,75725739
275,118.0640,0,1980,2619,1767561490263843005,38,75725739
276,118.0640,0,1980,2619,1767561490270238535,38,75725739
277,118.0640,0,1980,2619,1767561490273545020,38,75725739
278,118.0640,0,1980,2619,1767561490278201613,38,75725739
279,118.0640,0,1980,2619,1767561490282506590,38,75725739
280,118.0640,0,1980,2619,1767561490289085288,38,75725739
281,124.5160,0,1980,2619,1767561490292438589,38,75725739
282,124.5160,0,1980,2619,1767561490296050704,38,75725739
283,124.5160,0,1980,2619,1767561490299860099,38,75725739
284,124.5160,0,1980,2619,1767561490308990565,38,75725739
285,124.5160,11,1980,2619,1767561490312635321,38,75725739
286,124.5160,11,1980,2619,1767561490316129453,38,75725739
287,124.5160,11,1980,2619,1767561490319686305,38,75725739
288,124.5160,11,1980,2619,1767561490323732596,38,75725739
289,124.5160,11,1980,2619,1767561490330090622,38,75725739
290,124.5160,11,1980,2619,1767561490333713746,38,75725739
291,124.5160,11,1980,2619,1767561490337117351,38,75725739
292,124.5160,11,1980,2619,1767561490342778932,38,75747417
293,124.5160,11,1980,2619,1767561490358269855,38,75747417
294,124.5160,11,1980,2619,1767561490362397905,38,75747417
295,124.5160,11,1980,2619,1767561490368774972,38,75747417
296,124.5160,11,1980,2619,1767561490372165713,38,75747417
297,124.5160,11,1980,2619,1767561490375519621,38,75747417
298,124.5160,11,1980,2619,1767561490378863578,38,75747417
299,124.5160,11,1980,2619,1767561490383052812,38,75747417
300,124.5160,11,1980,2619,1767561490389727510,38,75747417
301,124.5160,11,1980,2619,1767561490393647945,38,75747417
302,124.5160,11,1980,2619,1767561490396952446,38,75747417
303,124.5160,11,1980,2619,1767561490400358579,38,75747417
304,124.5160,11,1980,2619,1767561490408258136,38,75747417
305,127.4520,11,1980,2619,1767561490411605645,38,75747417
306,127.4520,11,1980,2619,1767561490422412009,38,75747417
307,127.4520,11,1980,2619,1767561490428731219,38,75747417
308,127.4520,11,1980,2619,1767561490432065224,38,75747417
309,127.4520,11,1980,2619,1767561490442769604,38,75769057
310,127.4520,11,1980,2619,1767561490460175114,38,75769057
311,127.4520,11,1980,2619,1767561490468176559,38,75769057
312,127.4520,11,1980,2619,1767561490479052491,38,75769057
313,127.4520,11,1980,2619,1767561490483056221,38,75769057
314,127.4520,11,1980,2619,1767561490489644199,38,75769057
315,127.4520,11,1980,2619,1767561490500537154,38,75769057
316,127.4520,11,1980,2619,1767561490508348648,38,75769057
317,127.4520,11,1980,2619,1767561490511695453,38,75769057
318,127.4520,11,1980,2619,1767561490522472921,38,75769057
319,127.8870,11,1980,2619,1767561490528827523,38,75769057
320,127.8870,11,1980,2619,1767561490532102872,38,75769057
321,127.8870,11,1980,2619,1767561490542805269,38,75791859
322,127.8870,6,1980,2619,1767561490558161537,38,75791859
323,127.8870,6,1980,2619,1767561490562272595,38,75791859
324,127.8870,6,1980,2619,1767561490573155566,38,75791859
325,127.8870,6,1980,2619,1767561490576477539,38,75791859
326,127.8870,6,1980,2619,1767561490580066679,38,75791859
327,127.8870,6,1980,2619,1767561490590956819,38,75791859
328,127.8870,6,1980,2619,1767561490594922694,38,75791859
329,127.8870,6,1980,2619,1767561490598552505,38,75791859
330,127.8870,6,1980,2619,1767561490602569004,38,75791859
331,127.8870,6,1980,2619,1767561490608993815,38,75791859
332,127.8870,6,1980,2619,1767561490612386571,38,75791859
333,127.8870,6,1980,2619,1767561490615690720,38,75791859
334,127.8870,6,1980,2619,1767561490619109109,38,75791859
335,127.8870,6,1980,2619,1767561490623076231,38,75791859
336,127.8870,6,1980,2619,1767561490629480785,38,75791859
337,128.3630,6,1980,2619,1767561490632727814,38,75791859
338,128.3630,6,1980,2619,1767561490636260666,38,75791859
339,128.3630,6,1980,2619,1767561490640452364,38,75814151
340,128.3630,6,1980,2619,1767561490660654857,38,75814151
341,128.3630,6,1980,2619,1767561490668648110,38,75814151
342,128.3630,6,1980,2619,1767561490671995811,38,75814151
343,128.3630,6,1980,2619,1767561490675305752,38,75814151
344,128.3630,6,1980,2619,1767561490678731277,38,75814151
345,128.3630,6,1980,2619,1767561490682901983,38,75814151
346,128.3630,6,1980,2619,1767561490689491017,38,75814151
347,128.3630,6,1980,2619,1767561490692819645,38,75814151
348,128.3630,6,1980,2619,1767561490696598896,38,75814151
349,128.3630,6,1980,2619,1767561490699961221,38,75814151
350,128.3630,6,1980,2619,1767561490707893514,38,75814151
351,128.3630,6,1980,2619,1767561490711526334,38,75814151
352,128.3630,6,1980,2619,1767561490714791763,38,75814151
353,128.3630,6,1980,2619,1767561490718112584,38,75814151
354,128.3630,6,1980,2619,1767561490722248314,38,75814151
355,128.3630,6,1980,2619,1767561490728936292,38,75814151
356,128.3630,6,1980,2619,1767561490732202137,38,75814151
357,128.3630,6,1980,2619,1767561490735760621,38,75814151
358,128.3630,6,1980,2619,1767561490740240766,38,75835500
359,128.3630,6,1980,2619,1767561490757741828,38,75835500
360,128.3630,6,1980,2619,1767561490762438516,38,75835500
361,127.7740,6,1980,2619,1767561490768868413,38,75835500
362,127.7740,6,1980,2619,1767561490772458257,38,75835500
363,127.7740,6,1980,2619,1767561490776061605,38,75835500
364,127.7740,6,1980,2619,1767561490779708761,38,75835500
365,127.7740,6,1980,2619,1767561490783866187,38,75835500
366,127.7740,1,1980,2619,1767561490790450069,38,75835500
367,127.7740,1,1980,2619,1767561490794271721,38,75835500
368,127.7740,1,1980,2619,1767561490798535226,38,75835500
369,127.7740,1,1980,2619,1767561490802695724,38,75835500
370,127.7740,1,1980,2619,1767561490809194007,38,75835500
371,127.7740,1,1980,2619,1767561490812850987,39,75835500
372,127.7740,1,1980,2619,1767561490816444415,39,75835500
373,127.7740,1,1980,2619,1767561490820186162,39,75835500
374,127.7740,1,1980,2619,1767561490828116695,39,75835500
375,127.7740,1,1980,2619,1767561490832020745,39,75835500
376,127.7740,1,1980,2619,1767561490835863805,39,75835500
377,127.7740,1,1980,2619,1767561490840360718,39,75862510
378,127.7740,1,1980,2619,1767561490859912620,39,75862510
379,127.7740,1,1980,2619,1767561490864237982,39,75862510
380,127.7740,1,1980,2619,1767561490870697896,39,75862510
381,127.7740,1,1980,2619,1767561490874359068,39,75862510
382,127.7740,1,1980,2619,1767561490878007632,39,75862510
383,127.7740,1,1980,2619,1767561490882583777,39,75862510
384,127.7740,1,1980,2619,1767561490889203019,39,75862510
385,135.7000,1,1980,2619,1767561490892865854,39,75862510
386,135.7000,1,1980,2619,1767561490896441202,39,75862510
387,135.7000,1,1980,2619,1767561490900675363,39,75862510
388,135.7000,1,1980,2619,1767561490908716424,39,75862510
389,135.7000,1,1980,2619,1767561490912572603,39,75862510
390,135.7000,1,1980,2619,1767561490916505486,39,75862510
391,135.7000,1,1980,2619,1767561490920585377,39,75862510
392,135.7000,1,1980,2619,1767561490928519174,39,75862510
393,135.7000,1,1980,2619,1767561490932536249,39,75862510
394,135.7000,1,1980,2619,1767561490936704075,39,75862510
395,135.7000,1,1980,2619,1767561490940894205,39,75894652
396,135.7000,1,1980,2619,1767561490958502242,39,75894652
397,135.7000,1,1980,2619,1767561490962836819,39,75894652
398,135.7000,1,1980,2619,1767561490969403964,39,75894652
399,135.7000,1,1980,2619,1767561490973338383,39,75894652
400,135.7000,1,1980,2619,1767561490977326562,39,75894652
401,135.7000,1,1980,2619,1767561490985114504,39,75894652
402,135.7000,1,1980,2619,1767561490991639538,39,75894652
403,135.7000,1,1980,2619,1767561490995663941,39,75894652
404,135.7000,1,1980,2619,1767561490999749911,39,75894652
405,135.7000,1,1980,2619,1767561491007863228,39,75894652
406,135.7000,1,1980,2619,1767561491011738799,39,75894652
407,159.3790,1,1980,2619,1767561491015725026,39,75894652
408,159.3790,1,1980,2619,1767561491019804308,39,75894652
409,159.3790,1,1980,2619,1767561491027730170,39,75894652
410,159.3790,1,1980,2619,1767561491031729324,39,75894652
411,159.3790,1,1980,2619,1767561491035572895,39,75894652
412,159.3790,100,1980,2619,1767561491040760749,39,75942175
413,159.3790,100,1980,2619,1767561491058780145,39,75942175
414,159.3790,100,1980,2619,1767561491062758436,39,75942175
415,159.3790,100,1980,2619,1767561491069318350,41,75942175
416,159.3790,100,1980,2619,1767561491073294592,41,75942175
417,159.3790,100,1980,2619,1767561491077290387,41,75942175
418,159.3790,100,1980,2619,1767561491082947136,41,75942175
419,159.3790,100,1980,2619,1767561491089435595,41,75942175
420,159.3790,100,1980,2619,1767561491093341597,41,75942175
421,159.3790,100,1980,2619,1767561491097318255,41,75942175
422,159.3790,100,1980,2619,1767561491102606333,41,75942175
423,159.3790,100,1980,2619,1767561491109117032,41,75942175
424,159.3790,100,1980,2619,1767561491113047131,41,75942175
425,159.3790,100,1980,2619,1767561491116866446,41,75942175
426,159.3790,100,1980,2619,1767561491120788961,41,75942175
427,159.3790,100,1980,2619,1767561491128729190,41,75942175
428,159.3790,100,1980,2619,1767561491132532762,41,75942175
429,189.1640,100,1980,2619,1767561491136479052,41,75942175
430,189.1640,100,1980,2619,1767561491140572991,41,75988663
431,189.1640,100,1980,2619,1767561491158278980,41,75988663
432,189.1640,100,1980,2619,1767561491162579637,41,75988663
433,189.1640,100,1980,2619,1767561491168963423,41,75988663
434,189.1640,100,1980,2619,1767561491172677234,41,75988663
435,189.1640,100,1980,2619,1767561491176438630,41,75988663
436,189.1640,100,1980,2619,1767561491180483288,41,75988663
437,189.1640,100,1980,2619,1767561491188551549,41,75988663
438,189.1640,100,1980,2619,1767561491192303505,42,75988663
439,189.1640,100,1980,2619,1767561491196065796,42,75988663
440,189.1640,100,1980,2619,1767561491200114359,42,75988663
441,189.1640,100,1980,2619,1767561491208390907,42,75988663
442,189.1640,100,1980,2619,1767561491213837993,42,75988663
443,189.1640,100,1980,2619,1767561491220288115,42,75988663
444,189.1640,100,1980,2619,1767561491257839221,42,75988663
445,189.1640,100,1980,2619,1767561491269482574,42,76046787
446,189.1640,100,1980,2619,1767561491276128376,42,76046787
447,189.1640,100,1980,2619,1767561491280190954,42,76046787
448,189.1640,100,1980,2619,1767561491290525192,42,76046787
449,223.4130,100,1980,2619,1767561491294295515,42,76046787
450,223.4130,100,1980,2619,1767561491298303726,42,76046787
451,223.4130,100,1980,2619,1767561491302597215,42,76046787
452,223.4130,100,1980,2619,1767561491308992873,42,76046787
453,223.4130,100,1980,2619,1767561491316856047,42,76046787
454,223.4130,100,1980,2619,1767561491323048730,42,76046787
455,223.4130,100,1980,2619,1767561491329449061,42,76046787
456,223.4130,100,1980,2619,1767561491334055541,43,76046787
457,223.4130,100,1980,2619,1767561491338333415,43,76046787
458,223.4130,100,1980,2619,1767561491343975220,43,76088188
459,223.4130,100,1980,2619,1767561491361835224,43,76088188
460,223.4130,100,1980,2619,1767561491391541908,43,76088188
461,223.4130,100,1980,2619,1767561491400451127,43,76088188
462,223.4130,100,1980,2619,1767561491409044154,43,76088188
463,223.4130,100,1980,2619,1767561491412890189,43,76088188
464,223.4130,100,1980,2619,1767561491417634749,43,76088188
465,272.1810,100,1980,2619,1767561491422724172,43,76088188
466,272.1810,100,1980,2619,1767561491429434486,43,76088188
467,272.1810,100,1980,2619,1767561491433384008,43,76088188
468,272.1810,100,1980,2619,1767561491437408730,43,76088188
469,272.1810,100,1980,2619,1767561491443079751,43,76147329
470,272.1810,100,1980,2619,1767561491459820047,43,76147329
471,272.1810,100,1980,2619,1767561491467923476,43,76147329
472,272.1810,100,1980,2619,1767561491472670276,44,76147329
473,272.1810,100,1980,2619,1767561491476855862,44,76147329
474,272.1810,100,1980,2619,1767561491485642457,44,76147329
475,272.1810,100,1980,2619,1767561491492012964,44,76147329
476,272.1810,100,1980,2619,1767561491498356239,44,76147329
477,272.1810,100,1980,2619,1767561491506804785,44,76147329
478,272.1810,100,1980,2619,1767561491532560891,44,76147329
479,272.1810,100,1980,2619,1767561491544029781,44,76211522
480,317.5810,100,1980,2619,1767561491560570750,44,76211522
481,317.5810,100,1980,2619,1767561491569097344,44,76211522
482,317.5810,100,1980,2619,1767561491574616974,44,76211522
483,317.5810,100,1980,2619,1767561491580143963,44,76211522
484,317.5810,100,1980,2619,1767561491590907063,44,76211522
485,317.5810,100,1980,2619,1767561491596912771,44,76211522
486,317.5810,100,1980,2619,1767561491603455309,46,76211522
487,317.5810,100,1980,2619,1767561491610214199,46,76211522
488,317.5810,100,1980,2619,1767561491615739332,46,76211522
489,317.5810,100,1980,2619,1767561491623632522,46,76211522
490,317.5810,100,1980,2619,1767561491630341427,46,76211522
491,317.5810,100,1980,2619,1767561491636237663,46,76211522
492,317.5810,100,1980,2619,1767561491644351556,46,76278283
493,317.5810,100,1980,2619,1767561491661778537,46,76278283
494,317.5810,100,1980,2619,1767561491669523376,46,76278283
495,361.8610,100,1980,2619,1767561491673890401,46,76278283
496,361.8610,100,1980,2619,1767561491678043059,46,76278283
497,361.8610,100,1980,2619,1767561491685492058,46,76278283
498,361.8610,100,1980,2619,1767561491692026149,46,76278283
499,361.8610,100,1980,2619,1767561491696208855,46,76278283
500,361.8610,100,1980,2619,1767561491701337157,46,76278283
501,361.8610,100,1980,2619,1767561491709453417,46,76278283
502,361.8610,100,1980,2619,1767561491714991319,46,76278283
503,361.8610,100,1980,2619,1767561491720372037,46,76278283
504,361.8610,100,1980,2619,1767561491728367594,46,76278283
505,361.8610,100,1980,2619,1767561491733188474,46,76278283
506,361.8610,100,1980,2619,1767561491739000615,46,76278283
507,361.8610,100,1980,2619,1767561491758673957,46,76343682
508,361.8610,100,1980,2619,1767561491768805763,46,76343682
509,361.8610,100,1980,2619,1767561491774544815,46,76343682
510,361.8610,100,1980,2619,1767561491780380955,46,76343682
511,361.8610,100,1980,2619,1767561491791281943,46,76343682
512,411.0470,100,1980,2619,1767561491797227651,46,76343682
513,411.0470,100,1980,2619,1767561491803571982,46,76343682
514,411.0470,100,1980,2619,1767561491810246424,46,76343682
515,411.0470,100,1980,2619,1767561491816069156,46,76343682
516,411.0470,100,1980,2619,1767561491821943280,46,76343682
517,411.0470,100,1980,2619,1767561491830259157,46,76343682
518,411.0470,100,1980,2619,1767561491836086720,46,76343682
519,411.0470,100,1980,2619,1767561491841327023,46,76410561
520,411.0470,100,1980,2619,1767561491860124368,46,76410561
521,411.0470,100,1980,2619,1767561491868502132,46,76410561
522,411.0470,100,1980,2619,1767561491873745122,46,76410561
523,411.0470,100,1980,2619,1767561491878964081,46,76410561
524,411.0470,100,1980,2619,1767561491886134553,46,76410561
525,411.0470,100,1980,2619,1767561491893018722,46,76410561
526,411.0470,100,1980,2619,1767561491898404080,46,76410561
527,411.0470,100,1980,2619,1767561491903710110,46,76410561
528,411.0470,100,1980,2619,1767561491910386791,46,76410561
529,411.0470,100,1980,2619,1767561491915770933,46,76410561
530,463.1210,100,1980,2619,1767561491920465733,46,76410561
531,463.1210,100,1980,2619,1767561491928843433,46,76410561
532,463.1210,100,1980,2619,1767561491934081016,46,76410561
533,463.1210,100,1980,2619,1767561491939090023,46,76410561
534,463.1210,100,1980,2619,1767561491958480230,46,76479038
535,463.1210,100,1980,2619,1767561491968668644,46,76479038
536,463.1210,100,1980,2619,1767561491974199217,47,76479038
537,463.1210,100,1980,2619,1767561491979759518,47,76479038
538,463.1210,100,1980,2619,1767561491990509274,47,76479038
539,463.1210,100,1980,2619,1767561491997511811,47,76479038
540,463.1210,100,1980,2619,1767561492003610671,47,76479038
541,463.1210,100,1980,2619,1767561492010279576,47,76479038
542,463.1210,100,1980,2619,1767561492015824774,47,76479038
543,463.1210,100,1980,2619,1767561492021637874,47,76479038
544,463.1210,100,1980,2619,1767561492030056470,47,76479038
545,463.1210,100,1980,2619,1767561492035860770,47,76479038
546,463.1210,100,1980,2619,1767561492041945133,47,76546200
547,494.4770,100,1980,2619,1767561492061132205,47,76546200
548,494.4770,100,1980,2619,1767561492069397938,47,76546200
549,494.4770,100,1980,2619,1767561492074532897,47,76546200
550,494.4770,100,1980,2619,1767561492079656464,47,76546200
551,494.4770,100,1980,2619,1767561492090265036,47,76546200
552,494.4770,100,1980,2619,1767561492095723482,47,76546200
553,494.4770,100,1980,2619,1767561492100952616,47,76546200
554,494.4770,100,1980,2619,1767561492109120300,47,76546200
555,494.4770,100,1980,2619,1767561492114198555,47,76546200
556,494.4770,100,1980,2619,1767561492120752133,47,76546200
557,494.4770,100,1980,2619,1767561492131314914,47,76546200
558,494.4770,100,1980,2619,1767561492138939208,47,76546200
559,494.4770,100,1980,2619,1767561492158808134,47,76615803
560,494.4770,100,1980,2619,1767561492182053079,47,76615803
561,494.4770,100,1980,2619,1767561492194199183,47,76615803
562,526.3010,100,1980,2619,1767561492200352090,47,76615803
563,526.3010,100,1980,2619,1767561492208777726,47,76615803
564,526.3010,100,1980,2619,1767561492214480011,47,76615803
565,526.3010,100,1980,2619,1767561492219904537,47,76615803
566,526.3010,100,1980,2619,1767561492228237725,47,76615803
567,526.3010,100,1980,2619,1767561492233059341,47,76615803
568,526.3010,100,1980,2619,1767561492237582590,47,76615803
569,526.3010,100,1980,2619,1767561492243158347,47,76682863
570,526.3010,100,1980,2619,1767561492259384244,47,76682863
571,526.3010,100,1980,2619,1767561492267731576,47,76682863
572,526.3010,100,1980,2619,1767561492271715499,47,76682863
573,526.3010,100,1980,2619,1767561492275735037,47,76682863
574,526.3010,100,1980,2619,1767561492279777072,47,76682863
575,526.3010,100,1980,2619,1767561492290926059,47,76682863
576,526.3010,100,1980,2619,1767561492299427118,47,76682863
577,526.3010,100,1980,2619,1767561492308758542,47,76682863
578,526.3010,100,1980,2619,1767561492315212088,47,76682863
579,543.9980,100,1980,2619,1767561492328451564,47,76682863
580,543.9980,100,1980,2619,1767561492333285340,47,76682863
581,543.9980,100,1980,2619,1767561492337861261,47,76682863
582,543.9980,100,1980,2619,1767561492343491226,47,76743821
583,543.9980,100,1980,2619,1767561492360544353,47,76743821
584,543.9980,100,1980,2619,1767561492368772134,47,76743821
585,543.9980,100,1980,2619,1767561492374526002,47,76743821
586,543.9980,100,1980,2619,1767561492380370398,47,76743821
587,543.9980,100,1980,2619,1767561492390812699,47,76743821
588,543.9980,100,1980,2619,1767561492397144998,47,76743821
589,543.9980,100,1980,2619,1767561492404405070,47,76743821
590,543.9980,100,1980,2619,1767561492411409174,47,76743821
591,543.9980,100,1980,2619,1767561492417767073,47,76743821
592,543.9980,100,1980,2619,1767561492423925196,47,76743821
593,543.9980,100,1980,2619,1767561492430747606,47,76743821
594,543.9980,100,1980,2619,1767561492436897697,47,76743821
595,543.9980,100,1980,2619,1767561492443811946,47,76809404
596,548.5600,100,1980,2619,1767561492460577905,47,76809404
597,548.5600,100,1980,2619,1767561492467655289,47,76809404
598,548.5600,100,1980,2619,1767561492471653580,47,76809404
599,548.5600,100,1980,2619,1767561492475731678,47,76809404
600,548.5600,100,1980,2619,1767561492479739185,47,76809404
601,548.5600,100,1980,2619,1767561492489918447,47,76809404
602,548.5600,100,1980,2619,1767561492493750082,47,76809404
603,548.5600,100,1980,2619,1767561492497725493,47,76809404
604,548.5600,100,1980,2619,1767561492502660452,47,76809404
605,548.5600,100,1980,2619,1767561492509099502,47,76809404
606,548.5600,100,1980,2619,1767561492513209248,47,76809404
607,548.5600,100,1980,2619,1767561492517486418,47,76809404
608,548.5600,100,1980,2619,1767561492522652384,47,76809404
609,548.5600,100,1980,2619,1767561492529201515,47,76809404
610,548.5600,100,1980,2619,1767561492533219101,47,76809404
611,548.5600,100,1980,2619,1767561492536964017,47,76809404
612,548.5600,100,1980,2619,1767561492541330722,47,76865585
613,548.5600,100,1980,2619,1767561492558677320,47,76865585
614,548.5600,100,1980,2619,1767561492562671003,47,76865585
615,543.6000,100,1980,2619,1767561492569259685,47,76865585
616,543.6000,100,1980,2619,1767561492573194711,47,76865585
617,543.6000,100,1980,2619,1767561492577181450,47,76865585
618,543.6000,100,1980,2619,1767561492585192015,47,76865585
619,543.6000,100,1980,2619,1767561492591748121,47,76865585
620,543.6000,99,1980,2619,1767561492596075274,47,76865585
621,543.6000,99,1980,2619,1767561492600229052,47,76865585
622,543.6000,99,1980,2619,1767561492608207522,47,76865585
623,543.6000,99,1980,2619,1767561492612773618,47,76865585
624,543.6000,99,1980,2619,1767561492618839518,46,76865585
625,543.6000,99,1980,2619,1767561492626269381,46,76865585
626,543.6000,99,1980,2619,1767561492663899943,46,76865585
627,543.6000,99,1980,2619,1767561492678927188,46,76927920
628,543.6000,99,1980,2619,1767561492683196582,46,76927920
629,543.6000,99,1980,2619,1767561492690211151,46,76927920
630,543.6000,99,1980,2619,1767561492693864387,46,76927920
631,543.6000,99,1980,2619,1767561492697660470,46,76927920
632,543.6000,99,1980,2619,1767561492702575430,46,76927920
633,543.6000,99,1980,2619,1767561492708922672,46,76927920
634,543.6000,99,1980,2619,1767561492713410465,46,76927920
635,543.6000,99,1980,2619,1767561492717143604,46,76927920
636,513.5670,99,1980,2619,1767561492720954887,46,76927920
637,513.5670,99,1980,2619,1767561492728818541,46,76927920
638,513.5670,99,1980,2619,1767561492732561184,46,76927920
639,513.5670,99,1980,2619,1767561492736506899,46,76927920
640,513.5670,99,1980,2619,1767561492740596581,46,76955987
641,513.5670,99,1980,2619,1767561492758964040,46,76955987
642,513.5670,99,1980,2619,1767561492763238106,46,76955987
643,513.5670,99,1980,2619,1767561492770005315,45,76955987
644,513.5670,99,1980,2619,1767561492774070389,45,76955987
645,513.5670,99,1980,2619,1767561492778516390,45,76955987
646,513.5670,99,1980,2619,1767561492785569422,45,76955987
647,513.5670,99,1980,2619,1767561492792098296,45,76955987
648,513.5670,99,1980,2619,1767561492796154059,45,76955987
649,513.5670,99,1980,2619,1767561492800509116,45,76955987
650,513.5670,99,1980,2619,1767561492808403650,45,76955987
651,513.5670,99,1980,2619,1767561492812286485,45,76955987
652,513.5670,99,1980,2619,1767561492816921317,45,76955987
653,513.5670,99,1980,2619,1767561492820962168,45,76955987
654,513.5670,99,1980,2619,1767561492829186173,45,76955987
655,513.5670,99,1980,2619,1767561492833268911,45,76955987
656,493.9590,99,1980,2619,1767561492837216866,45,76955987
657,493.9590,99,1980,2619,1767561492842903950,45,77011091
658,493.9590,99,1980,2619,1767561492859051512,45,77011091
659,493.9590,99,1980,2619,1767561492862973739,45,77011091
660,493.9590,100,1980,2619,1767561492869371893,45,77011091
661,493.9590,100,1980,2619,1767561492873814182,45,77011091
662,493.9590,100,1980,2619,1767561492878407767,45,77011091
663,493.9590,100,1980,2619,1767561492885458752,45,77011091
664,493.9590,100,1980,2619,1767561492892129865,45,77011091
665,493.9590,100,1980,2619,1767561492896502939,46,77011091
666,493.9590,100,1980,2619,1767561492900724653,46,77011091
667,493.9590,100,1980,2619,1767561492908783666,46,77011091
668,493.9590,100,1980,2619,1767561492914107103,46,77011091
669,493.9590,100,1980,2619,1767561492919734092,46,77011091
670,493.9590,100,1980,2619,1767561492928583022,46,77011091
671,493.9590,100,1980,2619,1767561492933585342,46,77011091
672,493.9590,100,1980,2619,1767561492938918476,46,77011091
673,493.9590,100,1980,2619,1767561492944731385,46,77067474
674,493.9590,100,1980,2619,1767561492959168488,46,77067474
675,493.9590,100,1980,2619,1767561492963271931,46,77067474
676,483.7660,100,1980,2619,1767561492969862693,46,77067474
677,483.7660,100,1980,2619,1767561492973841527,46,77067474
678,483.7660,100,1980,2619,1767561492977758729,46,77067474
679,483.7660,100,1980,2619,1767561492985238640,46,77067474
680,483.7660,100,1980,2619,1767561492991774330,46,77067474
681,483.7660,100,1980,2619,1767561492995696077,46,77067474
682,483.7660,100,1980,2619,1767561492999791776,46,77067474
683,483.7660,100,1980,2619,1767561493007779557,46,77067474
684,483.7660,100,1980,2619,1767561493011532376,46,77067474
685,483.7660,100,1980,2619,1767561493015514955,46,77067474
686,483.7660,100,1980,2619,1767561493020000732,46,77067474
687,483.7660,100,1980,2619,1767561493028076833,46,77067474
688,483.7660,100,1980,2619,1767561493032377907,46,77067474
689,483.7660,100,1980,2619,1767561493036555269,46,77067474
690,483.7660,100,1980,2619,1767561493040802646,46,77119660
691,483.7660,100,1980,2619,1767561493058887065,46,77119660
692,483.7660,100,1980,2619,1767561493063277354,46,77119660
693,483.7660,100,1980,2619,1767561493070137908,46,77119660
694,483.7660,100,1980,2619,1767561493074911620,46,77119660
695,483.7660,100,1980,2619,1767561493079422805,46,77119660
696,483.7660,100,1980,2619,1767561493090195729,46,77119660
697,463.4790,100,1980,2619,1767561493094717953,46,77119660
698,463.4790,100,1980,2619,1767561493099298066,46,77119660
699,463.4790,100,1980,2619,1767561493103597956,46,77119660
700,463.4790,100,1980,2619,1767561493110450029,46,77119660
701,463.4790,100,1980,2619,1767561493114853534,46,77119660
702,463.4790,100,1980,2619,1767561493119238030,46,77119660
703,463.4790,100,1980,2619,1767561493127871058,46,77119660
704,463.4790,100,1980,2619,1767561493132139907,46,77119660
705,463.4790,100,1980,2619,1767561493136424021,46,77119660
706,463.4790,100,1980,2619,1767561493141000422,46,77180704
707,463.4790,100,1980,2619,1767561493158678923,46,77180704
708,463.4790,100,1980,2619,1767561493163628698,46,77180704
709,463.4790,100,1980,2619,1767561493170234308,46,77180704
710,463.4790,100,1980,2619,1767561493174972180,46,77180704
711,463.4790,100,1980,2619,1767561493179501029,46,77180704
712,463.4790,100,1980,2619,1767561493190331264,46,77180704
713,463.4790,100,1980,2619,1767561493195126608,46,77180704
714,463.4790,100,1980,2619,1767561493199948224,46,77180704
715,463.4790,100,1980,2619,1767561493208114821,46,77180704
716,460.0550,100,1980,2619,1767561493212839221,46,77180704
717,460.0550,100,1980,2619,1767561493217526725,46,77180704
718,460.0550,100,1980,2619,1767561493223066771,46,77180704
719,460.0550,100,1980,2619,1767561493229749532,46,77180704
720,460.0550,100,1980,2619,1767561493234395757,46,77180704
721,460.0550,100,1980,2619,1767561493239724955,46,77180704
722,460.0550,100,1980,2619,1767561493260058838,46,77248688
723,460.0550,100,1980,2619,1767561493268869753,46,77248688
724,460.0550,100,1980,2619,1767561493274658789,47,77248688
725,460.0550,100,1980,2619,1767561493280629425,47,77248688
726,460.0550,100,1980,2619,1767561493291184686,47,77248688
727,460.0550,100,1980,2619,1767561493297094170,47,77248688
728,460.0550,100,1980,2619,1767561493303375877,47,77248688
729,460.0550,100,1980,2619,1767561493310490862,47,77248688
730,460.0550,100,1980,2619,1767561493316416665,47,77248688
731,460.0550,100,1980,2619,1767561493328771119,47,77248688
732,460.0550,100,1980,2619,1767561493337057076,47,77248688
733,467.3980,100,1980,2619,1767561493343575102,47,77316027
734,467.3980,100,1980,2619,1767561493359820360,47,77316027
735,467.3980,100,1980,2619,1767561493368645258,47,77316027
736,467.3980,100,1980,2619,1767561493374333303,47,77316027
737,467.3980,100,1980,2619,1767561493379959205,47,77316027
738,467.3980,100,1980,2619,1767561493393033592,47,77316027
739,467.3980,100,1980,2619,1767561493401829466,48,77316027
740,467.3980,100,1980,2619,1767561493425668011,48,77316027
741,467.3980,100,1980,2619,1767561493440231546,48,77316027
742,467.3980,100,1980,2619,1767561493461232531,48,77386496
743,467.3980,100,1980,2619,1767561493469500119,48,77386496
744,469.3990,100,1980,2619,1767561493475030949,48,77386496
745,469.3990,100,1980,2619,1767561493480700338,48,77386496
746,469.3990,100,1980,2619,1767561493491303951,48,77386496
747,469.3990,100,1980,2619,1767561493497292859,48,77386496
748,469.3990,100,1980,2619,1767561493502581417,48,77386496
749,469.3990,100,1980,2619,1767561493509275283,48,77386496
750,469.3990,100,1980,2619,1767561493513362372,48,77386496
751,469.3990,100,1980,2619,1767561493517291447,48,77386496
752,469.3990,100,1980,2619,1767561493522786980,48,77386496
753,469.3990,100,1980,2619,1767561493529574798,48,77386496
754,469.3990,100,1980,2619,1767561493533915423,48,77386496
755,469.3990,100,1980,2619,1767561493538450160,48,77386496
756,469.3990,100,1980,2619,1767561493544670907,48,77451058
757,469.3990,100,1980,2619,1767561493559010955,48,77451058
758,469.3990,100,1980,2619,1767561493563196381,48,77451058
759,469.3990,100,1980,2619,1767561493569928743,48,77451058
760,469.3990,100,1980,2619,1767561493574952086,48,77451058
761,469.3990,100,1980,2619,1767561493580196357,48,77451058
762,469.3990,100,1980,2619,1767561493590830656,48,77451058
763,481.3050,100,1980,2619,1767561493596533357,48,77451058
764,481.3050,100,1980,2619,1767561493601953595,48,77451058
765,481.3050,100,1980,2619,1767561493610098208,48,77451058
766,481.3050,100,1980,2619,1767561493615320942,48,77451058
767,481.3050,100,1980,2619,1767561493620638204,48,77451058
768,481.3050,100,1980,2619,1767561493628600802,48,77451058
769,481.3050,100,1980,2619,1767561493633674161,48,77451058
770,481.3050,100,1980,2619,1767561493638526849,48,77451058
771,481.3050,100,1980,2619,1767561493643822383,48,77514802
772,481.3050,100,1980,2619,1767561493661730642,48,77514802
773,481.3050,100,1980,2619,1767561493670318645,48,77514802
774,481.3050,100,1980,2619,1767561493675242661,48,77514802
775,481.3050,100,1980,2619,1767561493679956533,48,77514802
776,481.3050,100,1980,2619,1767561493691247952,48,77514802
777,481.3050,100,1980,2619,1767561493697492859,48,77514802
778,481.3050,100,1980,2619,1767561493703641990,48,77514802
779,481.3050,100,1980,2619,1767561493710421935,48,77514802
780,481.3050,100,1980,2619,1767561493716188380,48,77514802
781,481.3050,100,1980,2619,1767561493723657730,48,77514802
782,506.1710,100,1980,2619,1767561493730422060,48,77514802
783,506.1710,100,1980,2619,1767561493736652951,48,77514802
784,506.1710,100,1980,2619,1767561493743614752,48,77582374
785,506.1710,100,1980,2619,1767561493760070025,48,77582374
786,506.1710,100,1980,2619,1767561493768800172,48,77582374
787,506.1710,100,1980,2619,1767561493776991056,48,77582374
788,506.1710,100,1980,2619,1767561493786613103,48,77582374
789,506.1710,100,1980,2619,1767561493794430645,48,77582374
790,506.1710,100,1980,2619,1767561493800361281,48,77582374
791,506.1710,100,1980,2619,1767561493808957252,48,77582374
792,506.1710,100,1980,2619,1767561493815028112,48,77582374
793,506.1710,100,1980,2619,1767561493820907260,48,77582374
794,506.1710,100,1980,2619,1767561493829061505,48,77582374
795,506.1710,100,1980,2619,1767561493835466316,48,77582374
796,530.8550,100,1980,2619,1767561493841262136,48,77651852
797,530.8550,100,1980,2619,1767561493859993337,48,77651852
798,530.8550,100,1980,2619,1767561493868425917,48,77651852
799,530.8550,100,1980,2619,1767561493873802987,48,77651852
800,530.8550,100,1980,2619,1767561493881132402,48,77651852
801,530.8550,100,1980,2619,1767561493891666607,48,77651852
802,530.8550,100,1980,2619,1767561493897097501,48,77651852
803,530.8550,100,1980,2619,1767561493903439496,48,77651852
804,530.8550,100,1980,2619,1767561493910249649,48,77651852
805,530.8550,100,1980,2619,1767561493915502912,48,77651852
806,530.8550,100,1980,2619,1767561493920740174,48,77651852
807,530.8550,100,1980,2619,1767561493928843506,48,77651852
808,530.8550,100,1980,2619,1767561493934511327,48,77651852
809,530.8550,100,1980,2619,1767561493939887981,48,77651852
810,530.8550,100,1980,2619,1767561493959878890,48,77721862
811,530.8550,100,1980,2619,1767561493968580589,48,77721862
812,545.7080,100,1980,2619,1767561493973933371,48,77721862
813,545.7080,100,1980,2619,1767561493979275113,48,77721862
814,545.7080,100,1980,2619,1767561493989916261,48,77721862
815,545.7080,100,1980,2619,1767561493995404498,48,77721862
816,545.7080,100,1980,2619,1767561494000137667,48,77721862
817,545.7080,100,1980,2619,1767561494008230024,48,77721862
818,545.7080,100,1980,2619,1767561494013047992,48,77721862
819,545.7080,100,1980,2619,1767561494017685320,48,77721862
820,545.7080,100,1980,2619,1767561494023088982,48,77721862
821,545.7080,100,1980,2619,1767561494029712928,48,77721862
822,545.7080,100,1980,2619,1767561494035687244,48,77721862
823,545.7080,100,1980,2619,1767561494041181786,48,77787915
824,545.7080,100,1980,2619,1767561494060185017,48,77787915
825,545.7080,100,1980,2619,1767561494068854588,48,77787915
826,545.7080,100,1980,2619,1767561494074513289,48,77787915
827,545.7080,100,1980,2619,1767561494080353110,48,77787915
828,545.7080,100,1980,2619,1767561494091251409,48,77787915
829,566.5070,100,1980,2619,1767561494099540086,48,77787915
830,566.5070,100,1980,2619,1767561494108714487,48,77787915
831,566.5070,100,1980,2619,1767561494114456772,48,77787915
832,566.5070,100,1980,2619,1767561494119877650,48,77787915
833,566.5070,100,1980,2619,1767561494128624083,48,77787915
834,566.5070,100,1980,2619,1767561494134088417,48,77787915
835,566.5070,100,1980,2619,1767561494139496143,48,77787915
836,566.5070,100,1980,2619,1767561494159563404,49,77858987
837,566.5070,100,1980,2619,1767561494168648462,49,77858987
838,566.5070,100,1980,2619,1767561494174368827,49,77858987
839,566.5070,100,1980,2619,1767561494180122791,49,77858987
840,566.5070,100,1980,2619,1767561494190965026,49,77858987
841,566.5070,100,1980,2619,1767561494196787055,49,77858987
842,566.5070,100,1980,2619,1767561494208642887,49,77858987
843,566.5070,100,1980,2619,1767561494214692339,49,77858987
844,568.8610,100,1980,2619,1767561494220366624,49,77858987
845,568.8610,100,1980,2619,1767561494228867396,49,77858987
846,568.8610,100,1980,2619,1767561494234492881,49,77858987
847,568.8610,100,1980,2619,1767561494241638457,49,77926559
848,568.8610,100,1980,2619,1767561494260720184,49,77926559
849,568.8610,100,1980,2619,1767561494268881085,49,77926559
850,568.8610,100,1980,2619,1767561494274521674,49,77926559
851,568.8610,100,1980,2619,1767561494280302679,49,77926559
852,568.8610,100,1980,2619,1767561494291420274,49,77926559
853,568.8610,100,1980,2619,1767561494298761625,49,77926559
854,568.8610,100,1980,2619,1767561494304229063,49,77926559
855,568.8610,100,1980,2619,1767561494312248172,49,77926559
856,568.8610,100,1980,2619,1767561494317977881,49,77926559
857,568.8610,100,1980,2619,1767561494328575764,49,77926559
858,568.8610,100,1980,2619,1767561494333594436,49,77926559
859,568.8610,100,1980,2619,1767561494339178417,49,77926559
860,569.9890,100,1980,2619,1767561494345149661,49,77996977
861,569.9890,100,1980,2619,1767561494360352874,49,77996977
862,569.9890,100,1980,2619,1767561494368731182,49,77996977
863,569.9890,100,1980,2619,1767561494373747774,49,77996977
864,569.9890,100,1980,2619,1767561494378789645,49,77996977
865,569.9890,100,1980,2619,1767561494386244436,49,77996977
866,569.9890,100,1980,2619,1767561494392962653,49,77996977
867,569.9890,100,1980,2619,1767561494398095915,49,77996977
868,569.9890,100,1980,2619,1767561494403341914,49,77996977
869,569.9890,100,1980,2619,1767561494410032867,49,77996977
870,569.9890,100,1980,2619,1767561494417995497,49,77996977
871,569.9890,100,1980,2619,1767561494423521654,49,77996977
872,569.9890,100,1980,2619,1767561494430256512,49,77996977
873,569.9890,100,1980,2619,1767561494435781229,49,77996977
874,569.9890,100,1980,2619,1767561494441264603,49,78063623
875,569.9890,100,1980,2619,1767561494459991163,49,78063623
876,569.9890,100,1980,2619,1767561494468466079,49,78063623
877,569.6440,100,1980,2619,1767561494473960845,49,78063623
878,569.6440,100,1980,2619,1767561494479667866,49,78063623
879,569.6440,100,1980,2619,1767561494490561397,49,78063623
880,569.6440,100,1980,2619,1767561494496565985,49,78063623
881,569.6440,100,1980,2619,1767561494503722729,49,78063623
882,569.6440,100,1980,2619,1767561494510685714,49,78063623
883,569.6440,100,1980,2619,1767561494516476927,49,78063623
884,569.6440,100,1980,2619,1767561494528758741,49,78063623
885,569.6440,100,1980,2619,1767561494534580705,49,78063623
886,569.6440,100,1980,2619,1767561494541359083,49,78132426
887,569.6440,100,1980,2619,1767561494558631665,49,78132426
888,569.6440,100,1980,2619,1767561494562948546,49,78132426
889,569.6440,100,1980,2619,1767561494569349837,49,78132426
890,569.6440,100,1980,2619,1767561494573499199,49,78132426
891,569.6440,100,1980,2619,1767561494577587954,49,78132426
892,569.6440,100,1980,2619,1767561494585479447,49,78132426
893,569.6440,100,1980,2619,1767561494592524831,49,78132426
894,574.1320,100,1980,2619,1767561494596813233,49,78132426
895,574.1320,100,1980,2619,1767561494600715619,49,78132426
896,574.1320,100,1980,2619,1767561494609804837,49,78132426
897,574.1320,100,1980,2619,1767561494615816849,49,78132426
898,574.1320,100,1980,2619,1767561494621641405,49,78132426
899,574.1320,100,1980,2619,1767561494629969122,49,78132426
900,574.1320,100,1980,2619,1767561494636133133,49,78132426
901,574.1320,100,1980,2619,1767561494641845050,48,78194019
902,574.1320,100,1980,2619,1767561494661313560,48,78194019
903,574.1320,100,1980,2619,1767561494669291165,48,78194019
904,574.1320,100,1980,2619,1767561494673607151,48,78194019
905,574.1320,100,1980,2619,1767561494677954240,48,78194019
906,574.1320,100,1980,2619,1767561494687118754,48,78194019
907,574.1320,100,1980,2619,1767561494693563116,48,78194019
908,574.1320,100,1980,2619,1767561494699394457,48,78194019
909,574.1320,100,1980,2619,1767561494708728378,48,78194019
910,574.1320,100,1980,2619,1767561494714634502,48,78194019
911,569.6180,100,1980,2619,1767561494719718357,48,78194019
912,569.6180,100,1980,2619,1767561494728864437,48,78194019
913,569.6180,100,1980,2619,1767561494737651384,48,78194019
914,569.6180,100,1980,2619,1767561494743833635,48,78260820
915,569.6180,100,1980,2619,1767561494760429068,48,78260820
916,569.6180,100,1980,2619,1767561494768785744,48,78260820
917,569.6180,100,1980,2619,1767561494773396064,49,78260820
918,569.6180,100,1980,2619,1767561494778490479,49,78260820
919,569.6180,100,1980,2619,1767561494786922483,49,78260820
920,569.6180,100,1980,2619,1767561494793835996,49,78260820
921,569.6180,100,1980,2619,1767561494797890318,49,78260820
922,569.6180,100,1980,2619,1767561494802610590,49,78260820
923,569.6180,100,1980,2619,1767561494809158152,49,78260820
924,569.6180,100,1980,2619,1767561494813003131,49,78260820
925,569.6180,100,1980,2619,1767561494817019886,49,78260820
926,569.6180,100,1980,2619,1767561494821121504,49,78260820
927,569.6180,100,1980,2619,1767561494829074021,49,78260820
928,569.6180,100,1980,2619,1767561494833383543,49,78260820
929,565.7230,100,1980,2619,1767561494838006728,49,78260820
930,565.7230,100,1980,2619,1767561494843800148,49,78327398
931,565.7230,100,1980,2619,1767561494859715839,49,78327398
932,565.7230,100,1980,2619,1767561494863685489,49,78327398
933,565.7230,100,1980,2619,1767561494870288347,49,78327398
934,565.7230,100,1980,2619,1767561494874351181,49,78327398
935,565.7230,100,1980,2619,1767561494878365440,49,78327398
936,565.7230,100,1980,2619,1767561494885382408,49,78327398
937,565.7230,100,1980,2619,1767561494891900531,49,78327398
938,565.7230,100,1980,2619,1767561494895992837,49,78327398
939,565.7230,100,1980,2619,1767561494900207863,49,78327398
940,565.7230,100,1980,2619,1767561494908122652,49,78327398
941,565.7230,100,1980,2619,1767561494912531758,49,78327398
942,565.7230,100,1980,2619,1767561494916525824,49,78327398
943,565.7230,100,1980,2619,1767561494920630994,49,78327398
944,565.7230,100,1980,2619,1767561494928787222,49,78327398
945,565.7230,100,1980,2619,1767561494932628649,49,78327398
946,565.7230,100,1980,2619,1767561494936841051,49,78327398
947,565.7230,100,1980,2619,1767561494942508744,49,78386018
948,565.7230,100,1980,2619,1767561494958507731,49,78386018
949,565.7230,100,1980,2619,1767561494962609189,49,78386018
950,556.0540,100,1980,2619,1767561494969198127,49,78386018
951,556.0540,100,1980,2619,1767561494973209314,49,78386018
952,556.0540,100,1980,2619,1767561494977158293,49,78386018
953,556.0540,100,1980,2619,1767561494985156122,49,78386018
954,556.0540,100,1980,2619,1767561494991712484,49,78386018
955,556.0540,100,1980,2619,1767561494995775126,49,78386018
956,556.0540,100,1980,2619,1767561494999929576,49,78386018
957,556.0540,100,1980,2619,1767561495007918605,49,78386018
958,556.0540,100,1980,2619,1767561495011665984,49,78386018
959,556.0540,100,1980,2619,1767561495015521844,48,78386018
960,556.0540,100,1980,2619,1767561495019472390,48,78386018
961,556.0540,100,1980,2619,1767561495023470809,48,78386018
962,556.0540,100,1980,2619,1767561495029968099,48,78386018
963,556.0540,100,1980,2619,1767561495034244725,48,78386018
964,556.0540,100,1980,2619,1767561495038093736,48,78386018
965,556.0540,100,1980,2619,1767561495043791957,48,78440144
966,556.0540,100,1980,2619,1767561495059394113,48,78440144
967,556.0540,100,1980,2619,1767561495063280660,48,78440144
968,556.0540,100,1980,2619,1767561495070098780,48,78440144
969,556.0540,100,1980,2619,1767561495073866512,48,78440144
970,556.0540,100,1980,2619,1767561495077709443,48,78440144
971,556.0540,100,1980,2619,1767561495082629266,48,78440144
972,556.0540,100,1980,2619,1767561495089265564,48,78440144
973,530.3530,100,1980,2619,1767561495093613646,48,78440144
974,530.3530,100,1980,2619,1767561495098055263,48,78440144
975,530.3530,100,1980,2619,1767561495103041678,48,78440144
976,530.3530,100,1980,2619,1767561495109651128,48,78440144
977,530.3530,100,1980,2619,1767561495114052233,48,78440144
978,530.3530,100,1980,2619,1767561495118417211,48,78440144
979,530.3530,100,1980,2619,1767561495122923851,48,78440144
980,530.3530,100,1980,2619,1767561495129788660,48,78440144
981,530.3530,100,1980,2619,1767561495135305505,48,78440144
982,530.3530,100,1980,2619,1767561495140994926,47,78490892
983,530.3530,100,1980,2619,1767561495158734547,47,78490892
984,530.3530,100,1980,2619,1767561495163515875,47,78490892
985,530.3530,100,1980,2619,1767561495170030541,47,78490892
986,530.3530,100,1980,2619,1767561495174055872,47,78490892
987,530.3530,100,1980,2619,1767561495178052435,47,78490892
988,530.3530,100,1980,2619,1767561495185133275,47,78490892
989,530.3530,100,1980,2619,1767561495191787684,47,78490892
990,530.3530,100,1980,2619,1767561495195701943,47,78490892
991,530.3530,100,1980,2619,1767561495199827113,47,78490892
992,530.3530,100,1980,2619,1767561495207927822,47,78490892
993,530.3530,100,1980,2619,1767561495211844961,47,78490892
994,521.7750,100,1980,2619,1767561495215803315,47,78490892
995,521.7750,100,1980,2619,1767561495219805798,47,78490892
996,521.7750,100,1980,2619,1767561495228590473,47,78490892
997,521.7750,100,1980,2619,1767561495233302233,47,78490892
998,521.7750,100,1980,2619,1767561495237978761,47,78490892
999,521.7750,100,1980,2619,1767561495243705142,47,78553217
1000,521.7750,100,1980,2619,1767561495260001728,47,78553217
1001,521.7750,100,1980,2619,1767561495268105476,47,78553217
1002,521.7750,100,1980,2619,1767561495272880532,48,78553217
1003,521.7750,100,1980,2619,1767561495277632708,48,78553217
1004,521.7750,100,1980,2619,1767561495285903592,48,78553217
1005,521.7750,100,1980,2619,1767561495292565874,48,78553217
1006,521.7750,100,1980,2619,1767561495297426466,48,78553217
1007,521.7750,100,1980,2619,1767561495303117679,48,78553217
1008,521.7750,100,1980,2619,1767561495309991736,48,78553217
1009,521.7750,100,1980,2619,1767561495315151719,48,78553217
1010,521.7750,100,1980,2619,1767561495320281077,48,78553217
1011,521.7750,100,1980,2619,1767561495331447216,48,78553217
1012,521.7750,100,1980,2619,1767561495335408354,48,78553217
1013,520.0320,100,1980,2619,1767561495340576337,48,78623029
1014,520.0320,100,1980,2619,1767561495358200694,48,78623029
1015,520.0320,100,1980,2619,1767561495362721895,48,78623029
1016,520.0320,100,1980,2619,1767561495369378320,48,78623029
1017,520.0320,100,1980,2619,1767561495373216068,48,78623029
1018,520.0320,100,1980,2619,1767561495377082935,48,78623029
1019,520.0320,100,1980,2619,1767561495382280965,48,78623029
1020,520.0320,100,1980,2619,1767561495391630502,48,78623029
1021,520.0320,100,1980,2619,1767561495395493945,49,78623029
1022,520.0320,100,1980,2619,1767561495399483691,49,78623029
1023,520.0320,100,1980,2619,1767561495403551805,49,78623029
1024,520.0320,100,1980,2619,1767561495410063623,49,78623029
1025,520.0320,100,1980,2619,1767561495413876123,49,78623029
1026,520.0320,100,1980,2619,1767561495417760046,49,78623029
1027,520.0320,100,1980,2619,1767561495422588766,49,78623029
1028,520.0320,100,1980,2619,1767561495429036968,49,78623029
1029,520.0320,100,1980,2619,1767561495432793340,49,78623029
1030,520.0320,100,1980,2619,1767561495436806606,49,78623029
1031,520.0320,100,1980,2619,1767561495441176256,49,78668766
1032,520.0320,100,1980,2619,1767561495458896932,49,78668766
1033,520.0320,100,1980,2619,1767561495467516647,49,78668766
1034,495.0390,100,1980,2619,1767561495471554969,49,78668766
1035,495.0390,100,1980,2619,1767561495475606475,49,78668766
1036,495.0390,100,1980,2619,1767561495479698334,49,78668766
1037,495.0390,100,1980,2619,1767561495486357032,49,78668766
1038,495.0390,100,1980,2619,1767561495492981137,49,78668766
1039,495.0390,100,1980,2619,1767561495497118628,49,78668766
1040,495.0390,100,1980,2619,1767561495502548754,49,78668766
1041,495.0390,100,1980,2619,1767561495509066076,49,78668766
1042,495.0390,100,1980,2619,1767561495513185646,48,78668766
1043,495.0390,100,1980,2619,1767561495517296000,48,78668766
1044,495.0390,100,1980,2619,1767561495522706574,48,78668766
1045,495.0390,100,1980,2619,1767561495529070361,48,78668766
1046,495.0390,100,1980,2619,1767561495533207851,48,78668766
1047,495.0390,100,1980,2619,1767561495537359004,48,78668766
1048,495.0390,100,1980,2619,1767561495542821034,48,78728983
1049,495.0390,100,1980,2619,1767561495558685525,48,78728983
1050,495.0390,100,1980,2619,1767561495562887015,48,78728983
1051,495.0390,100,1980,2619,1767561495569304658,48,78728983
1052,487.6060,100,1980,2619,1767561495573357412,48,78728983
1053,487.6060,100,1980,2619,1767561495577331255,48,78728983
1054,487.6060,100,1980,2619,1767561495585268924,48,78728983
1055,487.6060,100,1980,2619,1767561495591852902,48,78728983
1056,487.6060,100,1980,2619,1767561495595932536,48,78728983
1057,487.6060,100,1980,2619,1767561495600134601,48,78728983
1058,487.6060,100,1980,2619,1767561495608963180,48,78728983
1059,487.6060,100,1980,2619,1767561495614063355,48,78728983
1060,487.6060,100,1980,2619,1767561495618817707,48,78728983
1061,487.6060,100,1980,2619,1767561495623632891,48,78728983
1062,487.6060,100,1980,2619,1767561495630451492,48,78728983
1063,487.6060,100,1980,2619,1767561495636633360,48,78728983
1064,487.6060,100,1980,2619,1767561495641468191,48,78791270
1065,487.6060,100,1980,2619,1767561495661249885,48,78791270
1066,487.6060,100,1980,2619,1767561495669264577,48,78791270
1067,487.6060,100,1980,2619,1767561495675540109,48,78791270
1068,487.6060,100,1980,2619,1767561495680104925,48,78791270
1069,487.6060,100,1980,2619,1767561495690914457,48,78791270
1070,487.6060,100,1980,2619,1767561495696493319,48,78791270
1071,492.6760,100,1980,2619,1767561495701426934,48,78791270
1072,492.6760,100,1980,2619,1767561495709531099,48,78791270
1073,492.6760,100,1980,2619,1767561495714596426,48,78791270
1074,492.6760,100,1980,2619,1767561495719649305,48,78791270
1075,492.6760,100,1980,2619,1767561495728187133,48,78791270
1076,492.6760,100,1980,2619,1767561495733161068,48,78791270
1077,492.6760,100,1980,2619,1767561495738052603,48,78791270
1078,492.6760,100,1980,2619,1767561495743643912,48,78862570
1079,492.6760,100,1980,2619,1767561495759596915,49,78862570
1080,492.6760,100,1980,2619,1767561495770649998,49,78862570
1081,492.6760,100,1980,2619,1767561495778072597,49,78862570
1082,492.6760,100,1980,2619,1767561495802793922,49,78862570
1083,492.6760,100,1980,2619,1767561495816126581,49,78862570
1084,494.6060,100,1980,2619,1767561495820145159,49,78862570
1085,494.6060,100,1980,2619,1767561495828261260,49,78862570
1086,494.6060,100,1980,2619,1767561495832082816,49,78862570
1087,494.6060,100,1980,2619,1767561495836339217,49,78862570
1088,494.6060,100,1980,2619,1767561495840657603,49,78929040
1089,494.6060,100,1980,2619,1767561495859475236,49,78929040
1090,494.6060,100,1980,2619,1767561495868162918,49,78929040
1091,494.6060,100,1980,2619,1767561495872967830,49,78929040
1092,494.6060,100,1980,2619,1767561495877805286,49,78929040
1093,494.6060,100,1980,2619,1767561495886035050,49,78929040
1094,494.6060,100,1980,2619,1767561495893840368,49,78929040
1095,494.6060,100,1980,2619,1767561495898491809,49,78929040
1096,494.6060,100,1980,2619,1767561495902888882,49,78929040
1097,494.6060,100,1980,2619,1767561495909856603,49,78929040
1098,494.6060,100,1980,2619,1767561495914616363,49,78929040
1099,494.6060,100,1980,2619,1767561495919203932,49,78929040
1100,494.6060,100,1980,2619,1767561495923842508,49,78929040
1101,494.6060,100,1980,2619,1767561495930295895,49,78929040
1102,494.6060,100,1980,2619,1767561495935880483,49,78929040
1103,502.9960,100,1980,2619,1767561495941258161,49,78998472
1104,502.9960,100,1980,2619,1767561495959091349,49,78998472
1105,502.9960,100,1980,2619,1767561495964105733,49,78998472
1106,502.9960,100,1980,2619,1767561495970702639,49,78998472
1107,502.9960,100,1980,2619,1767561495975836413,49,78998472
1108,502.9960,100,1980,2619,1767561495981043340,49,78998472
1109,502.9960,100,1980,2619,1767561495991404841,49,78998472
1110,502.9960,100,1980,2619,1767561495998246579,49,78998472
1111,502.9960,100,1980,2619,1767561496003205154,49,78998472
1112,502.9960,100,1980,2619,1767561496009880107,49,78998472
1113,502.9960,100,1980,2619,1767561496014808570,49,78998472
1114,502.9960,100,1980,2619,1767561496019860553,49,78998472
1115,502.9960,100,1980,2619,1767561496028360717,49,78998472
1116,502.9960,100,1980,2619,1767561496033512828,49,78998472
1117,502.9960,100,1980,2619,1767561496038469931,49,78998472
1118,502.9960,100,1980,2619,1767561496044024089,49,79070956
1119,502.9960,100,1980,2619,1767561496060297986,49,79070956
1120,502.9960,100,1980,2619,1767561496068368678,49,79070956
1121,520.9710,100,1980,2619,1767561496073102006,49,79070956
1122,520.9710,100,1980,2619,1767561496077724775,49,79070956
1123,520.9710,100,1980,2619,1767561496085839020,49,79070956
1124,520.9710,100,1980,2619,1767561496092469174,49,79070956
1125,520.9710,100,1980,2619,1767561496097133094,49,79070956
1126,520.9710,100,1980,2619,1767561496103450929,49,79070956
1127,520.9710,100,1980,2619,1767561496109977019,49,79070956
1128,520.9710,100,1980,2619,1767561496115026730,49,79070956
1129,520.9710,100,1980,2619,1767561496119762235,50,79070956
1130,520.9710,100,1980,2619,1767561496128250750,50,79070956
1131,520.9710,100,1980,2619,1767561496132955886,50,79070956
1132,520.9710,100,1980,2619,1767561496138846362,50,79070956
1133,520.9710,100,1980,2619,1767561496145067493,50,79141398
1134,520.9710,100,1980,2619,1767561496159976883,50,79141398
1135,520.9710,100,1980,2619,1767561496168200312,50,79141398
1136,520.9710,100,1980,2619,1767561496173074887,50,79141398
1137,520.9710,100,1980,2619,1767561496178019575,50,79141398
1138,520.9710,100,1980,2619,1767561496186348347,50,79141398
1139,520.9710,100,1980,2619,1767561496192927045,50,79141398
1140,540.9280,100,1980,2619,1767561496197751509,50,79141398
1141,540.9280,100,1980,2619,1767561496203239842,50,79141398
1142,540.9280,100,1980,2619,1767561496210000011,50,79141398
1143,540.9280,100,1980,2619,1767561496214876475,50,79141398
1144,540.9280,100,1980,2619,1767561496219952618,50,79141398
1145,540.9280,100,1980,2619,1767561496228388686,50,79141398
1146,540.9280,100,1980,2619,1767561496233371421,50,79141398
1147,540.9280,100,1980,2619,1767561496238418732,50,79141398
1148,540.9280,100,1980,2619,1767561496243960890,50,79212745
1149,540.9280,100,1980,2619,1767561496260436323,50,79212745
1150,540.9280,100,1980,2619,1767561496268532136,50,79212745
1151,540.9280,100,1980,2619,1767561496273443031,50,79212745
1152,540.9280,100,1980,2619,1767561496278249414,50,79212745
1153,540.9280,100,1980,2619,1767561496285942412,50,79212745
1154,540.9280,100,1980,2619,1767561496292525942,50,79212745
1155,540.9280,100,1980,2619,1767561496297317638,50,79212745
1156,540.9280,100,1980,2619,1767561496303173299,50,79212745
1157,540.9280,100,1980,2619,1767561496309813149,50,79212745
1158,540.9280,100,1980,2619,1767561496316619238,50,79212745
1159,549.9450,100,1980,2619,1767561496321557749,50,79212745
1160,549.9450,100,1980,2619,1767561496333617261,50,79212745
1161,549.9450,100,1980,2619,1767561496338619099,50,79212745
1162,549.9450,100,1980,2619,1767561496344501256,50,79284477
1163,549.9450,100,1980,2619,1767561496360041044,50,79284477
1164,549.9450,100,1980,2619,1767561496368223833,50,79284477
1165,549.9450,100,1980,2619,1767561496373035336,50,79284477
1166,549.9450,100,1980,2619,1767561496377894968,50,79284477
1167,549.9450,100,1980,2619,1767561496385695550,50,79284477
1168,549.9450,100,1980,2619,1767561496392730663,50,79284477
1169,549.9450,100,1980,2619,1767561496397619254,50,79284477
1170,549.9450,100,1980,2619,1767561496402942980,50,79284477
1171,549.9450,100,1980,2619,1767561496409611021,50,79284477
1172,549.9450,100,1980,2619,1767561496414318749,50,79284477
1173,549.9450,100,1980,2619,1767561496420405833,50,79284477
1174,549.9450,100,1980,2619,1767561496428496014,50,79284477
1175,549.9450,100,1980,2619,1767561496433155199,50,79284477
1176,549.9450,100,1980,2619,1767561496438104718,50,79284477
1177,572.0280,100,1980,2619,1767561496443662876,50,79354499
1178,572.0280,100,1980,2619,1767561496459819910,50,79354499
1179,572.0280,100,1980,2619,1767561496468300553,50,79354499
1180,572.0280,100,1980,2619,1767561496472830330,50,79354499
1181,572.0280,100,1980,2619,1767561496477341194,50,79354499
1182,572.0280,100,1980,2619,1767561496485878093,50,79354499
1183,572.0280,100,1980,2619,1767561496492597079,50,79354499
1184,572.0280,100,1980,2619,1767561496497169864,50,79354499
1185,572.0280,100,1980,2619,1767561496502995700,50,79354499
1186,572.0280,100,1980,2619,1767561496509653566,50,79354499
1187,572.0280,100,1980,2619,1767561496515547370,50,79354499
1188,572.0280,100,1980,2619,1767561496520595226,50,79354499
1189,572.0280,100,1980,2619,1767561496528626943,50,79354499
1190,572.0280,100,1980,2619,1767561496533612686,50,79354499
1191,572.0280,100,1980,2619,1767561496538749212,50,79354499
1192,572.0280,100,1980,2619,1767561496544642568,50,79424607
1193,572.0280,100,1980,2619,1767561496559897397,50,79424607
1194,572.0280,100,1980,2619,1767561496568187449,50,79424607
1195,586.5850,100,1980,2619,1767561496573187433,50,79424607
1196,586.5850,100,1980,2619,1767561496578151448,50,79424607
1197,586.5850,100,1980,2619,1767561496586046206,50,79424607
1198,586.5850,100,1980,2619,1767561496592693416,50,79424607
1199,586.5850,100,1980,2619,1767561496597810071,50,79424607
1200,586.5850,100,1980,2619,1767561496603152676,50,79424607
1201,586.5850,100,1980,2619,1767561496609936909,50,79424607
1202,586.5850,100,1980,2619,1767561496615323419,50,79424607
1203,586.5850,100,1980,2619,1767561496620148555,50,79424607
1204,586.5850,100,1980,2619,1767561496628133808,50,79424607
1205,586.5850,100,1980,2619,1767561496634114812,50,79424607
1206,586.5850,100,1980,2619,1767561496640801190,50,79495035
1207,586.5850,100,1980,2619,1767561496659978470,50,79495035
1208,586.5850,100,1980,2619,1767561496667926507,50,79495035
1209,586.5850,100,1980,2619,1767561496671944894,50,79495035
1210,586.5850,100,1980,2619,1767561496676060303,50,79495035
1211,586.5850,100,1980,2619,1767561496680147393,50,79495035
1212,586.5850,100,1980,2619,1767561496690330975,50,79495035
1213,590.7130,100,1980,2619,1767561496694070387,50,79495035
1214,590.7130,100,1980,2619,1767561496698027014,50,79495035
1215,590.7130,100,1980,2619,1767561496702634614,50,79495035
1216,590.7130,100,1980,2619,1767561496709266944,50,79495035
1217,590.7130,100,1980,2619,1767561496714186800,50,79495035
1218,590.7130,100,1980,2619,1767561496719145599,50,79495035
1219,590.7130,100,1980,2619,1767561496724114287,50,79495035
1220,590.7130,100,1980,2619,1767561496730686777,50,79495035
1221,590.7130,100,1980,2619,1767561496737673505,49,79495035
1222,590.7130,100,1980,2619,1767561496743289998,49,79555312
1223,590.7130,100,1980,2619,1767561496759683927,49,79555312
1224,590.7130,100,1980,2619,1767561496768189082,49,79555312
1225,590.7130,100,1980,2619,1767561496773165482,49,79555312
1226,590.7130,100,1980,2619,1767561496777975770,49,79555312
1227,590.7130,100,1980,2619,1767561496785569344,49,79555312
1228,590.7130,100,1980,2619,1767561496791940203,49,79555312
1229,590.7130,100,1980,2619,1767561496796124221,49,79555312
1230,590.7130,100,1980,2619,1767561496800493742,49,79555312
1231,590.7130,100,1980,2619,1767561496808455955,49,79555312
1232,590.7130,100,1980,2619,1767561496812643461,49,79555312
1233,582.0860,100,1980,2619,1767561496817078518,49,79555312
1234,582.0860,100,1980,2619,1767561496823248705,49,79555312
1235,582.0860,100,1980,2619,1767561496829801995,49,79555312
1236,582.0860,100,1980,2619,1767561496835108474,49,79555312
1237,582.0860,100,1980,2619,1767561496843271871,49,79623984
1238,582.0860,100,1980,2619,1767561496860189286,49,79623984
1239,582.0860,100,1980,2619,1767561496868196491,49,79623984
1240,582.0860,100,1980,2619,1767561496873022363,50,79623984
1241,582.0860,100,1980,2619,1767561496877843530,50,79623984
1242,582.0860,100,1980,2619,1767561496886662093,50,79623984
1243,582.0860,100,1980,2619,1767561496893575253,50,79623984
1244,582.0860,100,1980,2619,1767561496899055843,50,79623984
1245,582.0860,100,1980,2619,1767561496904385521,50,79623984
1246,582.0860,100,1980,2619,1767561496910937915,50,79623984
1247,582.0860,100,1980,2619,1767561496916570633,50,79623984
1248,582.0860,100,1980,2619,1767561496921308409,50,79623984
1249,582.0860,100,1980,2619,1767561496930363195,50,79623984
1250,582.0860,100,1980,2619,1767561496935850184,50,79623984
1251,582.0860,100,1980,2619,1767561496940794072,50,79694802
1252,585.8410,100,1980,2619,1767561496959106362,50,79694802
1253,585.8410,100,1980,2619,1767561496963145420,50,79694802
1254,585.8410,100,1980,2619,1767561496969842582,50,79694802
1255,585.8410,100,1980,2619,1767561496973912616,50,79694802
1256,585.8410,100,1980,2619,1767561496977967899,50,79694802
1257,585.8410,100,1980,2619,1767561496985395746,50,79694802
1258,585.8410,100,1980,2619,1767561496991840204,50,79694802
1259,585.8410,100,1980,2619,1767561496995866303,50,79694802
1260,585.8410,100,1980,2619,1767561496999967313,50,79694802
1261,585.8410,100,1980,2619,1767561497007982262,50,79694802
1262,585.8410,100,1980,2619,1767561497012337319,50,79694802
1263,585.8410,100,1980,2619,1767561497016403033,50,79694802
1264,585.8410,100,1980,2619,1767561497020503371,50,79694802
1265,585.8410,100,1980,2619,1767561497028558928,50,79694802
1266,585.8410,100,1980,2619,1767561497032375908,50,79694802
1267,585.8410,100,1980,2619,1767561497036571414,50,79694802
1268,585.8410,100,1980,2619,1767561497040827400,50,79758101
1269,585.8410,100,1980,2619,1767561497059031403,50,79758101
1270,585.8410,100,1980,2619,1767561497067525518,50,79758101
1271,574.6480,100,1980,2619,1767561497071577409,50,79758101
1272,574.6480,100,1980,2619,1767561497075613779,50,79758101
1273,574.6480,100,1980,2619,1767561497079724037,50,79758101
1274,574.6480,100,1980,2619,1767561497089961890,50,79758101
1275,574.6480,100,1980,2619,1767561497093837429,50,79758101
1276,574.6480,100,1980,2619,1767561497097892968,50,79758101
1277,574.6480,100,1980,2619,1767561497102646136,50,79758101
1278,574.6480,100,1980,2619,1767561497109219010,50,79758101
1279,574.6480,100,1980,2619,1767561497113277173,50,79758101
1280,574.6480,100,1980,2619,1767561497117062856,50,79758101
1281,574.6480,100,1980,2619,1767561497121194938,49,79758101
1282,574.6480,100,1980,2619,1767561497129199231,49,79758101
1283,574.6480,100,1980,2619,1767561497133279218,49,79758101
1284,574.6480,100,1980,2619,1767561497137613795,49,79758101
1285,574.6480,100,1980,2619,1767561497143328528,49,79817685
1286,574.6480,100,1980,2619,1767561497159134426,49,79817685
1287,574.6480,100,1980,2619,1767561497163120237,49,79817685
1288,574.6480,100,1980,2619,1767561497169705495,49,79817685
1289,574.6480,100,1980,2619,1767561497173652810,49,79817685
1290,574.6480,100,1980,2619,1767561497177566813,49,79817685
1291,574.6480,100,1980,2619,1767561497184914660,49,79817685
1292,574.6480,100,1980,2619,1767561497191534510,49,79817685
1293,559.7280,100,1980,2619,1767561497195346977,49,79817685
1294,559.7280,100,1980,2619,1767561497199331860,49,79817685
1295,559.7280,100,1980,2619,1767561497203387847,49,79817685
1296,559.7280,100,1980,2619,1767561497209835121,49,79817685
1297,559.7280,100,1980,2619,1767561497213686980,49,79817685
1298,559.7280,100,1980,2619,1767561497217515542,49,79817685
1299,559.7280,100,1980,2619,1767561497222600901,49,79817685
1300,559.7280,100,1980,2619,1767561497229038384,49,79817685
1301,559.7280,100,1980,2619,1767561497232899651,49,79817685
1302,559.7280,100,1980,2619,1767561497236618934,49,79817685
1303,559.7280,100,1980,2619,1767561497240994792,49,79864902
1304,559.7280,100,1980,2619,1767561497259445994,49,79864902
1305,559.7280,100,1980,2619,1767561497268142989,49,79864902
1306,559.7280,100,1980,2619,1767561497274405912,49,79864902
1307,559.7280,100,1980,2619,1767561497279097319,49,79864902
1308,559.7280,100,1980,2619,1767561497285963345,49,79864902
1309,559.7280,100,1980,2619,1767561497292793274,49,79864902
1310,559.7280,100,1980,2619,1767561497297710217,49,79864902
1311,559.7280,100,1980,2619,1767561497303114039,49,79864902
1312,559.7280,100,1980,2619,1767561497309785473,49,79864902
1313,559.7280,100,1980,2619,1767561497314513521,49,79864902
1314,537.1690,100,1980,2619,1767561497318680003,49,79864902
1315,537.1690,100,1980,2619,1767561497322807382,49,79864902
1316,537.1690,100,1980,2619,1767561497331722584,49,79864902
1317,537.1690,100,1980,2619,1767561497335858026,49,79864902
1318,537.1690,100,1980,2619,1767561497340634490,49,79927654
1319,537.1690,100,1980,2619,1767561497358193886,49,79927654
1320,537.1690,100,1980,2619,1767561497362558928,49,79927654
1321,537.1690,100,1980,2619,1767561497369182650,49,79927654
1322,537.1690,100,1980,2619,1767561497373099021,49,79927654
1323,537.1690,100,1980,2619,1767561497377621085,49,79927654
1324,537.1690,100,1980,2619,1767561497385787586,49,79927654
1325,537.1690,100,1980,2619,1767561497392244077,49,79927654
1326,537.1690,100,1980,2619,1767561497396593854,49,79927654
1327,537.1690,100,1980,2619,1767561497401090127,49,79927654
1328,537.1690,100,1980,2619,1767561497409081940,49,79927654
1329,537.1690,100,1980,2619,1767561497413758116,49,79927654
1330,537.1690,100,1980,2619,1767561497418126197,49,79927654
1331,537.1690,100,1980,2619,1767561497423116964,49,79927654
1332,537.1690,100,1980,2619,1767561497429706670,49,79927654
1333,537.1690,100,1980,2619,1767561497435120444,49,79927654
1334,528.2370,100,1980,2619,1767561497441068648,49,79989224
1335,528.2370,100,1980,2619,1767561497459770026,49,79989224
1336,528.2370,100,1980,2619,1767561497468099246,49,79989224
1337,528.2370,100,1980,2619,1767561497472995550,49,79989224
1338,528.2370,100,1980,2619,1767561497477938445,49,79989224
1339,528.2370,100,1980,2619,1767561497489807301,49,79989224
1340,528.2370,100,1980,2619,1767561497495150899,49,79989224
1341,528.2370,100,1980,2619,1767561497500234850,50,79989224
1342,528.2370,100,1980,2619,1767561497507544649,50,79989224
1343,528.2370,100,1980,2619,1767561497511391965,50,79989224
1344,528.2370,100,1980,2619,1767561497515728398,50,79989224
1345,528.2370,100,1980,2619,1767561497519638305,50,79989224
1346,528.2370,100,1980,2619,1767561497523695891,50,79989224
1347,528.2370,100,1980,2619,1767561497530190206,50,79989224
1348,528.2370,100,1980,2619,1767561497534091409,50,79989224
1349,528.2370,100,1980,2619,1767561497537765668,50,79989224
1350,528.2370,100,1980,2619,1767561497543539985,50,80056327
1351,528.2370,100,1980,2619,1767561497559066844,50,80056327
1352,528.2370,100,1980,2619,1767561497562990383,50,80056327
1353,522.8310,100,1980,2619,1767561497569630809,50,80056327
1354,522.8310,100,1980,2619,1767561497573476268,50,80056327
1355,522.8310,100,1980,2619,1767561497577332863,50,80056327
1356,522.8310,100,1980,2619,1767561497585103109,50,80056327
1357,522.8310,100,1980,2619,1767561497591976398,50,80056327
1358,522.8310,100,1980,2619,1767561497595918561,50,80056327
1359,522.8310,100,1980,2619,1767561497599907924,50,80056327
1360,522.8310,100,1980,2619,1767561497607896569,50,80056327
1361,522.8310,100,1980,2619,1767561497611542413,50,80056327
1362,522.8310,100,1980,2619,1767561497615280960,48,80056327
1363,522.8310,100,1980,2619,1767561497619260146,48,80056327
1364,522.8310,100,1980,2619,1767561497623286053,48,80056327
1365,522.8310,100,1980,2619,1767561497629802735,48,80056327
1366,522.8310,100,1980,2619,1767561497633983873,48,80056327
1367,522.8310,100,1980,2619,1767561497637878100,48,80056327
1368,522.8310,100,1980,2619,1767561497643353154,48,80101126
1369,522.8310,100,1980,2619,1767561497661133798,48,80101126
1370,522.8310,100,1980,2619,1767561497668999724,48,80101126
1371,522.8310,100,1980,2619,1767561497672881215,48,80101126
1372,522.8310,100,1980,2619,1767561497676699186,48,80101126
1373,522.8310,100,1980,2619,1767561497681389890,48,80101126
1374,522.8310,100,1980,2619,1767561497690928930,48,80101126
1375,491.2650,100,1980,2619,1767561497695373907,48,80101126
1376,491.2650,100,1980,2619,1767561497699394149,48,80101126
1377,491.2650,100,1980,2619,1767561497703391096,48,80101126
1378,491.2650,100,1980,2619,1767561497709835075,48,80101126
1379,491.2650,100,1980,2619,1767561497713746230,48,80101126
1380,491.2650,100,1980,2619,1767561497717570825,48,80101126
1381,491.2650,100,1980,2619,1767561497722603576,48,80101126
1382,491.2650,100,1980,2619,1767561497731392187,48,80101126
1383,491.2650,100,1980,2619,1767561497737357095,48,80101126
1384,491.2650,100,1980,2619,1767561497755103306,48,80145070
1385,491.2650,100,1980,2619,1767561497776635170,48,80145070
1386,491.2650,100,1980,2619,1767561497785655524,48,80145070
1387,491.2650,100,1980,2619,1767561497793015820,48,80145070
1388,491.2650,100,1980,2619,1767561497797496285,48,80145070
1389,491.2650,100,1980,2619,1767561497802488716,48,80145070
1390,471.8710,100,1980,2619,1767561497809122294,48,80145070
1391,471.8710,100,1980,2619,1767561497813020457,48,80145070
1392,471.8710,100,1980,2619,1767561497816853275,48,80145070
1393,471.8710,100,1980,2619,1767561497820834478,48,80145070
1394,471.8710,100,1980,2619,1767561497828638548,48,80145070
1395,471.8710,100,1980,2619,1767561497832507815,48,80145070
1396,471.8710,100,1980,2619,1767561497836515993,48,80145070
1397,471.8710,100,1980,2619,1767561497840836395,48,80188732
1398,471.8710,100,1980,2619,1767561497858961678,48,80188732
1399,471.8710,100,1980,2619,1767561497863221376,47,80188732
1400,471.8710,100,1980,2619,1767561497869800522,47,80188732
1401,471.8710,100,1980,2619,1767561497873842429,47,80188732
1402,471.8710,100,1980,2619,1767561497877878799,47,80188732
1403,471.8710,100,1980,2619,1767561497882888670,47,80188732
1404,471.8710,100,1980,2619,1767561497889471239,47,80188732
1405,471.8710,100,1980,2619,1767561497893378074,47,80188732
1406,471.8710,100,1980,2619,1767561497897324333,47,80188732
1407,471.8710,100,1980,2619,1767561497902494044,47,80188732
1408,471.8710,100,1980,2619,1767561497909129542,47,80188732
1409,471.8710,100,1980,2619,1767561497913115192,47,80188732
1410,471.8710,100,1980,2619,1767561497917104299,47,80188732
1411,450.9960,100,1980,2619,1767561497921216829,47,80188732
1412,450.9960,100,1980,2619,1767561497929244547,47,80188732
1413,450.9960,100,1980,2619,1767561497933240533,47,80188732
1414,450.9960,100,1980,2619,1767561497936958409,47,80188732
1415,450.9960,100,1980,2619,1767561497941207707,47,80248764
1416,450.9960,100,1980,2619,1767561497958466112,47,80248764
1417,450.9960,100,1980,2619,1767561497962529074,47,80248764
1418,450.9960,100,1980,2619,1767561497969256732,48,80248764
1419,450.9960,100,1980,2619,1767561497973296750,48,80248764
1420,450.9960,100,1980,2619,1767561497977288481,48,80248764
1421,450.9960,100,1980,2619,1767561497985239015,48,80248764
1422,450.9960,100,1980,2619,1767561497991893200,48,80248764
1423,450.9960,100,1980,2619,1767561497995904931,48,80248764
1424,450.9960,100,1980,2619,1767561497999986421,48,80248764
1425,450.9960,100,1980,2619,1767561498007990843,48,80248764
1426,450.9960,100,1980,2619,1767561498011877709,48,80248764
1427,450.9960,100,1980,2619,1767561498015894719,48,80248764
1428,450.9960,100,1980,2619,1767561498020020593,48,80248764
1429,450.9960,100,1980,2619,1767561498027998551,48,80248764
1430,450.9960,100,1980,2619,1767561498032023433,48,80248764
1431,447.6070,100,1980,2619,1767561498036091644,48,80248764
1432,447.6070,100,1980,2619,1767561498040554829,48,80310491
1433,447.6070,100,1980,2619,1767561498058453041,48,80310491
1434,447.6070,100,1980,2619,1767561498062504067,48,80310491
1435,447.6070,100,1980,2619,1767561498069206605,48,80310491
1436,447.6070,100,1980,2619,1767561498073266880,48,80310491
1437,447.6070,100,1980,2619,1767561498077336882,48,80310491
1438,447.6070,100,1980,2619,1767561498085265463,48,80310491
1439,447.6070,100,1980,2619,1767561498091716801,48,80310491
1440,447.6070,100,1980,2619,1767561498095850835,49,80310491
1441,447.6070,100,1980,2619,1767561498100012837,49,80310491
1442,447.6070,100,1980,2619,1767561498108100810,49,80310491
1443,447.6070,100,1980,2619,1767561498113338553,49,80310491
1444,447.6070,100,1980,2619,1767561498117407627,49,80310491
1445,447.6070,100,1980,2619,1767561498122671737,49,80310491
1446,447.6070,100,1980,2619,1767561498129280643,49,80310491
1447,447.6070,100,1980,2619,1767561498133145718,49,80310491
1448,447.6070,100,1980,2619,1767561498137194313,49,80310491
1449,447.6070,100,1980,2619,1767561498142748854,49,80373617
1450,447.6070,100,1980,2619,1767561498158663360,49,80373617
1451,447.6070,100,1980,2619,1767561498162684851,49,80373617
1452,452.0240,100,1980,2619,1767561498169339388,49,80373617
1453,452.0240,100,1980,2619,1767561498173453231,49,80373617
1454,452.0240,100,1980,2619,1767561498177519041,49,80373617
1455,452.0240,100,1980,2619,1767561498185302791,49,80373617
1456,452.0240,100,1980,2619,1767561498191884113,49,80373617
1457,452.0240,100,1980,2619,1767561498195928228,49,80373617
1458,452.0240,100,1980,2619,1767561498199977334,49,80373617
1459,452.0240,100,1980,2619,1767561498208064475,49,80373617
1460,452.0240,100,1980,2619,1767561498211854958,49,80373617
1461,452.0240,100,1980,2619,1767561498216636382,49,80373617
1462,452.0240,100,1980,2619,1767561498220687216,49,80373617
1463,452.0240,100,1980,2619,1767561498228675253,49,80373617
1464,452.0240,100,1980,2619,1767561498233112134,49,80373617
1465,452.0240,100,1980,2619,1767561498237082297,49,80373617
1466,452.0240,100,1980,2619,1767561498241331979,49,80434253
1467,452.0240,100,1980,2619,1767561498258994320,49,80434253
1468,452.0240,100,1980,2619,1767561498262949923,49,80434253
1469,452.0240,100,1980,2619,1767561498269582765,49,80434253
1470,452.0240,100,1980,2619,1767561498273689247,49,80434253
1471,452.0240,100,1980,2619,1767561498277791249,49,80434253
1472,452.0240,100,1980,2619,1767561498285159224,49,80434253
1473,452.0240,100,1980,2619,1767561498291919713,49,80434253
1474,467.5280,100,1980,2619,1767561498295687892,49,80434253
1475,467.5280,100,1980,2619,1767561498299854758,49,80434253
1476,467.5280,100,1980,2619,1767561498307873356,49,80434253
1477,467.5280,100,1980,2619,1767561498311686239,49,80434253
1478,467.5280,100,1980,2619,1767561498315738129,49,80434253
1479,467.5280,100,1980,2619,1767561498320446050,49,80434253
1480,467.5280,100,1980,2619,1767561498328441543,49,80434253
1481,467.5280,100,1980,2619,1767561498335286992,49,80434253
1482,467.5280,100,1980,2619,1767561498341106205,49,80492659
1483,467.5280,100,1980,2619,1767561498361544695,49,80492659
1484,467.5280,100,1980,2619,1767561498391358676,49,80492659
1485,467.5280,100,1980,2619,1767561498400616277,49,80492659
1486,467.5280,100,1980,2619,1767561498409349848,49,80492659
1487,467.5280,100,1980,2619,1767561498414338855,49,80492659
1488,467.5280,100,1980,2619,1767561498419684053,49,80492659
1489,468.6930,100,1980,2619,1767561498428509559,49,80492659
1490,468.6930,100,1980,2619,1767561498433363366,49,80492659
1491,468.6930,100,1980,2619,1767561498438250710,49,80492659
1492,468.6930,100,1980,2619,1767561498443824259,49,80564913
1493,468.6930,100,1980,2619,1767561498459876910,49,80564913
1494,468.6930,100,1980,2619,1767561498467962707,49,80564913
1495,468.6930,100,1980,2619,1767561498472372132,50,80564913
1496,468.6930,100,1980,2619,1767561498476787733,50,80564913
1497,468.6930,100,1980,2619,1767561498482784385,50,80564913
1498,468.6930,100,1980,2619,1767561498492279425,50,80564913
1499,468.6930,100,1980,2619,1767561498496933649,50,80564913
1500,468.6930,100,1980,2619,1767561498501434306,50,80564913
1501,468.6930,100,1980,2619,1767561498509490567,50,80564913
1502,468.6930,100,1980,2619,1767561498514061048,50,80564913
1503,468.6930,100,1980,2619,1767561498518488521,50,80564913
1504,468.6930,100,1980,2619,1767561498522941210,50,80564913
1505,468.6930,100,1980,2619,1767561498529568068,50,80564913
1506,468.6930,100,1980,2619,1767561498534311732,50,80564913
1507,470.2130,100,1980,2619,1767561498538711462,50,80564913
1508,470.2130,100,1980,2619,1767561498544772945,50,80635332
1509,470.2130,100,1980,2619,1767561498559586847,50,80635332
1510,470.2130,100,1980,2619,1767561498568063842,50,80635332
1511,470.2130,100,1980,2619,1767561498572543507,50,80635332
1512,470.2130,100,1980,2619,1767561498577541923,50,80635332
1513,470.2130,100,1980,2619,1767561498586124454,50,80635332
1514,470.2130,100,1980,2619,1767561498592773392,50,80635332
1515,470.2130,100,1980,2619,1767561498597817951,50,80635332
1516,470.2130,100,1980,2619,1767561498603198413,50,80635332
1517,470.2130,100,1980,2619,1767561498609811831,50,80635332
1518,470.2130,100,1980,2619,1767561498615983042,50,80635332
1519,470.2130,100,1980,2619,1767561498621416208,50,80635332
1520,470.2130,100,1980,2619,1767561498629535860,50,80635332
1521,470.2130,100,1980,2619,1767561498636662684,50,80635332
1522,470.2130,100,1980,2619,1767561498641614860,50,80704575
1523,470.2130,100,1980,2619,1767561498661507305,50,80704575
1524,470.2130,100,1980,2619,1767561498669690702,50,80704575
1525,502.8340,100,1980,2619,1767561498674555806,50,80704575
1526,502.8340,100,1980,2619,1767561498679586221,50,80704575
1527,502.8340,100,1980,2619,1767561498690427912,50,80704575
1528,502.8340,100,1980,2619,1767561498695619350,50,80704575
1529,502.8340,100,1980,2619,1767561498700616614,50,80704575
1530,502.8340,100,1980,2619,1767561498708955658,50,80704575
1531,502.8340,100,1980,2619,1767561498713854905,50,80704575
1532,502.8340,100,1980,2619,1767561498718982408,50,80704575
1533,502.8340,100,1980,2619,1767561498723960536,50,80704575
1534,502.8340,100,1980,2619,1767561498730560354,50,80704575
1535,502.8340,100,1980,2619,1767561498735826736,50,80704575
1536,502.8340,100,1980,2619,1767561498743650806,50,80775900
1537,502.8340,100,1980,2619,1767561498759620255,50,80775900
1538,502.8340,100,1980,2619,1767561498768218787,50,80775900
1539,502.8340,100,1980,2619,1767561498773083059,50,80775900
1540,502.8340,100,1980,2619,1767561498778032994,50,80775900
1541,502.8340,100,1980,2619,1767561498785957736,50,80775900
1542,502.8340,100,1980,2619,1767561498792793553,50,80775900
1543,536.9500,100,1980,2619,1767561498797719744,50,80775900
1544,536.9500,100,1980,2619,1767561498803205966,50,80775900
1545,536.9500,100,1980,2619,1767561498809863704,50,80775900
1546,536.9500,100,1980,2619,1767561498814989223,50,80775900
1547,536.9500,100,1980,2619,1767561498819941046,50,80775900
1548,536.9500,100,1980,2619,1767561498828373241,50,80775900
1549,536.9500,100,1980,2619,1767561498833346920,50,80775900
1550,536.9500,100,1980,2619,1767561498838530295,50,80775900
1551,536.9500,100,1980,2619,1767561498857883990,51,80848038
1552,536.9500,100,1980,2619,1767561498864103201,51,80848038
1553,536.9500,100,1980,2619,1767561498870728043,51,80848038
1554,536.9500,100,1980,2619,1767561498875711451,51,80848038
1555,536.9500,100,1980,2619,1767561498880959273,51,80848038
1556,536.9500,100,1980,2619,1767561498891405670,51,80848038
1557,536.9500,100,1980,2619,1767561498896522708,51,80848038
1558,536.9500,100,1980,2619,1767561498901482276,51,80848038
1559,536.9500,100,1980,2619,1767561498909504297,51,80848038
1560,557.6720,100,1980,2619,1767561498914425464,51,80848038
1561,557.6720,100,1980,2619,1767561498918835978,51,80848038
1562,557.6720,100,1980,2619,1767561498922992796,51,80848038
1563,557.6720,100,1980,2619,1767561498929411238,51,80848038
1564,557.6720,100,1980,2619,1767561498933441593,51,80848038
1565,557.6720,100,1980,2619,1767561498937496651,51,80848038
1566,557.6720,100,1980,2619,1767561498943121049,51,80917356
1567,557.6720,100,1980,2619,1767561498958571716,51,80917356
1568,557.6720,100,1980,2619,1767561498962821750,51,80917356
1569,557.6720,100,1980,2619,1767561498969245600,51,80917356
1570,557.6720,100,1980,2619,1767561498973681265,51,80917356
1571,557.6720,100,1980,2619,1767561498977658724,51,80917356
1572,557.6720,100,1980,2619,1767561498985282059,51,80917356
1573,557.6720,100,1980,2619,1767561498992073844,51,80917356
1574,557.6720,100,1980,2619,1767561498995968423,51,80917356
1575,557.6720,100,1980,2619,1767561499000175225,51,80917356
1576,557.6720,100,1980,2619,1767561499008124510,51,80917356
1577,557.6720,100,1980,2619,1767561499012191313,51,80917356
1578,557.6720,100,1980,2619,1767561499016117284,51,80917356
1579,558.2320,100,1980,2619,1767561499020214934,51,80917356
1580,558.2320,100,1980,2619,1767561499028148026,51,80917356
1581,558.2320,100,1980,2619,1767561499032229645,51,80917356
1582,558.2320,100,1980,2619,1767561499036239839,51,80917356
1583,558.2320,100,1980,2619,1767561499040609169,51,80976507
1584,558.2320,100,1980,2619,1767561499059078035,51,80976507
1585,558.2320,100,1980,2619,1767561499067506135,51,80976507
1586,558.2320,100,1980,2619,1767561499071569481,50,80976507
1587,558.2320,100,1980,2619,1767561499075541468,50,80976507
1588,558.2320,100,1980,2619,1767561499079705358,50,80976507
1589,558.2320,100,1980,2619,1767561499088651056,50,80976507
1590,558.2320,100,1980,2619,1767561499094739515,50,80976507
1591,558.2320,100,1980,2619,1767561499099836714,50,80976507
1592,558.2320,100,1980,2619,1767561499108131598,50,80976507
1593,558.2320,100,1980,2619,1767561499112885150,50,80976507
1594,558.2320,100,1980,2619,1767561499117755310,50,80976507
1595,558.2320,100,1980,2619,1767561499123032092,50,80976507
1596,558.2320,100,1980,2619,1767561499129962693,50,80976507
1597,558.2320,100,1980,2619,1767561499135005108,50,80976507
1598,558.2320,100,1980,2619,1767561499141155712,50,81042029
1599,558.0020,100,1980,2619,1767561499159084995,50,81042029
1600,558.0020,100,1980,2619,1767561499163941363,50,81042029
1601,558.0020,100,1980,2619,1767561499170603548,50,81042029
1602,558.0020,100,1980,2619,1767561499175380237,50,81042029
1603,558.0020,100,1980,2619,1767561499180294044,50,81042029
1604,558.0020,100,1980,2619,1767561499190903929,50,81042029
1605,558.0020,100,1980,2619,1767561499195890216,50,81042029
1606,558.0020,100,1980,2619,1767561499200754968,50,81042029
1607,558.0020,100,1980,2619,1767561499208709053,50,81042029
1608,558.0020,100,1980,2619,1767561499213061231,50,81042029
1609,558.0020,100,1980,2619,1767561499217449216,50,81042029
1610,558.0020,100,1980,2619,1767561499222819374,50,81042029
1611,558.0020,100,1980,2619,1767561499229412151,50,81042029
1612,558.0020,100,1980,2619,1767561499233817864,50,81042029
1613,558.0020,100,1980,2619,1767561499238201178,50,81042029
1614,558.0020,100,1980,2619,1767561499243695591,50,81115440
1615,558.0020,100,1980,2619,1767561499259735922,50,81115440
1616,570.6630,100,1980,2619,1767561499268090806,50,81115440
1617,570.6630,100,1980,2619,1767561499274025826,50,81115440
1618,570.6630,100,1980,2619,1767561499278416243,50,81115440
1619,570.6630,100,1980,2619,1767561499285584731,50,81115440
1620,570.6630,100,1980,2619,1767561499292299845,50,81115440
1621,570.6630,100,1980,2619,1767561499296783733,50,81115440
1622,570.6630,100,1980,2619,1767561499301255270,51,81115440
1623,570.6630,100,1980,2619,1767561499309203563,51,81115440
1624,570.6630,100,1980,2619,1767561499313621757,51,81115440
1625,570.6630,100,1980,2619,1767561499318931627,51,81115440
1626,570.6630,100,1980,2619,1767561499323294268,51,81115440
1627,570.6630,100,1980,2619,1767561499330179045,51,81115440
1628,570.6630,100,1980,2619,1767561499338251147,51,81115440
1629,570.6630,100,1980,2619,1767561499343920536,51,81185981
1630,570.6630,100,1980,2619,1767561499359727715,51,81185981
1631,570.6630,100,1980,2619,1767561499368229157,51,81185981
1632,583.4960,100,1980,2619,1767561499373214453,51,81185981
1633,583.4960,100,1980,2619,1767561499380088446,51,81185981
1634,583.4960,100,1980,2619,1767561499390599867,51,81185981
1635,583.4960,100,1980,2619,1767561499395766345,51,81185981
1636,583.4960,100,1980,2619,1767561499400937624,51,81185981
1637,583.4960,100,1980,2619,1767561499409344732,51,81185981
1638,583.4960,100,1980,2619,1767561499414342859,51,81185981
1639,583.4960,100,1980,2619,1767561499419278459,51,81185981
1640,583.4960,100,1980,2619,1767561499428243132,51,81185981
1641,583.4960,100,1980,2619,1767561499434500935,51,81185981
1642,583.4960,100,1980,2619,1767561499439577206,51,81185981
1643,583.4960,100,1980,2619,1767561499459069077,51,81258917
1644,583.4960,100,1980,2619,1767561499468276566,51,81258917
1645,583.4960,100,1980,2619,1767561499473191398,51,81258917
1646,583.4960,100,1980,2619,1767561499478141269,51,81258917
1647,583.4960,100,1980,2619,1767561499489850510,51,81258917
1648,583.5910,100,1980,2619,1767561499495067260,51,81258917
1649,583.5910,100,1980,2619,1767561499500087243,51,81258917
1650,583.5910,100,1980,2619,1767561499508465007,51,81258917
1651,583.5910,100,1980,2619,1767561499513427838,51,81258917
1652,583.5910,100,1980,2619,1767561499518410990,51,81258917
1653,583.5910,100,1980,2619,1767561499523352605,51,81258917
1654,583.5910,100,1980,2619,1767561499530056199,51,81258917
1655,583.5910,100,1980,2619,1767561499535328981,51,81258917
1656,583.5910,100,1980,2619,1767561499541106754,51,81329018
1657,583.5910,100,1980,2619,1767561499559421669,51,81329018
1658,583.5910,100,1980,2619,1767561499568264230,51,81329018
1659,583.5910,100,1980,2619,1767561499573273749,51,81329018
1660,583.5910,100,1980,2619,1767561499578181029,51,81329018
1661,583.5910,100,1980,2619,1767561499585958283,51,81329018
1662,583.5910,100,1980,2619,1767561499593058099,51,81329018
1663,583.5910,100,1980,2619,1767561499598126498,51,81329018
1664,583.5910,100,1980,2619,1767561499603214257,51,81329018
1665,583.5910,100,1980,2619,1767561499609959003,51,81329018
1666,583.5910,100,1980,2619,1767561499615585512,51,81329018
1667,585.7160,100,1980,2619,1767561499620668023,51,81329018
1668,585.7160,100,1980,2619,1767561499628780507,51,81329018
1669,585.7160,100,1980,2619,1767561499633764458,51,81329018
1670,585.7160,100,1980,2619,1767561499638779289,51,81329018
1671,585.7160,100,1980,2619,1767561499644569286,51,81402014
1672,585.7160,100,1980,2619,1767561499662225291,51,81402014
1673,585.7160,100,1980,2619,1767561499670425584,51,81402014
1674,585.7160,100,1980,2619,1767561499675065728,51,81402014
1675,585.7160,100,1980,2619,1767561499679769265,51,81402014
1676,585.7160,100,1980,2619,1767561499690669964,51,81402014
1677,585.7160,100,1980,2619,1767561499698073298,51,81402014
1678,585.7160,100,1980,2619,1767561499703071202,51,81402014
1679,585.7160,100,1980,2619,1767561499709813515,51,81402014
1680,585.7160,100,1980,2619,1767561499714554427,51,81402014
1681,585.7160,100,1980,2619,1767561499719597866,51,81402014
1682,585.7160,100,1980,2619,1767561499728115086,51,81402014
1683,585.7160,100,1980,2619,1767561499732791838,51,81402014
1684,585.7160,100,1980,2619,1767561499737508879,51,81402014
1685,585.7160,100,1980,2619,1767561499743078972,51,81471104
1686,585.3560,100,1980,2619,1767561499759693285,51,81471104
1687,585.3560,100,1980,2619,1767561499768084968,51,81471104
1688,585.3560,100,1980,2619,1767561499772776120,51,81471104
1689,585.3560,100,1980,2619,1767561499777359016,51,81471104
1690,585.3560,100,1980,2619,1767561499785774060,51,81471104
1691,585.3560,100,1980,2619,1767561499792410038,51,81471104
1692,585.3560,100,1980,2619,1767561499797032487,51,81471104
1693,585.3560,100,1980,2619,1767561499803370226,51,81471104
1694,585.3560,100,1980,2619,1767561499810007611,51,81471104
1695,585.3560,100,1980,2619,1767561499815805000,51,81471104
1696,585.3560,100,1980,2619,1767561499820631512,51,81471104
1697,585.3560,100,1980,2619,1767561499828996860,51,81471104
1698,585.3560,100,1980,2619,1767561499833734604,51,81471104
1699,585.3560,100,1980,2619,1767561499838678715,51,81471104
1700,585.3560,100,1980,2619,1767561499844636231,51,81541968
1701,585.3560,100,1980,2619,1767561499860100563,51,81541968
1702,585.3560,100,1980,2619,1767561499868272760,51,81541968
1703,584.1000,100,1980,2619,1767561499873053192,51,81541968
1704,584.1000,100,1980,2619,1767561499877719064,51,81541968
1705,584.1000,100,1980,2619,1767561499885813629,51,81541968
1706,584.1000,100,1980,2619,1767561499892524102,51,81541968
1707,584.1000,100,1980,2619,1767561499897257270,51,81541968
1708,584.1000,100,1980,2619,1767561499903052707,51,81541968
1709,584.1000,100,1980,2619,1767561499909707052,51,81541968
1710,584.1000,100,1980,2619,1767561499914767227,51,81541968
1711,584.1000,100,1980,2619,1767561499919658283,51,81541968
1712,584.1000,100,1980,2619,1767561499928190383,51,81541968
1713,584.1000,100,1980,2619,1767561499932951583,51,81541968
1714,584.1000,100,1980,2619,1767561499938752683,51,81541968
1715,584.1000,100,1980,2619,1767561499944823607,51,81612052
1716,584.1000,100,1980,2619,1767561499959908517,51,81612052
1717,584.1000,100,1980,2619,1767561499968393767,51,81612052
1718,584.1000,100,1980,2619,1767561499973192087,51,81612052
1719,584.1000,100,1980,2619,1767561499977845480,51,81612052
1720,584.1000,100,1980,2619,1767561499985916909,51,81612052
1721,584.1000,100,1980,2619,1767561499992516663,51,81612052
1722,589.1280,100,1980,2619,1767561499997254087,51,81612052
1723,589.1280,100,1980,2619,1767561500003178035,51,81612052
1724,589.1280,100,1980,2619,1767561500009801597,51,81612052
1725,589.1280,100,1980,2619,1767561500016468775,51,81612052
1726,589.1280,100,1980,2619,1767561500021357814,51,81612052
1727,589.1280,100,1980,2619,1767561500029431643,51,81612052
1728,589.1280,100,1980,2619,1767561500034323531,51,81612052
1729,589.1280,100,1980,2619,1767561500039487097,51,81612052
1730,589.1280,100,1980,2619,1767561500059501622,51,81682882
1731,589.1280,100,1980,2619,1767561500068205753,51,81682882
1732,589.1280,100,1980,2619,1767561500073011081,51,81682882
1733,589.1280,100,1980,2619,1767561500077895417,51,81682882
1734,589.1280,100,1980,2619,1767561500086003197,51,81682882
1735,589.1280,100,1980,2619,1767561500092629511,51,81682882
1736,589.1280,100,1980,2619,1767561500097516087,51,81682882
1737,589.1280,100,1980,2619,1767561500103104196,51,81682882
1738,589.1280,100,1980,2619,1767561500110037868,51,81682882
1739,589.1280,100,1980,2619,1767561500115201243,51,81682882
1740,600.9900,100,1980,2619,1767561500123148544,51,81682882
1741,600.9900,100,1980,2619,1767561500129709994,51,81682882
1742,600.9900,100,1980,2619,1767561500134533018,51,81682882
1743,600.9900,100,1980,2619,1767561500139506154,51,81682882
1744,600.9900,100,1980,2619,1767561500158902409,51,81755691
1745,600.9900,100,1980,2619,1767561500163917080,51,81755691
1746,600.9900,100,1980,2619,1767561500170592321,51,81755691
1747,600.9900,100,1980,2619,1767561500175759376,51,81755691
1748,600.9900,100,1980,2619,1767561500180767647,51,81755691
1749,600.9900,100,1980,2619,1767561500191033117,51,81755691
1750,600.9900,100,1980,2619,1767561500196037036,51,81755691
1751,600.9900,100,1980,2619,1767561500201036219,51,81755691
1752,600.9900,100,1980,2619,1767561500209080448,51,81755691
1753,600.9900,100,1980,2619,1767561500214010704,51,81755691
1754,600.9900,100,1980,2619,1767561500218865376,51,81755691
1755,600.9900,100,1980,2619,1767561500228203872,51,81755691
1756,600.9900,100,1980,2619,1767561500233547662,51,81755691
1757,601.4870,100,1980,2619,1767561500238457885,51,81755691
1758,601.4870,100,1980,2619,1767561500244012907,51,81827968
1759,601.4870,100,1980,2619,1767561500260481748,51,81827968
1760,601.4870,100,1980,2619,1767561500268520441,51,81827968
1761,601.4870,100,1980,2619,1767561500273373416,51,81827968
1762,601.4870,100,1980,2619,1767561500278249240,51,81827968
1763,601.4870,100,1980,2619,1767561500285694783,51,81827968
1764,601.4870,100,1980,2619,1767561500292553736,51,81827968
1765,601.4870,100,1980,2619,1767561500297556024,52,81827968
1766,601.4870,100,1980,2619,1767561500303204708,52,81827968
1767,601.4870,100,1980,2619,1767561500309814286,52,81827968
1768,601.4870,100,1980,2619,1767561500315989785,52,81827968
1769,601.4870,100,1980,2619,1767561500320896457,52,81827968
1770,601.4870,100,1980,2619,1767561500329154701,52,81827968
1771,601.4870,100,1980,2619,1767561500334095037,52,81827968
1772,601.4870,100,1980,2619,1767561500343149150,52,81899556
1773,601.4870,100,1980,2619,1767561500359438696,52,81899556
1774,601.4870,100,1980,2619,1767561500368164394,52,81899556
1775,603.7310,100,1980,2619,1767561500373073753,52,81899556
1776,603.7310,100,1980,2619,1767561500377882761,52,81899556
1777,603.7310,100,1980,2619,1767561500385860335,52,81899556
1778,603.7310,100,1980,2619,1767561500392740824,52,81899556
1779,603.7310,100,1980,2619,1767561500397661767,52,81899556
1780,603.7310,100,1980,2619,1767561500403094965,52,81899556
1781,603.7310,100,1980,2619,1767561500409693471,52,81899556
1782,603.7310,100,1980,2619,1767561500414631183,52,81899556
1783,603.7310,100,1980,2619,1767561500419630782,52,81899556
1784,603.7310,100,1980,2619,1767561500428258017,52,81899556
1785,603.7310,100,1980,2619,1767561500435960039,52,81899556
1786,603.7310,100,1980,2619,1767561500441098517,52,81971368
1787,603.7310,100,1980,2619,1767561500459531480,52,81971368
1788,603.7310,100,1980,2619,1767561500468172795,52,81971368
1789,603.7310,100,1980,2619,1767561500473001419,52,81971368
1790,603.7310,100,1980,2619,1767561500477772507,52,81971368
1791,603.7310,100,1980,2619,1767561500486065375,52,81971368
1792,603.7310,100,1980,2619,1767561500492655561,52,81971368
1793,602.7930,100,1980,2619,1767561500497501817,52,81971368
1794,602.7930,100,1980,2619,1767561500503114246,52,81971368
1795,602.7930,100,1980,2619,1767561500509727759,52,81971368
1796,602.7930,100,1980,2619,1767561500514688542,52,81971368
1797,602.7930,100,1980,2619,1767561500519639502,52,81971368
1798,602.7930,100,1980,2619,1767561500528389681,52,81971368
1799,602.7930,100,1980,2619,1767561500533239776,52,81971368
1800,602.7930,100,1980,2619,1767561500541089350,52,82042498
1801,602.7930,100,1980,2619,1767561500558945803,52,82042498
1802,602.7930,100,1980,2619,1767561500568312459,52,82042498
1803,602.7930,100,1980,2619,1767561500573165883,52,82042498
1804,602.7930,100,1980,2619,1767561500577939658,52,82042498
1805,602.7930,100,1980,2619,1767561500585861167,52,82042498
1806,602.7930,100,1980,2619,1767561500592658297,52,82042498
1807,602.7930,100,1980,2619,1767561500597772328,52,82042498
1808,602.7930,100,1980,2619,1767561500603158678,52,82042498
1809,602.7930,100,1980,2619,1767561500609766656,52,82042498
1810,602.7930,100,1980,2619,1767561500615063918,52,82042498
1811,601.8870,100,1980,2619,1767561500620066045,52,82042498
1812,601.8870,100,1980,2619,1767561500628230978,52,82042498
1813,601.8870,100,1980,2619,1767561500633474512,52,82042498
1814,601.8870,100,1980,2619,1767561500638399967,52,82042498
1815,601.8870,100,1980,2619,1767561500658804411,52,82114597
1816,601.8870,100,1980,2619,1767561500663901770,52,82114597
1817,601.8870,100,1980,2619,1767561500670790707,52,82114597
1818,601.8870,100,1980,2619,1767561500675668899,52,82114597
1819,601.8870,100,1980,2619,1767561500680772082,52,82114597
1820,601.8870,100,1980,2619,1767561500691136271,52,82114597
1821,601.8870,100,1980,2619,1767561500696270270,52,82114597
1822,601.8870,100,1980,2619,1767561500701256717,52,82114597
1823,601.8870,100,1980,2619,1767561500709434801,52,82114597
1824,601.8870,100,1980,2619,1767561500714278592,52,82114597
1825,601.8870,100,1980,2619,1767561500719113840,52,82114597
1826,601.8870,100,1980,2619,1767561500723665857,52,82114597
1827,601.8870,100,1980,2619,1767561500730316619,52,82114597
1828,601.7510,100,1980,2619,1767561500735568025,52,82114597
1829,601.7510,100,1980,2619,1767561500744683195,52,82185244
1830,601.7510,100,1980,2619,1767561500780192323,52,82185244
1831,601.7510,100,1980,2619,1767561500794116021,52,82185244
1832,601.7510,100,1980,2619,1767561500798834565,52,82185244
1833,601.7510,100,1980,2619,1767561500803526837,52,82185244
1834,601.7510,100,1980,2619,1767561500810469822,52,82185244
1835,601.7510,100,1980,2619,1767561500815016367,52,82185244
1836,601.7510,100,1980,2619,1767561500819570592,52,82185244
1837,601.7510,100,1980,2619,1767561500827960964,52,82185244
1838,601.7510,100,1980,2619,1767561500832671188,52,82185244
1839,601.7510,100,1980,2619,1767561500837285092,52,82185244
1840,601.7510,100,1980,2619,1767561500842976049,52,82254608
1841,601.7510,100,1980,2619,1767561500859662553,52,82254608
1842,601.7510,100,1980,2619,1767561500868014269,52,82254608
1843,601.3480,100,1980,2619,1767561500872529998,52,82254608
1844,601.3480,100,1980,2619,1767561500877152926,52,82254608
1845,601.3480,100,1980,2619,1767561500885625154,52,82254608
1846,601.3480,100,1980,2619,1767561500892320908,52,82254608
1847,601.3480,100,1980,2619,1767561500896848445,52,82254608
1848,601.3480,100,1980,2619,1767561500901353101,52,82254608
1849,601.3480,100,1980,2619,1767561500909370866,52,82254608
1850,601.3480,100,1980,2619,1767561500914057218,52,82254608
1851,601.3480,100,1980,2619,1767561500918613203,51,82254608
1852,601.3480,100,1980,2619,1767561500923149668,51,82254608
1853,601.3480,100,1980,2619,1767561500929781966,51,82254608
1854,601.3480,100,1980,2619,1767561500935804121,51,82254608
1855,601.3480,100,1980,2619,1767561500941108008,51,82323840
1856,601.3480,100,1980,2619,1767561500959415403,51,82323840
1857,601.3480,100,1980,2619,1767561500968090126,51,82323840
1858,601.3480,100,1980,2619,1767561500974174169,51,82323840
1859,601.3480,100,1980,2619,1767561500978776905,51,82323840
1860,601.3480,100,1980,2619,1767561500985815217,51,82323840
1861,601.3480,100,1980,2619,1767561500992492187,51,82323840
1862,600.8570,100,1980,2619,1767561500997162123,51,82323840
1863,600.8570,100,1980,2619,1767561501003044792,51,82323840
1864,600.8570,100,1980,2619,1767561501009664610,51,82323840
1865,600.8570,100,1980,2619,1767561501014560625,51,82323840
1866,600.8570,100,1980,2619,1767561501019264290,51,82323840
1867,600.8570,100,1980,2619,1767561501023848786,51,82323840
1868,600.8570,100,1980,2619,1767561501030526396,51,82323840
1869,600.8570,100,1980,2619,1767561501035445676,51,82323840
1870,600.8570,100,1980,2619,1767561501041158232,51,82393541
1871,600.8570,100,1980,2619,1767561501059420474,51,82393541
1872,600.8570,100,1980,2619,1767561501067937822,51,82393541
1873,600.8570,100,1980,2619,1767561501072768142,51,82393541
1874,600.8570,100,1980,2619,1767561501079686455,51,82393541
1875,600.8570,100,1980,2619,1767561501090629170,51,82393541
1876,600.8570,100,1980,2619,1767561501095763809,51,82393541
1877,600.8570,100,1980,2619,1767561501100902480,51,82393541
1878,600.8570,100,1980,2619,1767561501108940884,51,82393541
1879,599.1680,100,1980,2619,1767561501113924675,51,82393541
1880,599.1680,100,1980,2619,1767561501118802451,51,82393541
1881,599.1680,100,1980,2619,1767561501123776002,51,82393541
1882,599.1680,100,1980,2619,1767561501130462092,51,82393541
1883,599.1680,100,1980,2619,1767561501135664475,51,82393541
1884,599.1680,100,1980,2619,1767561501141379880,51,82464585
1885,599.1680,100,1980,2619,1767561501159634731,51,82464585
1886,599.1680,100,1980,2619,1767561501168180334,51,82464585
1887,599.1680,100,1980,2619,1767561501173062174,51,82464585
1888,599.1680,100,1980,2619,1767561501177905645,51,82464585
1889,599.1680,100,1980,2619,1767561501189640165,51,82464585
1890,599.1680,100,1980,2619,1767561501195226291,51,82464585
1891,599.1680,100,1980,2619,1767561501199669284,51,82464585
1892,599.1680,100,1980,2619,1767561501207642025,51,82464585
1893,599.1680,100,1980,2619,1767561501211847771,51,82464585
1894,599.1680,100,1980,2619,1767561501215817518,51,82464585
1895,599.1680,100,1980,2619,1767561501219995296,51,82464585
1896,599.1680,100,1980,2619,1767561501228175397,51,82464585
1897,599.1680,100,1980,2619,1767561501232108472,51,82464585
1898,599.1680,100,1980,2619,1767561501236159530,51,82464585
1899,596.1290,100,1980,2619,1767561501240586363,51,82533222
1900,596.1290,100,1980,2619,1767561501258622110,51,82533222
1901,596.1290,100,1980,2619,1767561501262561457,51,82533222
1902,596.1290,100,1980,2619,1767561501270029048,51,82533222
1903,596.1290,100,1980,2619,1767561501275037767,51,82533222
1904,596.1290,100,1980,2619,1767561501280105462,51,82533222
1905,596.1290,100,1980,2619,1767561501290689715,51,82533222
1906,596.1290,100,1980,2619,1767561501295995009,52,82533222
1907,596.1290,100,1980,2619,1767561501301024528,52,82533222
1908,596.1290,100,1980,2619,1767561501309244948,52,82533222
1909,596.1290,100,1980,2619,1767561501314275683,52,82533222
1910,596.1290,100,1980,2619,1767561501319264402,52,82533222
1911,596.1290,100,1980,2619,1767561501328287860,52,82533222
1912,596.1290,100,1980,2619,1767561501333440867,52,82533222
1913,596.1290,100,1980,2619,1767561501338326931,52,82533222
1914,596.1290,100,1980,2619,1767561501358345520,52,82597683
1915,596.1290,100,1980,2619,1767561501362645506,52,82597683
1916,585.9900,100,1980,2619,1767561501369603754,52,82597683
1917,585.9900,100,1980,2619,1767561501373870748,52,82597683
1918,585.9900,100,1980,2619,1767561501378816778,52,82597683
1919,585.9900,100,1980,2619,1767561501386014706,52,82597683
1920,585.9900,100,1980,2619,1767561501392980315,52,82597683
1921,585.9900,100,1980,2619,1767561501398019946,52,82597683
1922,585.9900,100,1980,2619,1767561501403244441,52,82597683
1923,585.9900,100,1980,2619,1767561501409955586,52,82597683
1924,585.9900,100,1980,2619,1767561501415344240,51,82597683
1925,585.9900,100,1980,2619,1767561501420672767,51,82597683
1926,585.9900,100,1980,2619,1767561501428867267,51,82597683
1927,585.9900,100,1980,2619,1767561501435968492,51,82597683
1928,585.9900,100,1980,2619,1767561501441430169,51,82665484
1929,585.9900,100,1980,2619,1767561501460039802,51,82665484
1930,585.9900,100,1980,2619,1767561501468346686,51,82665484
1931,585.9900,100,1980,2619,1767561501473481101,51,82665484
1932,585.9900,100,1980,2619,1767561501478340797,51,82665484
1933,585.9900,100,1980,2619,1767561501486435842,51,82665484
1934,585.9900,100,1980,2619,1767561501492963596,51,82665484
1935,584.3690,100,1980,2619,1767561501500579123,51,82665484
1936,584.3690,100,1980,2619,1767561501508944279,51,82665484
1937,584.3690,100,1980,2619,1767561501513492167,51,82665484
1938,584.3690,100,1980,2619,1767561501517117275,51,82665484
1939,584.3690,100,1980,2619,1767561501520784462,51,82665484
1940,584.3690,100,1980,2619,1767561501528657108,51,82665484
1941,584.3690,100,1980,2619,1767561501532303080,51,82665484
1942,584.3690,100,1980,2619,1767561501536024923,51,82665484
1943,584.3690,100,1980,2619,1767561501540307469,52,82730974
1944,584.3690,100,1980,2619,1767561501557820403,52,82730974
1945,584.3690,100,1980,2619,1767561501562382787,52,82730974
1946,584.3690,100,1980,2619,1767561501568842574,52,82730974
1947,584.3690,100,1980,2619,1767561501572436193,52,82730974
1948,584.3690,100,1980,2619,1767561501577972654,52,82730974
1949,584.3690,100,1980,2619,1767561501585929524,52,82730974
1950,584.3690,100,1980,2619,1767561501610843136,52,82730974
1951,584.3690,100,1980,2619,1767561501619760643,52,82730974
1952,557.5370,100,1980,2619,1767561501624531507,52,82730974
1953,557.5370,100,1980,2619,1767561501631062973,52,82730974
1954,557.5370,100,1980,2619,1767561501634782128,52,82730974
1955,557.5370,100,1980,2619,1767561501638385444,52,82730974
1956,557.5370,100,1980,2619,1767561501644754735,52,82761859
1957,557.5370,100,1980,2619,1767561501661235479,52,82761859
1958,557.5370,100,1980,2619,1767561501670690583,52,82761859
1959,557.5370,100,1980,2619,1767561501676306885,49,82761859
1960,557.5370,100,1980,2619,1767561501682862959,49,82761859
1961,557.5370,100,1980,2619,1767561501692703566,49,82761859
1962,557.5370,100,1980,2619,1767561501698751578,49,82761859
1963,557.5370,100,1980,2619,1767561501708471769,49,82761859
1964,557.5370,100,1980,2619,1767561501714552388,49,82761859
1965,557.5370,100,1980,2619,1767561501723508134,49,82761859
1966,557.5370,100,1980,2619,1767561501730436911,49,82761859
1967,557.5370,100,1980,2619,1767561501736557818,49,82761859
1968,522.8710,100,1980,2619,1767561501743890690,49,82814567
1969,522.8710,100,1980,2619,1767561501760204491,49,82814567
1970,522.8710,100,1980,2619,1767561501768853807,49,82814567
1971,522.8710,100,1980,2619,1767561501774543995,49,82814567
1972,522.8710,100,1980,2619,1767561501780028744,49,82814567
1973,522.8710,100,1980,2619,1767561501791125603,49,82814567
1974,522.8710,100,1980,2619,1767561501799706182,49,82814567
1975,522.8710,100,1980,2619,1767561501824050389,50,82814567
1976,522.8710,100,1980,2619,1767561501837788199,50,82814567
1977,522.8710,100,1980,2619,1767561501843866130,50,82885869
1978,522.8710,100,1980,2619,1767561501860718810,50,82885869
1979,522.8710,100,1980,2619,1767561501869425532,50,82885869
1980,522.8710,100,1980,2619,1767561501875076714,50,82885869
1981,522.8710,100,1980,2619,1767561501880885302,50,82885869
1982,522.8710,100,1980,2619,1767561501889033947,50,82885869
1983,523.5160,100,1980,2619,1767561501894814376,50,82885869
1984,523.5160,100,1980,2619,1767561501900576084,50,82885869
1985,523.5160,100,1980,2619,1767561501908999672,50,82885869
1986,523.5160,100,1980,2619,1767561501914652037,50,82885869
1987,523.5160,100,1980,2619,1767561501920164178,50,82885869
1988,523.5160,100,1980,2619,1767561501928785365,50,82885869
1989,523.5160,100,1980,2619,1767561501936578619,50,82885869
1990,523.5160,100,1980,2619,1767561501943351717,51,82956257
1991,523.5160,100,1980,2619,1767561501959780046,51,82956257
1992,523.5160,100,1980,2619,1767561501969038159,51,82956257
1993,523.5160,100,1980,2619,1767561501974570204,51,82956257
1994,523.5160,100,1980,2619,1767561501980485768,51,82956257
1995,523.5160,100,1980,2619,1767561501988769708,51,82956257
1996,523.5160,100,1980,2619,1767561501994593240,51,82956257
1997,523.5160,100,1980,2619,1767561502000390373,51,82956257
1998,523.5160,100,1980,2619,1767561502009030856,51,82956257
1999,523.5160,100,1980,2619,1767561502015399027,51,82956257
2000,524.9810,100,1980,2619,1767561502020899264,51,82956257
2001,524.9810,100,1980,2619,1767561502029021157,51,82956257
2002,524.9810,100,1980,2619,1767561502034395763,51,82956257
2003,524.9810,100,1980,2619,1767561502043477557,51,83027225
2004,524.9810,100,1980,2619,1767561502060478299,51,83027225
2005,524.9810,100,1980,2619,1767561502069156958,51,83027225
2006,524.9810,100,1980,2619,1767561502074576556,51,83027225
2007,524.9810,100,1980,2619,1767561502080432857,51,83027225
2008,524.9810,100,1980,2619,1767561502088663005,51,83027225
2009,524.9810,100,1980,2619,1767561502096049444,51,83027225
2010,524.9810,100,1980,2619,1767561502101633426,51,83027225
2011,524.9810,100,1980,2619,1767561502110116021,51,83027225
2012,524.9810,100,1980,2619,1767561502115988801,51,83027225
2013,524.9810,100,1980,2619,1767561502121767053,51,83027225
2014,524.9810,100,1980,2619,1767561502129661555,51,83027225
2015,524.9810,100,1980,2619,1767561502135545727,51,83027225
2016,524.9810,100,1980,2619,1767561502141908106,51,83098179
2017,525.6990,100,1980,2619,1767561502159935694,51,83098179
2018,525.6990,100,1980,2619,1767561502168544721,51,83098179
2019,525.6990,100,1980,2619,1767561502173872863,51,83098179
2020,525.6990,100,1980,2619,1767561502179598412,51,83098179
2021,525.6990,100,1980,2619,1767561502188547693,51,83098179
2022,525.6990,100,1980,2619,1767561502194641177,51,83098179
2023,525.6990,100,1980,2619,1767561502200272518,52,83098179
2024,525.6990,100,1980,2619,1767561502209146153,52,83098179
2025,525.6990,100,1980,2619,1767561502215983314,52,83098179
2026,525.6990,100,1980,2619,1767561502221743391,52,83098179
2027,525.6990,100,1980,2619,1767561502229585252,52,83098179
2028,525.6990,100,1980,2619,1767561502235882671,52,83098179
2029,525.6990,100,1980,2619,1767561502241592572,52,83169152
2030,525.6990,100,1980,2619,1767561502260175645,52,83169152
2031,525.6990,100,1980,2619,1767561502269203935,52,83169152
2032,533.4070,100,1980,2619,1767561502274593485,52,83169152
2033,533.4070,100,1980,2619,1767561502280570169,52,83169152
2034,533.4070,100,1980,2619,1767561502288947773,52,83169152
2035,533.4070,100,1980,2619,1767561502295007849,52,83169152
2036,533.4070,100,1980,2619,1767561502300513270,52,83169152
2037,533.4070,100,1980,2619,1767561502308788411,52,83169152
2038,533.4070,100,1980,2619,1767561502314204456,52,83169152
2039,533.4070,100,1980,2619,1767561502320348307,52,83169152
2040,533.4070,100,1980,2619,1767561502328515352,52,83169152
2041,533.4070,100,1980,2619,1767561502334275781,52,83169152
2042,533.4070,100,1980,2619,1767561502341484364,52,83240266
2043,533.4070,100,1980,2619,1767561502368554290,52,83240266
2044,533.4070,100,1980,2619,1767561502376599127,52,83240266
2045,533.4070,100,1980,2619,1767561502383815871,52,83240266
2046,533.4070,100,1980,2619,1767561502390964550,52,83240266
2047,536.6940,100,1980,2619,1767561502396661203,52,83240266
2048,536.6940,100,1980,2619,1767561502403816219,52,83240266
2049,536.6940,100,1980,2619,1767561502410022534,52,83240266
2050,536.6940,100,1980,2619,1767561502415889363,52,83240266
2051,536.6940,100,1980,2619,1767561502421712575,52,83240266
2052,536.6940,100,1980,2619,1767561502429930372,52,83240266
2053,536.6940,100,1980,2619,1767561502435901136,52,83240266
2054,536.6940,100,1980,2619,1767561502441502685,52,83311323
2055,536.6940,100,1980,2619,1767561502460305501,52,83311323
2056,536.6940,100,1980,2619,1767561502468588546,52,83311323
2057,536.6940,100,1980,2619,1767561502474424014,52,83311323
2058,536.6940,100,1980,2619,1767561502483676271,52,83311323
2059,536.6940,100,1980,2619,1767561502491196438,52,83311323
2060,536.6940,100,1980,2619,1767561502496571492,52,83311323
2061,536.6940,100,1980,2619,1767561502503818412,52,83311323
2062,536.6940,100,1980,2619,1767561502510196023,52,83311323
2063,537.4050,100,1980,2619,1767561502515974307,52,83311323
2064,537.4050,100,1980,2619,1767561502523431658,52,83311323
2065,537.4050,100,1980,2619,1767561502530465618,52,83311323
2066,537.4050,100,1980,2619,1767561502536641021,52,83311323
2067,537.4050,100,1980,2619,1767561502543647110,52,83382362
2068,537.4050,100,1980,2619,1767561502561063628,52,83382362
2069,537.4050,100,1980,2619,1767561502568775474,52,83382362
2070,537.4050,100,1980,2619,1767561502574437407,52,83382362
2071,537.4050,100,1980,2619,1767561502580217932,52,83382362
2072,537.4050,100,1980,2619,1767561502589884107,52,83382362
2073,537.4050,100,1980,2619,1767561502595336408,52,83382362
2074,537.4050,100,1980,2619,1767561502601224037,52,83382362
2075,537.4050,100,1980,2619,1767561502609142442,52,83382362
2076,537.4050,100,1980,2619,1767561502615218454,52,83382362
2077,537.4050,100,1980,2619,1767561502620960099,52,83382362
2078,537.4050,100,1980,2619,1767561502629802917,52,83382362
2079,537.4050,100,1980,2619,1767561502636128720,52,83382362
2080,576.0600,100,1980,2619,1767561502642247964,52,83453453
2081,576.0600,100,1980,2619,1767561502662134712,52,83453453
2082,576.0600,100,1980,2619,1767561502670652476,52,83453453
2083,576.0600,100,1980,2619,1767561502676325705,52,83453453
2084,576.0600,100,1980,2619,1767561502681997814,52,83453453
2085,576.0600,100,1980,2619,1767561502690373114,52,83453453
2086,576.0600,100,1980,2619,1767561502698213920,52,83453453
2087,576.0600,100,1980,2619,1767561502703926029,52,83453453
2088,576.0600,100,1980,2619,1767561502710593014,52,83453453
2089,576.0600,100,1980,2619,1767561502717908446,52,83453453
2090,576.0600,100,1980,2619,1767561502723510411,52,83453453
2091,576.0600,100,1980,2619,1767561502730603858,52,83453453
2092,576.0600,100,1980,2619,1767561502736545471,52,83453453
2093,576.0600,100,1980,2619,1767561502743876070,52,83524600
2094,576.0600,100,1980,2619,1767561502760078640,52,83524600
2095,576.0600,100,1980,2619,1767561502769021586,52,83524600
2096,598.8170,100,1980,2619,1767561502774646847,52,83524600
2097,598.8170,100,1980,2619,1767561502780217485,52,83524600
2098,598.8170,100,1980,2619,1767561502788608976,52,83524600
2099,598.8170,100,1980,2619,1767561502793985246,52,83524600
2100,598.8170,100,1980,2619,1767561502801993987,52,83524600
2101,598.8170,100,1980,2619,1767561502809872265,52,83524600
2102,598.8170,100,1980,2619,1767561502815824213,52,83524600
2103,598.8170,100,1980,2619,1767561502821325090,52,83524600
2104,598.8170,100,1980,2619,1767561502829809094,52,83524600
2105,598.8170,100,1980,2619,1767561502836857839,52,83524600
2106,598.8170,100,1980,2619,1767561502843805655,52,83595724
2107,598.8170,100,1980,2619,1767561502860411679,52,83595724
2108,598.8170,100,1980,2619,1767561502869015714,52,83595724
2109,598.8170,100,1980,2619,1767561502874685167,52,83595724
2110,598.8170,100,1980,2619,1767561502880069917,52,83595724
2111,598.8170,100,1980,2619,1767561502888702656,52,83595724
2112,598.8170,100,1980,2619,1767561502894492205,52,83595724
2113,599.2350,100,1980,2619,1767561502900646937,52,83595724
2114,599.2350,100,1980,2619,1767561502908850653,52,83595724
2115,599.2350,100,1980,2619,1767561502914858825,52,83595724
2116,599.2350,100,1980,2619,1767561502920393430,52,83595724
2117,599.2350,100,1980,2619,1767561502928780185,52,83595724
2118,599.2350,100,1980,2619,1767561502934153959,52,83595724
2119,599.2350,100,1980,2619,1767561502940250035,52,83595724
2120,599.2350,100,1980,2619,1767561502959123348,52,83668617
2121,599.2350,100,1980,2619,1767561502968966355,52,83668617
2122,599.2350,100,1980,2619,1767561502974653408,52,83668617
2123,599.2350,100,1980,2619,1767561502980462125,52,83668617
2124,599.2350,100,1980,2619,1767561502988876176,52,83668617
2125,599.2350,100,1980,2619,1767561502994491389,52,83668617
2126,599.2350,100,1980,2619,1767561503000263338,52,83668617
2127,599.2350,100,1980,2619,1767561503008801293,52,83668617
2128,599.2350,100,1980,2619,1767561503017623408,52,83668617
2129,599.3410,100,1980,2619,1767561503023866779,52,83668617
2130,599.3410,100,1980,2619,1767561503030112838,52,83668617
2131,599.3410,100,1980,2619,1767561503035998098,52,83668617
2132,599.3410,100,1980,2619,1767561503041935551,52,83737959
2133,599.3410,100,1980,2619,1767561503060655295,52,83737959
2134,599.3410,100,1980,2619,1767561503069185474,52,83737959
2135,599.3410,100,1980,2619,1767561503074597424,52,83737959
2136,599.3410,100,1980,2619,1767561503079041793,52,83737959
2137,599.3410,100,1980,2619,1767561503083121204,52,83737959
2138,599.3410,100,1980,2619,1767561503090326748,52,83737959
2139,599.3410,100,1980,2619,1767561503093667601,52,83737959
2140,599.3410,100,1980,2619,1767561503100695289,52,83737959
2141,599.3410,100,1980,2619,1767561503108496735,52,83737959
2142,599.3410,100,1980,2619,1767561503111794676,52,83737959
2143,599.3410,100,1980,2619,1767561503118820317,52,83737959
2144,599.3410,100,1980,2619,1767561503122780879,52,83737959
2145,599.3410,100,1980,2619,1767561503129951606,52,83737959
2146,599.3410,100,1980,2619,1767561503133290379,52,83737959
2147,581.8180,100,1980,2619,1767561503140268852,52,83785954
2148,581.8180,100,1980,2619,1767561503157527034,52,83785954
2149,581.8180,100,1980,2619,1767561503167290682,52,83785954
2150,581.8180,100,1980,2619,1767561503170575183,52,83785954
2151,581.8180,100,1980,2619,1767561503177583511,52,83785954
2152,581.8180,100,1980,2619,1767561503182391335,52,83785954
2153,581.8180,100,1980,2619,1767561503191661192,52,83785954
2154,581.8180,100,1980,2619,1767561503197748243,52,83785954
2155,581.8180,100,1980,2619,1767561503205507033,52,83785954
2156,581.8180,100,1980,2619,1767561503226034932,52,83785954
2157,581.8180,100,1980,2619,1767561503234907607,52,83785954
2158,581.8180,100,1980,2619,1767561503238674250,52,83785954
2159,581.8180,100,1980,2619,1767561503245319348,52,83808788
2160,581.8180,100,1980,2619,1767561503261814364,52,83808788
2161,581.8180,100,1980,2619,1767561503270901629,52,83808788
2162,526.1280,100,1980,2619,1767561503274895312,52,83808788
2163,526.1280,100,1980,2619,1767561503278774339,52,83808788
2164,526.1280,100,1980,2619,1767561503282931637,52,83808788
2165,526.1280,0,1980,2619,1767561503289491711,52,83808788
2166,526.1280,0,1980,2619,1767561503293348595,52,83808788
2167,526.1280,0,1980,2619,1767561503297080070,52,83808788
2168,526.1280,0,1980,2619,1767561503302142389,52,83808788
2169,526.1280,0,1980,2619,1767561503308657311,52,83808788
2170,526.1280,0,1980,2619,1767561503313691791,46,83808788
2171,526.1280,0,1980,2619,1767561503317435490,46,83808788
2172,526.1280,0,1980,2619,1767561503322290674,46,83808788
2173,526.1280,0,1980,2619,1767561503328882299,46,83808788
2174,526.1280,0,1980,2619,1767561503333712043,46,83808788
2175,526.1280,0,1980,2619,1767561503337435166,46,83808788
2176,526.1280,0,1980,2619,1767561503357144572,46,83830816
2177,526.1280,0,1980,2619,1767561503362269483,46,83830816
2178,526.1280,0,1980,2619,1767561503368837397,46,83830816
2179,526.1280,0,1980,2619,1767561503372665097,46,83830816
2180,526.1280,0,1980,2619,1767561503376393596,46,83830816
2181,526.1280,0,1980,2619,1767561503380319183,46,83830816
2182,526.1280,0,1980,2619,1767561503388483444,46,83830816
2183,471.8310,0,1980,2619,1767561503392244455,46,83830816
2184,471.8310,0,1980,2619,1767561503396172441,46,83830816
2185,471.8310,0,1980,2619,1767561503400027852,46,83830816
2186,471.8310,0,1980,2619,1767561503407895794,46,83830816
2187,471.8310,0,1980,2619,1767561503411207303,46,83830816
2188,471.8310,0,1980,2619,1767561503414533916,46,83830816
2189,471.8310,0,1980,2619,1767561503417841425,46,83830816
2190,471.8310,0,1980,2619,1767561503422287490,46,83830816
2191,471.8310,0,1980,2619,1767561503428750380,46,83830816
2192,471.8310,0,1980,2619,1767561503432266368,46,83830816
2193,471.8310,0,1980,2619,1767561503436492946,46,83830816
2194,471.8310,0,1980,2619,1767561503440682212,46,83853022
2195,471.8310,0,1980,2619,1767561503459773187,46,83853022
2196,471.8310,0,1980,2619,1767561503467894664,46,83853022
2197,471.8310,0,1980,2619,1767561503471233213,46,83853022
2198,471.8310,0,1980,2619,1767561503474931121,46,83853022
2199,471.8310,0,1980,2619,1767561503478634725,46,83853022
2200,471.8310,0,1980,2619,1767561503482773911,46,83853022
2201,471.8310,0,1980,2619,1767561503489308193,46,83853022
2202,471.8310,0,1980,2619,1767561503493189588,46,83853022
2203,471.8310,0,1980,2619,1767561503496890632,46,83853022
2204,471.8310,0,1980,2619,1767561503500561659,46,83853022
2205,471.8310,0,1980,2619,1767561503508454529,46,83853022
2206,471.8310,0,1980,2619,1767561503511759158,46,83853022
2207,403.6970,0,1980,2619,1767561503515503593,46,83853022
2208,403.6970,0,1980,2619,1767561503519171037,46,83853022
2209,403.6970,0,1980,2619,1767561503523180399,46,83853022
2210,403.6970,0,1980,2619,1767561503529586585,46,83853022
2211,403.6970,0,1980,2619,1767561503533391437,46,83853022
2212,403.6970,0,1980,2619,1767561503537177824,46,83853022
2213,403.6970,0,1980,2619,1767561503541277106,46,83875558
2214,403.6970,0,1980,2619,1767561503558094106,46,83875558
2215,403.6970,0,1980,2619,1767561503562251852,46,83875558
2216,403.6970,0,1980,2619,1767561503568753015,45,83875558
2217,403.6970,0,1980,2619,1767561503572637930,45,83875558
2218,403.6970,0,1980,2619,1767561503576201502,45,83875558
2219,403.6970,0,1980,2619,1767561503579799570,45,83875558
2220,403.6970,0,1980,2619,1767561503587871959,45,83875558
2221,403.6970,0,1980,2619,1767561503591400523,45,83875558
2222,403.6970,0,1980,2619,17