sample,power(W),gpu_util(%),core_clock(MHz),mem_clock(MHz),timestamp_ns,temp(C),energy(mJ)
0,74.4610,0,345,2619,1767561383275868498,36,40333712
1,74.4610,0,345,2619,1767561383280131300,36,40333712
2,74.4610,0,345,2619,1767561383291363453,36,40333712
3,74.4610,0,345,2619,1767561383296650732,36,40333712
4,74.4610,0,345,2619,1767561383301093053,36,40333712
5,74.4610,0,345,2619,1767561383309235842,36,40333712
6,74.4610,0,345,2619,1767561383314409808,36,40333712
7,74.4610,0,345,2619,1767561383318788738,36,40333712
8,74.4610,0,345,2619,1767561383323037876,36,40333712
9,74.4610,0,345,2619,1767561383329664317,36,40333712
10,74.4610,0,345,2619,1767561383333810160,36,40333712
11,74.4610,0,345,2619,1767561383337894210,36,40333712
12,74.4610,0,345,2619,1767561383343396655,36,40350471
13,74.4490,0,345,2619,1767561383359703448,36,40350471
14,74.4490,0,345,2619,1767561383363844170,36,40350471
15,74.4490,0,345,2619,1767561383370411252,36,40350471
16,74.4490,0,345,2619,1767561383374831813,36,40350471
17,74.4490,0,345,2619,1767561383378810712,36,40350471
18,74.4490,0,345,2619,1767561383385827361,36,40350471
19,74.4490,0,345,2619,1767561383393274664,36,40350471
20,74.4490,0,345,2619,1767561383397310266,36,40350471
21,74.4490,0,345,2619,1767561383401382605,36,40350471
22,74.4490,0,345,2619,1767561383409490002,36,40350471
23,74.4490,0,345,2619,1767561383415984571,36,40350471
24,74.4490,0,345,2619,1767561383420332396,36,40350471
25,74.4490,0,345,2619,1767561383428469585,36,40350471
26,74.4490,0,345,2619,1767561383432588515,36,40350471
27,74.4490,0,345,2619,1767561383437198388,36,40350471
28,74.4490,0,345,2619,1767561383442957409,36,40366853
29,74.4490,0,345,2619,1767561383463071486,36,40366853
30,74.4490,0,345,2619,1767561383471924064,36,40366853
31,74.3850,0,345,2619,1767561383476071570,36,40366853
32,74.3850,0,345,2619,1767561383480442116,36,40366853
33,74.3850,0,345,2619,1767561383494994674,36,40366853
34,74.3850,0,345,2619,1767561383568031901,36,40383588
35,74.3850,0,345,2619,1767561383571984208,36,40383588
36,74.3850,0,345,2619,1767561383576384865,36,40383588
37,74.3850,0,345,2619,1767561383585564610,36,40383588
38,74.3850,0,345,2619,1767561383593195657,36,40383588
39,74.3850,0,345,2619,1767561383597934841,36,40383588
40,74.3850,0,345,2619,1767561383602913289,36,40383588
41,74.3850,0,345,2619,1767561383609531314,36,40383588
42,74.3850,0,345,2619,1767561383614903232,36,40383588
43,74.3850,0,840,2619,1767561383620188622,36,40383588
44,74.3850,0,840,2619,1767561383628461362,36,40383588
45,74.3850,0,840,2619,1767561383632428261,36,40383588
46,74.3850,0,840,2619,1767561383638511345,36,40383588
47,74.9190,0,840,2619,1767561383644490237,36,40400736
48,74.9190,0,840,2619,1767561383665138360,36,40400736
49,74.9190,0,840,2619,1767561383674051162,36,40400736
50,74.9190,0,840,2619,1767561383677796653,36,40400736
51,74.9190,0,840,2619,1767561383685386451,36,40400736
52,74.9190,0,840,2619,1767561383693083577,36,40400736
53,74.9190,0,840,2619,1767561383698806566,36,40400736
54,74.9190,0,840,2619,1767561383702878009,36,40400736
55,74.9190,0,840,2619,1767561383709445923,36,40400736
56,74.9190,0,840,2619,1767561383713980115,36,40400736
57,74.9190,0,840,2619,1767561383718087558,36,40400736
58,74.9190,0,840,2619,1767561383722935990,36,40400736
59,74.9190,0,840,2619,1767561383729511040,36,40400736
60,74.9190,0,840,2619,1767561383735541068,36,40400736
61,74.9190,0,885,2619,1767561383740795034,36,40417192
62,74.9190,0,885,2619,1767561383758388510,36,40417192
63,74.9190,0,885,2619,1767561383762921583,36,40417192
64,75.2570,0,885,2619,1767561383769672088,36,40417192
65,75.2570,0,885,2619,1767561383774240681,36,40417192
66,75.2570,0,885,2619,1767561383778385307,36,40417192
67,75.2570,0,885,2619,1767561383785292036,36,40417192
68,75.2570,0,885,2619,1767561383793000587,36,40417192
69,75.2570,0,885,2619,1767561383797008765,36,40417192
70,75.2570,0,885,2619,1767561383801047984,36,40417192
71,75.2570,0,885,2619,1767561383809128309,36,40417192
72,75.2570,0,885,2619,1767561383813281318,36,40417192
73,75.2570,0,885,2619,1767561383819873744,36,40417192
74,75.2570,0,885,2619,1767561383823794755,36,40417192
75,75.2570,0,885,2619,1767561383830361709,36,40417192
76,75.2570,0,885,2619,1767561383834162944,36,40417192
77,75.2570,0,885,2619,1767561383837949843,36,40417192
78,75.2570,0,885,2619,1767561383843537889,36,40434319
79,75.2570,0,885,2619,1767561383859508619,36,40434319
80,75.2570,0,885,2619,1767561383863671165,36,40434319
81,75.2570,0,885,2619,1767561383870109768,36,40434319
82,75.2570,0,885,2619,1767561383873956475,36,40434319
83,75.2570,0,885,2619,1767561383878711787,36,40434319
84,75.2570,0,885,2619,1767561383885302453,36,40434319
85,75.2570,0,885,2619,1767561383893002746,36,40434319
86,75.7030,0,885,2619,1767561383896926093,36,40434319
87,75.7030,0,885,2619,1767561383900787968,36,40434319
88,75.7030,0,885,2619,1767561383908959525,36,40434319
89,75.7030,0,885,2619,1767561383912811352,36,40434319
90,75.7030,0,885,2619,1767561383916688843,36,40434319
91,75.7030,0,885,2619,1767561383920604766,36,40434319
92,75.7030,0,885,2619,1767561383928639651,36,40434319
93,75.7030,0,885,2619,1767561383932463575,36,40434319
94,75.7030,0,885,2619,1767561383936657353,36,40434319
95,75.7030,0,885,2619,1767561383940918522,36,40450976
96,75.7030,0,885,2619,1767561383969578554,36,40450976
97,75.7030,0,885,2619,1767561383973186894,36,40450976
98,75.7030,0,885,2619,1767561383976630690,36,40450976
99,75.7030,0,885,2619,1767561383981437810,36,40450976
100,75.7030,0,885,2619,1767561383991125266,36,40450976
101,75.7030,0,885,2619,1767561383994589094,36,40450976
102,75.7030,0,1980,2619,1767561383998035163,36,40450976
103,75.7030,0,1980,2619,1767561384002701675,36,40450976
104,75.7030,0,1980,2619,1767561384009206453,36,40450976
105,75.7030,0,1980,2619,1767561384012828073,36,40450976
106,75.7030,0,1980,2619,1767561384016170590,36,40450976
107,77.9770,0,1980,2619,1767561384019600371,36,40450976
108,77.9770,0,1980,2619,1767561384023662309,36,40450976
109,77.9770,0,1980,2619,1767561384030124174,36,40450976
110,77.9770,0,1980,2619,1767561384034703231,36,40450976
111,77.9770,0,1980,2619,1767561384038101748,36,40450976
112,77.9770,0,1980,2619,1767561384043761057,36,40471551
113,77.9770,0,1980,2619,1767561384059618668,36,40471551
114,77.9770,0,1980,2619,1767561384063684478,36,40471551
115,77.9770,0,1980,2619,1767561384070047529,36,40471551
116,77.9770,0,1980,2619,1767561384073384190,36,40471551
117,77.9770,0,1980,2619,1767561384076699731,36,40471551
118,77.9770,0,1980,2619,1767561384082889342,36,40471551
119,77.9770,0,1980,2619,1767561384089471911,36,40471551
120,77.9770,0,1980,2619,1767561384093236794,36,40471551
121,77.9770,0,1980,2619,1767561384096721775,36,40471551
122,77.9770,0,1980,2619,1767561384100273507,36,40471551
123,77.9770,0,1980,2619,1767561384104345141,36,40471551
124,77.9770,0,1980,2619,1767561384110715712,36,40471551
125,77.9770,0,1980,2619,1767561384115219025,36,40471551
126,77.9770,0,1980,2619,1767561384118654214,36,40471551
127,77.9770,0,1980,2619,1767561384122731032,36,40471551
128,77.9770,0,1980,2619,1767561384129243970,36,40471551
129,77.9770,0,1980,2619,1767561384132550807,36,40471551
130,84.5040,0,1980,2619,1767561384136144139,36,40471551
131,84.5040,0,1980,2619,1767561384140541181,36,40492859
132,84.5040,0,1980,2619,1767561384157943585,36,40492859
133,84.5040,0,1980,2619,1767561384162724657,36,40492859
134,84.5040,0,1980,2619,1767561384169177852,36,40492859
135,84.5040,0,1980,2619,1767561384172734640,36,40492859
136,84.5040,0,1980,2619,1767561384176015557,36,40492859
137,84.5040,0,1980,2619,1767561384179442521,36,40492859
138,84.5040,0,1980,2619,1767561384183633195,36,40492859
139,84.5040,0,1980,2619,1767561384190560468,37,40492859
140,84.5040,0,1980,2619,1767561384193908937,37,40492859
141,84.5040,0,1980,2619,1767561384197632413,37,40492859
142,84.5040,0,1980,2619,1767561384202832555,37,40492859
143,84.5040,0,1980,2619,1767561384209217622,37,40492859
144,84.5040,0,1980,2619,1767561384214113734,37,40492859
145,84.5040,0,1980,2619,1767561384217440635,37,40492859
146,84.5040,0,1980,2619,1767561384222598889,37,40492859
147,84.5040,0,1980,2619,1767561384229062643,37,40492859
148,84.5040,0,1980,2619,1767561384232751110,37,40492859
149,84.5040,0,1980,2619,1767561384236458298,37,40492859
150,84.5040,0,1980,2619,1767561384240602092,37,40514501
151,84.5040,0,1980,2619,1767561384260455114,37,40514501
152,84.5040,0,1980,2619,1767561384269650955,37,40514501
153,90.9090,0,1980,2619,1767561384273916221,37,40514501
154,90.9090,0,1980,2619,1767561384277314642,37,40514501
155,90.9090,0,1980,2619,1767561384281284196,37,40514501
156,90.9090,0,1980,2619,1767561384289482024,37,40514501
157,90.9090,0,1980,2619,1767561384292834941,37,40514501
158,90.9090,0,1980,2619,1767561384296164337,37,40514501
159,90.9090,0,1980,2619,1767561384299536614,37,40514501
160,90.9090,0,1980,2619,1767561384303691384,37,40514501
161,90.9090,0,1980,2619,1767561384310359010,37,40514501
162,90.9090,0,1980,2619,1767561384313719511,37,40514501
163,90.9090,0,1980,2619,1767561384317567050,37,40514501
164,90.9090,0,1980,2619,1767561384321168958,37,40514501
165,90.9090,0,1980,2619,1767561384329295715,37,40514501
166,90.9090,0,1980,2619,1767561384332891831,37,40514501
167,90.9090,0,1980,2619,1767561384356351464,37,40536174
168,90.9090,0,1980,2619,1767561384360507994,37,40536174
169,90.9090,0,1980,2619,1767561384368295072,37,40536174
170,90.9090,0,1980,2619,1767561384372276370,37,40536174
171,90.9090,0,1980,2619,1767561384375945478,37,40536174
172,90.9090,0,1980,2619,1767561384380144696,37,40536174
173,97.2710,0,1980,2619,1767561384388334589,37,40536174
174,97.2710,0,1980,2619,1767561384392874605,37,40536174
175,97.2710,0,1980,2619,1767561384396718337,37,40536174
176,97.2710,0,1980,2619,1767561384400834771,37,40536174
177,97.2710,0,1980,2619,1767561384408864824,37,40536174
178,97.2710,0,1980,2619,1767561384412831915,37,40536174
179,97.2710,0,1980,2619,1767561384416547870,37,40536174
180,97.2710,0,1980,2619,1767561384420673681,37,40536174
181,97.2710,0,1980,2619,1767561384428539925,37,40536174
182,97.2710,0,1980,2619,1767561384432130185,37,40536174
183,97.2710,0,1980,2619,1767561384435928605,37,40536174
184,97.2710,0,1980,2619,1767561384440686381,37,40557846
185,97.2710,0,1980,2619,1767561384458480273,37,40557846
186,97.2710,0,1980,2619,1767561384463192290,37,40557846
187,97.2710,0,1980,2619,1767561384469817355,37,40557846
188,97.2710,0,1980,2619,1767561384473347520,37,40557846
189,97.2710,0,1980,2619,1767561384476675541,37,40557846
190,97.2710,0,1980,2619,1767561384480156777,37,40557846
191,97.2710,0,1980,2619,1767561384484275451,37,40557846
192,97.2710,0,1980,2619,1767561384490868773,37,40557846
193,103.0870,0,1980,2619,1767561384494641432,37,40557846
194,103.0870,0,1980,2619,1767561384498415019,37,40557846
195,103.0870,0,1980,2619,1767561384502615773,37,40557846
196,103.0870,0,1980,2619,1767561384509244391,37,40557846
197,103.0870,0,1980,2619,1767561384512589468,37,40557846
198,103.0870,0,1980,2619,1767561384516822061,37,40557846
199,103.0870,0,1980,2619,1767561384520292322,37,40557846
200,103.0870,0,1980,2619,1767561384528259911,37,40557846
201,103.0870,0,1980,2619,1767561384531797563,37,40557846
202,103.0870,0,1980,2619,1767561384535528527,37,40557846
203,103.0870,0,1980,2619,1767561384538867844,37,40557846
204,103.0870,0,1980,2619,1767561384545429326,37,40580136
205,103.0870,0,1980,2619,1767561384559242303,37,40580136
206,103.0870,0,1980,2619,1767561384563318097,37,40580136
207,103.0870,0,1980,2619,1767561384569763707,37,40580136
208,103.0870,0,1980,2619,1767561384573858542,37,40580136
209,103.0870,0,1980,2619,1767561384577906816,37,40580136
210,103.0870,0,1980,2619,1767561384582918352,37,40580136
211,103.0870,0,1980,2619,1767561384589607737,37,40580136
212,103.0870,0,1980,2619,1767561384593216877,37,40580136
213,103.0870,0,1980,2619,1767561384597475295,37,40580136
214,103.0870,0,1980,2619,1767561384602688782,37,40580136
215,103.0870,0,1980,2619,1767561384609409591,37,40580136
216,103.0870,0,1980,2619,1767561384614066920,37,40580136
217,109.2670,0,1980,2619,1767561384617421852,37,40580136
218,109.2670,0,1980,2619,1767561384621148368,37,40580136
219,109.2670,0,1980,2619,1767561384628962773,37,40580136
220,109.2670,0,1980,2619,1767561384632335241,37,40580136
221,109.2670,0,1980,2619,1767561384635782590,37,40580136
222,109.2670,0,1980,2619,1767561384640593838,37,40601339
223,109.2670,0,1980,2619,1767561384659301007,37,40601339
224,109.2670,0,1980,2619,1767561384663410402,37,40601339
225,109.2670,0,1980,2619,1767561384669752717,37,40601339
226,109.2670,0,1980,2619,1767561384673100033,37,40601339
227,109.2670,0,1980,2619,1767561384676482614,37,40601339
228,109.2670,0,1980,2619,1767561384681163078,37,40601339
229,109.2670,0,1980,2619,1767561384689168812,37,40601339
230,109.2670,0,1980,2619,1767561384692774431,37,40601339
231,109.2670,0,1980,2619,1767561384696043508,37,40601339
232,109.2670,0,1980,2619,1767561384699938631,37,40601339
233,109.2670,0,1980,2619,1767561384704017433,37,40601339
234,109.2670,0,1980,2619,1767561384710495427,37,40601339
235,109.2670,0,1980,2619,1767561384713934136,37,40601339
236,109.2670,0,1980,2619,1767561384717461324,37,40601339
237,109.2670,0,1980,2619,1767561384722718523,37,40601339
238,109.2670,0,1980,2619,1767561384729171013,37,40601339
239,109.2670,0,1980,2619,1767561384733301975,37,40601339
240,115.1690,0,1980,2619,1767561384737406698,37,40601339
241,115.1690,0,1980,2619,1767561384741438076,37,40623213
242,115.1690,0,1980,2619,1767561384758744898,37,40623213
243,115.1690,0,1980,2619,1767561384762936372,37,40623213
244,115.1690,0,1980,2619,1767561384769372414,37,40623213
245,115.1690,0,1980,2619,1767561384772708146,37,40623213
246,115.1690,0,1980,2619,1767561384776012391,37,40623213
247,115.1690,0,1980,2619,1767561384779695643,37,40623213
248,115.1690,0,1980,2619,1767561384783850541,37,40623213
249,115.1690,0,1980,2619,1767561384790399607,37,40623213
250,115.1690,0,1980,2619,1767561384793757068,37,40623213
251,115.1690,0,1980,2619,1767561384797122401,37,40623213
252,115.1690,0,1980,2619,1767561384801032052,37,40623213
253,115.1690,0,1980,2619,1767561384808933082,37,40623213
254,115.1690,0,1980,2619,1767561384812231823,37,40623213
255,115.1690,0,1980,2619,1767561384815866498,37,40623213
256,115.1690,0,1980,2619,1767561384819303639,37,40623213
257,115.1690,0,1980,2619,1767561384823364649,37,40623213
258,115.1690,0,1980,2619,1767561384829838355,37,40623213
259,115.1690,0,1980,2619,1767561384833193799,37,40623213
260,115.1690,0,1980,2619,1767561384836707100,37,40623213
261,115.1690,0,1980,2619,1767561384840854286,37,40644630
262,115.1690,0,1980,2619,1767561384859998606,37,40644630
263,115.1690,0,1980,2619,1767561384863988897,37,40644630
264,120.7300,0,1980,2619,1767561384870357163,37,40644630
265,120.7300,0,1980,2619,1767561384873723616,37,40644630
266,120.7300,0,1980,2619,1767561384877094869,37,40644630
267,120.7300,0,1980,2619,1767561384880775305,37,40644630
268,120.7300,0,1980,2619,1767561384889123341,37,40644630
269,120.7300,0,1980,2619,1767561384892460033,37,40644630
270,120.7300,0,1980,2619,1767561384897069873,37,40644630
271,120.7300,0,1980,2619,1767561384900775653,37,40644630
272,120.7300,0,1980,2619,1767561384908667466,37,40644630
273,120.7300,0,1980,2619,1767561384911972063,37,40644630
274,120.7300,0,1980,2619,1767561384915593651,37,40644630
275,120.7300,0,1980,2619,1767561384919482662,37,40644630
276,120.7300,0,1980,2619,1767561384923420953,37,40644630
277,120.7300,0,1980,2619,1767561384929970467,37,40644630
278,120.7300,0,1980,2619,1767561384933439192,37,40644630
279,120.7300,0,1980,2619,1767561384937053100,37,40644630
280,120.7300,0,1980,2619,1767561384941178046,37,40666032
281,120.7300,0,1980,2619,1767561384958689987,37,40666032
282,120.7300,0,1980,2619,1767561384962765205,37,40666032
283,120.7300,0,1980,2619,1767561384969228703,37,40666032
284,120.7300,0,1980,2619,1767561384973309297,37,40666032
285,120.7300,0,1980,2619,1767561384976641958,37,40666032
286,120.7300,0,1980,2619,1767561384979953691,37,40666032
287,120.7300,0,1980,2619,1767561384984114317,37,40666032
288,125.2070,0,1980,2619,1767561384990669431,37,40666032
289,125.2070,0,1980,2619,1767561384993939436,37,40666032
290,125.2070,0,1980,2619,1767561384997236641,37,40666032
291,125.2070,0,1980,2619,1767561385000544342,37,40666032
292,125.2070,0,1980,2619,1767561385008413244,37,40666032
293,125.2070,0,1980,2619,1767561385012298223,37,40666032
294,125.2070,0,1980,2619,1767561385015533988,37,40666032
295,125.2070,0,1980,2619,1767561385019047161,37,40666032
296,125.2070,0,1980,2619,1767561385023085675,37,40666032
297,125.2070,0,1980,2619,1767561385029775572,37,40666032
298,125.2070,0,1980,2619,1767561385033106377,37,40666032
299,125.2070,0,1980,2619,1767561385036519517,37,40666032
300,125.2070,0,1980,2619,1767561385040779567,37,40687368
301,125.2070,0,1980,2619,1767561385059897743,37,40687368
302,125.2070,0,1980,2619,1767561385067860661,37,40687368
303,125.2070,0,1980,2619,1767561385071179721,37,40687368
304,125.2070,0,1980,2619,1767561385074600318,37,40687368
305,125.2070,0,1980,2619,1767561385077882419,37,40687368
306,125.2070,0,1980,2619,1767561385082946818,37,40687368
307,125.2070,0,1980,2619,1767561385089548684,37,40687368
308,125.2070,0,1980,2619,1767561385092870305,37,40687368
309,125.2070,0,1980,2619,1767561385096316629,37,40687368
310,125.2070,0,1980,2619,1767561385099783785,37,40687368
311,125.2070,0,1980,2619,1767561385103766972,37,40687368
312,125.2070,0,1980,2619,1767561385110142246,37,40687368
313,125.3850,0,1980,2619,1767561385114170745,37,40687368
314,125.3850,0,1980,2619,1767561385117703565,37,40687368
315,125.3850,0,1980,2619,1767561385122910620,37,40687368
316,125.3850,0,1980,2619,1767561385129462758,37,40687368
317,125.3850,0,1980,2619,1767561385133076314,37,40687368
318,125.3850,0,1980,2619,1767561385136897229,37,40687368
319,125.3850,0,1980,2619,1767561385140982175,37,40708916
320,125.3850,0,1980,2619,1767561385158478341,37,40708916
321,125.3850,0,1980,2619,1767561385162778358,37,40708916
322,125.3850,0,1980,2619,1767561385169412959,37,40708916
323,125.3850,0,1980,2619,1767561385173065843,37,40708916
324,125.3850,0,1980,2619,1767561385176688551,37,40708916
325,125.3850,0,1980,2619,1767561385180646202,37,40708916
326,125.3850,0,1980,2619,1767561385188768895,37,40708916
327,125.3850,0,1980,2619,1767561385192400914,37,40708916
328,125.3850,0,1980,2619,1767561385195964839,37,40708916
329,125.3850,0,1980,2619,1767561385199709434,37,40708916
330,125.3850,0,1980,2619,1767561385203707949,37,40708916
331,125.3850,0,1980,2619,1767561385210232215,37,40708916
332,125.3850,0,1980,2619,1767561385216173283,37,40708916
333,125.3850,0,1980,2619,1767561385219905815,37,40708916
334,125.3850,0,1980,2619,1767561385224008905,37,40708916
335,125.3850,0,1980,2619,1767561385230609683,37,40708916
336,125.4090,0,1980,2619,1767561385234370470,37,40708916
337,125.4090,0,1980,2619,1767561385238001977,37,40708916
338,125.4090,0,1980,2619,1767561385243604710,37,40731722
339,125.4090,0,1980,2619,1767561385260731021,37,40731722
340,125.4090,0,1980,2619,1767561385268686931,37,40731722
341,125.4090,100,1980,2619,1767561385272254055,37,40731722
342,125.4090,100,1980,2619,1767561385275874555,37,40731722
343,125.4090,100,1980,2619,1767561385279546190,37,40731722
344,125.4090,100,1980,2619,1767561385283761408,37,40731722
345,125.4090,100,1980,2619,1767561385290357290,37,40731722
346,125.4090,100,1980,2619,1767561385293934334,37,40731722
347,125.4090,100,1980,2619,1767561385297575345,37,40731722
348,125.4090,100,1980,2619,1767561385301168485,37,40731722
349,125.4090,100,1980,2619,1767561385309297802,37,40731722
350,125.4090,100,1980,2619,1767561385313211165,37,40731722
351,125.4090,100,1980,2619,1767561385317325263,37,40731722
352,125.4090,100,1980,2619,1767561385320937955,37,40731722
353,125.4090,100,1980,2619,1767561385329024136,37,40731722
354,125.4090,100,1980,2619,1767561385332652796,37,40731722
355,125.4090,100,1980,2619,1767561385336438159,37,40731722
356,125.4090,100,1980,2619,1767561385340728769,37,40753924
357,125.4090,100,1980,2619,1767561385358090503,37,40753924
358,125.4090,100,1980,2619,1767561385362786167,37,40753924
359,125.5890,100,1980,2619,1767561385369253473,37,40753924
360,125.5890,100,1980,2619,1767561385372832789,37,40753924
361,125.5890,100,1980,2619,1767561385376623400,37,40753924
362,125.5890,100,1980,2619,1767561385380376443,37,40753924
363,125.5890,100,1980,2619,1767561385388675840,37,40753924
364,125.5890,100,1980,2619,1767561385392235092,37,40753924
365,125.5890,100,1980,2619,1767561385395852872,37,40753924
366,125.5890,100,1980,2619,1767561385399635387,37,40753924
367,125.5890,100,1980,2619,1767561385403681742,37,40753924
368,125.5890,100,1980,2619,1767561385410092696,37,40753924
369,125.5890,100,1980,2619,1767561385413744844,38,40753924
370,125.5890,100,1980,2619,1767561385418007870,38,40753924
371,125.5890,100,1980,2619,1767561385422758190,38,40753924
372,125.5890,100,1980,2619,1767561385429320824,38,40753924
373,125.5890,100,1980,2619,1767561385433254986,38,40753924
374,125.5890,100,1980,2619,1767561385437030109,38,40753924
375,125.5890,100,1980,2619,1767561385441293551,38,40776608
376,125.5890,100,1980,2619,1767561385459397042,38,40776608
377,125.5890,100,1980,2619,1767561385463451429,38,40776608
378,125.5890,100,1980,2619,1767561385469949935,38,40776608
379,125.5890,100,1980,2619,1767561385473617507,38,40776608
380,125.5890,100,1980,2619,1767561385477174679,38,40776608
381,125.5890,100,1980,2619,1767561385481154730,38,40776608
382,125.5890,100,1980,2619,1767561385489148655,38,40776608
383,125.7970,100,1980,2619,1767561385492957250,38,40776608
384,125.7970,100,1980,2619,1767561385496515798,38,40776608
385,125.7970,100,1980,2619,1767561385500247625,38,40776608
386,125.7970,100,1980,2619,1767561385508221038,38,40776608
387,125.7970,100,1980,2619,1767561385511717667,38,40776608
388,125.7970,100,1980,2619,1767561385515345175,38,40776608
389,125.7970,100,1980,2619,1767561385519257897,38,40776608
390,125.7970,100,1980,2619,1767561385523385980,38,40776608
391,125.7970,100,1980,2619,1767561385529884678,38,40776608
392,125.7970,100,1980,2619,1767561385533387162,38,40776608
393,125.7970,100,1980,2619,1767561385537041678,38,40776608
394,125.7970,100,1980,2619,1767561385541020065,38,40798986
395,125.7970,100,1980,2619,1767561385558239239,38,40798986
396,125.7970,100,1980,2619,1767561385562679704,38,40798986
397,125.7970,100,1980,2619,1767561385569150658,38,40798986
398,125.7970,100,1980,2619,1767561385572771926,38,40798986
399,125.7970,100,1980,2619,1767561385576326634,38,40798986
400,125.7970,100,1980,2619,1767561385580040829,38,40798986
401,125.7970,100,1980,2619,1767561385584185168,38,40798986
402,125.7970,100,1980,2619,1767561385591016281,38,40798986
403,125.7970,100,1980,2619,1767561385594590061,38,40798986
404,125.7970,100,1980,2619,1767561385598549952,38,40798986
405,125.7970,100,1980,2619,1767561385602717298,38,40798986
406,125.7970,100,1980,2619,1767561385609171260,38,40798986
407,125.9770,100,1980,2619,1767561385612814096,38,40798986
408,125.9770,100,1980,2619,1767561385616355332,38,40798986
409,125.9770,100,1980,2619,1767561385620575830,38,40798986
410,125.9770,100,1980,2619,1767561385628498524,38,40798986
411,125.9770,100,1980,2619,1767561385632098031,38,40798986
412,125.9770,100,1980,2619,1767561385635862946,38,40798986
413,125.9770,100,1980,2619,1767561385640662386,38,40821535
414,125.9770,100,1980,2619,1767561385659916114,38,40821535
415,125.9770,100,1980,2619,1767561385663974628,38,40821535
416,125.9770,100,1980,2619,1767561385670490382,38,40821535
417,125.9770,100,1980,2619,1767561385674091330,38,40821535
418,125.9770,100,1980,2619,1767561385677637462,38,40821535
419,125.9770,100,1980,2619,1767561385682955269,38,40821535
420,125.9770,100,1980,2619,1767561385689583183,38,40821535
421,125.9770,100,1980,2619,1767561385693201027,38,40821535
422,125.9770,100,1980,2619,1767561385696742007,38,40821535
423,125.9770,100,1980,2619,1767561385700463210,38,40821535
424,125.9770,100,1980,2619,1767561385708416495,38,40821535
425,125.9770,100,1980,2619,1767561385711880067,38,40821535
426,125.9770,100,1980,2619,1767561385715476695,38,40821535
427,125.9770,100,1980,2619,1767561385719192939,38,40821535
428,125.9770,100,1980,2619,1767561385723307581,38,40821535
429,125.9770,100,1980,2619,1767561385729905543,38,40821535
430,125.9770,100,1980,2619,1767561385733494747,38,40821535
431,126.8610,100,1980,2619,1767561385737165583,38,40821535
432,126.8610,100,1980,2619,1767561385741254177,38,40844804
433,126.8610,100,1980,2619,1767561385758451720,38,40844804
434,126.8610,100,1980,2619,1767561385762661081,38,40844804
435,126.8610,100,1980,2619,1767561385769147299,38,40844804
436,126.8610,100,1980,2619,1767561385772707191,38,40844804
437,126.8610,100,1980,2619,1767561385776316523,38,40844804
438,126.8610,100,1980,2619,1767561385780014878,38,40844804
439,126.8610,100,1980,2619,1767561385784239856,38,40844804
440,126.8610,100,1980,2619,1767561385790902650,38,40844804
441,126.8610,100,1980,2619,1767561385794690733,38,40844804
442,126.8610,100,1980,2619,1767561385798312001,38,40844804
443,126.8610,100,1980,2619,1767561385802788082,38,40844804
444,126.8610,100,1980,2619,1767561385809233309,38,40844804
445,126.8610,100,1980,2619,1767561385812652817,38,40844804
446,126.8610,100,1980,2619,1767561385815998726,38,40844804
447,126.8610,100,1980,2619,1767561385819450715,38,40844804
448,126.8610,100,1980,2619,1767561385823519469,38,40844804
449,126.8610,100,1980,2619,1767561385830026359,38,40844804
450,126.8610,100,1980,2619,1767561385833381068,38,40844804
451,126.8610,100,1980,2619,1767561385837054239,38,40844804
452,126.8610,100,1980,2619,1767561385841352432,38,40867725
453,126.8610,100,1980,2619,1767561385858800982,38,40867725
454,126.8610,100,1980,2619,1767561385862957608,38,40867725
455,127.8380,100,1980,2619,1767561385869639058,38,40867725
456,127.8380,100,1980,2619,1767561385873227654,38,40867725
457,127.8380,100,1980,2619,1767561385876861114,38,40867725
458,127.8380,100,1980,2619,1767561385880712365,38,40867725
459,127.8380,100,1980,2619,1767561385888845426,38,40867725
460,127.8380,100,1980,2619,1767561385892468870,38,40867725
461,127.8380,100,1980,2619,1767561385896072346,38,40867725
462,127.8380,100,1980,2619,1767561385899830733,38,40867725
463,127.8380,100,1980,2619,1767561385903873471,38,40867725
464,127.8380,100,1980,2619,1767561385910325065,38,40867725
465,127.8380,100,1980,2619,1767561385913969917,38,40867725
466,127.8380,100,1980,2619,1767561385917522833,38,40867725
467,127.8380,100,1980,2619,1767561385921172037,38,40867725
468,127.8380,100,1980,2619,1767561385929127338,38,40867725
469,127.8380,100,1980,2619,1767561385933676507,38,40867725
470,127.8380,100,1980,2619,1767561385937268559,38,40867725
471,127.8380,100,1980,2619,1767561385941360353,38,40890278
472,127.8380,100,1980,2619,1767561385958504744,38,40890278
473,127.8380,100,1980,2619,1767561385962770874,38,40890278
474,127.8380,100,1980,2619,1767561385969127748,38,40890278
475,127.8380,100,1980,2619,1767561385972775095,38,40890278
476,127.8380,100,1980,2619,1767561385976407083,38,40890278
477,127.8380,100,1980,2619,1767561385980044895,38,40890278
478,127.8380,100,1980,2619,1767561385984169489,38,40890278
479,128.4640,100,1980,2619,1767561385990759675,38,40890278
480,128.4640,100,1980,2619,1767561385994399343,38,40890278
481,128.4640,100,1980,2619,1767561385997966755,38,40890278
482,128.4640,100,1980,2619,1767561386002692116,38,40890278
483,128.4640,100,1980,2619,1767561386009351069,38,40890278
484,128.4640,100,1980,2619,1767561386012976113,38,40890278
485,128.4640,100,1980,2619,1767561386016584933,38,40890278
486,128.4640,100,1980,2619,1767561386020215385,38,40890278
487,128.4640,100,1980,2619,1767561386028141887,38,40890278
488,128.4640,100,1980,2619,1767561386031636563,38,40890278
489,128.4640,100,1980,2619,1767561386035801892,38,40890278
490,128.4640,100,1980,2619,1767561386040657556,38,40912794
491,128.4640,100,1980,2619,1767561386058422296,38,40912794
492,128.4640,100,1980,2619,1767561386062708554,38,40912794
493,128.4640,100,1980,2619,1767561386069159444,38,40912794
494,128.4640,100,1980,2619,1767561386072804584,38,40912794
495,128.4640,100,1980,2619,1767561386076433244,38,40912794
496,128.4640,100,1980,2619,1767561386080102352,38,40912794
497,128.4640,100,1980,2619,1767561386084227234,38,40912794
498,128.4640,100,1980,2619,1767561386090791340,38,40912794
499,128.4640,100,1980,2619,1767561386094379200,38,40912794
500,128.4640,100,1980,2619,1767561386097998068,38,40912794
501,128.4640,100,1980,2619,1767561386102759332,38,40912794
502,128.4640,100,1980,2619,1767561386109183694,38,40912794
503,129.3260,100,1980,2619,1767561386112774946,38,40912794
504,129.3260,100,1980,2619,1767561386116400438,38,40912794
505,129.3260,100,1980,2619,1767561386120051209,38,40912794
506,129.3260,100,1980,2619,1767561386124003836,38,40912794
507,129.3260,100,1980,2619,1767561386130514726,38,40912794
508,129.3260,100,1980,2619,1767561386134166490,38,40912794
509,129.3260,100,1980,2619,1767561386138264077,38,40912794
510,129.3260,100,1980,2619,1767561386143889786,38,40935782
511,129.3260,100,1980,2619,1767561386159352198,38,40935782
512,129.3260,100,1980,2619,1767561386163397273,38,40935782
513,129.3260,100,1980,2619,1767561386169823971,38,40935782
514,129.3260,100,1980,2619,1767561386173722582,38,40935782
515,129.3260,100,1980,2619,1767561386177348137,38,40935782
516,129.3260,100,1980,2619,1767561386181249980,38,40935782
517,129.3260,100,1980,2619,1767561386189278241,38,40935782
518,129.3260,100,1980,2619,1767561386192900565,38,40935782
519,129.3260,100,1980,2619,1767561386196351274,38,40935782
520,129.3260,100,1980,2619,1767561386200040957,38,40935782
521,129.3260,100,1980,2619,1767561386204006224,38,40935782
522,129.3260,100,1980,2619,1767561386212762099,38,40935782
523,129.3260,100,1980,2619,1767561386216594918,38,40935782
524,129.6880,100,1980,2619,1767561386220231226,38,40935782
525,129.6880,100,1980,2619,1767561386228194719,38,40935782
526,129.6880,100,1980,2619,1767561386231814035,38,40935782
527,129.6880,100,1980,2619,1767561386235511878,38,40935782
528,129.6880,100,1980,2619,1767561386240659764,38,40958220
529,129.6880,100,1980,2619,1767561386258441241,38,40958220
530,129.6880,100,1980,2619,1767561386262713963,38,40958220
531,129.6880,100,1980,2619,1767561386269198005,38,40958220
532,129.6880,100,1980,2619,1767561386272826889,38,40958220
533,129.6880,100,1980,2619,1767561386276368797,38,40958220
534,129.6880,100,1980,2619,1767561386280069073,38,40958220
535,129.6880,100,1980,2619,1767561386288472757,38,40958220
536,129.6880,100,1980,2619,1767561386292070281,38,40958220
537,129.6880,100,1980,2619,1767561386295643389,38,40958220
538,129.6880,100,1980,2619,1767561386299322929,38,40958220
539,129.6880,100,1980,2619,1767561386303290019,38,40958220
540,129.6880,100,1980,2619,1767561386309729165,38,40958220
541,129.6880,100,1980,2619,1767561386313304609,38,40958220
542,129.6880,100,1980,2619,1767561386316901237,38,40958220
543,129.6880,100,1980,2619,1767561386320539881,38,40958220
544,129.6880,100,1980,2619,1767561386328472686,38,40958220
545,129.6880,100,1980,2619,1767561386332058690,38,40958220
546,130.4060,100,1980,2619,1767561386335834550,38,40958220
547,130.4060,100,1980,2619,1767561386340725349,38,40981428
548,130.4060,100,1980,2619,1767561386358662857,38,40981428
549,130.4060,100,1980,2619,1767561386362832667,38,40981428
550,130.4060,100,1980,2619,1767561386369203302,38,40981428
551,130.4060,100,1980,2619,1767561386372810042,38,40981428
552,130.4060,100,1980,2619,1767561386376350349,38,40981428
553,130.4060,100,1980,2619,1767561386380056001,38,40981428
554,130.4060,100,1980,2619,1767561386384147027,38,40981428
555,130.4060,100,1980,2619,1767561386390761917,38,40981428
556,130.4060,100,1980,2619,1767561386394334001,38,40981428
557,130.4060,100,1980,2619,1767561386397924805,38,40981428
558,130.4060,100,1980,2619,1767561386402782101,38,40981428
559,130.4060,100,1980,2619,1767561386409255359,38,40981428
560,130.4060,100,1980,2619,1767561386412866387,38,40981428
561,130.4060,100,1980,2619,1767561386416406631,38,40981428
562,130.4060,100,1980,2619,1767561386420078299,38,40981428
563,130.4060,100,1980,2619,1767561386424063278,38,40981428
564,130.4060,100,1980,2619,1767561386430729655,38,40981428
565,130.4060,100,1980,2619,1767561386434401867,38,40981428
566,130.4060,100,1980,2619,1767561386437910015,38,40981428
567,130.4060,100,1980,2619,1767561386443427308,38,41004903
568,130.4060,100,1980,2619,1767561386459582230,38,41004903
569,131.0720,100,1980,2619,1767561386463697768,38,41004903
570,131.0720,100,1980,2619,1767561386470213715,38,41004903
571,131.0720,100,1980,2619,1767561386473721415,38,41004903
572,131.0720,85,1980,2619,1767561386477295611,38,41004903
573,131.0720,85,1980,2619,1767561386481339726,38,41004903
574,131.0720,85,1980,2619,1767561386489352787,38,41004903
575,131.0720,85,1980,2619,1767561386493094918,38,41004903
576,131.0720,85,1980,2619,1767561386496705242,38,41004903
577,131.0720,85,1980,2619,1767561386500411662,38,41004903
578,131.0720,85,1980,2619,1767561386508324082,38,41004903
579,131.0720,85,1980,2619,1767561386511970150,38,41004903
580,131.0720,85,1980,2619,1767561386515533242,38,41004903
581,131.0720,85,1980,2619,1767561386519550349,38,41004903
582,131.0720,85,1980,2619,1767561386523596511,38,41004903
583,131.0720,85,1980,2619,1767561386530046826,38,41004903
584,131.0720,85,1980,2619,1767561386533681726,38,41004903
585,131.0720,85,1980,2619,1767561386537242482,38,41004903
586,131.0720,85,1980,2619,1767561386541303396,38,41027145
587,131.0720,85,1980,2619,1767561386558564875,38,41027145
588,131.0720,85,1980,2619,1767561386562854076,38,41027145
589,131.2480,85,1980,2619,1767561386569567142,38,41027145
590,131.2480,85,1980,2619,1767561386573217273,38,41027145
591,131.2480,85,1980,2619,1767561386576767693,38,41027145
592,131.2480,85,1980,2619,1767561386580712095,38,41027145
593,131.2480,85,1980,2619,1767561386588884260,38,41027145
594,131.2480,85,1980,2619,1767561386592465784,38,41027145
595,131.2480,85,1980,2619,1767561386596286443,38,41027145
596,131.2480,85,1980,2619,1767561386600042303,38,41027145
597,131.2480,85,1980,2619,1767561386604001810,38,41027145
598,131.2480,85,1980,2619,1767561386610443484,38,41027145
599,131.2480,85,1980,2619,1767561386614009104,38,41027145
600,131.2480,85,1980,2619,1767561386617637508,38,41027145
601,131.2480,85,1980,2619,1767561386622815987,38,41027145
602,131.2480,85,1980,2619,1767561386629262877,38,41027145
603,131.2480,85,1980,2619,1767561386633207920,38,41027145
604,131.2480,85,1980,2619,1767561386636897444,38,41027145
605,131.2480,85,1980,2619,1767561386641123766,38,41049686
606,131.2480,85,1980,2619,1767561386660393748,38,41049686
607,131.2480,85,1980,2619,1767561386668285402,38,41049686
608,131.2480,85,1980,2619,1767561386671920622,38,41049686
609,131.2480,85,1980,2619,1767561386675530754,38,41049686
610,131.2480,85,1980,2619,1767561386679184790,38,41049686
611,131.2480,85,1980,2619,1767561386683286184,38,41049686
612,131.2480,85,1980,2619,1767561386689899698,38,41049686
613,130.7040,85,1980,2619,1767561386693547462,38,41049686
614,130.7040,85,1980,2619,1767561386697093882,38,41049686
615,130.7040,85,1980,2619,1767561386700771053,38,41049686
616,130.7040,85,1980,2619,1767561386708943761,38,41049686
617,130.7040,85,1980,2619,1767561386712401925,38,41049686
618,130.7040,100,1980,2619,1767561386716039705,38,41049686
619,130.7040,100,1980,2619,1767561386719710413,38,41049686
620,130.7040,100,1980,2619,1767561386723736352,38,41049686
621,130.7040,100,1980,2619,1767561386730190154,38,41049686
622,130.7040,100,1980,2619,1767561386733653759,38,41049686
623,130.7040,100,1980,2619,1767561386737283378,38,41049686
624,130.7040,100,1980,2619,1767561386741321413,38,41072352
625,130.7040,100,1980,2619,1767561386758354380,38,41072352
626,130.7040,100,1980,2619,1767561386762810077,38,41072352
627,130.7040,100,1980,2619,1767561386769212520,38,41072352
628,130.7040,100,1980,2619,1767561386772860027,38,41072352
629,130.7040,100,1980,2619,1767561386776569550,38,41072352
630,130.7040,100,1980,2619,1767561386780496481,38,41072352
631,130.7040,100,1980,2619,1767561386788583846,38,41072352
632,130.7040,100,1980,2619,1767561386792225146,38,41072352
633,130.7040,100,1980,2619,1767561386795781326,38,41072352
634,130.7040,100,1980,2619,1767561386799527233,38,41072352
635,130.7040,100,1980,2619,1767561386803540340,38,41072352
636,130.7040,100,1980,2619,1767561386810046654,38,41072352
637,130.0040,100,1980,2619,1767561386813655954,38,41072352
638,130.0040,100,1980,2619,1767561386817261382,38,41072352
639,130.0040,100,1980,2619,1767561386820944634,38,41072352
640,130.0040,100,1980,2619,1767561386828867072,38,41072352
641,130.0040,100,1980,2619,1767561386832564339,38,41072352
642,130.0040,100,1980,2619,1767561386836170439,38,41072352
643,130.0040,100,1980,2619,1767561386840684536,38,41094873
644,130.0040,100,1980,2619,1767561386858790426,38,41094873
645,130.0040,100,1980,2619,1767561386862866381,38,41094873
646,130.0040,100,1980,2619,1767561386869415735,38,41094873
647,130.0040,100,1980,2619,1767561386873533129,38,41094873
648,130.0040,100,1980,2619,1767561386877064925,38,41094873
649,130.0040,100,1980,2619,1767561386880957648,38,41094873
650,130.0040,100,1980,2619,1767561386889006038,38,41094873
651,130.0040,100,1980,2619,1767561386892627818,38,41094873
652,130.0040,100,1980,2619,1767561386896170622,38,41094873
653,130.0040,100,1980,2619,1767561386899892657,38,41094873
654,130.0040,100,1980,2619,1767561386903890211,38,41094873
655,130.0040,100,1980,2619,1767561386910366413,38,41094873
656,130.0040,100,1980,2619,1767561386913927137,38,41094873
657,130.0040,100,1980,2619,1767561386917542229,38,41094873
658,130.0040,100,1980,2619,1767561386921189033,38,41094873
659,130.0040,100,1980,2619,1767561386929175406,38,41094873
660,130.0040,100,1980,2619,1767561386932764226,38,41094873
661,130.6830,100,1980,2619,1767561386936463222,38,41094873
662,130.6830,100,1980,2619,1767561386940642952,38,41118008
663,130.6830,100,1980,2619,1767561386957933262,38,41118008
664,130.6830,100,1980,2619,1767561386962805502,38,41118008
665,130.6830,100,1980,2619,1767561386969424136,38,41118008
666,130.6830,100,1980,2619,1767561386972969532,38,41118008
667,130.6830,100,1980,2619,1767561386977051150,38,41118008
668,130.6830,100,1980,2619,1767561386980956512,38,41118008
669,130.6830,100,1980,2619,1767561386989305924,38,41118008
670,130.6830,100,1980,2619,1767561386992915928,38,41118008
671,130.6830,100,1980,2619,1767561386996499468,38,41118008
672,130.6830,100,1980,2619,1767561387000160064,38,41118008
673,130.6830,100,1980,2619,1767561387008059558,38,41118008
674,130.6830,100,1980,2619,1767561387011979033,38,41118008
675,130.6830,100,1980,2619,1767561387015540493,38,41118008
676,130.6830,100,1980,2619,1767561387019237601,38,41118008
677,130.6830,100,1980,2619,1767561387023277107,38,41118008
678,130.6830,100,1980,2619,1767561387029689982,38,41118008
679,130.6830,100,1980,2619,1767561387033205842,38,41118008
680,130.6830,100,1980,2619,1767561387037004197,38,41118008
681,130.6830,100,1980,2619,1767561387041241495,38,41141236
682,130.6830,100,1980,2619,1767561387059194842,38,41141236
683,130.6830,100,1980,2619,1767561387063276204,38,41141236
684,131.3280,100,1980,2619,1767561387069828662,38,41141236
685,131.3280,100,1980,2619,1767561387073137003,38,41141236
686,131.3280,100,1980,2619,1767561387076469728,38,41141236
687,131.3280,100,1980,2619,1767561387080662514,38,41141236
688,131.3280,100,1980,2619,1767561387088751607,38,41141236
689,131.3280,100,1980,2619,1767561387092045676,38,41141236
690,131.3280,100,1980,2619,1767561387095367265,38,41141236
691,131.3280,100,1980,2619,1767561387098882229,38,41141236
692,131.3280,100,1980,2619,1767561387102952392,38,41141236
693,131.3280,100,1980,2619,1767561387109390034,38,41141236
694,131.3280,100,1980,2619,1767561387112695943,38,41141236
695,131.3280,100,1980,2619,1767561387116015196,38,41141236
696,131.3280,100,1980,2619,1767561387119556463,38,41141236
697,131.3280,100,1980,2619,1767561387123661762,38,41141236
698,131.3280,100,1980,2619,1767561387132517860,38,41141236
699,131.3280,100,1980,2619,1767561387138626672,38,41141236
700,131.3280,100,1980,2619,1767561387157267377,38,41175850
701,131.3280,100,1980,2619,1767561387178032203,38,41175850
702,131.3280,100,1980,2619,1767561387187620683,38,41175850
703,151.6450,100,1980,2619,1767561387197112779,38,41175850
704,151.6450,100,1980,2619,1767561387202803448,38,41175850
705,151.6450,100,1980,2619,1767561387231080762,38,41175850
706,151.6450,53,1980,2619,1767561387240202459,38,41175850
707,151.6450,53,1980,2619,1767561387261532083,53,41287405
708,151.6450,53,1980,2619,1767561387270535189,53,41287405
709,151.6450,53,1980,2619,1767561387274435496,53,41287405
710,151.6450,53,1980,2619,1767561387278161084,53,41287405
711,151.6450,53,1980,2619,1767561387285462499,53,41287405
712,151.6450,53,1980,2619,1767561387294483749,53,41287405
713,151.6450,53,1710,2619,1767561387298176089,53,41287405
714,151.6450,53,1710,2619,1767561387302765033,53,41287405
715,151.6450,53,1710,2619,1767561387311701739,53,41287405
716,151.6450,53,1710,2619,1767561387315385759,53,41287405
717,274.1570,53,1710,2619,1767561387318941554,53,41287405
718,274.1570,53,1710,2619,1767561387323037605,53,41287405
719,274.1570,53,1710,2619,1767561387331977607,53,41287405
720,274.1570,53,1710,2619,1767561387336084345,53,41287405
721,274.1570,53,1710,2619,1767561387340728745,53,41375681
722,274.1570,53,1710,2619,1767561387360725255,53,41375681
723,274.1570,53,1710,2619,1767561387370185607,53,41375681
724,274.1570,53,1710,2619,1767561387373733051,56,41375681
725,274.1570,53,1710,2619,1767561387377502446,56,41375681
726,274.1570,53,1710,2619,1767561387381494752,56,41375681
727,274.1570,53,1710,2619,1767561387389686693,56,41375681
728,274.1570,53,1710,2619,1767561387393917399,56,41375681
729,274.1570,53,1710,2619,1767561387397570539,56,41375681
730,274.1570,53,1710,2619,1767561387402797113,56,41375681
731,274.1570,53,1710,2619,1767561387409535267,56,41375681
732,274.1570,53,1830,2619,1767561387413225526,56,41375681
733,274.1570,53,1830,2619,1767561387416961354,56,41375681
734,274.1570,53,1830,2619,1767561387420728509,56,41375681
735,274.1570,53,1830,2619,1767561387430980059,56,41375681
736,274.1570,53,1830,2619,1767561387434831502,56,41375681
737,362.1270,53,1830,2619,1767561387438339202,56,41375681
738,362.1270,53,1830,2619,1767561387444126287,56,41472971
739,362.1270,53,1830,2619,1767561387459476187,56,41472971
740,362.1270,53,1830,2619,1767561387463492109,56,41472971
741,362.1270,100,1830,2619,1767561387470762517,56,41472971
742,362.1270,100,1830,2619,1767561387474705960,56,41472971
743,362.1270,100,1830,2619,1767561387478392028,56,41472971
744,362.1270,100,1830,2619,1767561387485291941,56,41472971
745,362.1270,100,1830,2619,1767561387494488838,56,41472971
746,362.1270,100,1830,2619,1767561387498730680,58,41472971
747,362.1270,100,1830,2619,1767561387502763626,58,41472971
748,362.1270,100,1830,2619,1767561387510093106,58,41472971
749,362.1270,100,1830,2619,1767561387514151332,58,41472971
750,362.1270,100,1830,2619,1767561387517822711,58,41472971
751,362.1270,100,1830,2619,1767561387522743750,58,41472971
752,362.1270,100,1830,2619,1767561387529986190,58,41472971
753,362.1270,100,1830,2619,1767561387533824289,58,41472971
754,362.1270,100,1740,2619,1767561387537477269,58,41472971
755,362.1270,100,1740,2619,1767561387541611655,58,41569939
756,362.1270,100,1740,2619,1767561387561004679,58,41569939
757,362.1270,100,1740,2619,1767561387590787330,58,41569939
758,452.5250,100,1740,2619,1767561387599922532,58,41569939
759,452.5250,100,1740,2619,1767561387611342301,58,41569939
760,452.5250,100,1740,2619,1767561387615207313,58,41569939
761,452.5250,100,1740,2619,1767561387618787205,59,41569939
762,452.5250,100,1740,2619,1767561387622890615,59,41569939
763,452.5250,100,1740,2619,1767561387631778969,59,41569939
764,452.5250,100,1740,2619,1767561387635836684,59,41569939
765,452.5250,100,1740,2619,1767561387640707963,59,41670103
766,452.5250,100,1740,2619,1767561387660089594,59,41670103
767,452.5250,100,1740,2619,1767561387664112780,59,41670103
768,452.5250,100,1695,2619,1767561387672894863,59,41670103
769,452.5250,100,1695,2619,1767561387676652994,59,41670103
770,452.5250,100,1695,2619,1767561387680325526,59,41670103
771,452.5250,100,1695,2619,1767561387690772435,59,41670103
772,536.9680,100,1695,2619,1767561387694380711,59,41670103
773,536.9680,100,1695,2619,1767561387698130139,59,41670103
774,536.9680,100,1695,2619,1767561387702776459,59,41670103
775,536.9680,100,1695,2619,1767561387710121618,59,41670103
776,536.9680,100,1695,2619,1767561387713863845,59,41670103
777,536.9680,100,1695,2619,1767561387717576153,59,41670103
778,536.9680,100,1695,2619,1767561387722814823,59,41670103
779,536.9680,100,1695,2619,1767561387731871241,59,41670103
780,536.9680,100,1695,2619,1767561387735778780,59,41670103
781,536.9680,100,1695,2619,1767561387740766059,59,41771410
782,536.9680,100,1695,2619,1767561387760697897,59,41771410
783,536.9680,100,1695,2619,1767561387770116617,59,41771410
784,536.9680,100,1695,2619,1767561387773681117,59,41771410
785,536.9680,100,1695,2619,1767561387777475473,59,41771410
786,536.9680,100,1695,2619,1767561387782556735,59,41771410
787,536.9680,100,1695,2619,1767561387792135518,59,41771410
788,536.9680,100,1695,2619,1767561387795724274,59,41771410
789,536.9680,100,1695,2619,1767561387799586182,59,41771410
790,536.9680,100,1695,2619,1767561387803560920,59,41771410
791,536.9680,100,1695,2619,1767561387812454075,59,41771410
792,643.0000,100,1695,2619,1767561387816136014,59,41771410
793,643.0000,100,1695,2619,1767561387819768738,59,41771410
794,643.0000,100,1695,2619,1767561387823880436,59,41771410
795,643.0000,100,1695,2619,1767561387832731351,59,41771410
796,643.0000,100,1695,2619,1767561387836591402,59,41771410
797,643.0000,100,1695,2619,1767561387840858364,59,41872163
798,643.0000,100,1695,2619,1767561387859920731,59,41872163
799,643.0000,100,1695,2619,1767561387863839246,59,41872163
800,643.0000,100,1695,2619,1767561387871188213,59,41872163
801,643.0000,100,1695,2619,1767561387874934537,59,41872163
802,643.0000,100,1695,2619,1767561387878721756,59,41872163
803,643.0000,100,1695,2619,1767561387885448518,59,41872163
804,643.0000,100,1695,2619,1767561387892875053,59,41872163
805,643.0000,100,1695,2619,1767561387896737120,59,41872163
806,643.0000,100,1695,2619,1767561387900632243,59,41872163
807,643.0000,100,1695,2619,1767561387911256943,59,41872163
808,643.0000,100,1695,2619,1767561387915570304,59,41872163
809,643.0000,100,1695,2619,1767561387919178548,59,41872163
810,643.0000,100,1695,2619,1767561387923320518,59,41872163
811,643.0000,100,1695,2619,1767561387930731117,59,41872163
812,643.0000,100,1695,2619,1767561387934778688,59,41872163
813,643.0000,100,1695,2619,1767561387938370868,59,41872163
814,732.3920,100,1695,2619,1767561387944342656,59,41974145
815,732.3920,100,1695,2619,1767561387960097355,59,41974145
816,732.3920,100,1695,2619,1767561387964084670,59,41974145
817,732.3920,100,1695,2619,1767561387971677925,59,41974145
818,732.3920,100,1695,2619,1767561387975458520,59,41974145
819,732.3920,100,1695,2619,1767561387979259723,59,41974145
820,732.3920,100,1695,2619,1767561387985896884,59,41974145
821,732.3920,100,1695,2619,1767561387993583258,59,41974145
822,732.3920,100,1695,2619,1767561387997323086,60,41974145
823,732.3920,100,1695,2619,1767561388001084481,60,41974145
824,732.3920,100,1695,2619,1767561388009902532,60,41974145
825,732.3920,100,1695,2619,1767561388013912887,60,41974145
826,732.3920,100,1695,2619,1767561388018160488,60,41974145
827,732.3920,100,1695,2619,1767561388022833369,60,41974145
828,732.3920,100,1695,2619,1767561388030152640,60,41974145
829,732.3920,100,1695,2619,1767561388033807316,60,41974145
830,732.3920,100,1710,2619,1767561388037518600,60,41974145
831,732.3920,100,1710,2619,1767561388041689882,60,42073310
832,732.3920,100,1710,2619,1767561388059024863,60,42073310
833,732.3920,100,1710,2619,1767561388063004177,60,42073310
834,836.9180,100,1710,2619,1767561388070311865,60,42073310
835,836.9180,100,1710,2619,1767561388074094924,60,42073310
836,836.9180,100,1710,2619,1767561388077846944,60,42073310
837,836.9180,100,1710,2619,1767561388085399495,60,42073310
838,836.9180,100,1710,2619,1767561388094780743,60,42073310
839,836.9180,100,1710,2619,1767561388098602299,60,42073310
840,836.9180,100,1710,2619,1767561388102721101,60,42073310
841,836.9180,100,1710,2619,1767561388111934382,60,42073310
842,836.9180,100,1710,2619,1767561388115507970,60,42073310
843,836.9180,100,1710,2619,1767561388119879666,60,42073310
844,836.9180,100,1710,2619,1767561388124053061,60,42073310
845,836.9180,100,1710,2619,1767561388133060998,60,42073310
846,836.9180,100,1710,2619,1767561388137154169,60,42073310
847,836.9180,100,1710,2619,1767561388141229675,60,42168371
848,836.9180,100,1710,2619,1767561388161232520,60,42168371
849,836.9180,100,1710,2619,1767561388172026340,60,42168371
850,836.9180,100,1800,2619,1767561388175944727,60,42168371
851,836.9180,100,1800,2619,1767561388179570731,60,42168371
852,836.9180,100,1800,2619,1767561388186249460,60,42168371
853,836.9180,100,1800,2619,1767561388195216726,60,42168371
854,880.3260,100,1800,2619,1767561388199131177,60,42168371
855,880.3260,100,1800,2619,1767561388203239483,60,42168371
856,880.3260,100,1800,2619,1767561388210576419,60,42168371
857,880.3260,100,1800,2619,1767561388214148311,60,42168371
858,880.3260,100,1800,2619,1767561388217932618,60,42168371
859,880.3260,100,1800,2619,1767561388222790330,60,42168371
860,880.3260,100,1800,2619,1767561388231807420,60,42168371
861,880.3260,100,1800,2619,1767561388235457295,60,42168371
862,880.3260,100,1800,2619,1767561388241287932,59,42266037
863,880.3260,100,1800,2619,1767561388261446616,59,42266037
864,880.3260,100,1800,2619,1767561388272791602,59,42266037
865,880.3260,100,1800,2619,1767561388276554501,59,42266037
866,880.3260,100,1800,2619,1767561388280106649,59,42266037
867,880.3260,100,1800,2619,1767561388286412420,59,42266037
868,880.3260,100,1800,2619,1767561388292962446,59,42266037
869,880.3260,100,1725,2619,1767561388296816001,59,42266037
870,880.3260,100,1725,2619,1767561388300601013,59,42266037
871,880.3260,100,1725,2619,1767561388308497498,59,42266037
872,880.3260,100,1725,2619,1767561388312209582,59,42266037
873,879.8530,100,1725,2619,1767561388316049473,59,42266037
874,879.8530,100,1725,2619,1767561388319926356,59,42266037
875,879.8530,100,1725,2619,1767561388330337296,59,42266037
876,879.8530,100,1725,2619,1767561388334011684,59,42266037
877,879.8530,100,1725,2619,1767561388337607256,59,42266037
878,879.8530,100,1725,2619,1767561388343294693,59,42365410
879,879.8530,100,1725,2619,1767561388358872241,59,42365410
880,879.8530,100,1725,2619,1767561388362825924,59,42365410
881,879.8530,100,1725,2619,1767561388369388782,60,42365410
882,879.8530,100,1725,2619,1767561388373146242,60,42365410
883,879.8530,100,1725,2619,1767561388376774517,60,42365410
884,879.8530,100,1725,2619,1767561388381103943,60,42365410
885,879.8530,100,1725,2619,1767561388391225924,60,42365410
886,879.8530,100,1725,2619,1767561388394736824,60,42365410
887,879.8530,100,1725,2619,1767561388398649675,60,42365410
888,879.8530,100,1725,2619,1767561388402955165,60,42365410
889,879.8530,100,1725,2619,1767561388412033375,60,42365410
890,879.8530,100,1710,2619,1767561388415891570,60,42365410
891,879.8530,100,1710,2619,1767561388419497894,60,42365410
892,879.8530,100,1710,2619,1767561388423620664,60,42365410
893,879.8530,100,1710,2619,1767561388432601690,60,42365410
894,883.2780,100,1710,2619,1767561388436376397,60,42365410
895,883.2780,100,1710,2619,1767561388440819134,60,42458734
896,883.2780,100,1710,2619,1767561388461488312,60,42458734
897,883.2780,100,1710,2619,1767561388470938393,60,42458734
898,883.2780,100,1710,2619,1767561388474487949,60,42458734
899,883.2780,100,1710,2619,1767561388478264192,60,42458734
900,883.2780,100,1710,2619,1767561388485506696,60,42458734
901,883.2780,100,1710,2619,1767561388494610218,60,42458734
902,883.2780,100,1710,2619,1767561388498455677,59,42458734
903,883.2780,100,1710,2619,1767561388502972366,59,42458734
904,883.2780,100,1710,2619,1767561388512154351,59,42458734
905,883.2780,100,1710,2619,1767561388516185602,59,42458734
906,883.2780,100,1710,2619,1767561388519750646,59,42458734
907,883.2780,100,1710,2619,1767561388523852072,59,42458734
908,883.2780,100,1710,2619,1767561388532921417,59,42458734
909,883.2780,100,1710,2619,1767561388537267898,59,42458734
910,883.2780,100,1740,2619,1767561388541408780,59,42556415
911,883.2780,100,1740,2619,1767561388561202730,59,42556415
912,883.2780,100,1740,2619,1767561388569711790,59,42556415
913,882.0810,100,1740,2619,1767561388573305122,59,42556415
914,882.0810,100,1740,2619,1767561388577109045,59,42556415
915,882.0810,100,1740,2619,1767561388581717893,59,42556415
916,882.0810,100,1740,2619,1767561388591296357,59,42556415
917,882.0810,100,1740,2619,1767561388595330647,59,42556415
918,882.0810,100,1740,2619,1767561388599214666,59,42556415
919,882.0810,100,1740,2619,1767561388603416508,59,42556415
920,882.0810,100,1740,2619,1767561388612575230,59,42556415
921,882.0810,100,1740,2619,1767561388616532720,60,42556415
922,882.0810,100,1740,2619,1767561388620045093,60,42556415
923,882.0810,100,1740,2619,1767561388624205911,60,42556415
924,882.0810,100,1740,2619,1767561388633099129,60,42556415
925,882.0810,100,1740,2619,1767561388636967948,60,42556415
926,882.0810,100,1740,2619,1767561388641228350,60,42650788
927,882.0810,100,1740,2619,1767561388662663701,60,42650788
928,882.0810,100,1740,2619,1767561388673947568,60,42650788
929,882.0810,100,1785,2619,1767561388677504196,60,42650788
930,882.0810,100,1785,2619,1767561388682367251,60,42650788
931,882.0810,100,1785,2619,1767561388692514706,60,42650788
932,882.0810,100,1785,2619,1767561388696283493,60,42650788
933,870.7440,100,1785,2619,1767561388700126904,60,42650788
934,870.7440,100,1785,2619,1767561388710904180,60,42650788
935,870.7440,100,1785,2619,1767561388714756327,60,42650788
936,870.7440,100,1785,2619,1767561388718405947,60,42650788
937,870.7440,100,1785,2619,1767561388722961067,60,42650788
938,870.7440,100,1785,2619,1767561388731860557,60,42650788
939,870.7440,100,1785,2619,1767561388735935103,60,42650788
940,870.7440,100,1785,2619,1767561388740745519,60,42744838
941,870.7440,100,1785,2619,1767561388760722701,59,42744838
942,870.7440,100,1785,2619,1767561388770118125,59,42744838
943,870.7440,100,1785,2619,1767561388773703233,59,42744838
944,870.7440,100,1785,2619,1767561388777414133,59,42744838
945,870.7440,100,1785,2619,1767561388782390884,59,42744838
946,870.7440,100,1785,2619,1767561388794421340,59,42744838
947,870.7440,100,1785,2619,1767561388798037711,59,42744838
948,870.7440,100,1785,2619,1767561388802761055,59,42744838
949,870.7440,100,1785,2619,1767561388812112544,59,42744838
950,866.8670,100,1785,2619,1767561388815945267,59,42744838
951,866.8670,100,1785,2619,1767561388819852070,59,42744838
952,866.8670,100,1785,2619,1767561388823844601,59,42744838
953,866.8670,100,1785,2619,1767561388832872379,59,42744838
954,866.8670,100,1785,2619,1767561388836887245,59,42744838
955,866.8670,100,1785,2619,1767561388840963520,59,42843353
956,866.8670,100,1785,2619,1767561388858850083,59,42843353
957,866.8670,100,1785,2619,1767561388863129332,59,42843353
958,866.8670,100,1785,2619,1767561388872242646,59,42843353
959,866.8670,100,1785,2619,1767561388876429896,59,42843353
960,866.8670,100,1785,2619,1767561388880010716,59,42843353
961,866.8670,100,1785,2619,1767561388892601682,59,42843353
962,866.8670,100,1785,2619,1767561388896250022,59,42843353
963,866.8670,100,1785,2619,1767561388899875258,59,42843353
964,866.8670,100,1785,2619,1767561388904038348,59,42843353
965,866.8670,100,1710,2619,1767561388911358643,59,42843353
966,866.8670,100,1710,2619,1767561388915171975,59,42843353
967,866.8670,100,1710,2619,1767561388918905914,59,42843353
968,866.8670,100,1710,2619,1767561388923016684,59,42843353
969,866.8670,100,1710,2619,1767561388931962702,59,42843353
970,865.8110,100,1710,2619,1767561388935771841,59,42843353
971,865.8110,100,1710,2619,1767561388940706576,59,42941965
972,865.8110,100,1710,2619,1767561388959571793,59,42941965
973,865.8110,100,1710,2619,1767561388968610451,59,42941965
974,865.8110,100,1710,2619,1767561388972343239,59,42941965
975,865.8110,100,1710,2619,1767561388976112282,59,42941965
976,865.8110,100,1710,2619,1767561388979967693,59,42941965
977,865.8110,100,1710,2619,1767561388984059872,59,42941965
978,865.8110,100,1710,2619,1767561388991511847,60,42941965
979,865.8110,100,1710,2619,1767561388995248954,60,42941965
980,865.8110,100,1710,2619,1767561388999205484,60,42941965
981,865.8110,100,1710,2619,1767561389003262398,60,42941965
982,865.8110,100,1710,2619,1767561389010508774,60,42941965
983,865.8110,100,1710,2619,1767561389014365913,60,42941965
984,865.8110,100,1710,2619,1767561389018138797,60,42941965
985,865.8110,100,1710,2619,1767561389022837981,60,42941965
986,865.8110,100,1710,2619,1767561389031802815,60,42941965
987,865.8110,100,1710,2619,1767561389035526163,60,42941965
988,865.8110,100,1695,2619,1767561389039366726,60,42941965
989,865.8110,100,1695,2619,1767561389046131279,60,43044865
990,865.8110,100,1695,2619,1767561389060919933,60,43044865
991,865.8110,100,1695,2619,1767561389069595552,60,43044865
992,866.4780,100,1695,2619,1767561389073315731,60,43044865
993,866.4780,100,1695,2619,1767561389077081959,60,43044865
994,866.4780,100,1695,2619,1767561389081586296,60,43044865
995,866.4780,100,1695,2619,1767561389091359447,60,43044865
996,866.4780,100,1695,2619,1767561389094900971,60,43044865
997,866.4780,100,1695,2619,1767561389098806046,60,43044865
998,866.4780,100,1695,2619,1767561389102879121,60,43044865
999,866.4780,100,1695,2619,1767561389109217499,60,43044865
1000,866.4780,100,1695,2619,1767561389112918703,61,43044865
1001,866.4780,100,1695,2619,1767561389116770050,61,43044865
1002,866.4780,100,1695,2619,1767561389120554966,61,43044865
1003,866.4780,100,1695,2619,1767561389128592442,61,43044865
1004,866.4780,100,1695,2619,1767561389132593292,61,43044865
1005,866.4780,100,1695,2619,1767561389136621983,61,43044865
1006,866.4780,100,1695,2619,1767561389140819505,61,43142836
1007,866.4780,100,1695,2619,1767561389158708437,61,43142836
1008,866.4780,100,1695,2619,1767561389162771400,61,43142836
1009,866.4780,100,1710,2619,1767561389171871017,61,43142836
1010,866.4780,100,1710,2619,1767561389175550237,61,43142836
1011,866.4780,100,1710,2619,1767561389179266224,61,43142836
1012,866.4780,100,1710,2619,1767561389185809211,61,43142836
1013,871.6030,100,1710,2619,1767561389194786652,61,43142836
1014,871.6030,100,1710,2619,1767561389198484047,61,43142836
1015,871.6030,100,1710,2619,1767561389202730113,61,43142836
1016,871.6030,100,1710,2619,1767561389211820675,61,43142836
1017,871.6030,100,1710,2619,1767561389215711094,61,43142836
1018,871.6030,100,1710,2619,1767561389219491593,61,43142836
1019,871.6030,100,1710,2619,1767561389223663355,61,43142836
1020,871.6030,100,1710,2619,1767561389232575773,61,43142836
1021,871.6030,100,1710,2619,1767561389238656169,61,43142836
1022,871.6030,100,1710,2619,1767561389244807573,61,43239580
1023,871.6030,100,1710,2619,1767561389260661119,61,43239580
1024,871.6030,100,1710,2619,1767561389271106844,61,43239580
1025,871.6030,100,1710,2619,1767561389275427181,61,43239580
1026,871.6030,100,1800,2619,1767561389279057665,61,43239580
1027,871.6030,100,1800,2619,1767561389285666315,61,43239580
1028,871.6030,100,1800,2619,1767561389294938252,61,43239580
1029,871.6030,100,1800,2619,1767561389298746719,61,43239580
1030,866.9990,100,1800,2619,1767561389302826930,61,43239580
1031,866.9990,100,1800,2619,1767561389310243033,61,43239580
1032,866.9990,100,1800,2619,1767561389313983692,61,43239580
1033,866.9990,100,1800,2619,1767561389317778976,61,43239580
1034,866.9990,100,1800,2619,1767561389322996942,61,43239580
1035,866.9990,100,1800,2619,1767561389331946063,61,43239580
1036,866.9990,100,1800,2619,1767561389336070370,61,43239580
1037,866.9990,100,1800,2619,1767561389340759858,61,43335173
1038,866.9990,100,1800,2619,1767561389358303767,61,43335173
1039,866.9990,100,1800,2619,1767561389362839432,60,43335173
1040,866.9990,100,1800,2619,1767561389369410994,60,43335173
1041,866.9990,100,1800,2619,1767561389373113894,60,43335173
1042,866.9990,100,1800,2619,1767561389377268216,60,43335173
1043,866.9990,100,1800,2619,1767561389382133192,60,43335173
1044,866.9990,100,1800,2619,1767561389393975392,60,43335173
1045,866.9990,100,1800,2619,1767561389397579571,60,43335173
1046,866.9990,100,1710,2619,1767561389401138183,60,43335173
1047,866.9990,100,1710,2619,1767561389411846243,60,43335173
1048,866.9990,100,1710,2619,1767561389415743094,60,43335173
1049,866.9990,100,1710,2619,1767561389419544458,60,43335173
1050,865.5520,100,1710,2619,1767561389423742812,60,43335173
1051,865.5520,100,1710,2619,1767561389432680158,60,43335173
1052,865.5520,100,1710,2619,1767561389436600273,60,43335173
1053,865.5520,100,1710,2619,1767561389440898338,60,43430148
1054,865.5520,100,1710,2619,1767561389461642429,60,43430148
1055,865.5520,100,1710,2619,1767561389470794045,60,43430148
1056,865.5520,100,1710,2619,1767561389474660465,61,43430148
1057,865.5520,100,1710,2619,1767561389478861411,61,43430148
1058,865.5520,100,1710,2619,1767561389485688780,61,43430148
1059,865.5520,100,1710,2619,1767561389494787309,61,43430148
1060,865.5520,100,1710,2619,1767561389498924704,61,43430148
1061,865.5520,100,1710,2619,1767561389502900050,61,43430148
1062,865.5520,100,1710,2619,1767561389510467609,61,43430148
1063,865.5520,100,1710,2619,1767561389514101933,61,43430148
1064,865.5520,100,1740,2619,1767561389517819488,61,43430148
1065,865.5520,100,1740,2619,1767561389522803215,61,43430148
1066,865.5520,100,1740,2619,1767561389532004400,61,43430148
1067,865.5520,100,1740,2619,1767561389535850435,61,43430148
1068,868.4430,100,1740,2619,1767561389540653363,61,43527686
1069,868.4430,100,1740,2619,1767561389558926230,61,43527686
1070,868.4430,100,1740,2619,1767561389563016072,61,43527686
1071,868.4430,100,1740,2619,1767561389570255504,61,43527686
1072,868.4430,100,1740,2619,1767561389574038372,61,43527686
1073,868.4430,100,1740,2619,1767561389577826231,61,43527686
1074,868.4430,100,1740,2619,1767561389585216638,61,43527686
1075,868.4430,100,1740,2619,1767561389592115815,61,43527686
1076,868.4430,100,1740,2619,1767561389595868858,61,43527686
1077,868.4430,100,1740,2619,1767561389599798124,61,43527686
1078,868.4430,100,1740,2619,1767561389603842943,61,43527686
1079,868.4430,100,1740,2619,1767561389612914209,61,43527686
1080,868.4430,100,1740,2619,1767561389616953779,61,43527686
1081,868.4430,100,1740,2619,1767561389620494407,61,43527686
1082,868.4430,100,1740,2619,1767561389628630284,61,43527686
1083,868.4430,100,1740,2619,1767561389632404192,61,43527686
1084,868.4430,100,1740,2619,1767561389636247347,61,43527686
1085,868.4430,100,1740,2619,1767561389640775492,61,43627732
1086,868.4430,100,1710,2619,1767561389661367839,61,43627732
1087,868.4430,100,1710,2619,1767561389669974881,61,43627732
1088,872.2800,100,1710,2619,1767561389673770580,61,43627732
1089,872.2800,100,1710,2619,1767561389677542984,61,43627732
1090,872.2800,100,1710,2619,1767561389682771478,61,43627732
1091,872.2800,100,1710,2619,1767561389694495247,61,43627732
1092,872.2800,100,1710,2619,1767561389698378786,61,43627732
1093,872.2800,100,1710,2619,1767561389702928723,61,43627732
1094,872.2800,100,1710,2619,1767561389711804949,61,43627732
1095,872.2800,100,1710,2619,1767561389715554153,61,43627732
1096,872.2800,100,1710,2619,1767561389719152701,62,43627732
1097,872.2800,100,1710,2619,1767561389723244527,62,43627732
1098,872.2800,100,1710,2619,1767561389732462704,62,43627732
1099,872.2800,100,1710,2619,1767561389736637890,62,43627732
1100,872.2800,100,1710,2619,1767561389740777076,62,43722704
1101,872.2800,100,1710,2619,1767561389761114480,62,43722704
1102,872.2800,100,1710,2619,1767561389772332810,62,43722704
1103,872.2800,100,1800,2619,1767561389775841342,62,43722704
1104,872.2800,100,1800,2619,1767561389779476498,62,43722704
1105,872.2800,100,1800,2619,1767561389786236252,62,43722704
1106,872.2800,100,1800,2619,1767561389795127965,62,43722704
1107,872.3080,100,1800,2619,1767561389798989648,62,43722704
1108,872.3080,100,1800,2619,1767561389803125346,62,43722704
1109,872.3080,100,1800,2619,1767561389810606313,62,43722704
1110,872.3080,100,1800,2619,1767561389814411037,62,43722704
1111,872.3080,100,1800,2619,1767561389818114032,62,43722704
1112,872.3080,100,1800,2619,1767561389822873408,62,43722704
1113,872.3080,100,1800,2619,1767561389830172744,62,43722704
1114,872.3080,100,1800,2619,1767561389834180091,62,43722704
1115,872.3080,100,1800,2619,1767561389837886414,62,43722704
1116,872.3080,100,1800,2619,1767561389843439612,61,43821365
1117,872.3080,100,1800,2619,1767561389859521030,61,43821365
1118,872.3080,100,1800,2619,1767561389863556472,61,43821365
1119,872.3080,100,1800,2619,1767561389870161473,61,43821365
1120,872.3080,100,1800,2619,1767561389873888213,61,43821365
1121,872.3080,100,1800,2619,1767561389877608520,61,43821365
1122,872.3080,100,1800,2619,1767561389885590766,61,43821365
1123,872.3080,100,1800,2619,1767561389894724975,61,43821365
1124,872.3080,100,1725,2619,1767561389899064385,61,43821365
1125,872.3080,100,1725,2619,1767561389903174515,61,43821365
1126,872.3080,100,1725,2619,1767561389912458292,61,43821365
1127,872.3080,100,1725,2619,1767561389916085608,61,43821365
1128,873.0620,100,1725,2619,1767561389919708540,61,43821365
1129,873.0620,100,1725,2619,1767561389923782574,61,43821365
1130,873.0620,100,1725,2619,1767561389932814224,61,43821365
1131,873.0620,100,1725,2619,1767561389936589251,61,43821365
1132,873.0620,100,1725,2619,1767561389940698101,61,43914928
1133,873.0620,100,1725,2619,1767561389960765458,61,43914928
1134,873.0620,100,1725,2619,1767561389970095026,61,43914928
1135,873.0620,100,1725,2619,1767561389973625511,61,43914928
1136,873.0620,100,1725,2619,1767561389977417690,61,43914928
1137,873.0620,100,1725,2619,1767561389982528169,61,43914928
1138,873.0620,100,1725,2619,1767561389994666976,61,43914928
1139,873.0620,100,1725,2619,1767561389998261427,61,43914928
1140,873.0620,100,1725,2619,1767561390002760804,61,43914928
1141,873.0620,100,1725,2619,1767561390009268495,61,43914928
1142,873.0620,100,1740,2619,1767561390013012546,61,43914928
1143,873.0620,100,1740,2619,1767561390016803797,61,43914928
1144,873.0620,100,1740,2619,1767561390020589705,61,43914928
1145,873.0620,100,1740,2619,1767561390031074086,61,43914928
1146,873.0620,100,1740,2619,1767561390034843609,61,43914928
1147,866.9940,100,1740,2619,1767561390038471885,61,43914928
1148,866.9940,100,1740,2619,1767561390044791160,61,44015653
1149,866.9940,100,1740,2619,1767561390059970789,61,44015653
1150,866.9940,100,1740,2619,1767561390064004855,61,44015653
1151,866.9940,100,1740,2619,1767561390073092664,61,44015653
1152,866.9940,100,1740,2619,1767561390076826828,61,44015653
1153,866.9940,100,1740,2619,1767561390080646015,61,44015653
1154,866.9940,100,1740,2619,1767561390091583739,61,44015653
1155,866.9940,100,1740,2619,1767561390095148399,61,44015653
1156,866.9940,100,1740,2619,1767561390099081282,61,44015653
1157,866.9940,100,1740,2619,1767561390103199988,61,44015653
1158,866.9940,100,1740,2619,1767561390112256054,61,44015653
1159,866.9940,100,1740,2619,1767561390116187048,61,44015653
1160,866.9940,100,1740,2619,1767561390119745373,61,44015653
1161,866.9940,100,1740,2619,1767561390123822863,61,44015653
1162,866.9940,100,1740,2619,1767561390132675313,61,44015653
1163,866.9940,100,1755,2619,1767561390136697187,61,44015653
1164,866.9940,100,1755,2619,1767561390140996180,61,44107622
1165,866.9940,100,1755,2619,1767561390161294161,61,44107622
1166,866.9940,100,1755,2619,1767561390172141901,61,44107622
1167,859.9210,100,1755,2619,1767561390175695873,61,44107622
1168,859.9210,100,1755,2619,1767561390179223701,61,44107622
1169,859.9210,100,1755,2619,1767561390185827999,61,44107622
1170,859.9210,100,1755,2619,1767561390194901857,61,44107622
1171,859.9210,100,1755,2619,1767561390198883123,61,44107622
1172,859.9210,100,1755,2619,1767561390202759302,61,44107622
1173,859.9210,100,1755,2619,1767561390210291468,61,44107622
1174,859.9210,100,1755,2619,1767561390213872192,61,44107622
1175,859.9210,100,1755,2619,1767561390217593908,61,44107622
1176,859.9210,100,1755,2619,1767561390222925730,61,44107622
1177,859.9210,100,1755,2619,1767561390232118435,61,44107622
1178,859.9210,100,1755,2619,1767561390236268981,61,44107622
1179,859.9210,100,1755,2619,1767561390243268318,61,44204923
1180,859.9210,100,1755,2619,1767561390262288670,61,44204923
1181,859.9210,100,1755,2619,1767561390271605118,61,44204923
1182,859.9210,100,1710,2619,1767561390275423057,61,44204923
1183,859.9210,100,1710,2619,1767561390279220549,61,44204923
1184,859.9210,100,1710,2619,1767561390285819951,61,44204923
1185,859.9210,100,1710,2619,1767561390294939120,61,44204923
1186,864.8120,100,1710,2619,1767561390298650980,61,44204923
1187,864.8120,100,1710,2619,1767561390302749942,61,44204923
1188,864.8120,100,1710,2619,1767561390311908312,61,44204923
1189,864.8120,100,1710,2619,1767561390316198313,61,44204923
1190,864.8120,100,1710,2619,1767561390319766749,61,44204923
1191,864.8120,100,1710,2619,1767561390323947279,61,44204923
1192,864.8120,100,1710,2619,1767561390331232119,61,44204923
1193,864.8120,100,1710,2619,1767561390335267881,61,44204923
1194,864.8120,100,1710,2619,1767561390338792381,61,44204923
1195,864.8120,100,1710,2619,1767561390345363623,62,44301303
1196,864.8120,100,1710,2619,1767561390362406798,62,44301303
1197,864.8120,100,1710,2619,1767561390371578607,62,44301303
1198,864.8120,100,1710,2619,1767561390375346659,62,44301303
1199,864.8120,100,1710,2619,1767561390379209206,62,44301303
1200,864.8120,100,1710,2619,1767561390385742976,62,44301303
1201,864.8120,100,1710,2619,1767561390394760290,62,44301303
1202,864.8120,100,1800,2619,1767561390398752629,62,44301303
1203,864.8120,100,1800,2619,1767561390402775239,62,44301303
1204,864.8120,100,1800,2619,1767561390409389872,62,44301303
1205,864.8120,100,1800,2619,1767561390413071012,62,44301303
1206,858.2950,100,1800,2619,1767561390417347381,62,44301303
1207,858.2950,100,1800,2619,1767561390421122761,62,44301303
1208,858.2950,100,1800,2619,1767561390429074542,62,44301303
1209,858.2950,100,1800,2619,1767561390432881409,62,44301303
1210,858.2950,100,1800,2619,1767561390436558485,62,44301303
1211,858.2950,100,1800,2619,1767561390440913191,62,44396775
1212,858.2950,100,1800,2619,1767561390459251241,62,44396775
1213,858.2950,100,1800,2619,1767561390463185980,62,44396775
1214,858.2950,100,1800,2619,1767561390469703845,61,44396775
1215,858.2950,100,1800,2619,1767561390473442073,61,44396775
1216,858.2950,100,1800,2619,1767561390477185548,61,44396775
1217,858.2950,100,1800,2619,1767561390482162044,61,44396775
1218,858.2950,100,1800,2619,1767561390494423411,61,44396775
1219,858.2950,100,1800,2619,1767561390497953639,61,44396775
1220,858.2950,100,1800,2619,1767561390502755543,61,44396775
1221,858.2950,100,1800,2619,1767561390510066175,61,44396775
1222,858.2950,100,1710,2619,1767561390513824914,61,44396775
1223,858.2950,100,1710,2619,1767561390518027108,61,44396775
1224,858.2950,100,1710,2619,1767561390522897908,61,44396775
1225,858.2950,100,1710,2619,1767561390530089276,61,44396775
1226,864.5110,100,1710,2619,1767561390533817039,61,44396775
1227,864.5110,100,1710,2619,1767561390537585058,61,44396775
1228,864.5110,100,1710,2619,1767561390541633716,61,44497396
1229,864.5110,100,1710,2619,1767561390560185622,61,44497396
1230,864.5110,100,1710,2619,1767561390568984505,61,44497396
1231,864.5110,100,1710,2619,1767561390572776108,61,44497396
1232,864.5110,100,1710,2619,1767561390576483392,61,44497396
1233,864.5110,100,1710,2619,1767561390580416147,61,44497396
1234,864.5110,100,1710,2619,1767561390591277006,61,44497396
1235,864.5110,100,1710,2619,1767561390594790435,62,44497396
1236,864.5110,100,1710,2619,1767561390598887349,62,44497396
1237,864.5110,100,1710,2619,1767561390602980807,62,44497396
1238,864.5110,100,1710,2619,1767561390611908360,62,44497396
1239,864.5110,100,1710,2619,1767561390615589148,62,44497396
1240,864.5110,100,1710,2619,1767561390619916558,62,44497396
1241,864.5110,100,1710,2619,1767561390624046176,62,44497396
1242,864.5110,100,1710,2619,1767561390632881378,62,44497396
1243,864.5110,100,1755,2619,1767561390636705078,62,44497396
1244,864.5110,100,1755,2619,1767561390640960967,62,44589716
1245,864.5110,100,1755,2619,1767561390663033822,62,44589716
1246,864.5110,100,1755,2619,1767561390673891129,62,44589716
1247,856.2160,100,1755,2619,1767561390677446605,62,44589716
1248,856.2160,100,1755,2619,1767561390682209084,62,44589716
1249,856.2160,100,1755,2619,1767561390694214772,62,44589716
1250,856.2160,100,1755,2619,1767561390697763209,62,44589716
1251,856.2160,100,1755,2619,1767561390702757336,62,44589716
1252,856.2160,100,1755,2619,1767561390709335106,62,44589716
1253,856.2160,100,1755,2619,1767561390713063541,62,44589716
1254,856.2160,100,1755,2619,1767561390716821161,62,44589716
1255,856.2160,100,1755,2619,1767561390721169946,62,44589716
1256,856.2160,100,1755,2619,1767561390731645367,61,44589716
1257,856.2160,100,1755,2619,1767561390735592586,61,44589716
1258,856.2160,100,1755,2619,1767561390739141053,61,44589716
1259,856.2160,100,1755,2619,1767561390745817767,61,44689055
1260,856.2160,100,1755,2619,1767561390759700633,61,44689055
1261,856.2160,100,1755,2619,1767561390763685643,61,44689055
1262,856.2160,100,1740,2619,1767561390772786029,61,44689055
1263,856.2160,100,1740,2619,1767561390776445857,61,44689055
1264,856.2160,100,1740,2619,1767561390780374292,61,44689055
1265,856.2160,100,1740,2619,1767561390790356370,61,44689055
1266,860.2900,100,1740,2619,1767561390794212709,61,44689055
1267,860.2900,100,1740,2619,1767561390797828665,61,44689055
1268,860.2900,100,1740,2619,1767561390802784360,61,44689055
1269,860.2900,100,1740,2619,1767561390811815657,61,44689055
1270,860.2900,100,1740,2619,1767561390815730268,61,44689055
1271,860.2900,100,1740,2619,1767561390819357680,61,44689055
1272,860.2900,100,1740,2619,1767561390823596770,61,44689055
1273,860.2900,100,1740,2619,1767561390832780355,61,44689055
1274,860.2900,100,1740,2619,1767561390836957430,62,44689055
1275,860.2900,100,1740,2619,1767561390841063624,62,44781799
1276,860.2900,100,1740,2619,1767561390861664771,62,44781799
1277,860.2900,100,1740,2619,1767561390872753694,62,44781799
1278,860.2900,100,1740,2619,1767561390876319825,62,44781799
1279,860.2900,100,1740,2619,1767561390879932773,62,44781799
1280,860.2900,100,1740,2619,1767561390886406063,62,44781799
1281,860.2900,100,1740,2619,1767561390895390321,62,44781799
1282,860.2900,100,1815,2619,1767561390899243780,62,44781799
1283,860.2900,100,1815,2619,1767561390903303863,62,44781799
1284,860.2900,100,1815,2619,1767561390909969729,62,44781799
1285,860.2900,100,1815,2619,1767561390913627124,62,44781799
1286,855.1090,100,1815,2619,1767561390917427624,62,44781799
1287,855.1090,100,1815,2619,1767561390921205755,62,44781799
1288,855.1090,100,1815,2619,1767561390931747512,62,44781799
1289,855.1090,100,1815,2619,1767561390935578891,62,44781799
1290,855.1090,100,1815,2619,1767561390939220479,62,44781799
1291,855.1090,100,1815,2619,1767561390946128391,62,44881094
1292,855.1090,100,1815,2619,1767561390960780566,62,44881094
1293,855.1090,100,1815,2619,1767561390969392281,62,44881094
1294,855.1090,100,1815,2619,1767561390973185164,61,44881094
1295,855.1090,100,1815,2619,1767561390977038976,61,44881094
1296,855.1090,100,1815,2619,1767561390981366833,61,44881094
1297,855.1090,100,1815,2619,1767561390992156269,61,44881094
1298,855.1090,100,1815,2619,1767561390995694113,61,44881094
1299,855.1090,100,1815,2619,1767561390999607732,61,44881094
1300,855.1090,100,1815,2619,1767561391003603014,61,44881094
1301,855.1090,100,1815,2619,1767561391012536040,61,44881094
1302,855.1090,100,1710,2619,1767561391016270075,61,44881094
1303,855.1090,100,1710,2619,1767561391020180942,61,44881094
1304,855.1090,100,1710,2619,1767561391028078900,61,44881094
1305,855.1090,100,1710,2619,1767561391032416390,61,44881094
1306,861.2330,100,1710,2619,1767561391036271289,61,44881094
1307,861.2330,100,1710,2619,1767561391040851785,61,44978166
1308,861.2330,100,1710,2619,1767561391059690122,61,44978166
1309,861.2330,100,1710,2619,1767561391063939868,61,44978166
1310,861.2330,100,1710,2619,1767561391071202788,61,44978166
1311,861.2330,100,1710,2619,1767561391075003991,61,44978166
1312,861.2330,100,1710,2619,1767561391078726186,61,44978166
1313,861.2330,100,1710,2619,1767561391083134971,61,44978166
1314,861.2330,100,1710,2619,1767561391090414403,61,44978166
1315,861.2330,100,1710,2619,1767561391094207030,62,44978166
1316,861.2330,100,1710,2619,1767561391097939242,62,44978166
1317,861.2330,100,1710,2619,1767561391102914169,62,44978166
1318,861.2330,100,1710,2619,1767561391111700860,62,44978166
1319,861.2330,100,1710,2619,1767561391115910990,62,44978166
1320,861.2330,100,1710,2619,1767561391119512834,62,44978166
1321,861.2330,100,1710,2619,1767561391123580212,62,44978166
1322,861.2330,100,1710,2619,1767561391130783452,62,44978166
1323,861.2330,100,1710,2619,1767561391135238349,62,44978166
1324,861.2330,100,1710,2619,1767561391138827937,62,44978166
1325,861.2330,100,1680,2619,1767561391145226987,62,45081574
1326,861.2330,100,1680,2619,1767561391161654580,62,45081574
1327,861.2330,100,1680,2619,1767561391173154989,62,45081574
1328,865.9780,100,1680,2619,1767561391176685986,62,45081574
1329,865.9780,100,1680,2619,1767561391180392821,62,45081574
1330,865.9780,100,1680,2619,1767561391192393261,62,45081574
1331,865.9780,100,1680,2619,1767561391198166266,62,45081574
1332,865.9780,100,1680,2619,1767561391206068991,62,45081574
1333,865.9780,100,1680,2619,1767561391227191480,62,45081574
1334,865.9780,100,1680,2619,1767561391236578936,62,45081574
1335,865.9780,100,1680,2619,1767561391242535749,63,45181117
1336,865.9780,100,1680,2619,1767561391262758273,63,45181117
1337,865.9780,100,1680,2619,1767561391269388843,63,45181117
1338,865.9780,100,1680,2619,1767561391273159166,63,45181117
1339,865.9780,100,1680,2619,1767561391276856081,63,45181117
1340,865.9780,100,1680,2619,1767561391281188994,63,45181117
1341,865.9780,100,1680,2619,1767561391290944130,63,45181117
1342,865.9780,100,1710,2619,1767561391294454838,63,45181117
1343,865.9780,100,1710,2619,1767561391298216394,63,45181117
1344,865.9780,100,1710,2619,1767561391302894682,63,45181117
1345,865.9780,100,1710,2619,1767561391309245701,63,45181117
1346,871.5310,100,1710,2619,1767561391312954488,63,45181117
1347,871.5310,100,1710,2619,1767561391316733100,63,45181117
1348,871.5310,100,1710,2619,1767561391320597023,63,45181117
1349,871.5310,100,1710,2619,1767561391328701828,63,45181117
1350,871.5310,100,1710,2619,1767561391332504503,63,45181117
1351,871.5310,100,1710,2619,1767561391336472650,63,45181117
1352,871.5310,100,1710,2619,1767561391340839483,63,45280798
1353,871.5310,100,1710,2619,1767561391360921271,63,45280798
1354,871.5310,100,1710,2619,1767561391369437787,63,45280798
1355,871.5310,100,1710,2619,1767561391372988239,63,45280798
1356,871.5310,100,1710,2619,1767561391376689154,63,45280798
1357,871.5310,100,1710,2619,1767561391380880756,63,45280798
1358,871.5310,100,1710,2619,1767561391391691152,63,45280798
1359,871.5310,100,1710,2619,1767561391395446308,63,45280798
1360,871.5310,100,1710,2619,1767561391399332887,63,45280798
1361,871.5310,100,1710,2619,1767561391403315306,63,45280798
1362,871.5310,100,1710,2619,1767561391410459506,63,45280798
1363,871.5310,100,1695,2619,1767561391414179653,63,45280798
1364,871.5310,100,1695,2619,1767561391417931992,63,45280798
1365,871.5310,100,1695,2619,1767561391422850887,63,45280798
1366,871.5310,100,1695,2619,1767561391430175727,63,45280798
1367,871.5310,100,1695,2619,1767561391433828675,63,45280798
1368,879.6590,100,1695,2619,1767561391437595382,63,45280798
1369,879.6590,100,1695,2619,1767561391443316547,63,45382632
1370,879.6590,100,1695,2619,1767561391459033006,63,45382632
1371,879.6590,100,1695,2619,1767561391463164225,63,45382632
1372,879.6590,100,1695,2619,1767561391472068163,63,45382632
1373,879.6590,100,1695,2619,1767561391478122830,63,45382632
1374,879.6590,100,1695,2619,1767561391485967539,63,45382632
1375,879.6590,100,1695,2619,1767561391506541455,63,45382632
1376,879.6590,100,1695,2619,1767561391515967823,64,45382632
1377,879.6590,100,1695,2619,1767561391520144513,64,45382632
1378,879.6590,100,1695,2619,1767561391524270099,64,45382632
1379,879.6590,100,1695,2619,1767561391531640827,64,45382632
1380,879.6590,100,1695,2619,1767561391535739821,64,45382632
1381,879.6590,100,1695,2619,1767561391540766972,64,45482568
1382,879.6590,100,1695,2619,1767561391558983678,64,45482568
1383,879.6590,100,1695,2619,1767561391563388624,64,45482568
1384,880.9570,100,1695,2619,1767561391572337330,64,45482568
1385,880.9570,100,1695,2619,1767561391576113061,64,45482568
1386,880.9570,100,1695,2619,1767561391579805593,64,45482568
1387,880.9570,100,1695,2619,1767561391586479171,64,45482568
1388,880.9570,100,1695,2619,1767561391595494661,64,45482568
1389,880.9570,100,1695,2619,1767561391599389464,64,45482568
1390,880.9570,100,1695,2619,1767561391603483242,64,45482568
1391,880.9570,100,1695,2619,1767561391610127540,64,45482568
1392,880.9570,100,1695,2619,1767561391613920518,64,45482568
1393,880.9570,100,1695,2619,1767561391617664698,64,45482568
1394,880.9570,100,1695,2619,1767561391622799400,64,45482568
1395,880.9570,100,1695,2619,1767561391629228947,64,45482568
1396,880.9570,100,1695,2619,1767561391633223301,64,45482568
1397,880.9570,100,1695,2619,1767561391637086424,64,45482568
1398,880.9570,100,1695,2619,1767561391641250251,64,45584162
1399,880.9570,100,1695,2619,1767561391662703715,64,45584162
1400,880.9570,100,1695,2619,1767561391673791421,64,45584162
1401,880.9570,100,1665,2619,1767561391677697168,64,45584162
1402,880.9570,100,1665,2619,1767561391685478262,64,45584162
1403,880.9570,100,1665,2619,1767561391692831229,64,45584162
1404,890.7850,100,1665,2619,1767561391696604529,64,45584162
1405,890.7850,100,1665,2619,1767561391700497636,64,45584162
1406,890.7850,100,1665,2619,1767561391709168359,64,45584162
1407,890.7850,100,1665,2619,1767561391712708603,64,45584162
1408,890.7850,100,1665,2619,1767561391716446478,64,45584162
1409,890.7850,100,1665,2619,1767561391720233538,64,45584162
1410,890.7850,100,1665,2619,1767561391730716255,64,45584162
1411,890.7850,100,1665,2619,1767561391734491826,64,45584162
1412,890.7850,100,1665,2619,1767561391738000294,64,45584162
1413,890.7850,100,1665,2619,1767561391743623251,64,45684116
1414,890.7850,100,1665,2619,1767561391761696022,64,45684116
1415,890.7850,100,1665,2619,1767561391772674066,64,45684116
1416,890.7850,100,1665,2619,1767561391776924419,64,45684116
1417,890.7850,100,1665,2619,1767561391781083381,64,45684116
1418,890.7850,100,1665,2619,1767561391790997972,64,45684116
1419,890.7850,100,1665,2619,1767561391794610184,64,45684116
1420,890.7850,100,1650,2619,1767561391798430812,64,45684116
1421,890.7850,100,1650,2619,1767561391802837005,64,45684116
1422,890.7850,100,1650,2619,1767561391810142356,64,45684116
1423,890.7850,100,1650,2619,1767561391813939047,64,45684116
1424,890.7850,100,1650,2619,1767561391817628090,64,45684116
1425,889.3930,100,1650,2619,1767561391822865801,64,45684116
1426,889.3930,100,1650,2619,1767561391831964298,64,45684116
1427,889.3930,100,1650,2619,1767561391835973341,64,45684116
1428,889.3930,100,1650,2619,1767561391840660525,64,45780079
1429,889.3930,100,1650,2619,1767561391859406191,64,45780079
1430,889.3930,100,1650,2619,1767561391863327522,64,45780079
1431,889.3930,100,1650,2619,1767561391870706569,63,45780079
1432,889.3930,100,1650,2619,1767561391874453469,63,45780079
1433,889.3930,100,1650,2619,1767561391878710094,63,45780079
1434,889.3930,100,1650,2619,1767561391883423326,63,45780079
1435,889.3930,100,1650,2619,1767561391890937604,63,45780079
1436,889.3930,100,1650,2619,1767561391894695128,63,45780079
1437,889.3930,100,1650,2619,1767561391898407179,63,45780079
1438,889.3930,100,1650,2619,1767561391902887933,63,45780079
1439,889.3930,100,1650,2619,1767561391911930462,63,45780079
1440,889.3930,100,1650,2619,1767561391915528146,63,45780079
1441,889.3930,100,1665,2619,1767561391919080486,63,45780079
1442,889.3930,100,1665,2619,1767561391923245753,63,45780079
1443,889.3930,100,1665,2619,1767561391930576736,63,45780079
1444,889.3930,100,1665,2619,1767561391934309844,63,45780079
1445,889.3930,100,1665,2619,1767561391937975559,63,45780079
1446,893.9410,100,1665,2619,1767561391943649012,63,45878467
1447,893.9410,100,1665,2619,1767561391959972957,63,45878467
1448,893.9410,100,1665,2619,1767561391963931152,63,45878467
1449,893.9410,100,1665,2619,1767561391972850898,63,45878467
1450,893.9410,100,1665,2619,1767561391976581861,63,45878467
1451,893.9410,100,1665,2619,1767561391982013587,63,45878467
1452,893.9410,100,1665,2619,1767561391992423248,63,45878467
1453,893.9410,100,1665,2619,1767561391996000229,63,45878467
1454,893.9410,100,1665,2619,1767561391999945463,63,45878467
1455,893.9410,100,1665,2619,1767561392003896746,63,45878467
1456,893.9410,100,1665,2619,1767561392011123570,63,45878467
1457,893.9410,100,1665,2619,1767561392014881733,63,45878467
1458,893.9410,100,1665,2619,1767561392018584632,63,45878467
1459,893.9410,100,1665,2619,1767561392022889130,63,45878467
1460,893.9410,100,1665,2619,1767561392030381649,63,45878467
1461,893.9410,100,1665,2619,1767561392033957893,63,45878467
1462,893.9410,100,1695,2619,1767561392037738136,63,45878467
1463,893.9410,100,1695,2619,1767561392043456197,63,45977790
1464,893.9410,100,1695,2619,1767561392060381100,63,45977790
1465,893.9410,100,1695,2619,1767561392068998224,63,45977790
1466,893.1440,100,1695,2619,1767561392072784451,63,45977790
1467,893.1440,100,1695,2619,1767561392076488759,63,45977790
1468,893.1440,100,1695,2619,1767561392080465929,63,45977790
1469,893.1440,100,1695,2619,1767561392091364228,63,45977790
1470,893.1440,100,1695,2619,1767561392095184343,63,45977790
1471,893.1440,100,1695,2619,1767561392099122218,63,45977790
1472,893.1440,100,1695,2619,1767561392103179932,63,45977790
1473,893.1440,100,1695,2619,1767561392111974399,63,45977790
1474,893.1440,100,1695,2619,1767561392115661555,64,45977790
1475,893.1440,100,1695,2619,1767561392119290343,64,45977790
1476,893.1440,100,1695,2619,1767561392123447929,64,45977790
1477,893.1440,100,1695,2619,1767561392129837475,64,45977790
1478,893.1440,100,1695,2619,1767561392133638263,64,45977790
1479,893.1440,100,1695,2619,1767561392137392970,64,45977790
1480,893.1440,100,1695,2619,1767561392141350845,64,46078160
1481,893.1440,100,1695,2619,1767561392158575202,64,46078160
1482,893.1440,100,1695,2619,1767561392162731028,64,46078160
1483,893.1440,100,1680,2619,1767561392170339099,64,46078160
1484,893.1440,100,1680,2619,1767561392174066543,64,46078160
1485,893.1440,100,1680,2619,1767561392177863714,64,46078160
1486,893.1440,100,1680,2619,1767561392185476520,64,46078160
1487,893.1440,100,1680,2619,1767561392193012175,64,46078160
1488,892.6390,100,1680,2619,1767561392196822083,64,46078160
1489,892.6390,100,1680,2619,1767561392200708758,64,46078160
1490,892.6390,100,1680,2619,1767561392208589083,64,46078160
1491,892.6390,100,1680,2619,1767561392212177391,64,46078160
1492,892.6390,100,1680,2619,1767561392215971746,64,46078160
1493,892.6390,100,1680,2619,1767561392219869205,64,46078160
1494,892.6390,100,1680,2619,1767561392223841799,64,46078160
1495,892.6390,100,1680,2619,1767561392232634154,64,46078160
1496,892.6390,100,1680,2619,1767561392236449629,64,46078160
1497,892.6390,100,1680,2619,1767561392240694863,64,46178029
1498,892.6390,100,1680,2619,1767561392264184993,64,46178029
1499,892.6390,100,1680,2619,1767561392273297122,64,46178029
1500,892.6390,100,1680,2619,1767561392277023894,64,46178029
1501,892.6390,100,1680,2619,1767561392281337703,64,46178029
1502,892.6390,100,1680,2619,1767561392292196930,64,46178029
1503,892.6390,100,1695,2619,1767561392296506452,64,46178029
1504,892.6390,100,1695,2619,1767561392300356839,64,46178029
1505,892.6390,100,1695,2619,1767561392309330761,64,46178029
1506,892.6390,100,1695,2619,1767561392312959773,64,46178029
1507,891.6180,100,1695,2619,1767561392316718768,64,46178029
1508,891.6180,100,1695,2619,1767561392320542883,64,46178029
1509,891.6180,100,1695,2619,1767561392329350982,64,46178029
1510,891.6180,100,1695,2619,1767561392333200153,64,46178029
1511,891.6180,100,1695,2619,1767561392337100908,64,46178029
1512,891.6180,100,1695,2619,1767561392341215582,64,46277735
1513,891.6180,100,1695,2619,1767561392359586752,64,46277735
1514,891.6180,100,1695,2619,1767561392363569458,64,46277735
1515,891.6180,100,1695,2619,1767561392370846138,64,46277735
1516,891.6180,100,1695,2619,1767561392374845869,64,46277735
1517,891.6180,100,1695,2619,1767561392378609088,64,46277735
1518,891.6180,100,1695,2619,1767561392385141066,64,46277735
1519,891.6180,100,1695,2619,1767561392391948148,64,46277735
1520,891.6180,100,1695,2619,1767561392395553704,64,46277735
1521,891.6180,100,1695,2619,1767561392399925945,64,46277735
1522,891.6180,100,1695,2619,1767561392404081515,64,46277735
1523,891.6180,100,1695,2619,1767561392411293139,64,46277735
1524,891.6180,100,1695,2619,1767561392414915206,64,46277735
1525,891.6180,100,1695,2619,1767561392418624762,64,46277735
1526,891.6180,100,1695,2619,1767561392422791820,64,46277735
1527,891.6180,100,1695,2619,1767561392430032563,64,46277735
1528,891.6180,100,1695,2619,1767561392433790535,64,46277735
1529,891.6180,100,1695,2619,1767561392437500763,64,46277735
1530,891.8640,100,1695,2619,1767561392441806892,64,46380001
1531,891.8640,100,1695,2619,1767561392460285550,64,46380001
1532,891.8640,100,1695,2619,1767561392470883435,64,46380001
1533,891.8640,100,1695,2619,1767561392474865918,64,46380001
1534,891.8640,100,1695,2619,1767561392478452050,64,46380001
1535,891.8640,100,1695,2619,1767561392485372378,64,46380001
1536,891.8640,100,1695,2619,1767561392492703297,64,46380001
1537,891.8640,100,1695,2619,1767561392496576756,64,46380001
1538,891.8640,100,1695,2619,1767561392500902694,64,46380001
1539,891.8640,100,1695,2619,1767561392511248163,64,46380001
1540,891.8640,100,1695,2619,1767561392515506005,64,46380001
1541,891.8640,100,1695,2619,1767561392519287944,64,46380001
1542,891.8640,100,1695,2619,1767561392523403099,64,46380001
1543,891.8640,100,1695,2619,1767561392530640770,64,46380001
1544,891.8640,100,1695,2619,1767561392534676501,64,46380001
1545,891.8640,100,1695,2619,1767561392538310601,64,46380001
1546,891.8640,100,1695,2619,1767561392544222197,64,46481441
1547,891.8640,100,1695,2619,1767561392561819833,64,46481441
1548,891.8640,100,1695,2619,1767561392572671189,64,46481441
1549,891.8530,100,1695,2619,1767561392576417512,64,46481441
1550,891.8530,100,1695,2619,1767561392579959293,64,46481441
1551,891.8530,100,1695,2619,1767561392586551591,64,46481441
1552,891.8530,100,1695,2619,1767561392595584200,64,46481441
1553,891.8530,100,1695,2619,1767561392599559387,64,46481441
1554,891.8530,100,1695,2619,1767561392610280951,64,46481441
1555,891.8530,100,1695,2619,1767561392613865611,64,46481441
1556,891.8530,100,1695,2619,1767561392617444191,64,46481441
1557,891.8530,100,1695,2619,1767561392621147154,64,46481441
1558,891.8530,100,1695,2619,1767561392629845813,64,46481441
1559,891.8530,100,1695,2619,1767561392633648264,64,46481441
1560,891.8530,100,1695,2619,1767561392637651131,64,46481441
1561,891.8530,100,1695,2619,1767561392643429448,64,46581093
1562,891.8530,100,1695,2619,1767561392661098957,64,46581093
1563,891.8530,100,1695,2619,1767561392668951474,64,46581093
1564,891.8530,100,1680,2619,1767561392672654342,64,46581093
1565,891.8530,100,1680,2619,1767561392676351770,64,46581093
1566,891.8530,100,1680,2619,1767561392680159469,64,46581093
1567,891.8530,100,1680,2619,1767561392690367658,64,46581093
1568,891.8530,100,1680,2619,1767561392694096701,64,46581093
1569,891.2670,100,1680,2619,1767561392697865617,64,46581093
1570,891.2670,100,1680,2619,1767561392702924032,64,46581093
1571,891.2670,100,1680,2619,1767561392709271723,64,46581093
1572,891.2670,100,1680,2619,1767561392712991998,64,46581093
1573,891.2670,100,1680,2619,1767561392716556114,64,46581093
1574,891.2670,100,1680,2619,1767561392720321606,64,46581093
1575,891.2670,100,1680,2619,1767561392728341803,64,46581093
1576,891.2670,100,1680,2619,1767561392732114398,64,46581093
1577,891.2670,100,1680,2619,1767561392736024721,64,46581093
1578,891.2670,100,1680,2619,1767561392740747842,64,46678840
1579,891.2670,100,1680,2619,1767561392758214406,64,46678840
1580,891.2670,100,1680,2619,1767561392762823575,64,46678840
1581,891.2670,100,1680,2619,1767561392769253857,64,46678840
1582,891.2670,100,1680,2619,1767561392773053749,64,46678840
1583,891.2670,100,1680,2619,1767561392776743528,64,46678840
1584,891.2670,100,1680,2619,1767561392780968634,64,46678840
1585,891.2670,100,1680,2619,1767561392790995705,64,46678840
1586,891.2670,100,1680,2619,1767561392794717356,64,46678840
1587,891.2670,100,1680,2619,1767561392798573951,64,46678840
1588,891.2670,100,1680,2619,1767561392802887185,64,46678840
1589,891.2670,100,1680,2619,1767561392812052370,64,46678840
1590,891.1920,100,1680,2619,1767561392816334372,64,46678840
1591,891.1920,100,1680,2619,1767561392819926360,64,46678840
1592,891.1920,100,1680,2619,1767561392824029706,64,46678840
1593,891.1920,100,1680,2619,1767561392832950443,64,46678840
1594,891.1920,100,1680,2619,1767561392836683519,64,46678840
1595,891.1920,100,1680,2619,1767561392840903281,64,46777764
1596,891.1920,100,1680,2619,1767561392861137517,64,46777764
1597,891.1920,100,1680,2619,1767561392870781357,64,46777764
1598,891.1920,100,1680,2619,1767561392874376257,64,46777764
1599,891.1920,100,1680,2619,1767561392878102741,64,46777764
1600,891.1920,100,1680,2619,1767561392885334076,64,46777764
1601,891.1920,100,1680,2619,1767561392892651811,64,46777764
1602,891.1920,100,1680,2619,1767561392896391766,64,46777764
1603,891.1920,100,1680,2619,1767561392900274985,64,46777764
1604,891.1920,100,1680,2619,1767561392908350415,64,46777764
1605,891.1920,100,1680,2619,1767561392911981346,64,46777764
1606,891.1920,100,1665,2619,1767561392915746870,64,46777764
1607,891.1920,100,1665,2619,1767561392920022952,64,46777764
1608,891.1920,100,1665,2619,1767561392924104218,64,46777764
1609,891.1920,100,1665,2619,1767561392931405058,64,46777764
1610,891.1920,100,1665,2619,1767561392935583444,64,46777764
1611,892.8500,100,1665,2619,1767561392940850274,64,46875710
1612,892.8500,100,1665,2619,1767561392960838654,64,46875710
1613,892.8500,100,1665,2619,1767561392971860505,64,46875710
1614,892.8500,100,1665,2619,1767561392975434157,64,46875710
1615,892.8500,100,1665,2619,1767561392979016129,64,46875710
1616,892.8500,100,1665,2619,1767561392983333299,64,46875710
1617,892.8500,100,1665,2619,1767561392990714938,64,46875710
1618,892.8500,100,1665,2619,1767561392994492654,64,46875710
1619,892.8500,100,1665,2619,1767561392998155970,64,46875710
1620,892.8500,100,1665,2619,1767561393002907282,64,46875710
1621,892.8500,100,1665,2619,1767561393010575160,64,46875710
1622,892.8500,100,1665,2619,1767561393014574955,64,46875710
1623,892.8500,100,1665,2619,1767561393018354078,64,46875710
1624,892.8500,100,1665,2619,1767561393022790607,64,46875710
1625,892.8500,100,1665,2619,1767561393030206997,64,46875710
1626,892.8500,100,1665,2619,1767561393034008265,64,46875710
1627,892.8500,100,1665,2619,1767561393037605117,64,46875710
1628,892.8500,100,1695,2619,1767561393043458217,64,46975989
1629,892.8500,100,1695,2619,1767561393059597075,64,46975989
1630,892.8500,100,1695,2619,1767561393063537414,64,46975989
1631,892.6230,100,1695,2619,1767561393070057584,64,46975989
1632,892.6230,100,1695,2619,1767561393073790436,64,46975989
1633,892.6230,100,1695,2619,1767561393077571895,64,46975989
1634,892.6230,100,1695,2619,1767561393085367197,64,46975989
1635,892.6230,100,1695,2619,1767561393092750883,64,46975989
1636,892.6230,100,1695,2619,1767561393096472375,64,46975989
1637,892.6230,100,1695,2619,1767561393100435658,64,46975989
1638,892.6230,100,1695,2619,1767561393110833767,64,46975989
1639,892.6230,100,1695,2619,1767561393114440571,64,46975989
1640,892.6230,100,1695,2619,1767561393118009967,65,46975989
1641,892.6230,100,1695,2619,1767561393122902399,65,46975989
1642,892.6230,100,1695,2619,1767561393129282410,65,46975989
1643,892.6230,100,1695,2619,1767561393133033885,65,46975989
1644,892.6230,100,1695,2619,1767561393137120175,65,46975989
1645,892.6230,100,1695,2619,1767561393141240066,65,47076248
1646,892.6230,100,1695,2619,1767561393161125118,65,47076248
1647,892.6230,100,1695,2619,1767561393169594498,65,47076248
1648,892.6230,100,1680,2619,1767561393173130838,65,47076248
1649,892.6230,100,1680,2619,1767561393176826410,65,47076248
1650,892.6230,100,1680,2619,1767561393181170075,65,47076248
1651,892.6230,100,1680,2619,1767561393191768408,65,47076248
1652,893.7250,100,1680,2619,1767561393195314188,65,47076248
1653,893.7250,100,1680,2619,1767561393199249631,65,47076248
1654,893.7250,100,1680,2619,1767561393203319601,65,47076248
1655,893.7250,100,1680,2619,1767561393212309011,65,47076248
1656,893.7250,100,1680,2619,1767561393216184166,65,47076248
1657,893.7250,100,1680,2619,1767561393220044633,65,47076248
1658,893.7250,100,1680,2619,1767561393224062539,65,47076248
1659,893.7250,100,1680,2619,1767561393232923597,65,47076248
1660,893.7250,100,1680,2619,1767561393236721345,64,47076248
1661,893.7250,100,1680,2619,1767561393240892083,64,47175029
1662,893.7250,100,1680,2619,1767561393262790057,64,47175029
1663,893.7250,100,1680,2619,1767561393271933803,64,47175029
1664,893.7250,100,1680,2619,1767561393275901214,64,47175029
1665,893.7250,100,1680,2619,1767561393279534834,64,47175029
1666,893.7250,100,1680,2619,1767561393286225019,64,47175029
1667,893.7250,100,1710,2619,1767561393293533954,64,47175029
1668,893.7250,100,1710,2619,1767561393297276469,64,47175029
1669,893.7250,100,1710,2619,1767561393301093576,64,47175029
1670,893.7250,100,1710,2619,1767561393311252455,64,47175029
1671,892.2260,100,1710,2619,1767561393315067450,64,47175029
1672,892.2260,100,1710,2619,1767561393318584334,64,47175029
1673,892.2260,100,1710,2619,1767561393322909280,64,47175029
1674,892.2260,100,1710,2619,1767561393331601731,64,47175029
1675,892.2260,100,1710,2619,1767561393335969076,64,47175029
1676,892.2260,100,1710,2619,1767561393340647876,64,47277145
1677,892.2260,100,1710,2619,1767561393358279465,64,47277145
1678,892.2260,100,1710,2619,1767561393362789977,64,47277145
1679,892.2260,100,1710,2619,1767561393369258116,65,47277145
1680,892.2260,100,1710,2619,1767561393373038935,65,47277145
1681,892.2260,100,1710,2619,1767561393376818250,65,47277145
1682,892.2260,100,1710,2619,1767561393381170300,65,47277145
1683,892.2260,100,1710,2619,1767561393391743769,65,47277145
1684,892.2260,100,1710,2619,1767561393395298189,65,47277145
1685,892.2260,100,1710,2619,1767561393399232480,65,47277145
1686,892.2260,100,1710,2619,1767561393403263442,65,47277145
1687,892.2260,100,1710,2619,1767561393412113781,65,47277145
1688,892.2260,100,1680,2619,1767561393415906280,65,47277145
1689,892.2260,100,1680,2619,1767561393419548252,65,47277145
1690,892.2260,100,1680,2619,1767561393423732013,65,47277145
1691,892.2260,100,1680,2619,1767561393431108020,65,47277145
1692,892.3890,100,1680,2619,1767561393435002599,65,47277145
1693,892.3890,100,1680,2619,1767561393439211577,65,47277145
1694,892.3890,100,1680,2619,1767561393446009346,65,47379112
1695,892.3890,100,1680,2619,1767561393460806225,65,47379112
1696,892.3890,100,1680,2619,1767561393469697523,65,47379112
1697,892.3890,100,1680,2619,1767561393473292871,65,47379112
1698,892.3890,100,1680,2619,1767561393476990107,65,47379112
1699,892.3890,100,1680,2619,1767561393481583852,65,47379112
1700,892.3890,100,1680,2619,1767561393492087176,65,47379112
1701,892.3890,100,1680,2619,1767561393496358393,65,47379112
1702,892.3890,100,1680,2619,1767561393500172620,65,47379112
1703,892.3890,100,1680,2619,1767561393510522346,65,47379112
1704,892.3890,100,1680,2619,1767561393514198750,65,47379112
1705,892.3890,100,1680,2619,1767561393517971377,65,47379112
1706,892.3890,100,1695,2619,1767561393522883841,65,47379112
1707,892.3890,100,1695,2619,1767561393530272936,65,47379112
1708,892.3890,100,1695,2619,1767561393534051163,65,47379112
1709,892.3890,100,1695,2619,1767561393537779759,65,47379112
1710,892.3890,100,1695,2619,1767561393543268829,65,47478136
1711,892.2770,100,1695,2619,1767561393559643877,65,47478136
1712,892.2770,100,1695,2619,1767561393563777943,65,47478136
1713,892.2770,100,1695,2619,1767561393571088126,65,47478136
1714,892.2770,100,1695,2619,1767561393574886450,65,47478136
1715,892.2770,100,1695,2619,1767561393578652485,65,47478136
1716,892.2770,100,1695,2619,1767561393585372015,65,47478136
1717,892.2770,100,1695,2619,1767561393591886905,65,47478136
1718,892.2770,100,1695,2619,1767561393595615501,65,47478136
1719,892.2770,100,1695,2619,1767561393599562623,65,47478136
1720,892.2770,100,1695,2619,1767561393603654354,65,47478136
1721,892.2770,100,1695,2619,1767561393610930777,65,47478136
1722,892.2770,100,1695,2619,1767561393614965548,65,47478136
1723,892.2770,100,1695,2619,1767561393618671968,65,47478136
1724,892.2770,100,1695,2619,1767561393623034449,65,47478136
1725,892.2770,100,1695,2619,1767561393630228408,65,47478136
1726,892.2770,100,1695,2619,1767561393633997675,65,47478136
1727,892.2770,100,1695,2619,1767561393637543071,65,47478136
1728,892.2770,100,1680,2619,1767561393641800689,65,47576960
1729,892.2770,100,1680,2619,1767561393663090506,65,47576960
1730,892.2770,100,1680,2619,1767561393672510219,65,47576960
1731,890.0510,100,1680,2619,1767561393676322334,65,47576960
1732,890.0510,100,1680,2619,1767561393680142737,65,47576960
1733,890.0510,100,1680,2619,1767561393688272886,65,47576960
1734,890.0510,100,1680,2619,1767561393691851882,65,47576960
1735,890.0510,100,1680,2619,1767561393695550301,65,47576960
1736,890.0510,100,1680,2619,1767561393699486864,65,47576960
1737,890.0510,100,1680,2619,1767561393703519778,65,47576960
1738,890.0510,100,1680,2619,1767561393710112972,65,47576960
1739,890.0510,100,1680,2619,1767561393713709632,65,47576960
1740,890.0510,100,1680,2619,1767561393717416628,65,47576960
1741,890.0510,100,1680,2619,1767561393721259399,65,47576960
1742,890.0510,100,1680,2619,1767561393729375948,65,47576960
1743,890.0510,100,1680,2619,1767561393733146175,65,47576960
1744,890.0510,100,1680,2619,1767561393737135122,65,47576960
1745,890.0510,100,1680,2619,1767561393741233828,65,47676184
1746,890.0510,100,1680,2619,1767561393761019586,65,47676184
1747,890.0510,100,1680,2619,1767561393769327589,65,47676184
1748,890.0510,100,1695,2619,1767561393773145336,65,47676184
1749,890.0510,100,1695,2619,1767561393776897996,65,47676184
1750,890.0510,100,1695,2619,1767561393781282589,65,47676184
1751,890.0510,100,1695,2619,1767561393790994301,65,47676184
1752,890.0510,100,1695,2619,1767561393794686897,65,47676184
1753,892.4470,100,1695,2619,1767561393798528676,65,47676184
1754,892.4470,100,1695,2619,1767561393802844181,65,47676184
1755,892.4470,100,1695,2619,1767561393809181600,65,47676184
1756,892.4470,100,1695,2619,1767561393812977588,65,47676184
1757,892.4470,100,1695,2619,1767561393816704583,65,47676184
1758,892.4470,100,1695,2619,1767561393820541562,65,47676184
1759,892.4470,100,1695,2619,1767561393831254581,65,47676184
1760,892.4470,100,1695,2619,1767561393835396359,65,47676184
1761,892.4470,100,1695,2619,1767561393839109403,65,47676184
1762,892.4470,100,1695,2619,1767561393846141892,65,47777754
1763,892.4470,100,1695,2619,1767561393860187605,65,47777754
1764,892.4470,100,1695,2619,1767561393868786616,65,47777754
1765,892.4470,100,1695,2619,1767561393873064170,65,47777754
1766,892.4470,100,1695,2619,1767561393876775581,65,47777754
1767,892.4470,100,1695,2619,1767561393881016239,65,47777754
1768,892.4470,100,1695,2619,1767561393891634187,65,47777754
1769,892.4470,100,1665,2619,1767561393895208479,65,47777754
1770,892.4470,100,1665,2619,1767561393899030162,65,47777754
1771,892.4470,100,1665,2619,1767561393903090596,65,47777754
1772,892.4470,100,1665,2619,1767561393911740327,65,47777754
1773,891.3830,100,1665,2619,1767561393915601371,65,47777754
1774,891.3830,100,1665,2619,1767561393919268302,65,47777754
1775,891.3830,100,1665,2619,1767561393923361537,65,47777754
1776,891.3830,100,1665,2619,1767561393930676296,65,47777754
1777,891.3830,100,1665,2619,1767561393934718715,65,47777754
1778,891.3830,100,1665,2619,1767561393938435246,65,47777754
1779,891.3830,100,1665,2619,1767561393944340155,65,47874825
1780,891.3830,100,1665,2619,1767561393960128966,65,47874825
1781,891.3830,100,1665,2619,1767561393970661730,64,47874825
1782,891.3830,100,1665,2619,1767561393975382322,64,47874825
1783,891.3830,100,1665,2619,1767561393978880038,64,47874825
1784,891.3830,100,1665,2619,1767561393985684271,64,47874825
1785,891.3830,100,1665,2619,1767561393993174134,64,47874825
1786,891.3830,100,1665,2619,1767561393996784458,64,47874825
1787,891.3830,100,1695,2619,1767561394000579870,64,47874825
1788,891.3830,100,1695,2619,1767561394009208289,64,47874825
1789,891.3830,100,1695,2619,1767561394012983188,64,47874825
1790,891.3830,100,1695,2619,1767561394016735784,64,47874825
1791,891.3830,100,1695,2619,1767561394020472091,64,47874825
1792,892.9220,100,1695,2619,1767561394028475905,64,47874825
1793,892.9220,100,1695,2619,1767561394032378771,64,47874825
1794,892.9220,100,1695,2619,1767561394036212102,64,47874825
1795,892.9220,100,1695,2619,1767561394040827702,64,47973363
1796,892.9220,100,1695,2619,1767561394058935322,64,47973363
1797,892.9220,100,1695,2619,1767561394063014732,64,47973363
1798,892.9220,100,1695,2619,1767561394069361463,64,47973363
1799,892.9220,100,1695,2619,1767561394073071435,65,47973363
1800,892.9220,100,1695,2619,1767561394077277981,65,47973363
1801,892.9220,100,1695,2619,1767561394082113580,65,47973363
1802,892.9220,100,1695,2619,1767561394091521261,65,47973363
1803,892.9220,100,1695,2619,1767561394095642558,65,47973363
1804,892.9220,100,1695,2619,1767561394099517457,65,47973363
1805,892.9220,100,1695,2619,1767561394103594051,65,47973363
1806,892.9220,100,1695,2619,1767561394112485286,65,47973363
1807,892.9220,100,1695,2619,1767561394116046554,65,47973363
1808,892.9220,100,1695,2619,1767561394119671278,65,47973363
1809,892.9220,100,1695,2619,1767561394123745216,65,47973363
1810,892.9220,100,1695,2619,1767561394131085032,65,47973363
1811,892.9220,100,1695,2619,1767561394135273306,65,47973363
1812,892.9220,100,1695,2619,1767561394139015565,65,47973363
1813,892.9150,100,1695,2619,1767561394145555159,65,48075948
1814,892.9150,100,1695,2619,1767561394161681345,65,48075948
1815,892.9150,100,1695,2619,1767561394170917858,65,48075948
1816,892.9150,100,1695,2619,1767561394174459446,65,48075948
1817,892.9150,100,1695,2619,1767561394178720328,65,48075948
1818,892.9150,100,1695,2619,1767561394185597553,65,48075948
1819,892.9150,100,1695,2619,1767561394192763641,65,48075948
1820,892.9150,100,1695,2619,1767561394196648652,65,48075948
1821,892.9150,100,1695,2619,1767561394200537311,65,48075948
1822,892.9150,100,1695,2619,1767561394209076802,65,48075948
1823,892.9150,100,1695,2619,1767561394213071509,65,48075948
1824,892.9150,100,1695,2619,1767561394216759273,65,48075948
1825,892.9150,100,1695,2619,1767561394220592764,65,48075948
1826,892.9150,100,1695,2619,1767561394230821849,65,48075948
1827,892.9150,100,1695,2619,1767561394234721388,65,48075948
1828,892.9150,100,1680,2619,1767561394238316928,65,48075948
1829,892.9150,100,1680,2619,1767561394244305259,65,48173629
1830,892.9150,100,1680,2619,1767561394263135821,65,48173629
1831,891.6730,100,1680,2619,1767561394270735571,65,48173629
1832,891.6730,100,1680,2619,1767561394274482727,65,48173629
1833,891.6730,100,1680,2619,1767561394278258554,65,48173629
1834,891.6730,100,1680,2619,1767561394285227587,65,48173629
1835,891.6730,100,1680,2619,1767561394292026700,65,48173629
1836,891.6730,100,1680,2619,1767561394295552992,65,48173629
1837,891.6730,100,1680,2619,1767561394299480754,65,48173629
1838,891.6730,100,1680,2619,1767561394303490693,65,48173629
1839,891.6730,100,1680,2619,1767561394310741324,65,48173629
1840,891.6730,100,1680,2619,1767561394314375968,65,48173629
1841,891.6730,100,1680,2619,1767561394317989940,65,48173629
1842,891.6730,100,1680,2619,1767561394322857380,65,48173629
1843,891.6730,100,1680,2619,1767561394330131180,65,48173629
1844,891.6730,100,1680,2619,1767561394333866719,65,48173629
1845,891.6730,100,1680,2619,1767561394337973874,65,48173629
1846,891.6730,100,1680,2619,1767561394343712350,65,48275014
1847,891.6730,100,1680,2619,1767561394360029256,65,48275014
1848,891.6730,100,1680,2619,1767561394364037754,65,48275014
1849,891.6730,100,1695,2619,1767561394371393249,65,48275014
1850,891.6730,100,1695,2619,1767561394375190836,65,48275014
1851,891.6730,100,1695,2619,1767561394378914376,65,48275014
1852,891.6730,100,1695,2619,1767561394385624913,65,48275014
1853,891.6730,100,1695,2619,1767561394392870169,65,48275014
1854,891.5920,100,1695,2619,1767561394396659149,65,48275014
1855,891.5920,100,1695,2619,1767561394400542656,65,48275014
1856,891.5920,100,1695,2619,1767561394410844157,65,48275014
1857,891.5920,100,1695,2619,1767561394414453585,65,48275014
1858,891.5920,100,1695,2619,1767561394417960005,65,48275014
1859,891.5920,100,1695,2619,1767561394422826165,65,48275014
1860,891.5920,100,1695,2619,1767561394429332863,65,48275014
1861,891.5920,100,1695,2619,1767561394433143634,65,48275014
1862,891.5920,100,1695,2619,1767561394436757926,65,48275014
1863,891.5920,100,1695,2619,1767561394441099799,66,48375042
1864,891.5920,100,1695,2619,1767561394461237844,66,48375042
1865,891.5920,100,1695,2619,1767561394470607892,66,48375042
1866,891.5920,100,1695,2619,1767561394474254824,66,48375042
1867,891.5920,100,1695,2619,1767561394478026044,66,48375042
1868,891.5920,100,1695,2619,1767561394485333155,66,48375042
1869,891.5920,100,1695,2619,1767561394492665419,66,48375042
1870,891.5920,100,1665,2619,1767561394496404446,66,48375042
1871,891.5920,100,1665,2619,1767561394500330929,66,48375042
1872,891.5920,100,1665,2619,1767561394509009235,66,48375042
1873,891.5920,100,1665,2619,1767561394512699943,66,48375042
1874,891.0720,100,1665,2619,1767561394516509178,66,48375042
1875,891.0720,100,1665,2619,1767561394520466733,66,48375042
1876,891.0720,100,1665,2619,1767561394529137552,66,48375042
1877,891.0720,100,1665,2619,1767561394532953507,66,48375042
1878,891.0720,100,1665,2619,1767561394536873398,66,48375042
1879,891.0720,100,1665,2619,1767561394540958728,66,48473757
1880,891.0720,100,1665,2619,1767561394561060773,66,48473757
1881,891.0720,100,1665,2619,1767561394572265375,66,48473757
1882,891.0720,100,1665,2619,1767561394575832947,65,48473757
1883,891.0720,100,1665,2619,1767561394579401863,65,48473757
1884,891.0720,100,1665,2619,1767561394583668761,65,48473757
1885,891.0720,100,1665,2619,1767561394591007008,65,48473757
1886,891.0720,100,1665,2619,1767561394595199410,65,48473757
1887,891.0720,100,1665,2619,1767561394599185701,65,48473757
1888,891.0720,100,1665,2619,1767561394603146648,65,48473757
1889,891.0720,100,1665,2619,1767561394610425087,65,48473757
1890,891.0720,100,1665,2619,1767561394614064595,65,48473757
1891,891.0720,100,1695,2619,1767561394617774215,65,48473757
1892,891.0720,100,1695,2619,1767561394622840374,65,48473757
1893,891.0720,100,1695,2619,1767561394630086302,65,48473757
1894,891.0720,100,1695,2619,1767561394633851441,65,48473757
1895,891.0720,100,1695,2619,1767561394637478788,65,48473757
1896,891.5590,100,1695,2619,1767561394641818357,65,48574086
1897,891.5590,100,1695,2619,1767561394660894550,65,48574086
1898,891.5590,100,1695,2619,1767561394668769883,65,48574086
1899,891.5590,100,1695,2619,1767561394672475791,65,48574086
1900,891.5590,100,1695,2619,1767561394676253410,65,48574086
1901,891.5590,100,1695,2619,1767561394680096022,65,48574086
1902,891.5590,100,1695,2619,1767561394692505356,65,48574086
1903,891.5590,100,1695,2619,1767561394696930269,65,48574086
1904,891.5590,100,1695,2619,1767561394700611409,66,48574086
1905,891.5590,100,1695,2619,1767561394708635797,66,48574086
1906,891.5590,100,1695,2619,1767561394712385257,66,48574086
1907,891.5590,100,1695,2619,1767561394716147292,66,48574086
1908,891.5590,100,1695,2619,1767561394720188015,66,48574086
1909,891.5590,100,1695,2619,1767561394728161044,66,48574086
1910,891.5590,100,1695,2619,1767561394731883368,66,48574086
1911,891.5590,100,1695,2619,1767561394735802843,66,48574086
1912,891.5590,100,1695,2619,1767561394740749962,66,48673435
1913,891.5590,100,1695,2619,1767561394758339567,66,48673435
1914,891.5590,100,1680,2619,1767561394762777248,66,48673435
1915,891.5590,100,1680,2619,1767561394769147946,66,48673435
1916,891.9990,100,1680,2619,1767561394772857790,66,48673435
1917,891.9990,100,1680,2619,1767561394776632977,66,48673435
1918,891.9990,100,1680,2619,1767561394780681284,66,48673435
1919,891.9990,100,1680,2619,1767561394788662857,66,48673435
1920,891.9990,100,1680,2619,1767561394792448828,66,48673435
1921,891.9990,100,1680,2619,1767561394796203472,66,48673435
1922,891.9990,100,1680,2619,1767561394800424290,66,48673435
1923,891.9990,100,1680,2619,1767561394809303428,66,48673435
1924,891.9990,100,1680,2619,1767561394812896344,66,48673435
1925,891.9990,100,1680,2619,1767561394816654155,65,48673435
1926,891.9990,100,1680,2619,1767561394820388159,65,48673435
1927,891.9990,100,1680,2619,1767561394829388641,65,48673435
1928,891.9990,100,1680,2619,1767561394833392755,65,48673435
1929,891.9990,100,1680,2619,1767561394837159942,65,48673435
1930,891.9990,100,1680,2619,1767561394841363000,65,48772245
1931,891.9990,100,1680,2619,1767561394860221817,65,48772245
1932,891.9990,100,1680,2619,1767561394868940636,65,48772245
1933,891.9990,100,1680,2619,1767561394872618927,65,48772245
1934,891.9990,100,1680,2619,1767561394876381411,65,48772245
1935,891.9990,100,1680,2619,1767561394880195318,65,48772245
1936,891.9990,100,1680,2619,1767561394891095602,65,48772245
1937,891.8160,100,1680,2619,1767561394894854949,65,48772245
1938,891.8160,100,1680,2619,1767561394898678776,65,48772245
1939,891.8160,100,1680,2619,1767561394902926218,65,48772245
1940,891.8160,100,1680,2619,1767561394911897419,65,48772245
1941,891.8160,100,1680,2619,1767561394915630975,65,48772245
1942,891.8160,100,1680,2619,1767561394919267443,65,48772245
1943,891.8160,100,1680,2619,1767561394923350469,65,48772245
1944,891.8160,100,1680,2619,1767561394932191399,65,48772245
1945,891.8160,100,1680,2619,1767561394936349594,65,48772245
1946,891.8160,100,1680,2619,1767561394940610443,65,48870630
1947,891.8160,100,1680,2619,1767561394958140177,65,48870630
1948,891.8160,100,1680,2619,1767561394962716162,65,48870630
1949,891.8160,100,1680,2619,1767561394969420235,65,48870630
1950,891.8160,100,1680,2619,1767561394973198110,65,48870630
1951,891.8160,100,1680,2619,1767561394976824914,65,48870630
1952,891.8160,100,1680,2619,1767561394981092739,65,48870630
1953,891.8160,100,1680,2619,1767561394992946235,65,48870630
1954,891.8160,100,1680,2619,1767561394997046894,65,48870630
1955,891.8160,100,1680,2619,1767561395000690786,65,48870630
1956,891.8160,100,1680,2619,1767561395008613543,65,48870630
1957,892.8700,100,1680,2619,1767561395012395739,65,48870630
1958,892.8700,100,1680,2619,1767561395016093998,65,48870630
1959,892.8700,100,1680,2619,1767561395019970657,65,48870630
1960,892.8700,100,1680,2619,1767561395023991060,65,48870630
1961,892.8700,100,1680,2619,1767561395032782934,65,48870630
1962,892.8700,100,1680,2619,1767561395036796616,65,48870630
1963,892.8700,100,1680,2619,1767561395041085818,65,48971220
1964,892.8700,100,1680,2619,1767561395059251837,65,48971220
1965,892.8700,100,1680,2619,1767561395063221872,65,48971220
1966,892.8700,100,1680,2619,1767561395069749658,65,48971220
1967,892.8700,100,1680,2619,1767561395073516941,65,48971220
1968,892.8700,100,1680,2619,1767561395077271969,65,48971220
1969,892.8700,100,1680,2619,1767561395082011793,65,48971220
1970,892.8700,100,1680,2619,1767561395092346766,65,48971220
1971,892.8700,100,1680,2619,1767561395096146882,65,48971220
1972,892.8700,100,1680,2619,1767561395100051925,65,48971220
1973,892.8700,100,1680,2619,1767561395104076903,65,48971220
1974,892.8700,100,1680,2619,1767561395111488397,65,48971220
1975,892.8700,100,1680,2619,1767561395115249921,65,48971220
1976,892.8700,100,1680,2619,1767561395119056052,65,48971220
1977,892.8700,100,1680,2619,1767561395123155814,65,48971220
1978,892.8700,100,1680,2619,1767561395130491470,65,48971220
1979,892.8700,100,1680,2619,1767561395134132994,65,48971220
1980,890.9430,100,1680,2619,1767561395137902581,65,48971220
1981,890.9430,100,1680,2619,1767561395143480579,65,49071416
1982,890.9430,100,1680,2619,1767561395159910252,65,49071416
1983,890.9430,100,1680,2619,1767561395163797567,65,49071416
1984,890.9430,100,1680,2619,1767561395171063654,65,49071416
1985,890.9430,100,1680,2619,1767561395175076216,65,49071416
1986,890.9430,100,1680,2619,1767561395178772908,65,49071416
1987,890.9430,100,1680,2619,1767561395185406965,65,49071416
1988,890.9430,100,1680,2619,1767561395192789725,65,49071416
1989,890.9430,100,1680,2619,1767561395196558448,66,49071416
1990,890.9430,100,1680,2619,1767561395200288420,66,49071416
1991,890.9430,100,1680,2619,1767561395210707489,66,49071416
1992,890.9430,100,1680,2619,1767561395215372433,66,49071416
1993,890.9430,100,1680,2619,1767561395218928102,66,49071416
1994,890.9430,100,1680,2619,1767561395223141144,66,49071416
1995,890.9430,100,1680,2619,1767561395230425471,66,49071416
1996,890.9430,100,1680,2619,1767561395234212338,66,49071416
1997,890.9430,100,1680,2619,1767561395237888645,66,49071416
1998,890.9430,100,1695,2619,1767561395243571314,66,49170554
1999,890.9430,100,1695,2619,1767561395260702713,66,49170554
2000,890.9430,100,1695,2619,1767561395269447324,66,49170554
2001,892.3810,100,1695,2619,1767561395274897482,66,49170554
2002,892.3810,100,1695,2619,1767561395278609085,66,49170554
2003,892.3810,100,1695,2619,1767561395285079560,66,49170554
2004,892.3810,100,1695,2619,1767561395292731278,66,49170554
2005,892.3810,100,1695,2619,1767561395296343810,66,49170554
2006,892.3810,100,1695,2619,1767561395300128533,66,49170554
2007,892.3810,100,1695,2619,1767561395310455442,66,49170554
2008,892.3810,100,1695,2619,1767561395314038886,66,49170554
2009,892.3810,100,1695,2619,1767561395318342327,66,49170554
2010,892.3810,100,1695,2619,1767561395322882504,66,49170554
2011,892.3810,100,1695,2619,1767561395331741355,66,49170554
2012,892.3810,100,1695,2619,1767561395335939069,66,49170554
2013,892.3810,100,1695,2619,1767561395340624333,66,49270170
2014,892.3810,100,1695,2619,1767561395360801322,66,49270170
2015,892.3810,100,1695,2619,1767561395369430829,66,49270170
2016,892.3810,100,1680,2619,1767561395372981025,66,49270170
2017,892.3810,100,1680,2619,1767561395376779955,66,49270170
2018,892.3810,100,1680,2619,1767561395381141029,66,49270170
2019,892.3810,100,1680,2619,1767561395393072253,66,49270170
2020,890.7140,100,1680,2619,1767561395397202511,66,49270170
2021,890.7140,100,1680,2619,1767561395400807587,66,49270170
2022,890.7140,100,1680,2619,1767561395408896200,66,49270170
2023,890.7140,100,1680,2619,1767561395412437756,66,49270170
2024,890.7140,100,1680,2619,1767561395416190864,66,49270170
2025,890.7140,100,1680,2619,1767561395420476961,66,49270170
2026,890.7140,100,1680,2619,1767561395429262916,66,49270170
2027,890.7140,100,1680,2619,1767561395432867032,66,49270170
2028,890.7140,100,1680,2619,1767561395436689227,66,49270170
2029,890.7140,100,1680,2619,1767561395440971037,66,49370740
2030,890.7140,100,1680,2619,1767561395461312280,66,49370740
2031,890.7140,100,1680,2619,1767561395472779089,66,49370740
2032,890.7140,100,1680,2619,1767561395476299526,66,49370740
2033,890.7140,100,1680,2619,1767561395479917594,66,49370740
2034,890.7140,100,1680,2619,1767561395486366564,66,49370740
2035,890.7140,100,1680,2619,1767561395493606508,66,49370740
2036,890.7140,100,1695,2619,1767561395497390047,66,49370740
2037,890.7140,100,1695,2619,1767561395501148019,66,49370740
2038,890.7140,100,1695,2619,1767561395509909108,66,49370740
2039,890.7140,100,1695,2619,1767561395513548520,66,49370740
2040,890.7410,100,1695,2619,1767561395517311740,66,49370740
2041,890.7410,100,1695,2619,1767561395522716202,66,49370740
2042,890.7410,100,1695,2619,1767561395530239345,66,49370740
2043,890.7410,100,1695,2619,1767561395533934020,66,49370740
2044,890.7410,100,1695,2619,1767561395537691288,66,49370740
2045,890.7410,100,1695,2619,1767561395543297893,66,49471188
2046,890.7410,100,1695,2619,1767561395559622446,66,49471188
2047,890.7410,100,1695,2619,1767561395563612769,66,49471188
2048,890.7410,100,1695,2619,1767561395570308587,66,49471188
2049,890.7410,100,1695,2619,1767561395574090494,66,49471188
2050,890.7410,100,1695,2619,1767561395577792369,66,49471188
2051,890.7410,100,1695,2619,1767561395585260632,66,49471188
2052,890.7410,100,1695,2619,1767561395591814658,66,49471188
2053,890.7410,100,1695,2619,1767561395595539509,66,49471188
2054,890.7410,100,1695,2619,1767561395599496744,66,49471188
2055,890.7410,100,1695,2619,1767561395603603034,66,49471188
2056,890.7410,100,1695,2619,1767561395610056901,66,49471188
2057,890.7410,100,1695,2619,1767561395613674297,66,49471188
2058,890.7410,100,1695,2619,1767561395617370828,66,49471188
2059,890.7410,100,1695,2619,1767561395621201216,66,49471188
2060,890.7410,100,1695,2619,1767561395631613693,66,49471188
2061,890.7410,100,1695,2619,1767561395635405872,66,49471188
2062,892.6840,100,1695,2619,1767561395639260323,66,49471188
2063,892.6840,100,1695,2619,1767561395645900140,66,49573927
2064,892.6840,100,1695,2619,1767561395661805527,66,49573927
2065,892.6840,100,1695,2619,1767561395669825308,66,49573927
2066,892.6840,100,1695,2619,1767561395673534768,66,49573927
2067,892.6840,100,1695,2619,1767561395677305475,66,49573927
2068,892.6840,100,1695,2619,1767561395682194419,66,49573927
2069,892.6840,100,1695,2619,1767561395692498065,66,49573927
2070,892.6840,100,1695,2619,1767561395696030341,66,49573927
2071,892.6840,100,1695,2619,1767561395699927736,66,49573927
2072,892.6840,100,1695,2619,1767561395703964362,66,49573927
2073,892.6840,100,1695,2619,1767561395710982450,66,49573927
2074,892.6840,100,1695,2619,1767561395714773637,66,49573927
2075,892.6840,100,1695,2619,1767561395718481849,66,49573927
2076,892.6840,100,1695,2619,1767561395722870154,66,49573927
2077,892.6840,100,1695,2619,1767561395729147189,66,49573927
2078,892.6840,100,1695,2619,1767561395732759273,66,49573927
2079,892.6840,100,1680,2619,1767561395736803163,66,49573927
2080,892.6840,100,1680,2619,1767561395740949806,66,49670270
2081,892.6840,100,1680,2619,1767561395758156180,66,49670270
2082,892.6840,100,1680,2619,1767561395762711557,66,49670270
2083,891.0990,100,1680,2619,1767561395769214543,66,49670270
2084,891.0990,100,1680,2619,1767561395773040674,66,49670270
2085,891.0990,100,1680,2619,1767561395776757461,66,49670270
2086,891.0990,100,1680,2619,1767561395781051559,66,49670270
2087,891.0990,100,1680,2619,1767561395790898662,66,49670270
2088,891.0990,100,1680,2619,1767561395794429434,66,49670270
2089,891.0990,100,1680,2619,1767561395798213805,66,49670270
2090,891.0990,100,1680,2619,1767561395802904734,66,49670270
2091,891.0990,100,1680,2619,1767561395809498120,66,49670270
2092,891.0990,100,1680,2619,1767561395813237851,66,49670270
2093,891.0990,100,1680,2619,1767561395816995791,66,49670270
2094,891.0990,100,1680,2619,1767561395820762722,66,49670270
2095,891.0990,100,1680,2619,1767561395828637352,66,49670270
2096,891.0990,100,1680,2619,1767561395833353816,66,49670270
2097,891.0990,100,1680,2619,1767561395837073228,66,49670270
2098,891.0990,100,1680,2619,1767561395841199134,66,49769538
2099,891.0990,100,1680,2619,1767561395858938945,66,49769538
2100,891.0990,100,1680,2619,1767561395862984020,66,49769538
2101,891.0990,100,1680,2619,1767561395870254844,66,49769538
2102,891.0990,100,1680,2619,1767561395874098063,66,49769538
2103,891.0990,100,1680,2619,1767561395877817218,66,49769538
2104,891.0990,100,1680,2619,1767561395885427977,66,49769538
2105,891.0990,100,1680,2619,1767561395892679921,66,49769538
2106,891.3940,100,1680,2619,1767561395896415684,66,49769538
2107,891.3940,100,1680,2619,1767561395900299095,66,49769538
2108,891.3940,100,1680,2619,1767561395909079450,66,49769538
2109,891.3940,100,1680,2619,1767561395912648078,66,49769538
2110,891.3940,100,1680,2619,1767561395916404385,66,49769538
2111,891.3940,100,1680,2619,1767561395920205748,66,49769538
2112,891.3940,100,1680,2619,1767561395928944759,66,49769538
2113,891.3940,100,1680,2619,1767561395932807914,66,49769538
2114,891.3940,100,1680,2619,1767561395937116379,66,49769538
2115,891.3940,100,1680,2619,1767561395941283981,66,49867806
2116,891.3940,100,1680,2619,1767561395959634096,66,49867806
2117,891.3940,100,1680,2619,1767561395963698115,66,49867806
2118,891.3940,100,1680,2619,1767561395970939818,66,49867806
2119,891.3940,100,1680,2619,1767561395974748157,66,49867806
2120,891.3940,100,1680,2619,1767561395978600304,66,49867806
2121,891.3940,100,1680,2619,1767561395985495993,66,49867806
2122,891.3940,100,1680,2619,1767561395994575258,66,49867806
2123,891.3940,100,1680,2619,1767561395998586189,66,49867806
2124,891.3940,100,1680,2619,1767561396002679071,66,49867806
2125,891.3940,100,1680,2619,1767561396010044647,66,49867806
2126,891.3940,100,1680,2619,1767561396013691898,66,49867806
2127,891.4710,100,1680,2619,1767561396017459854,66,49867806
2128,891.4710,100,1680,2619,1767561396021233409,66,49867806
2129,891.4710,100,1680,2619,1767561396031697630,66,49867806
2130,891.4710,100,1680,2619,1767561396035719473,66,49867806
2131,891.4710,100,1680,2619,1767561396040773760,66,49967040
2132,891.4710,100,1680,2619,1767561396059789407,66,49967040
2133,891.4710,100,1680,2619,1767561396063718066,66,49967040
2134,891.4710,100,1680,2619,1767561396072802964,66,49967040
2135,891.4710,100,1680,2619,1767561396076742375,66,49967040
2136,891.4710,100,1680,2619,1767561396081155512,66,49967040
2137,891.4710,100,1680,2619,1767561396092186195,66,49967040
2138,891.4710,100,1680,2619,1767561396095710504,66,49967040
2139,891.4710,100,1680,2619,1767561396099655514,66,49967040
2140,891.4710,100,1680,2619,1767561396103639405,66,49967040
2141,891.4710,100,1680,2619,1767561396110726261,66,49967040
2142,891.4710,100,1695,2619,1767561396114528776,66,49967040
2143,891.4710,100,1695,2619,1767561396118237403,66,49967040
2144,891.4710,100,1695,2619,1767561396122773324,66,49967040
2145,891.4710,100,1695,2619,1767561396130041972,66,49967040
2146,891.4710,100,1695,2619,1767561396133747207,66,49967040
2147,890.4340,100,1695,2619,1767561396137520315,66,49967040
2148,890.4340,100,1695,2619,1767561396143028008,66,50067578
2149,890.4340,100,1695,2619,1767561396161440875,66,50067578
2150,890.4340,100,1695,2619,1767561396169865839,66,50067578
2151,890.4340,100,1695,2619,1767561396173388803,66,50067578
2152,890.4340,100,1695,2619,1767561396177143702,66,50067578
2153,890.4340,100,1695,2619,1767561396181961445,66,50067578
2154,890.4340,100,1695,2619,1767561396191565573,66,50067578
2155,890.4340,100,1695,2619,1767561396195350873,66,50067578
2156,890.4340,100,1695,2619,1767561396199198220,66,50067578
2157,890.4340,100,1695,2619,1767561396203178814,66,50067578
2158,890.4340,100,1695,2619,1767561396210435398,66,50067578
2159,890.4340,100,1695,2619,1767561396214231226,66,50067578
2160,890.4340,100,1695,2619,1767561396218002221,66,50067578
2161,890.4340,100,1695,2619,1767561396222893213,66,50067578
2162,890.4340,100,1695,2619,1767561396230271588,66,50067578
2163,890.4340,100,1695,2619,1767561396233925272,66,50067578
2164,890.4340,100,1680,2619,1767561396237698123,66,50067578
2165,890.4340,100,1680,2619,1767561396243400632,66,50168124
2166,890.4340,100,1680,2619,1767561396260175903,66,50168124
2167,890.4340,100,1680,2619,1767561396270833563,66,50168124
2168,891.8810,100,1680,2619,1767561396276589064,66,50168124
2169,891.8810,100,1680,2619,1767561396280405883,66,50168124
2170,891.8810,100,1680,2619,1767561396292785394,66,50168124
2171,891.8810,100,1680,2619,1767561396297007428,66,50168124
2172,891.8810,100,1680,2619,1767561396300784503,66,50168124
2173,891.8810,100,1680,2619,1767561396308573277,66,50168124
2174,891.8810,100,1680,2619,1767561396312374608,66,50168124
2175,891.8810,100,1680,2619,1767561396316123363,66,50168124
2176,891.8810,100,1680,2619,1767561396320003446,66,50168124
2177,891.8810,100,1680,2619,1767561396324045481,66,50168124
2178,891.8810,100,1680,2619,1767561396332936171,66,50168124
2179,891.8810,100,1680,2619,1767561396336799774,66,50168124
2180,891.8810,100,1680,2619,1767561396340904304,66,50268061
2181,891.8810,100,1680,2619,1767561396358331286,66,50268061
2182,891.8810,100,1680,2619,1767561396362796327,66,50268061
2183,891.8810,100,1665,2619,1767561396371744233,66,50268061
2184,891.8810,100,1665,2619,1767561396375459197,66,50268061
2185,891.8810,100,1665,2619,1767561396379017809,66,50268061
2186,891.8810,100,1665,2619,1767561396385771706,66,50268061
2187,891.7100,100,1665,2619,1767561396393294368,66,50268061
2188,891.7100,100,1665,2619,1767561396397009908,66,50268061
2189,891.7100,100,1665,2619,1767561396400858279,66,50268061
2190,891.7100,100,1665,2619,1767561396409473450,66,50268061
2191,891.7100,100,1665,2619,1767561396413188606,66,50268061
2192,891.7100,100,1665,2619,1767561396416957265,66,50268061
2193,891.7100,100,1665,2619,1767561396420756389,66,50268061
2194,891.7100,100,1665,2619,1767561396429514663,66,50268061
2195,891.7100,100,1665,2619,1767561396433229979,66,50268061
2196,891.7100,100,1665,2619,1767561396437115630,66,50268061
2197,891.7100,100,1665,2619,1767561396441282176,66,50367106
2198,891.7100,100,1665,2619,1767561396461142237,66,50367106
2199,891.7100,100,1665,2619,1767561396470719517,66,50367106
2200,891.7100,100,1680,2619,1767561396474299825,66,50367106
2201,891.7100,100,1680,2619,1767561396478066628,66,50367106
2202,891.7100,100,1680,2619,1767561396483099443,66,50367106
2203,891.7100,100,1680,2619,1767561396490538714,66,50367106
2204,890.9470,100,1680,2619,1767561396494252046,66,50367106
2205,890.9470,100,1680,2619,1767561396498009762,66,50367106
2206,890.9470,100,1680,2619,1767561396502882673,66,50367106
2207,890.9470,100,1680,2619,1767561396510369880,66,50367106
2208,890.9470,100,1680,2619,1767561396514223755,66,50367106
2209,890.9470,100,1680,2619,1767561396517895454,66,50367106
2210,890.9470,100,1680,2619,1767561396522912013,66,50367106
2211,890.9470,100,1680,2619,1767561396530183989,66,50367106
2212,890.9470,100,1680,2619,1767561396533963624,66,50367106
2213,890.9470,100,1680,2619,1767561396537561596,66,50367106
2214,890.9470,100,1680,2619,1767561396541702830,67,50468271
2215,890.9470,100,1680,2619,1767561396559535603,67,50468271
2216,890.9470,100,1680,2619,1767561396563586373,67,50468271
2217,890.9470,100,1680,2619,1767561396570934957,67,50468271
2218,890.9470,100,1680,2619,1767561396574950080,67,50468271
2219,890.9470,100,1680,2619,1767561396578639827,67,50468271
2220,890.9470,100,1680,2619,1767561396585246492,67,50468271
2221,890.9470,100,1680,2619,1767561396591973414,67,50468271
2222,890.9470,100,1695,2619,1767561396595546298,67,50468271
2223,890.9470,100,1695,2619,1767561396599535084,67,50468271
2224,890.9470,100,1695,2619,1767561396603584767,67,50468271
2225,890.9470,100,1695,2619,1767561396612468993,67,50468271
2226,890.9470,100,1695,2619,1767561396616101109,67,50468271
2227,891.7260,100,1695,2619,1767561396619724169,67,50468271
2228,891.7260,100,1695,2619,1767561396623839131,67,50468271
2229,891.7260,100,1695,2619,1767561396630250374,67,50468271
2230,891.7260,100,1695,2619,1767561396633992217,67,50468271
2231,891.7260,100,1695,2619,1767561396637592045,67,50468271
2232,891.7260,100,1695,2619,1767561396643405850,67,50569281
2233,891.7260,100,1695,2619,1767561396661052126,67,50569281
2234,891.7260,100,1695,2619,1767561396671387035,67,50569281
2235,891.7260,100,1695,2619,1767561396675661389,67,50569281
2236,891.7260,100,1695,2619,1767561396679225185,67,50569281
2237,891.7260,100,1695,2619,1767561396685924011,67,50569281
2238,891.7260,100,1695,2619,1767561396692550357,67,50569281
2239,891.7260,100,1695,2619,1767561396696403080,67,50569281
2240,891.7260,100,1695,2619,1767561396700324123,67,50569281
2241,891.7260,100,1695,2619,1767561396710609944,67,50569281
2242,891.7260,100,1695,2619,1767561396714401867,67,50569281
2243,891.7260,100,1665,2619,1767561396717990335,67,50569281
2244,891.7260,100,1665,2619,1767561396722864110,67,50569281
2245,891.7260,100,1665,2619,1767561396730105238,67,50569281
2246,891.7260,100,1665,2619,1767561396733890249,67,50569281
2247,891.7260,100,1665,2619,1767561396737541725,67,50569281
2248,891.0060,100,1665,2619,1767561396741746959,67,50667767
2249,891.0060,100,1665,2619,1767561396759743539,67,50667767
2250,891.0060,100,1665,2619,1767561396763749990,67,50667767
2251,891.0060,100,1665,2619,1767561396770983534,67,50667767
2252,891.0060,100,1665,2619,1767561396774708545,67,50667767
2253,891.0060,100,1665,2619,1767561396778997331,67,50667767
2254,891.0060,100,1665,2619,1767561396785801307,67,50667767
2255,891.0060,100,1665,2619,1767561396792283621,67,50667767
2256,891.0060,100,1665,2619,1767561396796161400,66,50667767
2257,891.0060,100,1665,2619,1767561396800039723,66,50667767
2258,891.0060,100,1665,2619,1767561396804141246,66,50667767
2259,891.0060,100,1665,2619,1767561396810597992,66,50667767
2260,891.0060,100,1665,2619,1767561396814634523,66,50667767
2261,891.0060,100,1665,2619,1767561396818318318,66,50667767
2262,891.0060,100,1665,2619,1767561396822863839,66,50667767
2263,891.0060,100,1665,2619,1767561396829317674,66,50667767
2264,891.0060,100,1665,2619,1767561396833096733,66,50667767
2265,891.0060,100,1665,2619,1767561396836701297,66,50667767
2266,891.0060,100,1680,2619,1767561396841048547,66,50766237
2267,891.0060,100,1680,2619,1767561396859024133,66,50766237
2268,891.0060,100,1680,2619,1767561396863006648,66,50766237
2269,891.1720,100,1680,2619,1767561396870402847,66,50766237
2270,891.1720,100,1680,2619,1767561396874152019,66,50766237
2271,891.1720,100,1680,2619,1767561396877915302,66,50766237
2272,891.1720,100,1680,2619,1767561396885334638,66,50766237
2273,891.1720,100,1680,2619,1767561396892654549,66,50766237
2274,891.1720,100,1680,2619,1767561396896372457,66,50766237
2275,891.1720,100,1680,2619,1767561396900352059,66,50766237
2276,891.1720,100,1680,2619,1767561396908238209,66,50766237
2277,891.1720,100,1680,2619,1767561396911820021,66,50766237
2278,891.1720,100,1680,2619,1767561396915564136,67,50766237
2279,891.1720,100,1680,2619,1767561396919436347,67,50766237
2280,891.1720,100,1680,2619,1767561396923427629,67,50766237
2281,891.1720,100,1680,2619,1767561396930895412,67,50766237
2282,891.1720,100,1680,2619,1767561396935182790,67,50766237
2283,891.1720,100,1680,2619,1767561396938873722,67,50766237
2284,891.1720,100,1680,2619,1767561396945120101,67,50867115
2285,891.1720,100,1680,2619,1767561396960122707,67,50867115
2286,891.1720,100,1680,2619,1767561396964163493,67,50867115
2287,891.1720,100,1680,2619,1767561396971342317,67,50867115
2288,891.1720,100,1680,2619,1767561396975064545,67,50867115
2289,891.1720,100,1680,2619,1767561396978830612,67,50867115
2290,891.1720,100,1680,2619,1767561396985610045,67,50867115
2291,891.1720,100,1680,2619,1767561396992889860,67,50867115
2292,891.2170,100,1680,2619,1767561396996732183,67,50867115
2293,891.2170,100,1680,2619,1767561397000650282,67,50867115
2294,891.2170,100,1680,2619,1767561397011326791,67,50867115
2295,891.2170,100,1680,2619,1767561397015229050,67,50867115
2296,891.2170,100,1680,2619,1767561397018818958,67,50867115
2297,891.2170,100,1680,2619,1767561397022957120,67,50867115
2298,891.2170,100,1680,2619,1767561397030317095,67,50867115
2299,891.2170,100,1680,2619,1767561397034103707,67,50867115
2300,891.2170,100,1680,2619,1767561397037684463,67,50867115
2301,891.2170,100,1680,2619,1767561397043464827,67,50965277
2302,891.2170,100,1680,2619,1767561397060420418,67,50965277
2303,891.2170,100,1680,2619,1767561397069324996,67,50965277
2304,891.2170,100,1680,2619,1767561397072988952,67,50965277
2305,891.2170,100,1680,2619,1767561397076758571,67,50965277
2306,891.2170,100,1680,2619,1767561397081091229,67,50965277
2307,891.2170,100,1680,2619,1767561397092906421,67,50965277
2308,891.2170,100,1695,2619,1767561397096805608,67,50965277
2309,891.2170,100,1695,2619,1767561397100435644,67,50965277
2310,891.2170,100,1695,2619,1767561397108659009,67,50965277
2311,891.2170,100,1695,2619,1767561397112319988,67,50965277
2312,893.0930,100,1695,2619,1767561397116099976,67,50965277
2313,893.0930,100,1695,2619,1767561397119899323,67,50965277
2314,893.0930,100,1695,2619,1767561397123927725,67,50965277
2315,893.0930,100,1695,2619,1767561397130327607,67,50965277
2316,893.0930,100,1695,2619,1767561397133914475,67,50965277
2317,893.0930,100,1695,2619,1767561397137696766,67,50965277
2318,893.0930,100,1695,2619,1767561397143305260,67,51065591
2319,893.0930,100,1695,2619,1767561397158860536,67,51065591
2320,893.0930,100,1695,2619,1767561397162863882,67,51065591
2321,893.0930,100,1695,2619,1767561397169308405,67,51065591
2322,893.0930,100,1695,2619,1767561397173133800,67,51065591
2323,893.0930,100,1695,2619,1767561397176826172,67,51065591
2324,893.0930,100,1695,2619,1767561397180956878,67,51065591
2325,893.0930,100,1695,2619,1767561397190828236,67,51065591
2326,893.0930,100,1695,2619,1767561397195160509,67,51065591
2327,893.0930,100,1695,2619,1767561397199020561,67,51065591
2328,893.0930,100,1695,2619,1767561397203144707,67,51065591
2329,893.0930,100,1695,2619,1767561397209816620,67,51065591
2330,893.0930,100,1680,2619,1767561397213530016,67,51065591
2331,893.0930,100,1680,2619,1767561397217291636,67,51065591
2332,893.0930,100,1680,2619,1767561397221068007,67,51065591
2333,893.0930,100,1680,2619,1767561397229851946,67,51065591
2334,893.0930,100,1680,2619,1767561397233490557,67,51065591
2335,891.9860,100,1680,2619,1767561397237293137,67,51065591
2336,891.9860,100,1680,2619,1767561397241486051,67,51165284
2337,891.9860,100,1680,2619,1767561397259911236,67,51165284
2338,891.9860,100,1680,2619,1767561397263906071,67,51165284
2339,891.9860,100,1680,2619,1767561397271215678,67,51165284
2340,891.9860,100,1680,2619,1767561397276986283,67,51165284
2341,891.9860,100,1680,2619,1767561397281512732,67,51165284
2342,891.9860,100,1680,2619,1767561397291964121,67,51165284
2343,891.9860,100,1680,2619,1767561397296249643,67,51165284
2344,891.9860,100,1680,2619,1767561397300098462,67,51165284
2345,891.9860,100,1680,2619,1767561397304074097,67,51165284
2346,891.9860,100,1680,2619,1767561397311367992,67,51165284
2347,891.9860,100,1680,2619,1767561397315142060,67,51165284
2348,891.9860,100,1680,2619,1767561397318856063,67,51165284
2349,891.9860,100,1680,2619,1767561397322899601,67,51165284
2350,891.9860,100,1680,2619,1767561397332114898,67,51165284
2351,891.9860,100,1680,2619,1767561397335947141,67,51165284
2352,891.9860,100,1680,2619,1767561397340670709,67,51263515
2353,891.9860,100,1680,2619,1767561397359292439,67,51263515
2354,891.9860,100,1680,2619,1767561397363239786,67,51263515
2355,890.5570,100,1680,2619,1767561397370