sample,power(W),gpu_util(%),core_clock(MHz),mem_clock(MHz),timestamp_ns,temp(C),energy(mJ)
0,72.0080,0,345,2619,1767559971175570274,27,63933548
1,72.0080,0,345,2619,1767559971179879327,27,63933548
2,72.0080,0,345,2619,1767559971184137628,27,63933548
3,72.0080,0,345,2619,1767559971188518585,27,63950086
4,72.0080,0,345,2619,1767559971206178281,27,63950086
5,72.0080,0,345,2619,1767559971210966179,27,63950086
6,72.0080,0,345,2619,1767559971217684748,27,63950086
7,72.0080,0,345,2619,1767559971221857450,27,63950086
8,72.0080,0,345,2619,1767559971225931785,27,63950086
9,72.0080,0,345,2619,1767559971230746018,27,63950086
10,72.0080,0,345,2619,1767559971237818697,27,63950086
11,72.0130,0,345,2619,1767559971242180774,27,63950086
12,72.0130,0,345,2619,1767559971246439267,27,63950086
13,72.0130,0,345,2619,1767559971250614913,27,63950086
14,72.0130,0,345,2619,1767559971257226572,27,63950086
15,72.0130,0,345,2619,1767559971262237571,27,63950086
16,72.0130,0,345,2619,1767559971266364866,27,63950086
17,72.0130,0,345,2619,1767559971270488256,27,63950086
18,72.0130,0,345,2619,1767559971277092747,27,63950086
19,72.0130,0,345,2619,1767559971281663334,27,63950086
20,72.0130,0,345,2619,1767559971288428015,27,63966364
21,72.0130,0,345,2619,1767559971308144047,27,63966364
22,72.0130,0,345,2619,1767559971316335149,27,63966364
23,72.0130,0,345,2619,1767559971320311980,27,63966364
24,72.0130,0,345,2619,1767559971324784392,27,63966364
25,72.0130,0,345,2619,1767559971330967798,27,63966364
26,72.0130,0,345,2619,1767559971337646432,27,63966364
27,72.0130,0,345,2619,1767559971341821918,27,63966364
28,72.0130,0,345,2619,1767559971346325497,27,63966364
29,72.0130,0,345,2619,1767559971351040915,27,63966364
30,72.0130,0,345,2619,1767559971357648350,27,63966364
31,72.1120,0,345,2619,1767559971361809148,27,63966364
32,72.1120,0,345,2619,1767559971366067769,27,63966364
33,72.1120,0,345,2619,1767559971370572373,27,63966364
34,72.1120,0,345,2619,1767559971386386069,27,63966364
35,72.1120,0,345,2619,1767559971464733530,27,63983046
36,72.1120,0,345,2619,1767559971468801465,27,63983046
37,72.1120,0,345,2619,1767559971476930487,27,63983046
38,72.1120,0,345,2619,1767559971483136388,27,63983046
39,72.1120,0,345,2619,1767559971488421786,27,63999028
40,72.1120,0,345,2619,1767559971510118472,27,63999028
41,72.1120,0,345,2619,1767559971519343390,27,63999028
42,72.1120,0,345,2619,1767559971523598811,27,63999028
43,72.1120,0,345,2619,1767559971530714561,27,63999028
44,72.1120,0,345,2619,1767559971537296140,27,63999028
45,72.2450,0,345,2619,1767559971541166509,27,63999028
46,72.2450,0,345,2619,1767559971544986670,27,63999028
47,72.2450,0,345,2619,1767559971550415394,27,63999028
48,72.2450,0,345,2619,1767559971557027628,27,63999028
49,72.2450,0,345,2619,1767559971561033804,27,63999028
50,72.2450,0,345,2619,1767559971565921956,27,63999028
51,72.2450,0,345,2619,1767559971570350848,27,63999028
52,72.2450,0,345,2619,1767559971577163209,27,63999028
53,72.2450,0,345,2619,1767559971580858283,27,63999028
54,72.2450,0,345,2619,1767559971586565853,27,63999028
55,72.2450,0,345,2619,1767559971593261414,27,64015942
56,72.2450,0,345,2619,1767559971607226453,27,64015942
57,72.2450,0,345,2619,1767559971615303796,27,64015942
58,72.2450,0,345,2619,1767559971619371955,27,64015942
59,72.2450,0,345,2619,1767559971624064013,27,64015942
60,72.2450,0,345,2619,1767559971628220491,27,64015942
61,72.2450,0,345,2619,1767559971636445032,27,64015942
62,72.2450,0,900,2619,1767559971640363753,27,64015942
63,72.2450,0,900,2619,1767559971644315529,27,64015942
64,72.2450,0,900,2619,1767559971648469895,27,64015942
65,72.2450,0,900,2619,1767559971656799427,27,64015942
66,72.6830,0,900,2619,1767559971660970850,27,64015942
67,72.6830,0,900,2619,1767559971664756163,27,64015942
68,72.6830,0,900,2619,1767559971670952753,27,64015942
69,72.6830,0,900,2619,1767559971677454652,27,64015942
70,72.6830,0,900,2619,1767559971681437788,27,64015942
71,72.6830,0,900,2619,1767559971685348828,27,64015942
72,72.6830,0,900,2619,1767559971690988302,27,64032479
73,72.6830,0,900,2619,1767559971707187819,27,64032479
74,72.6830,0,900,2619,1767559971711162763,27,64032479
75,72.6830,0,900,2619,1767559971717742997,27,64032479
76,72.6830,0,900,2619,1767559971721499191,27,64032479
77,72.6830,0,900,2619,1767559971725406231,27,64032479
78,72.6830,0,900,2619,1767559971730821483,27,64032479
79,72.6830,0,900,2619,1767559971737435094,27,64032479
80,72.6830,0,900,2619,1767559971741384950,27,64032479
81,72.6830,0,900,2619,1767559971745197655,27,64032479
82,72.6830,0,900,2619,1767559971750332877,27,64032479
83,72.6830,0,900,2619,1767559971756880952,27,64032479
84,72.6830,0,900,2619,1767559971760648762,27,64032479
85,72.6830,0,900,2619,1767559971764756024,27,64032479
86,73.2220,0,900,2619,1767559971779358306,27,64032479
87,73.2220,0,900,2619,1767559971783093284,27,64032479
88,73.2220,0,900,2619,1767559971786482024,27,64032479
89,73.2220,0,900,2619,1767559971793622414,27,64049783
90,73.2220,0,900,2619,1767559971806928610,27,64049783
91,73.2220,0,900,2619,1767559971811202752,27,64049783
92,73.2220,0,900,2619,1767559971817697131,27,64049783
93,73.2220,0,900,2619,1767559971821133039,27,64049783
94,73.2220,0,900,2619,1767559971825532428,27,64049783
95,73.2220,0,900,2619,1767559971832915408,27,64049783
96,73.2220,0,900,2619,1767559971839427739,27,64049783
97,73.2220,0,900,2619,1767559971842713952,27,64049783
98,73.2220,0,900,2619,1767559971846216356,27,64049783
99,73.2220,0,900,2619,1767559971850274083,27,64049783
100,73.2220,0,900,2619,1767559971860933165,27,64049783
101,73.2220,0,1980,2619,1767559971864312465,27,64049783
102,73.2220,0,1980,2619,1767559971868264369,27,64049783
103,73.2220,0,1980,2619,1767559971876313936,27,64049783
104,73.2220,0,1980,2619,1767559971880262000,27,64049783
105,78.0720,0,1980,2619,1767559971883759668,27,64049783
106,78.0720,0,1980,2619,1767559971888033969,27,64070248
107,78.0720,0,1980,2619,1767559971905840385,27,64070248
108,78.0720,0,1980,2619,1767559971914976183,27,64070248
109,78.0720,0,1980,2619,1767559971918408507,27,64070248
110,78.0720,0,1980,2619,1767559971922071357,27,64070248
111,78.0720,0,1980,2619,1767559971925606176,27,64070248
112,78.0720,0,1980,2619,1767559971933093892,27,64070248
113,78.0720,0,1980,2619,1767559971939579343,27,64070248
114,78.0720,0,1980,2619,1767559971942908692,28,64070248
115,78.0720,0,1980,2619,1767559971947195825,28,64070248
116,78.0720,0,1980,2619,1767559971951251088,28,64070248
117,78.0720,0,1980,2619,1767559971957700892,28,64070248
118,78.0720,0,1980,2619,1767559971961519069,28,64070248
119,78.0720,0,1980,2619,1767559971964852610,28,64070248
120,78.0720,0,1980,2619,1767559971968243847,28,64070248
121,78.0720,0,1980,2619,1767559971976326437,28,64070248
122,78.0720,0,1980,2619,1767559971981270845,28,64070248
123,78.0720,0,1980,2619,1767559971984675458,28,64070248
124,78.0720,0,1980,2619,1767559971988802880,28,64091548
125,78.0720,0,1980,2619,1767559972005934581,28,64091548
126,78.0720,0,1980,2619,1767559972010062196,28,64091548
127,84.0930,0,1980,2619,1767559972016489824,28,64091548
128,84.0930,0,1980,2619,1767559972019858116,28,64091548
129,84.0930,0,1980,2619,1767559972024150690,28,64091548
130,84.0930,0,1980,2619,1767559972027915299,28,64091548
131,84.0930,0,1980,2619,1767559972037980849,28,64091548
132,84.0930,0,1980,2619,1767559972041602004,28,64091548
133,84.0930,0,1980,2619,1767559972044931129,28,64091548
134,84.0930,0,1980,2619,1767559972048247486,28,64091548
135,84.0930,0,1980,2619,1767559972056350365,28,64091548
136,84.0930,0,1980,2619,1767559972060530907,28,64091548
137,84.0930,0,1980,2619,1767559972063944383,28,64091548
138,84.0930,0,1980,2619,1767559972067806848,28,64091548
139,84.0930,0,1980,2619,1767559972077063445,28,64091548
140,84.0930,0,1980,2619,1767559972080559128,28,64091548
141,84.0930,0,1980,2619,1767559972084349306,28,64091548
142,84.0930,0,1980,2619,1767559972088444600,28,64112619
143,84.0930,0,1980,2619,1767559972109734124,28,64112619
144,84.0930,0,1980,2619,1767559972117676843,28,64112619
145,84.0930,0,1980,2619,1767559972121005584,28,64112619
146,84.0930,0,1980,2619,1767559972124290102,28,64112619
147,84.0930,0,1980,2619,1767559972129973352,28,64112619
148,84.0930,0,1980,2619,1767559972139591962,28,64112619
149,89.8800,0,1980,2619,1767559972143537274,28,64112619
150,89.8800,0,1980,2619,1767559972147248668,28,64112619
151,89.8800,0,1980,2619,1767559972155154076,28,64112619
152,89.8800,0,1980,2619,1767559972158507104,28,64112619
153,89.8800,0,1980,2619,1767559972176398447,28,64112619
154,89.8800,0,1980,2619,1767559972180598509,28,64112619
155,89.8800,0,1980,2619,1767559972184876843,28,64112619
156,89.8800,0,1980,2619,1767559972190470845,28,64133903
157,89.8800,0,1980,2619,1767559972205882688,28,64133903
158,89.8800,0,1980,2619,1767559972210452987,28,64133903
159,89.8800,0,1980,2619,1767559972217034438,28,64133903
160,89.8800,0,1980,2619,1767559972221033030,28,64133903
161,89.8800,0,1980,2619,1767559972224743783,28,64133903
162,89.8800,0,1980,2619,1767559972232793446,28,64133903
163,89.8800,0,1980,2619,1767559972239416561,28,64133903
164,89.8800,0,1980,2619,1767559972243647598,28,64133903
165,89.8800,0,1980,2619,1767559972247514031,28,64133903
166,89.8800,0,1980,2619,1767559972255521614,28,64133903
167,89.8800,0,1980,2619,1767559972259401903,28,64133903
168,96.5360,0,1980,2619,1767559972263048209,28,64133903
169,96.5360,0,1980,2619,1767559972266802643,28,64133903
170,96.5360,0,1980,2619,1767559972271010672,28,64133903
171,96.5360,0,1980,2619,1767559972277375165,28,64133903
172,96.5360,0,1980,2619,1767559972280745282,28,64133903
173,96.5360,0,1980,2619,1767559972285865720,28,64133903
174,96.5360,0,1980,2619,1767559972292348131,28,64155302
175,96.5360,0,1980,2619,1767559972309720087,28,64155302
176,96.5360,0,1980,2619,1767559972316513152,28,64155302
177,96.5360,0,1980,2619,1767559972319916356,28,64155302
178,96.5360,0,1980,2619,1767559972323417736,28,64155302
179,96.5360,0,1980,2619,1767559972326856716,28,64155302
180,96.5360,0,1980,2619,1767559972333407063,28,64155302
181,96.5360,0,1980,2619,1767559972340032801,28,64155302
182,96.5360,0,1980,2619,1767559972343399206,28,64155302
183,96.5360,0,1980,2619,1767559972347251014,28,64155302
184,96.5360,0,1980,2619,1767559972351220390,28,64155302
185,96.5360,0,1980,2619,1767559972357850032,28,64155302
186,96.5360,0,1980,2619,1767559972361154806,28,64155302
187,96.5360,0,1980,2619,1767559972365491603,28,64155302
188,96.5360,0,1980,2619,1767559972370091437,28,64155302
189,96.5360,0,1980,2619,1767559972376602264,28,64155302
190,96.5360,0,1980,2619,1767559972380677399,28,64155302
191,96.5360,0,1980,2619,1767559972384760854,28,64155302
192,101.6590,0,1980,2619,1767559972390378089,28,64176239
193,101.6590,0,1980,2619,1767559972405950347,28,64176239
194,101.6590,0,1980,2619,1767559972410182184,28,64176239
195,101.6590,0,1980,2619,1767559972416657652,28,64176239
196,101.6590,0,1980,2619,1767559972420825266,28,64176239
197,101.6590,0,1980,2619,1767559972424131607,28,64176239
198,101.6590,0,1980,2619,1767559972427821273,28,64176239
199,101.6590,0,1980,2619,1767559972437733289,28,64176239
200,101.6590,0,1980,2619,1767559972441316716,28,64176239
201,101.6590,0,1980,2619,1767559972445002926,28,64176239
202,101.6590,0,1980,2619,1767559972448378227,28,64176239
203,101.6590,0,1980,2619,1767559972456355890,28,64176239
204,101.6590,0,1980,2619,1767559972459668183,28,64176239
205,101.6590,0,1980,2619,1767559972463879477,28,64176239
206,101.6590,0,1980,2619,1767559972467356857,28,64176239
207,101.6590,0,1980,2619,1767559972471467959,28,64176239
208,101.6590,0,1980,2619,1767559972477789572,28,64176239
209,101.6590,0,1980,2619,1767559972481155337,28,64176239
210,101.6590,0,1980,2619,1767559972484425358,28,64176239
211,101.6590,0,1980,2619,1767559972490348862,28,64197390
212,101.6590,0,1980,2619,1767559972506508827,28,64197390
213,101.6590,0,1980,2619,1767559972510622810,28,64197390
214,107.4190,0,1980,2619,1767559972516953959,28,64197390
215,107.4190,0,1980,2619,1767559972520286028,28,64197390
216,107.4190,0,1980,2619,1767559972523588689,28,64197390
217,107.4190,0,1980,2619,1767559972528478665,28,64197390
218,107.4190,0,1980,2619,1767559972538253402,28,64197390
219,107.4190,0,1980,2619,1767559972541609759,28,64197390
220,107.4190,0,1980,2619,1767559972545328193,28,64197390
221,107.4190,0,1980,2619,1767559972550174873,28,64197390
222,107.4190,0,1980,2619,1767559972556664389,28,64197390
223,107.4190,0,1980,2619,1767559972560757604,28,64197390
224,107.4190,0,1980,2619,1767559972564350503,28,64197390
225,107.4190,0,1980,2619,1767559972567900202,28,64197390
226,107.4190,0,1980,2619,1767559972575754762,28,64197390
227,107.4190,0,1980,2619,1767559972579439628,28,64197390
228,107.4190,0,1980,2619,1767559972583024303,28,64197390
229,107.4190,0,1980,2619,1767559972588089382,28,64218458
230,107.4190,0,1980,2619,1767559972605443545,28,64218458
231,107.4190,0,1980,2619,1767559972610058036,28,64218458
232,107.4190,0,1980,2619,1767559972616509888,28,64218458
233,107.4190,0,1980,2619,1767559972620086723,28,64218458
234,107.4190,0,1980,2619,1767559972623719621,28,64218458
235,107.4190,0,1980,2619,1767559972628306464,28,64218458
236,107.4190,0,1980,2619,1767559972639284135,28,64218458
237,112.6680,0,1980,2619,1767559972642850570,28,64218458
238,112.6680,0,1980,2619,1767559972646463373,28,64218458
239,112.6680,0,1980,2619,1767559972650502220,28,64218458
240,112.6680,0,1980,2619,1767559972656842265,28,64218458
241,112.6680,23,1980,2619,1767559972660469915,28,64218458
242,112.6680,23,1980,2619,1767559972663764257,28,64218458
243,112.6680,23,1980,2619,1767559972667288516,28,64218458
244,112.6680,23,1980,2619,1767559972671261028,28,64218458
245,112.6680,23,1980,2619,1767559972677739791,28,64218458
246,112.6680,23,1980,2619,1767559972682346442,28,64218458
247,112.6680,23,1980,2619,1767559972685936269,28,64218458
248,112.6680,23,1980,2619,1767559972691980924,28,64239686
249,112.6680,23,1980,2619,1767559972708061882,28,64239686
250,112.6680,23,1980,2619,1767559972716152120,28,64239686
251,112.6680,23,1980,2619,1767559972719763643,28,64239686
252,112.6680,23,1980,2619,1767559972723071936,28,64239686
253,112.6680,23,1980,2619,1767559972726811522,28,64239686
254,112.6680,23,1980,2619,1767559972733354029,28,64239686
255,112.6680,23,1980,2619,1767559972739900951,28,64239686
256,112.6680,23,1980,2619,1767559972743533818,28,64239686
257,118.1030,23,1980,2619,1767559972747952758,28,64239686
258,118.1030,23,1980,2619,1767559972755203963,28,64239686
259,118.1030,23,1980,2619,1767559972759361018,28,64239686
260,118.1030,23,1980,2619,1767559972762709503,28,64239686
261,118.1030,23,1980,2619,1767559972765985764,28,64239686
262,118.1030,23,1980,2619,1767559972770111395,28,64239686
263,118.1030,23,1980,2619,1767559972776763501,28,64239686
264,118.1030,23,1980,2619,1767559972780187697,28,64239686
265,118.1030,23,1980,2619,1767559972783740564,28,64239686
266,118.1030,23,1980,2619,1767559972788038481,28,64260222
267,118.1030,23,1980,2619,1767559972805677154,28,64260222
268,118.1030,23,1980,2619,1767559972810137118,28,64260222
269,118.1030,23,1980,2619,1767559972816476235,28,64260222
270,118.1030,23,1980,2619,1767559972819788272,28,64260222
271,118.1030,23,1980,2619,1767559972823085461,28,64260222
272,118.1030,23,1980,2619,1767559972826504985,28,64260222
273,118.1030,23,1980,2619,1767559972833179939,28,64260222
274,118.1030,23,1980,2619,1767559972839664815,28,64260222
275,118.1030,23,1980,2619,1767559972843128787,28,64260222
276,118.1030,23,1980,2619,1767559972846528823,28,64260222
277,118.1030,23,1980,2619,1767559972850648982,28,64260222
278,119.7990,23,1980,2619,1767559972859097073,28,64260222
279,119.7990,23,1980,2619,1767559972862347703,28,64260222
280,119.7990,23,1980,2619,1767559972865644156,28,64260222
281,119.7990,23,1980,2619,1767559972870126136,28,64260222
282,119.7990,1,1980,2619,1767559972876573444,28,64260222
283,119.7990,1,1980,2619,1767559972879927336,28,64260222
284,119.7990,1,1980,2619,1767559972883432972,28,64260222
285,119.7990,1,1980,2619,1767559972888056390,28,64281069
286,119.7990,1,1980,2619,1767559972907073452,28,64281069
287,119.7990,1,1980,2619,1767559972911124395,28,64281069
288,119.7990,1,1980,2619,1767559972917719222,28,64281069
289,119.7990,1,1980,2619,1767559972921033339,28,64281069
290,119.7990,1,1980,2619,1767559972924271553,28,64281069
291,119.7990,1,1980,2619,1767559972928028258,28,64281069
292,119.7990,1,1980,2619,1767559972937941586,28,64281069
293,119.7990,1,1980,2619,1767559972941319287,28,64281069
294,119.7990,1,1980,2619,1767559972944608412,28,64281069
295,119.7990,1,1980,2619,1767559972947999105,28,64281069
296,119.7990,1,1980,2619,1767559972955975168,28,64281069
297,119.7990,1,1980,2619,1767559972959231174,28,64281069
298,119.7990,1,1980,2619,1767559972962651978,28,64281069
299,119.7990,1,1980,2619,1767559972967137765,28,64281069
300,119.7990,1,1980,2619,1767559972970845063,28,64281069
301,119.7990,1,1980,2619,1767559972977203796,28,64281069
302,119.2100,1,1980,2619,1767559972980780023,28,64281069
303,119.2100,1,1980,2619,1767559972984552536,28,64281069
304,119.2100,1,1980,2619,1767559972988621687,28,64302116
305,119.2100,1,1980,2619,1767559973005717965,28,64302116
306,119.2100,1,1980,2619,1767559973010287656,28,64302116
307,119.2100,1,1980,2619,1767559973016646676,28,64302116
308,119.2100,1,1980,2619,1767559973020284823,28,64302116
309,119.2100,1,1980,2619,1767559973023827898,28,64302116
310,119.2100,1,1980,2619,1767559973027612763,28,64302116
311,119.2100,1,1980,2619,1767559973033769321,28,64302116
312,119.2100,1,1980,2619,1767559973040240373,28,64302116
313,119.2100,1,1980,2619,1767559973043811832,28,64302116
314,119.2100,1,1980,2619,1767559973047583289,28,64302116
315,119.2100,1,1980,2619,1767559973055871062,28,64302116
316,119.2100,1,1980,2619,1767559973059496729,28,64302116
317,119.2100,1,1980,2619,1767559973063114299,28,64302116
318,119.2100,1,1980,2619,1767559973066839805,28,64302116
319,119.2100,1,1980,2619,1767559973070862173,28,64302116
320,119.2100,1,1980,2619,1767559973077344232,28,64302116
321,119.2100,1,1980,2619,1767559973080946987,28,64302116
322,119.2100,1,1980,2619,1767559973084571053,28,64302116
323,119.2100,1,1980,2619,1767559973088772459,28,64324177
324,119.2100,1,1980,2619,1767559973107796177,28,64324177
325,119.2100,1,1980,2619,1767559973115711025,28,64324177
326,119.4080,1,1980,2619,1767559973119821232,28,64324177
327,119.4080,1,1980,2619,1767559973123564465,28,64324177
328,119.4080,1,1980,2619,1767559973127291443,28,64324177
329,119.4080,1,1980,2619,1767559973133584800,28,64324177
330,119.4080,1,1980,2619,1767559973140072908,28,64324177
331,119.4080,100,1980,2619,1767559973143721134,28,64324177
332,119.4080,100,1980,2619,1767559973147432880,28,64324177
333,119.4080,100,1980,2619,1767559973151451343,28,64324177
334,119.4080,100,1980,2619,1767559973157914011,28,64324177
335,119.4080,100,1980,2619,1767559973161525950,28,64324177
336,119.4080,100,1980,2619,1767559973165128064,29,64324177
337,119.4080,100,1980,2619,1767559973170210199,29,64324177
338,119.4080,100,1980,2619,1767559973176623779,29,64324177
339,119.4080,100,1980,2619,1767559973180357445,29,64324177
340,119.4080,100,1980,2619,1767559973185541979,29,64324177
341,119.4080,100,1980,2619,1767559973190360692,29,64346202
342,119.4080,100,1980,2619,1767559973206156340,29,64346202
343,119.4080,100,1980,2619,1767559973210207219,29,64346202
344,119.4080,100,1980,2619,1767559973216658079,29,64346202
345,119.4080,100,1980,2619,1767559973220729342,29,64346202
346,119.4080,100,1980,2619,1767559973224361504,29,64346202
347,119.4080,100,1980,2619,1767559973228827196,29,64346202
348,119.4080,100,1980,2619,1767559973238602189,29,64346202
349,119.6300,100,1980,2619,1767559973242098992,29,64346202
350,119.6300,100,1980,2619,1767559973245923249,29,64346202
351,119.6300,100,1980,2619,1767559973250206415,29,64346202
352,119.6300,100,1980,2619,1767559973256801145,29,64346202
353,119.6300,100,1980,2619,1767559973260532443,29,64346202
354,119.6300,100,1980,2619,1767559973264343292,29,64346202
355,119.6300,100,1980,2619,1767559973267990623,29,64346202
356,119.6300,100,1980,2619,1767559973275892383,29,64346202
357,119.6300,100,1980,2619,1767559973279403874,29,64346202
358,119.6300,100,1980,2619,1767559973283068484,29,64346202
359,119.6300,100,1980,2619,1767559973286741831,29,64346202
360,119.6300,100,1980,2619,1767559973293539791,29,64368734
361,119.6300,100,1980,2619,1767559973309295664,29,64368734
362,119.6300,100,1980,2619,1767559973317272335,29,64368734
363,119.6300,100,1980,2619,1767559973321555660,29,64368734
364,119.6300,100,1980,2619,1767559973325179535,29,64368734
365,119.6300,100,1980,2619,1767559973332618995,29,64368734
366,119.6300,100,1980,2619,1767559973339435707,29,64368734
367,119.6300,100,1980,2619,1767559973342869536,29,64368734
368,119.6300,100,1980,2619,1767559973346646817,29,64368734
369,119.6300,100,1980,2619,1767559973350678688,29,64368734
370,119.6300,100,1980,2619,1767559973357046893,29,64368734
371,119.6300,100,1980,2619,1767559973360641616,29,64368734
372,119.9420,100,1980,2619,1767559973364233298,29,64368734
373,119.9420,100,1980,2619,1767559973367874965,29,64368734
374,119.9420,100,1980,2619,1767559973375813397,29,64368734
375,119.9420,100,1980,2619,1767559973379431895,29,64368734
376,119.9420,100,1980,2619,1767559973383141369,29,64368734
377,119.9420,100,1980,2619,1767559973388196240,29,64390422
378,119.9420,100,1980,2619,1767559973407248566,29,64390422
379,119.9420,100,1980,2619,1767559973410956728,29,64390422
380,119.9420,100,1980,2619,1767559973417332196,29,64390422
381,119.9420,100,1980,2619,1767559973420920455,29,64390422
382,119.9420,100,1980,2619,1767559973425036198,29,64390422
383,119.9420,100,1980,2619,1767559973430172764,29,64390422
384,119.9420,100,1980,2619,1767559973439313650,29,64390422
385,119.9420,100,1980,2619,1767559973442726806,29,64390422
386,119.9420,100,1980,2619,1767559973446504376,29,64390422
387,119.9420,100,1980,2619,1767559973450524311,29,64390422
388,119.9420,100,1980,2619,1767559973457013698,29,64390422
389,119.9420,100,1980,2619,1767559973460573381,29,64390422
390,119.9420,100,1980,2619,1767559973464178536,29,64390422
391,119.9420,100,1980,2619,1767559973467911978,29,64390422
392,119.9420,100,1980,2619,1767559973476016232,29,64390422
393,119.9420,100,1980,2619,1767559973479606219,29,64390422
394,120.8460,100,1980,2619,1767559973483389325,29,64390422
395,120.8460,100,1980,2619,1767559973488166566,29,64413066
396,120.8460,100,1980,2619,1767559973506051797,29,64413066
397,120.8460,100,1980,2619,1767559973510296882,29,64413066
398,120.8460,100,1980,2619,1767559973516652927,29,64413066
399,120.8460,100,1980,2619,1767559973520235234,29,64413066
400,120.8460,100,1980,2619,1767559973523851877,29,64413066
401,120.8460,100,1980,2619,1767559973528687773,29,64413066
402,120.8460,100,1980,2619,1767559973538382991,29,64413066
403,120.8460,100,1980,2619,1767559973542007921,29,64413066
404,120.8460,100,1980,2619,1767559973545641300,29,64413066
405,120.8460,100,1980,2619,1767559973550185775,29,64413066
406,120.8460,100,1980,2619,1767559973556674234,29,64413066
407,120.8460,100,1980,2619,1767559973560282653,29,64413066
408,120.8460,100,1980,2619,1767559973563896384,29,64413066
409,120.8460,100,1980,2619,1767559973567608290,29,64413066
410,120.8460,100,1980,2619,1767559973575646401,29,64413066
411,120.8460,100,1980,2619,1767559973579138788,29,64413066
412,120.8460,100,1980,2619,1767559973582950501,29,64413066
413,120.8460,100,1980,2619,1767559973586640328,29,64413066
414,120.8460,100,1980,2619,1767559973593402225,29,64436342
415,120.8460,100,1980,2619,1767559973607012738,29,64436342
416,120.8460,100,1980,2619,1767559973610959874,29,64436342
417,121.8100,100,1980,2619,1767559973617526093,29,64436342
418,121.8100,100,1980,2619,1767559973620892530,29,64436342
419,121.8100,100,1980,2619,1767559973625319534,29,64436342
420,121.8100,100,1980,2619,1767559973632823729,29,64436342
421,121.8100,100,1980,2619,1767559973639302045,29,64436342
422,121.8100,95,1980,2619,1767559973642874848,29,64436342
423,121.8100,95,1980,2619,1767559973646682849,29,64436342
424,121.8100,95,1980,2619,1767559973650661473,29,64436342
425,121.8100,95,1980,2619,1767559973657042605,29,64436342
426,121.8100,95,1980,2619,1767559973660515729,29,64436342
427,121.8100,95,1980,2619,1767559973664137267,29,64436342
428,121.8100,95,1980,2619,1767559973667730774,29,64436342
429,121.8100,95,1980,2619,1767559973675752853,29,64436342
430,121.8100,95,1980,2619,1767559973679332632,29,64436342
431,121.8100,95,1980,2619,1767559973683501526,29,64436342
432,121.8100,95,1980,2619,1767559973688154993,29,64457651
433,121.8100,95,1980,2619,1767559973706065535,29,64457651
434,121.8100,95,1980,2619,1767559973710192542,29,64457651
435,121.8100,95,1980,2619,1767559973716657290,29,64457651
436,121.8100,95,1980,2619,1767559973720272332,29,64457651
437,121.8100,95,1980,2619,1767559973723889871,29,64457651
438,121.8100,95,1980,2619,1767559973727579537,29,64457651
439,121.8100,95,1980,2619,1767559973738134299,29,64457651
440,122.4330,95,1980,2619,1767559973741830494,29,64457651
441,122.4330,95,1980,2619,1767559973745448320,29,64457651
442,122.4330,95,1980,2619,1767559973750208186,29,64457651
443,122.4330,95,1980,2619,1767559973756970211,29,64457651
444,122.4330,95,1980,2619,1767559973760595173,29,64457651
445,122.4330,95,1980,2619,1767559973764199560,29,64457651
446,122.4330,95,1980,2619,1767559973767831979,29,64457651
447,122.4330,95,1980,2619,1767559973775869322,29,64457651
448,122.4330,95,1980,2619,1767559973779344173,29,64457651
449,122.4330,95,1980,2619,1767559973783111471,29,64457651
450,122.4330,95,1980,2619,1767559973788238885,29,64479764
451,122.4330,95,1980,2619,1767559973805723352,29,64479764
452,122.4330,95,1980,2619,1767559973810190963,29,64479764
453,122.4330,95,1980,2619,1767559973816641471,29,64479764
454,122.4330,95,1980,2619,1767559973820237922,29,64479764
455,122.4330,95,1980,2619,1767559973824004771,29,64479764
456,122.4330,95,1980,2619,1767559973828035107,29,64479764
457,122.4330,95,1980,2619,1767559973838090097,29,64479764
458,122.4330,95,1980,2619,1767559973842283023,29,64479764
459,122.4330,95,1980,2619,1767559973845985585,29,64479764
460,122.4330,95,1980,2619,1767559973850214575,29,64479764
461,122.4330,95,1980,2619,1767559973856735418,29,64479764
462,123.2830,95,1980,2619,1767559973862208302,29,64479764
463,123.2830,95,1980,2619,1767559973865839216,29,64479764
464,123.2830,95,1980,2619,1767559973870276620,29,64479764
465,123.2830,95,1980,2619,1767559973876963286,29,64479764
466,123.2830,100,1980,2619,1767559973880517337,29,64479764
467,123.2830,100,1980,2619,1767559973884297915,29,64479764
468,123.2830,100,1980,2619,1767559973888432057,29,64501898
469,123.2830,100,1980,2619,1767559973906447047,29,64501898
470,123.2830,100,1980,2619,1767559973910452199,29,64501898
471,123.2830,100,1980,2619,1767559973916974418,29,64501898
472,123.2830,100,1980,2619,1767559973920544757,29,64501898
473,123.2830,100,1980,2619,1767559973924156408,29,64501898
474,123.2830,100,1980,2619,1767559973928150199,29,64501898
475,123.2830,100,1980,2619,1767559973938103110,29,64501898
476,123.2830,100,1980,2619,1767559973941570922,29,64501898
477,123.2830,100,1980,2619,1767559973945716137,29,64501898
478,123.2830,100,1980,2619,1767559973950249892,29,64501898
479,123.2830,100,1980,2619,1767559973957753351,29,64501898
480,123.2830,100,1980,2619,1767559973961456009,29,64501898
481,123.2830,100,1980,2619,1767559973965015660,29,64501898
482,123.2830,100,1980,2619,1767559973968670735,29,64501898
483,123.2830,100,1980,2619,1767559973976724109,29,64501898
484,123.2830,100,1980,2619,1767559973980394544,29,64501898
485,124.1170,100,1980,2619,1767559973984210609,29,64501898
486,124.1170,100,1980,2619,1767559973988269872,29,64523796
487,124.1170,100,1980,2619,1767559974005585955,29,64523796
488,124.1170,100,1980,2619,1767559974010374845,29,64523796
489,124.1170,100,1980,2619,1767559974016640298,29,64523796
490,124.1170,100,1980,2619,1767559974020257709,29,64523796
491,124.1170,100,1980,2619,1767559974023794576,29,64523796
492,124.1170,100,1980,2619,1767559974027559153,29,64523796
493,124.1170,100,1980,2619,1767559974034096636,29,64523796
494,124.1170,100,1980,2619,1767559974040530056,29,64523796
495,124.1170,100,1980,2619,1767559974044154315,29,64523796
496,124.1170,100,1980,2619,1767559974048233866,29,64523796
497,124.1170,100,1980,2619,1767559974056178089,29,64523796
498,124.1170,100,1980,2619,1767559974059745452,29,64523796
499,124.1170,100,1980,2619,1767559974063347983,29,64523796
500,124.1170,100,1980,2619,1767559974067044689,29,64523796
501,124.1170,100,1980,2619,1767559974071051025,29,64523796
502,124.1170,100,1980,2619,1767559974077480829,29,64523796
503,124.1170,100,1980,2619,1767559974081228062,29,64523796
504,124.1170,100,1980,2619,1767559974084771842,29,64523796
505,124.1170,100,1980,2619,1767559974088907520,29,64546375
506,124.1170,100,1980,2619,1767559974106670384,29,64546375
507,124.1170,100,1980,2619,1767559974110700783,29,64546375
508,124.6520,100,1980,2619,1767559974117148411,29,64546375
509,124.6520,100,1980,2619,1767559974120775582,29,64546375
510,124.6520,100,1980,2619,1767559974124307137,29,64546375
511,124.6520,100,1980,2619,1767559974128499711,29,64546375
512,124.6520,100,1980,2619,1767559974138402063,29,64546375
513,124.6520,100,1980,2619,1767559974141880563,29,64546375
514,124.6520,100,1980,2619,1767559974145549621,29,64546375
515,124.6520,100,1980,2619,1767559974150180783,29,64546375
516,124.6520,100,1980,2619,1767559974156606203,29,64546375
517,124.6520,100,1980,2619,1767559974160173022,29,64546375
518,124.6520,100,1980,2619,1767559974163792385,29,64546375
519,124.6520,100,1980,2619,1767559974167454307,29,64546375
520,124.6520,100,1980,2619,1767559974171464483,29,64546375
521,124.6520,100,1980,2619,1767559974179211652,29,64546375
522,124.6520,100,1980,2619,1767559974183139172,29,64546375
523,124.6520,100,1980,2619,1767559974188154075,29,64568884
524,124.6520,100,1980,2619,1767559974205504751,29,64568884
525,124.6520,100,1980,2619,1767559974210145609,29,64568884
526,124.6520,100,1980,2619,1767559974216588117,29,64568884
527,124.6520,100,1980,2619,1767559974220134904,29,64568884
528,124.6520,100,1980,2619,1767559974223733659,29,64568884
529,124.6520,100,1980,2619,1767559974227314750,29,64568884
530,124.6520,100,1980,2619,1767559974233740970,29,64568884
531,125.3550,100,1980,2619,1767559974240218741,29,64568884
532,125.3550,100,1980,2619,1767559974244238389,29,64568884
533,125.3550,100,1980,2619,1767559974247967479,29,64568884
534,125.3550,100,1980,2619,1767559974255950070,29,64568884
535,125.3550,100,1980,2619,1767559974259368378,29,64568884
536,125.3550,100,1980,2619,1767559974262709471,29,64568884
537,125.3550,100,1980,2619,1767559974266102884,29,64568884
538,125.3550,100,1980,2619,1767559974270183203,29,64568884
539,125.3550,100,1980,2619,1767559974276610318,29,64568884
540,125.3550,100,1980,2619,1767559974280025427,29,64568884
541,125.3550,100,1980,2619,1767559974283880468,29,64568884
542,125.3550,100,1980,2619,1767559974288531694,29,64591191
543,125.3550,100,1980,2619,1767559974307655155,29,64591191
544,125.3550,100,1980,2619,1767559974315855664,29,64591191
545,125.3550,100,1980,2619,1767559974319495123,29,64591191
546,125.3550,100,1980,2619,1767559974323055862,29,64591191
547,125.3550,100,1980,2619,1767559974326758808,29,64591191
548,125.3550,100,1980,2619,1767559974333322275,29,64591191
549,125.3550,100,1980,2619,1767559974339826990,29,64591191
550,125.3550,100,1980,2619,1767559974343422161,29,64591191
551,125.3550,100,1980,2619,1767559974347152467,29,64591191
552,125.3550,100,1980,2619,1767559974351136274,29,64591191
553,125.3550,100,1980,2619,1767559974357612926,29,64591191
554,125.3550,100,1980,2619,1767559974361178561,29,64591191
555,125.6860,100,1980,2619,1767559974364817635,29,64591191
556,125.6860,100,1980,2619,1767559974368444710,29,64591191
557,125.6860,100,1980,2619,1767559974376256071,29,64591191
558,125.6860,100,1980,2619,1767559974379897577,29,64591191
559,125.6860,100,1980,2619,1767559974383681194,29,64591191
560,125.6860,81,1980,2619,1767559974388203878,29,64613179
561,125.6860,81,1980,2619,1767559974405608089,29,64613179
562,125.6860,81,1980,2619,1767559974410238931,29,64613179
563,125.6860,81,1980,2619,1767559974416682687,29,64613179
564,125.6860,81,1980,2619,1767559974420274082,29,64613179
565,125.6860,81,1980,2619,1767559974423895141,29,64613179
566,125.6860,81,1980,2619,1767559974427719366,29,64613179
567,125.6860,81,1980,2619,1767559974437896755,29,64613179
568,125.6860,81,1980,2619,1767559974441355799,29,64613179
569,125.6860,81,1980,2619,1767559974444979386,29,64613179
570,125.6860,81,1980,2619,1767559974448568828,29,64613179
571,125.6860,81,1980,2619,1767559974456773658,29,64613179
572,125.6860,81,1980,2619,1767559974460910328,29,64613179
573,125.6860,81,1980,2619,1767559974464461020,29,64613179
574,125.6860,81,1980,2619,1767559974468171646,29,64613179
575,125.6860,81,1980,2619,1767559974476146365,29,64613179
576,125.6860,81,1980,2619,1767559974479707552,29,64613179
577,125.0520,81,1980,2619,1767559974483459906,29,64613179
578,125.0520,81,1980,2619,1767559974488164316,29,64635194
579,125.0520,81,1980,2619,1767559974505998155,29,64635194
580,125.0520,81,1980,2619,1767559974510268840,29,64635194
581,125.0520,81,1980,2619,1767559974516621557,29,64635194
582,125.0520,81,1980,2619,1767559974520183352,29,64635194
583,125.0520,81,1980,2619,1767559974523908826,29,64635194
584,125.0520,81,1980,2619,1767559974527658203,29,64635194
585,125.0520,81,1980,2619,1767559974537751498,29,64635194
586,125.0520,81,1980,2619,1767559974541251181,29,64635194
587,125.0520,81,1980,2619,1767559974544807376,29,64635194
588,125.0520,81,1980,2619,1767559974548454835,29,64635194
589,125.0520,81,1980,2619,1767559974556460786,29,64635194
590,125.0520,81,1980,2619,1767559974560116628,29,64635194
591,125.0520,81,1980,2619,1767559974564230515,29,64635194
592,125.0520,81,1980,2619,1767559974567865397,29,64635194
593,125.0520,81,1980,2619,1767559974575806741,29,64635194
594,125.0520,81,1980,2619,1767559974579296857,29,64635194
595,125.0520,81,1980,2619,1767559974583145786,29,64635194
596,125.0520,81,1980,2619,1767559974588216432,29,64657313
597,125.0520,81,1980,2619,1767559974605978816,29,64657313
598,125.0520,81,1980,2619,1767559974610171582,29,64657313
599,124.4030,81,1980,2619,1767559974616651498,29,64657313
600,124.4030,81,1980,2619,1767559974620258189,29,64657313
601,124.4030,81,1980,2619,1767559974623878703,29,64657313
602,124.4030,81,1980,2619,1767559974627570001,29,64657313
603,124.4030,81,1980,2619,1767559974633828575,29,64657313
604,124.4030,100,1980,2619,1767559974640328938,29,64657313
605,124.4030,100,1980,2619,1767559974643926733,29,64657313
606,124.4030,100,1980,2619,1767559974647663023,29,64657313
607,124.4030,100,1980,2619,1767559974651717070,29,64657313
608,124.4030,100,1980,2619,1767559974658175321,29,64657313
609,124.4030,100,1980,2619,1767559974662002330,29,64657313
610,124.4030,100,1980,2619,1767559974666120569,29,64657313
611,124.4030,100,1980,2619,1767559974670232440,29,64657313
612,124.4030,100,1980,2619,1767559974676712899,29,64657313
613,124.4030,100,1980,2619,1767559974680257286,29,64657313
614,124.4030,100,1980,2619,1767559974683951720,29,64657313
615,124.4030,100,1980,2619,1767559974688172006,29,64679533
616,124.4030,100,1980,2619,1767559974706121813,29,64679533
617,124.4030,100,1980,2619,1767559974710196788,29,64679533
618,124.4030,100,1980,2619,1767559974716673215,29,64679533
619,124.4030,100,1980,2619,1767559974720247010,29,64679533
620,124.4030,100,1980,2619,1767559974723861157,29,64679533
621,124.4030,100,1980,2619,1767559974727640518,29,64679533
622,124.4030,100,1980,2619,1767559974737941459,29,64679533
623,124.9020,100,1980,2619,1767559974741368247,29,64679533
624,124.9020,100,1980,2619,1767559974744986714,29,64679533
625,124.9020,100,1980,2619,1767559974748562333,29,64679533
626,124.9020,100,1980,2619,1767559974756598140,29,64679533
627,124.9020,100,1980,2619,1767559974760219358,29,64679533
628,124.9020,100,1980,2619,1767559974763764193,29,64679533
629,124.9020,100,1980,2619,1767559974767916128,29,64679533
630,124.9020,100,1980,2619,1767559974775861055,29,64679533
631,124.9020,100,1980,2619,1767559974779354083,29,64679533
632,124.9020,100,1980,2619,1767559974783141028,29,64679533
633,124.9020,100,1980,2619,1767559974788181883,29,64702136
634,124.9020,100,1980,2619,1767559974806303913,29,64702136
635,124.9020,100,1980,2619,1767559974810339944,29,64702136
636,124.9020,100,1980,2619,1767559974816797748,29,64702136
637,124.9020,100,1980,2619,1767559974820416470,29,64702136
638,124.9020,100,1980,2619,1767559974824004953,29,64702136
639,124.9020,100,1980,2619,1767559974827984825,29,64702136
640,124.9020,100,1980,2619,1767559974839198494,29,64702136
641,124.9020,100,1980,2619,1767559974842841088,29,64702136
642,124.9020,100,1980,2619,1767559974846594722,29,64702136
643,124.9020,100,1980,2619,1767559974850570946,29,64702136
644,124.9020,100,1980,2619,1767559974857054925,29,64702136
645,125.5670,100,1980,2619,1767559974862536641,29,64702136
646,125.5670,100,1980,2619,1767559974866073700,29,64702136
647,125.5670,100,1980,2619,1767559974870248226,29,64702136
648,125.5670,100,1980,2619,1767559974876920876,29,64702136
649,125.5670,100,1980,2619,1767559974880400560,29,64702136
650,125.5670,100,1980,2619,1767559974884030739,29,64702136
651,125.5670,100,1980,2619,1767559974888208497,29,64724726
652,125.5670,100,1980,2619,1767559974906337246,29,64724726
653,125.5670,100,1980,2619,1767559974910198622,29,64724726
654,125.5670,100,1980,2619,1767559974916685258,29,64724726
655,125.5670,100,1980,2619,1767559974919991215,29,64724726
656,125.5670,100,1980,2619,1767559974923318228,29,64724726
657,125.5670,100,1980,2619,1767559974926742648,29,64724726
658,125.5670,100,1980,2619,1767559974933360163,29,64724726
659,125.5670,100,1980,2619,1767559974939905710,29,64724726
660,125.5670,100,1980,2619,1767559974943319154,29,64724726
661,125.5670,100,1980,2619,1767559974948059243,29,64724726
662,125.5670,100,1980,2619,1767559974955218481,29,64724726
663,125.5670,100,1980,2619,1767559974959020819,29,64724726
664,125.5670,100,1980,2619,1767559974962749460,29,64724726
665,125.5670,100,1980,2619,1767559974966620405,29,64724726
666,125.5670,100,1980,2619,1767559974977563036,29,64724726
667,139.9380,100,1980,2619,1767559974981335102,29,64724726
668,139.9380,100,1980,2619,1767559974984951776,29,64724726
669,139.9380,100,1980,2619,1767559974988999136,29,64771078
670,139.9380,100,1980,2619,1767559975008997917,29,64771078
671,139.9380,100,1980,2619,1767559975019800742,29,64771078
672,139.9380,100,1980,2619,1767559975025623991,29,64771078
673,139.9380,100,1980,2619,1767559975033700917,29,64771078
674,139.9380,100,1980,2619,1767559975054622028,29,64771078
675,139.9380,100,1980,2619,1767559975063451844,29,64771078
676,139.9380,100,1935,2619,1767559975068075423,29,64771078
677,139.9380,100,1935,2619,1767559975077008566,29,64771078
678,139.9380,100,1935,2619,1767559975080653849,29,64771078
679,217.3460,100,1935,2619,1767559975084505977,29,64771078
680,217.3460,100,1935,2619,1767559975088690903,29,64868214
681,217.3460,100,1935,2619,1767559975107650430,29,64868214
682,217.3460,100,1935,2619,1767559975116489878,29,64868214
683,217.3460,100,1935,2619,1767559975120182040,29,64868214
684,217.3460,100,1935,2619,1767559975123893466,29,64868214
685,217.3460,100,1935,2619,1767559975127961497,29,64868214
686,217.3460,100,1935,2619,1767559975140165526,29,64868214
687,217.3460,100,1935,2619,1767559975144097814,42,64868214
688,217.3460,100,1935,2619,1767559975147686073,42,64868214
689,217.3460,100,1935,2619,1767559975158053701,42,64868214
690,217.3460,100,1935,2619,1767559975165562952,42,64868214
691,217.3460,100,1935,2619,1767559975173559687,42,64868214
692,217.3460,100,1935,2619,1767559975193996066,42,64868214
693,217.3460,100,1935,2619,1767559975218392444,42,64975831
694,217.3460,100,1845,2619,1767559975222385724,42,64975831
695,316.4370,100,1845,2619,1767559975225963711,42,64975831
696,316.4370,100,1845,2619,1767559975232926694,42,64975831
697,316.4370,100,1845,2619,1767559975241988317,42,64975831
698,316.4370,100,1845,2619,1767559975246119835,42,64975831
699,316.4370,100,1845,2619,1767559975250238650,42,64975831
700,316.4370,100,1845,2619,1767559975256750853,42,64975831
701,316.4370,100,1845,2619,1767559975260441927,42,64975831
702,316.4370,100,1845,2619,1767559975264207593,42,64975831
703,316.4370,100,1845,2619,1767559975267811243,42,64975831
704,316.4370,100,1845,2619,1767559975278978641,51,64975831
705,316.4370,100,1845,2619,1767559975282891953,51,64975831
706,316.4370,100,1845,2619,1767559975286558100,51,64975831
707,316.4370,100,1845,2619,1767559975294437972,51,65063468
708,316.4370,100,1845,2619,1767559975333805301,51,65063468
709,316.4370,100,1845,2619,1767559975349404822,51,65063468
710,316.4370,100,1710,2619,1767559975358294926,51,65063468
711,316.4370,100,1710,2619,1767559975362569707,51,65063468
712,424.1380,100,1710,2619,1767559975368412764,51,65063468
713,424.1380,100,1710,2619,1767559975405585583,51,65063468
714,424.1380,100,1710,2619,1767559975416275960,51,65182533
715,424.1380,100,1710,2619,1767559975425675820,51,65182533
716,424.1380,100,1710,2619,1767559975434024232,51,65182533
717,424.1380,100,1710,2619,1767559975463497689,54,65182533
718,424.1380,100,1710,2619,1767559975471885653,54,65182533
719,424.1380,100,1710,2619,1767559975482252769,54,65182533
720,424.1380,100,1710,2619,1767559975486360224,54,65182533
721,424.1380,100,1710,2619,1767559975492880427,54,65262733
722,424.1380,100,1695,2619,1767559975509305190,54,65262733
723,525.3600,100,1695,2619,1767559975517245957,54,65262733
724,525.3600,100,1695,2619,1767559975520986727,54,65262733
725,525.3600,100,1695,2619,1767559975524636170,54,65262733
726,525.3600,100,1695,2619,1767559975529555970,54,65262733
727,525.3600,100,1695,2619,1767559975539757423,54,65262733
728,525.3600,100,1695,2619,1767559975543303986,54,65262733
729,525.3600,100,1695,2619,1767559975547147059,54,65262733
730,525.3600,100,1695,2619,1767559975551179538,54,65262733
731,525.3600,100,1695,2619,1767559975558424664,54,65262733
732,525.3600,100,1695,2619,1767559975562096762,57,65262733
733,525.3600,100,1695,2619,1767559975565840860,57,65262733
734,525.3600,100,1695,2619,1767559975570251416,57,65262733
735,525.3600,100,1695,2619,1767559975577715707,57,65262733
736,525.3600,100,1695,2619,1767559975581730875,57,65262733
737,525.3600,100,1695,2619,1767559975585464572,57,65262733
738,525.3600,100,1695,2619,1767559975591035759,57,65362219
739,525.3600,100,1695,2619,1767559975607148492,57,65362219
740,525.3600,100,1695,2619,1767559975611138283,57,65362219
741,525.3600,100,1695,2619,1767559975617786773,57,65362219
742,525.3600,100,1695,2619,1767559975621549431,57,65362219
743,525.3600,100,1695,2619,1767559975625276665,57,65362219
744,525.3600,100,1695,2619,1767559975632969402,57,65362219
745,525.3600,100,1695,2619,1767559975639537189,57,65362219
746,631.2700,100,1695,2619,1767559975643411974,57,65362219
747,631.2700,100,1695,2619,1767559975647318726,57,65362219
748,631.2700,100,1695,2619,1767559975651332613,57,65362219
749,631.2700,100,1695,2619,1767559975660352764,57,65362219
750,631.2700,100,1695,2619,1767559975663873088,57,65362219
751,631.2700,100,1695,2619,1767559975667509602,57,65362219
752,631.2700,100,1695,2619,1767559975675477730,57,65362219
753,631.2700,100,1695,2619,1767559975679220963,57,65362219
754,631.2700,100,1695,2619,1767559975682974309,57,65362219
755,631.2700,100,1695,2619,1767559975686647239,57,65362219
756,631.2700,100,1695,2619,1767559975693381968,58,65464568
757,631.2700,100,1695,2619,1767559975707243584,58,65464568
758,631.2700,100,1695,2619,1767559975715381630,58,65464568
759,631.2700,100,1695,2619,1767559975719712507,58,65464568
760,631.2700,100,1695,2619,1767559975723437085,58,65464568
761,631.2700,100,1695,2619,1767559975727210910,58,65464568
762,631.2700,100,1695,2619,1767559975733658570,58,65464568
763,631.2700,100,1680,2619,1767559975743016478,58,65464568
764,631.2700,100,1680,2619,1767559975747088413,58,65464568
765,631.2700,100,1680,2619,1767559975751113948,58,65464568
766,631.2700,100,1680,2619,1767559975758454113,58,65464568
767,723.0330,100,1680,2619,1767559975762131619,58,65464568
768,723.0330,100,1680,2619,1767559975765871909,58,65464568
769,723.0330,100,1680,2619,1767559975770220162,58,65464568
770,723.0330,100,1680,2619,1767559975777422631,58,65464568
771,723.0330,100,1680,2619,1767559975781176553,58,65464568
772,723.0330,100,1680,2619,1767559975784911851,58,65464568
773,723.0330,100,1680,2619,1767559975788983082,58,65562543
774,723.0330,100,1680,2619,1767559975806018559,58,65562543
775,723.0330,100,1680,2619,1767559975810266717,58,65562543
776,723.0330,100,1680,2619,1767559975817481538,59,65562543
777,723.0330,100,1680,2619,1767559975821835839,59,65562543
778,723.0330,100,1680,2619,1767559975825481378,59,65562543
779,723.0330,100,1680,2619,1767559975832721767,59,65562543
780,723.0330,100,1680,2619,1767559975840057835,59,65562543
781,723.0330,100,1680,2619,1767559975843919884,59,65562543
782,723.0330,100,1680,2619,1767559975847724493,59,65562543
783,723.0330,100,1680,2619,1767559975858096281,59,65562543
784,723.0330,100,1680,2619,1767559975864030825,59,65562543
785,723.0330,100,1695,2619,1767559975873713115,59,65562543
786,723.0330,100,1695,2619,1767559975895207212,59,65562543
787,723.0330,100,1695,2619,1767559975920254465,59,65682777
788,826.2000,100,1695,2619,1767559975924760445,59,65682777
789,826.2000,100,1695,2619,1767559975929753812,59,65682777
790,826.2000,100,1695,2619,1767559975939984193,59,65682777
791,826.2000,100,1695,2619,1767559975943589284,59,65682777
792,826.2000,100,1695,2619,1767559975947263942,59,65682777
793,826.2000,100,1695,2619,1767559975951335973,60,65682777
794,826.2000,100,1695,2619,1767559975960105758,60,65682777
795,826.2000,100,1695,2619,1767559975963778049,60,65682777
796,826.2000,100,1695,2619,1767559975967914943,60,65682777
797,826.2000,100,1695,2619,1767559975975826687,60,65682777
798,826.2000,100,1695,2619,1767559975979499073,60,65682777
799,826.2000,100,1695,2619,1767559975983463297,60,65682777
800,826.2000,100,1695,2619,1767559975988220922,60,65762537
801,826.2000,100,1695,2619,1767559976008237048,60,65762537
802,826.2000,100,1680,2619,1767559976016803219,60,65762537
803,889.5290,100,1680,2619,1767559976020399670,60,65762537
804,889.5290,100,1680,2619,1767559976024079544,60,65762537
805,889.5290,100,1680,2619,1767559976029795977,60,65762537
806,889.5290,100,1680,2619,1767559976041628553,60,65762537
807,889.5290,100,1680,2619,1767559976045147309,60,65762537
808,889.5290,100,1680,2619,1767559976050243140,60,65762537
809,889.5290,100,1680,2619,1767559976057499369,60,65762537
810,889.5290,100,1680,2619,1767559976061277418,60,65762537
811,889.5290,100,1680,2619,1767559976065947332,60,65762537
812,889.5290,100,1680,2619,1767559976070348065,60,65762537
813,889.5290,100,1680,2619,1767559976077481575,60,65762537
814,889.5290,100,1680,2619,1767559976081214089,60,65762537
815,889.5290,100,1680,2619,1767559976084878955,60,65762537
816,889.5290,100,1680,2619,1767559976089083721,60,65863712
817,889.5290,100,1680,2619,1767559976107346037,60,65863712
818,889.5290,100,1680,2619,1767559976111390644,60,65863712
819,889.5290,100,1680,2619,1767559976118692953,60,65863712
820,889.5290,100,1680,2619,1767559976122435482,60,65863712
821,889.5290,100,1680,2619,1767559976126108765,60,65863712
822,889.5290,100,1680,2619,1767559976133321410,60,65863712
823,889.5290,100,1680,2619,1767559976142247226,60,65863712
824,891.7300,100,1680,2619,1767559976146028763,60,65863712
825,891.7300,100,1680,2619,1767559976150210681,60,65863712
826,891.7300,100,1680,2619,1767559976157490206,60,65863712
827,891.7300,100,1680,2619,1767559976161086913,60,65863712
828,891.7300,100,1680,2619,1767559976164743523,60,65863712
829,891.7300,100,1680,2619,1767559976168496197,60,65863712
830,891.7300,100,1680,2619,1767559976178719154,60,65863712
831,891.7300,100,1680,2619,1767559976182541299,60,65863712
832,891.7300,100,1680,2619,1767559976186094326,61,65863712
833,891.7300,100,1680,2619,1767559976192284804,61,65963086
834,891.7300,100,1680,2619,1767559976207755367,61,65963086
835,891.7300,100,1680,2619,1767559976218214098,61,65963086
836,891.7300,100,1680,2619,1767559976221766837,61,65963086
837,891.7300,100,1680,2619,1767559976225331608,61,65963086
838,891.7300,100,1680,2619,1767559976233106745,61,65963086
839,891.7300,100,1680,2619,1767559976240506461,61,65963086
840,891.7300,100,1695,2619,1767559976244453501,61,65963086
841,891.7300,100,1695,2619,1767559976248216543,61,65963086
842,891.7300,100,1695,2619,1767559976256987128,61,65963086
843,891.7300,100,1695,2619,1767559976260732473,61,65963086
844,895.6500,100,1695,2619,1767559976264465979,61,65963086
845,895.6500,100,1695,2619,1767559976268237661,61,65963086
846,895.6500,100,1695,2619,1767559976278782215,61,65963086
847,895.6500,100,1695,2619,1767559976282700135,61,65963086
848,895.6500,100,1695,2619,1767559976286465097,61,65963086
849,895.6500,100,1695,2619,1767559976292779926,61,66062713
850,895.6500,100,1695,2619,1767559976311851291,61,66062713
851,895.6500,100,1695,2619,1767559976320372822,61,66062713
852,895.6500,100,1695,2619,1767559976323896217,61,66062713
853,895.6500,100,1695,2619,1767559976328003416,61,66062713
854,895.6500,100,1695,2619,1767559976340053974,61,66062713
855,895.6500,100,1695,2619,1767559976344829584,61,66062713
856,895.6500,100,1695,2619,1767559976348405907,61,66062713
857,895.6500,100,1695,2619,1767559976357175500,61,66062713
858,895.6500,100,1695,2619,1767559976360871854,61,66062713
859,895.6500,100,1695,2619,1767559976364492016,61,66062713
860,895.6500,100,1665,2619,1767559976368216370,61,66062713
861,895.6500,100,1665,2619,1767559976378728765,61,66062713
862,895.6500,100,1665,2619,1767559976382712893,61,66062713
863,895.6500,100,1665,2619,1767559976386511934,61,66062713
864,896.6370,100,1665,2619,1767559976393225863,61,66161929
865,896.6370,100,1665,2619,1767559976408566699,61,66161929
866,896.6370,100,1665,2619,1767559976415653522,61,66161929
867,896.6370,100,1665,2619,1767559976419376947,61,66161929
868,896.6370,100,1665,2619,1767559976423083029,61,66161929
869,896.6370,100,1665,2619,1767559976426832471,61,66161929
870,896.6370,100,1665,2619,1767559976433529985,61,66161929
871,896.6370,100,1665,2619,1767559976442761078,61,66161929
872,896.6370,100,1665,2619,1767559976447098355,62,66161929
873,896.6370,100,1665,2619,1767559976451179730,62,66161929
874,896.6370,100,1665,2619,1767559976458478454,62,66161929
875,896.6370,100,1665,2619,1767559976462442358,62,66161929
876,896.6370,100,1665,2619,1767559976466217176,62,66161929
877,896.6370,100,1665,2619,1767559976470309494,62,66161929
878,896.6370,100,1665,2619,1767559976477533724,62,66161929
879,896.6370,100,1665,2619,1767559976481239230,62,66161929
880,896.6370,100,1665,2619,1767559976484873824,62,66161929
881,896.6370,100,1695,2619,1767559976489097950,62,66259910
882,896.6370,100,1695,2619,1767559976507372778,62,66259910
883,896.6370,100,1695,2619,1767559976511361866,62,66259910
884,894.4180,100,1695,2619,1767559976518641647,62,66259910
885,894.4180,100,1695,2619,1767559976522381040,62,66259910
886,894.4180,100,1695,2619,1767559976526055763,62,66259910
887,894.4180,100,1695,2619,1767559976532924699,62,66259910
888,894.4180,100,1695,2619,1767559976540499613,62,66259910
889,894.4180,100,1695,2619,1767559976544206495,62,66259910
890,894.4180,100,1695,2619,1767559976548549084,62,66259910
891,894.4180,100,1695,2619,1767559976558954536,62,66259910
892,894.4180,100,1695,2619,1767559976562518635,62,66259910
893,894.4180,100,1695,2619,1767559976566094958,62,66259910
894,894.4180,100,1695,2619,1767559976570207757,62,66259910
895,894.4180,100,1695,2619,1767559976579136452,62,66259910
896,894.4180,100,1695,2619,1767559976583346946,62,66259910
897,894.4180,100,1695,2619,1767559976588209339,62,66359042
898,894.4180,100,1695,2619,1767559976608428279,62,66359042
899,894.4180,100,1695,2619,1767559976616664596,62,66359042
900,894.4180,100,1665,2619,1767559976620540405,62,66359042
901,894.4180,100,1665,2619,1767559976625299438,62,66359042
902,894.4180,100,1665,2619,1767559976632955120,62,66359042
903,894.4180,100,1665,2619,1767559976642139814,62,66359042
904,893.6170,100,1665,2619,1767559976645897511,62,66359042
905,893.6170,100,1665,2619,1767559976650251460,62,66359042
906,893.6170,100,1665,2619,1767559976656783247,62,66359042
907,893.6170,100,1665,2619,1767559976660393938,62,66359042
908,893.6170,100,1665,2619,1767559976664055444,62,66359042
909,893.6170,100,1665,2619,1767559976667796054,62,66359042
910,893.6170,100,1665,2619,1767559976678136130,62,66359042
911,893.6170,100,1665,2619,1767559976681717605,62,66359042
912,893.6170,100,1665,2619,1767559976685319656,62,66359042
913,893.6170,100,1665,2619,1767559976690879642,62,66459364
914,893.6170,100,1665,2619,1767559976707783185,62,66459364
915,893.6170,100,1665,2619,1767559976716606602,62,66459364
916,893.6170,100,1665,2619,1767559976720373867,62,66459364
917,893.6170,100,1665,2619,1767559976724053102,62,66459364
918,893.6170,100,1665,2619,1767559976728369675,62,66459364
919,893.6170,100,1665,2619,1767559976740127659,62,66459364
920,893.6170,100,1680,2619,1767559976744048683,62,66459364
921,893.6170,100,1680,2619,1767559976747905164,62,66459364
922,893.6170,100,1680,2619,1767559976758102298,62,66459364
923,892.6210,100,1680,2619,1767559976761999898,62,66459364
924,892.6210,100,1680,2619,1767559976765565405,62,66459364
925,892.6210,100,1680,2619,1767559976770236311,62,66459364
926,892.6210,100,1680,2619,1767559976777551964,62,66459364
927,892.6210,100,1680,2619,1767559976781221854,62,66459364
928,892.6210,100,1680,2619,1767559976784957504,62,66459364
929,892.6210,100,1680,2619,1767559976788972063,62,66559059
930,892.6210,100,1680,2619,1767559976808523585,62,66559059
931,892.6210,100,1680,2619,1767559976817862901,62,66559059
932,892.6210,100,1680,2619,1767559976821444376,62,66559059
933,892.6210,100,1680,2619,1767559976825089851,62,66559059
934,892.6210,100,1680,2619,1767559976832977691,62,66559059
935,892.6210,100,1680,2619,1767559976840375679,62,66559059
936,892.6210,100,1680,2619,1767559976844233087,62,66559059
937,892.6210,100,1680,2619,1767559976848062048,62,66559059
938,892.6210,100,1680,2619,1767559976856788762,62,66559059
939,892.6210,100,1680,2619,1767559976861118166,62,66559059
940,892.6210,100,1710,2619,1767559976866889864,62,66559059
941,892.6210,100,1710,2619,1767559976870792968,62,66559059
942,892.6210,100,1710,2619,1767559976877176660,62,66559059
943,892.6210,100,1710,2619,1767559976880896502,62,66559059
944,892.6210,100,1710,2619,1767559976884544153,62,66559059
945,892.6700,100,1710,2619,1767559976888755030,62,66659247
946,892.6700,100,1710,2619,1767559976908368599,62,66659247
947,892.6700,100,1710,2619,1767559976938231813,62,66659247
948,892.6700,100,1710,2619,1767559976947027326,62,66659247
949,892.6700,100,1710,2619,1767559976952228116,63,66659247
950,892.6700,100,1710,2619,1767559976961273611,63,66659247
951,892.6700,100,1710,2619,1767559976966288930,63,66659247
952,892.6700,100,1710,2619,1767559976970329089,63,66659247
953,892.6700,100,1710,2619,1767559976979113274,63,66659247
954,892.6700,100,1710,2619,1767559976982991995,63,66659247
955,892.6700,100,1710,2619,1767559976986720828,63,66659247
956,892.6700,100,1770,2619,1767559976993472262,63,66758299
957,892.6700,100,1770,2619,1767559977009383013,63,66758299
958,892.6700,100,1770,2619,1767559977020845096,63,66758299
959,888.9960,100,1770,2619,1767559977024317516,63,66758299
960,888.9960,100,1770,2619,1767559977028452170,63,66758299
961,888.9960,100,1770,2619,1767559977039144019,63,66758299
962,888.9960,100,1770,2619,1767559977042888789,63,66758299
963,888.9960,100,1770,2619,1767559977046720214,63,66758299
964,888.9960,100,1770,2619,1767559977050934964,63,66758299
965,888.9960,100,1770,2619,1767559977059912491,63,66758299
966,888.9960,100,1770,2619,1767559977063507086,63,66758299
967,888.9960,100,1770,2619,1767559977067781035,62,66758299
968,888.9960,100,1770,2619,1767559977078317942,62,66758299
969,888.9960,100,1770,2619,1767559977082377365,62,66758299
970,888.9960,100,1770,2619,1767559977086449268,62,66758299
971,888.9960,100,1770,2619,1767559977093054110,62,66857074
972,888.9960,100,1770,2619,1767559977107330667,62,66857074
973,888.9960,100,1770,2619,1767559977111312202,62,66857074
974,888.9960,100,1725,2619,1767559977118843597,62,66857074
975,888.9960,100,1725,2619,1767559977122520815,62,66857074
976,888.9960,100,1725,2619,1767559977126339152,62,66857074
977,888.9960,100,1725,2619,1767559977133062426,62,66857074
978,888.9960,100,1725,2619,1767559977140333567,62,66857074
979,888.1570,100,1725,2619,1767559977144064385,62,66857074
980,888.1570,100,1725,2619,1767559977147894946,62,66857074
981,888.1570,100,1725,2619,1767559977158647627,62,66857074
982,888.1570,100,1725,2619,1767559977162211374,62,66857074
983,888.1570,100,1725,2619,1767559977165716081,62,66857074
984,888.1570,100,1725,2619,1767559977170245645,62,66857074
985,888.1570,100,1725,2619,1767559977176645657,62,66857074
986,888.1570,100,1725,2619,1767559977180359035,62,66857074
987,888.1570,100,1725,2619,1767559977185368978,62,66857074
988,888.1570,100,1725,2619,1767559977190286250,63,66953949
989,888.1570,100,1725,2619,1767559977205988811,63,66953949
990,888.1570,100,1725,2619,1767559977210244840,63,66953949
991,888.1570,100,1725,2619,1767559977216786227,63,66953949
992,888.1570,100,1725,2619,1767559977220500053,63,66953949
993,888.1570,100,1725,2619,1767559977224139544,63,66953949
994,888.1570,100,1725,2619,1767559977228458453,63,66953949
995,888.1570,100,1725,2619,1767559977240261941,63,66953949
996,888.1570,100,1710,2619,1767559977244430835,63,66953949
997,888.1570,100,1710,2619,1767559977248155989,63,66953949
998,888.1570,100,1710,2619,1767559977258858622,63,66953949
999,888.1570,100,1710,2619,1767559977262579008,63,66953949
1000,888.0460,100,1710,2619,1767559977266123747,63,66953949
1001,888.0460,100,1710,2619,1767559977270182018,63,66953949
1002,888.0460,100,1710,2619,1767559977279263865,63,66953949
1003,888.0460,100,1710,2619,1767559977283081594,63,66953949
1004,888.0460,100,1710,2619,1767559977288282992,63,67047683
1005,888.0460,100,1710,2619,1767559977310943736,63,67047683
1006,888.0460,100,1710,2619,1767559977318651962,64,67047683
1007,888.0460,100,1710,2619,1767559977322445115,64,67047683
1008,888.0460,100,1710,2619,1767559977326114045,64,67047683
1009,888.0460,100,1710,2619,1767559977332844167,64,67047683
1010,888.0460,100,1710,2619,1767559977342131227,64,67047683
1011,888.0460,100,1710,2619,1767559977346098715,64,67047683
1012,888.0460,100,1710,2619,1767559977350243161,64,67047683
1013,888.0460,100,1710,2619,1767559977356789188,64,67047683
1014,888.0460,100,1710,2619,1767559977360424679,64,67047683
1015,888.0460,100,1725,2619,1767559977364081097,64,67047683
1016,888.0460,100,1725,2619,1767559977367858443,64,67047683
1017,888.0460,100,1725,2619,1767559977375834634,64,67047683
1018,888.0460,100,1725,2619,1767559977380079432,64,67047683
1019,888.0460,100,1725,2619,1767559977383971912,64,67047683
1020,881.3610,100,1725,2619,1767559977388251621,64,67143873
1021,881.3610,100,1725,2619,1767559977406086229,64,67143873
1022,881.3610,100,1725,2619,1767559977410191604,64,67143873
1023,881.3610,100,1725,2619,1767559977417704279,64,67143873
1024,881.3610,100,1725,2619,1767559977421477528,64,67143873
1025,881.3610,100,1725,2619,1767559977425194874,64,67143873
1026,881.3610,100,1725,2619,1767559977432856252,64,67143873
1027,881.3610,100,1725,2619,1767559977441810035,64,67143873
1028,881.3610,100,1725,2619,1767559977445578581,63,67143873
1029,881.3610,100,1725,2619,1767559977450222479,63,67143873
1030,881.3610,100,1725,2619,1767559977457436149,63,67143873
1031,881.3610,100,1725,2619,1767559977461535283,63,67143873
1032,881.3610,100,1725,2619,1767559977465173718,63,67143873
1033,881.3610,100,1725,2619,1767559977470207725,63,67143873
1034,881.3610,100,1725,2619,1767559977477524626,63,67143873
1035,881.3610,100,1725,2619,1767559977482005837,63,67143873
1036,881.3610,100,1710,2619,1767559977485722671,63,67143873
1037,881.3610,100,1710,2619,1767559977491499232,63,67245622
1038,881.3610,100,1710,2619,1767559977507841916,63,67245622
1039,881.3610,100,1710,2619,1767559977516688244,63,67245622
1040,881.9830,100,1710,2619,1767559977520401078,63,67245622
1041,881.9830,100,1710,2619,1767559977525108368,63,67245622
1042,881.9830,100,1710,2619,1767559977533025168,63,67245622
1043,881.9830,100,1710,2619,1767559977542275173,63,67245622
1044,881.9830,100,1710,2619,1767559977546152357,63,67245622
1045,881.9830,100,1710,2619,1767559977550187621,63,67245622
1046,881.9830,100,1710,2619,1767559977559178140,63,67245622
1047,881.9830,100,1710,2619,1767559977562912286,63,67245622
1048,881.9830,100,1710,2619,1767559977566588448,64,67245622
1049,881.9830,100,1710,2619,1767559977570655455,64,67245622
1050,881.9830,100,1710,2619,1767559977577946052,64,67245622
1051,881.9830,100,1710,2619,1767559977581726501,64,67245622
1052,881.9830,100,1710,2619,1767559977586639645,64,67245622
1053,881.9830,100,1710,2619,1767559977593351399,64,67342170
1054,881.9830,100,1710,2619,1767559977608035184,64,67342170
1055,881.9830,100,1710,2619,1767559977615867440,64,67342170
1056,881.9830,100,1785,2619,1767559977619563954,64,67342170
1057,881.9830,100,1785,2619,1767559977623229525,64,67342170
1058,881.9830,100,1785,2619,1767559977627065077,64,67342170
1059,881.9830,100,1785,2619,1767559977633611424,64,67342170
1060,881.9830,100,1785,2619,1767559977640983461,64,67342170
1061,874.5500,100,1785,2619,1767559977644680999,64,67342170
1062,874.5500,100,1785,2619,1767559977648457128,64,67342170
1063,874.5500,100,1785,2619,1767559977657180193,64,67342170
1064,874.5500,100,1785,2619,1767559977660752484,64,67342170
1065,874.5500,100,1785,2619,1767559977664556006,64,67342170
1066,874.5500,100,1785,2619,1767559977668359495,64,67342170
1067,874.5500,100,1785,2619,1767559977676509605,64,67342170
1068,874.5500,100,1785,2619,1767559977680252358,64,67342170
1069,874.5500,100,1785,2619,1767559977683934024,64,67342170
1070,874.5500,100,1785,2619,1767559977688158374,62,67434253
1071,874.5500,100,1785,2619,1767559977705824887,62,67434253
1072,874.5500,100,1785,2619,1767559977710185076,62,67434253
1073,874.5500,100,1785,2619,1767559977719254698,62,67434253
1074,874.5500,100,1785,2619,1767559977722935276,62,67434253
1075,874.5500,100,1785,2619,1767559977726774701,62,67434253
1076,874.5500,100,1785,2619,1767559977733236121,62,67434253
1077,874.5500,100,1800,2619,1767559977742709772,62,67434253
1078,874.5500,100,1800,2619,1767559977746753003,62,67434253
1079,874.5500,100,1800,2619,1767559977750831946,62,67434253
1080,869.6820,100,1800,2619,1767559977758073519,62,67434253
1081,869.6820,100,1800,2619,1767559977761772049,62,67434253
1082,869.6820,100,1800,2619,1767559977765613298,62,67434253
1083,869.6820,100,1800,2619,1767559977770340524,62,67434253
1084,869.6820,100,1800,2619,1767559977779200196,62,67434253
1085,869.6820,100,1800,2619,1767559977783129348,62,67434253
1086,869.6820,100,1800,2619,1767559977786772199,62,67434253
1087,869.6820,100,1800,2619,1767559977793658799,62,67533330
1088,869.6820,100,1800,2619,1767559977807872060,62,67533330
1089,869.6820,100,1800,2619,1767559977816928306,62,67533330
1090,869.6820,100,1800,2619,1767559977820942898,62,67533330
1091,869.6820,100,1800,2619,1767559977824644852,62,67533330
1092,869.6820,100,1800,2619,1767559977829508140,62,67533330
1093,869.6820,100,1800,2619,1767559977839841945,62,67533330
1094,869.6820,100,1800,2619,1767559977843449147,62,67533330
1095,869.6820,100,1710,2619,1767559977847290652,62,67533330
1096,869.6820,100,1710,2619,1767559977851304668,62,67533330
1097,869.6820,100,1710,2619,1767559977858813727,62,67533330
1098,869.6820,100,1710,2619,1767559977862608576,62,67533330
1099,869.6820,100,1710,2619,1767559977866354914,62,67533330
1100,868.3350,100,1710,2619,1767559977875481464,62,67533330
1101,868.3350,100,1710,2619,1767559977879145274,62,67533330
1102,868.3350,100,1710,2619,1767559977883132762,62,67533330
1103,868.3350,100,1710,2619,1767559977888123217,62,67629555
1104,868.3350,100,1710,2619,1767559977906019776,62,67629555
1105,868.3350,100,1710,2619,1767559977910201854,62,67629555
1106,868.3350,100,1710,2619,1767559977916612618,63,67629555
1107,868.3350,100,1710,2619,1767559977920325228,63,67629555
1108,868.3350,100,1710,2619,1767559977923980623,63,67629555
1109,868.3350,100,1710,2619,1767559977928141389,63,67629555
1110,868.3350,100,1710,2619,1767559977938346874,63,67629555
1111,868.3350,100,1710,2619,1767559977942173563,63,67629555
1112,868.3350,100,1710,2619,1767559977945857309,63,67629555
1113,868.3350,100,1710,2619,1767559977950202330,63,67629555
1114,868.3350,100,1710,2619,1767559977959156305,63,67629555
1115,868.3350,100,1710,2619,1767559977962868339,63,67629555
1116,868.3350,100,1710,2619,1767559977966440246,63,67629555
1117,868.3350,100,1710,2619,1767559977970582837,63,67629555
1118,868.3350,100,1710,2619,1767559977979761034,63,67629555
1119,864.8850,100,1710,2619,1767559977983630763,63,67629555
1120,864.8850,100,1710,2619,1767559977988172742,63,67723866
1121,864.8850,100,1710,2619,1767559978008342947,63,67723866
1122,864.8850,100,1710,2619,1767559978019387241,63,67723866
1123,864.8850,100,1710,2619,1767559978023146475,63,67723866
1124,864.8850,100,1710,2619,1767559978026791565,63,67723866
1125,864.8850,100,1710,2619,1767559978033401464,63,67723866
1126,864.8850,100,1710,2619,1767559978042372431,63,67723866
1127,864.8850,100,1710,2619,1767559978046200944,63,67723866
1128,864.8850,100,1710,2619,1767559978050362670,63,67723866
1129,864.8850,100,1710,2619,1767559978057454037,63,67723866
1130,864.8850,100,1710,2619,1767559978061493012,63,67723866
1131,864.8850,100,1710,2619,1767559978065203798,63,67723866
1132,864.8850,100,1710,2619,1767559978070331564,63,67723866
1133,864.8850,100,1710,2619,1767559978078904935,63,67723866
1134,864.8850,100,1725,2619,1767559978082859207,63,67723866
1135,864.8850,100,1725,2619,1767559978086643624,63,67723866
1136,864.8850,100,1725,2619,1767559978093866989,63,67822800
1137,864.8850,100,1725,2619,1767559978107580766,63,67822800
1138,864.8850,100,1725,2619,1767559978115535038,63,67822800
1139,862.4650,100,1725,2619,1767559978119765211,63,67822800
1140,862.4650,100,1725,2619,1767559978123493149,63,67822800
1141,862.4650,100,1725,2619,1767559978127326270,63,67822800
1142,862.4650,100,1725,2619,1767559978133822378,63,67822800
1143,862.4650,100,1725,2619,1767559978143001375,63,67822800
1144,862.4650,100,1725,2619,1767559978147008927,63,67822800
1145,862.4650,100,1725,2619,1767559978151030398,63,67822800
1146,862.4650,100,1725,2619,1767559978158305059,63,67822800
1147,862.4650,100,1725,2619,1767559978162136324,63,67822800
1148,862.4650,100,1725,2619,1767559978165815846,64,67822800
1149,862.4650,100,1725,2619,1767559978170266786,64,67822800
1150,862.4650,100,1725,2619,1767559978179473335,64,67822800
1151,862.4650,100,1725,2619,1767559978183679381,64,67822800
1152,862.4650,100,1725,2619,1767559978188182193,64,67920630
1153,862.4650,100,1725,2619,1767559978206527228,64,67920630
1154,862.4650,100,1725,2619,1767559978210574491,64,67920630
1155,862.4650,100,1710,2619,1767559978217117286,64,67920630
1156,862.4650,100,1710,2619,1767559978221396292,64,67920630
1157,862.4650,100,1710,2619,1767559978225096806,64,67920630
1158,862.4650,100,1710,2619,1767559978230424346,64,67920630
1159,862.4650,100,1710,2619,1767559978237313283,64,67920630
1160,864.8010,100,1710,2619,1767559978240967813,64,67920630
1161,864.8010,100,1710,2619,1767559978244813894,64,67920630
1162,864.8010,100,1710,2619,1767559978248500872,64,67920630
1163,864.8010,100,1710,2619,1767559978257203873,64,67920630
1164,864.8010,100,1710,2619,1767559978260903555,64,67920630
1165,864.8010,100,1710,2619,1767559978264590501,64,67920630
1166,864.8010,100,1710,2619,1767559978268377703,64,67920630
1167,864.8010,100,1710,2619,1767559978277123488,64,67920630
1168,864.8010,100,1710,2619,1767559978281049856,64,67920630
1169,864.8010,100,1710,2619,1767559978284698690,65,67920630
1170,864.8010,100,1710,2619,1767559978288924000,65,68022219
1171,864.8010,100,1710,2619,1767559978311153644,65,68022219
1172,864.8010,100,1710,2619,1767559978340362207,65,68022219
1173,864.8010,100,1710,2619,1767559978349421590,65,68022219
1174,864.8010,100,1710,2619,1767559978361547988,65,68022219
1175,864.8010,100,1710,2619,1767559978365255637,65,68022219
1176,873.8880,100,1710,2619,1767559978370183342,65,68022219
1177,873.8880,100,1710,2619,1767559978379350819,65,68022219
1178,873.8880,100,1710,2619,1767559978383247876,65,68022219
1179,873.8880,100,1710,2619,1767559978388158652,65,68118834
1180,873.8880,100,1710,2619,1767559978408362264,65,68118834
1181,873.8880,100,1710,2619,1767559978420451798,65,68118834
1182,873.8880,100,1710,2619,1767559978424287351,65,68118834
1183,873.8880,100,1710,2619,1767559978428831058,65,68118834
1184,873.8880,100,1710,2619,1767559978440629298,65,68118834
1185,873.8880,100,1710,2619,1767559978444649042,65,68118834
1186,873.8880,100,1710,2619,1767559978450286500,65,68118834
1187,873.8880,100,1710,2619,1767559978459415834,65,68118834
1188,873.8880,100,1800,2619,1767559978463358106,65,68118834
1189,873.8880,100,1800,2619,1767559978466958077,65,68118834
1190,873.8880,100,1800,2619,1767559978470994268,65,68118834
1191,873.8880,100,1800,2619,1767559978480012179,65,68118834
1192,870.5540,100,1800,2619,1767559978483901780,65,68118834
1193,870.5540,100,1800,2619,1767559978488382415,65,68218077
1194,870.5540,100,1800,2619,1767559978508834762,65,68218077
1195,870.5540,100,1800,2619,1767559978519896016,65,68218077
1196,870.5540,100,1800,2619,1767559978523473971,65,68218077
1197,870.5540,100,1800,2619,1767559978527322644,65,68218077
1198,870.5540,100,1800,2619,1767559978533562017,65,68218077
1199,870.5540,100,1800,2619,1767559978540866118,65,68218077
1200,870.5540,100,1800,2619,1767559978544551560,64,68218077
1201,870.5540,100,1800,2619,1767559978548321257,64,68218077
1202,870.5540,100,1800,2619,1767559978558845044,64,68218077
1203,870.5540,100,1800,2619,1767559978562878099,64,68218077
1204,870.5540,100,1800,2619,1767559978566445015,64,68218077
1205,870.5540,100,1800,2619,1767559978570513078,64,68218077
1206,870.5540,100,1800,2619,1767559978577768571,64,68218077
1207,870.5540,100,1800,2619,1767559978581464957,64,68218077
1208,870.5540,100,1800,2619,1767559978585148703,64,68218077
1209,870.5540,100,1725,2619,1767559978590748562,64,68316593
1210,870.5540,100,1725,2619,1767559978605996950,64,68316593
1211,870.5540,100,1725,2619,1767559978610226388,64,68316593
1212,872.1080,100,1725,2619,1767559978619034636,64,68316593
1213,872.1080,100,1725,2619,1767559978622677999,64,68316593
1214,872.1080,100,1725,2619,1767559978626284817,64,68316593
1215,872.1080,100,1725,2619,1767559978632977211,64,68316593
1216,872.1080,100,1725,2619,1767559978639514054,64,68316593
1217,872.1080,100,1725,2619,1767559978643256904,64,68316593
1218,872.1080,100,1725,2619,1767559978647101929,64,68316593
1219,872.1080,100,1725,2619,1767559978651077673,64,68316593
1220,872.1080,100,1725,2619,1767559978660195519,65,68316593
1221,872.1080,100,1725,2619,1767559978663854881,65,68316593
1222,872.1080,100,1725,2619,1767559978667473476,65,68316593
1223,872.1080,100,1725,2619,1767559978678071790,65,68316593
1224,872.1080,100,1725,2619,1767559978682110925,65,68316593
1225,872.1080,100,1725,2619,1767559978685636016,65,68316593
1226,872.1080,100,1725,2619,1767559978691756191,65,68419286
1227,872.1080,100,1725,2619,1767559978707222881,65,68419286
1228,872.1080,100,1680,2619,1767559978711344544,65,68419286
1229,872.1080,100,1680,2619,1767559978717719212,65,68419286
1230,872.1080,100,1680,2619,1767559978721450990,65,68419286
1231,882.3170,100,1680,2619,1767559978725132176,65,68419286
1232,882.3170,100,1680,2619,1767559978732697331,65,68419286
1233,882.3170,100,1680,2619,1767559978739263198,65,68419286
1234,882.3170,100,1680,2619,1767559978742835553,65,68419286
1235,882.3170,100,1680,2619,1767559978747832120,65,68419286
1236,882.3170,100,1680,2619,1767559978755912023,65,68419286
1237,882.3170,100,1680,2619,1767559978760113557,65,68419286
1238,882.3170,100,1680,2619,1767559978763637656,65,68419286
1239,882.3170,100,1680,2619,1767559978767412697,65,68419286
1240,882.3170,100,1680,2619,1767559978771457465,65,68419286
1241,882.3170,100,1680,2619,1767559978780232786,65,68419286
1242,882.3170,100,1680,2619,1767559978784482319,65,68419286
1243,882.3170,100,1680,2619,1767559978788597838,65,68518385
1244,882.3170,100,1680,2619,1767559978807292022,65,68518385
1245,882.3170,100,1680,2619,1767559978811289238,65,68518385
1246,882.3170,100,1695,2619,1767559978818563227,65,68518385
1247,882.3170,100,1695,2619,1767559978822290557,65,68518385
1248,882.3170,100,1695,2619,1767559978825955679,65,68518385
1249,882.3170,100,1695,2619,1767559978832860295,65,68518385
1250,882.3170,100,1695,2619,1767559978841954973,65,68518385
1251,884.2140,100,1695,2619,1767559978845865534,65,68518385
1252,884.2140,100,1695,2619,1767559978850214586,65,68518385
1253,884.2140,100,1695,2619,1767559978860342312,65,68518385
1254,884.2140,100,1695,2619,1767559978864388583,65,68518385
1255,884.2140,100,1695,2619,1767559978870398391,65,68518385
1256,884.2140,100,1695,2619,1767559978879074032,65,68518385
1257,884.2140,100,1695,2619,1767559978882910225,65,68518385
1258,884.2140,100,1695,2619,1767559978886649683,65,68518385
1259,884.2140,100,1695,2619,1767559978893519131,66,68621684
1260,884.2140,100,1695,2619,1767559978909875511,66,68621684
1261,884.2140,100,1695,2619,1767559978920948509,66,68621684
1262,884.2140,100,1695,2619,1767559978924443009,66,68621684
1263,884.2140,100,1695,2619,1767559978929082939,66,68621684
1264,884.2140,100,1695,2619,1767559978941280216,66,68621684
1265,884.2140,100,1695,2619,1767559978944953882,66,68621684
1266,884.2140,100,1665,2619,1767559978948485246,66,68621684
1267,884.2140,100,1665,2619,1767559978957302166,66,68621684
1268,884.2140,100,1665,2619,1767559978961002360,66,68621684
1269,884.2140,100,1665,2619,1767559978966516459,66,68621684
1270,885.2200,100,1665,2619,1767559978970391372,66,68621684
1271,885.2200,100,1665,2619,1767559978977576882,66,68621684
1272,885.2200,100,1665,2619,1767559978981333715,66,68621684
1273,885.2200,100,1665,2619,1767559978985034325,66,68621684
1274,885.2200,100,1665,2619,1767559978990645160,66,68718894
1275,885.2200,100,1665,2619,1767559979006576167,66,68718894
1276,885.2200,100,1665,2619,1767559979010621478,66,68718894
1277,885.2200,100,1665,2619,1767559979017900843,65,68718894
1278,885.2200,100,1665,2619,1767559979021620301,65,68718894
1279,885.2200,100,1665,2619,1767559979025277455,65,68718894
1280,885.2200,100,1665,2619,1767559979032863346,65,68718894
1281,885.2200,100,1665,2619,1767559979041871465,65,68718894
1282,885.2200,100,1665,2619,1767559979045672650,65,68718894
1283,885.2200,100,1665,2619,1767559979050326244,65,68718894
1284,885.2200,100,1665,2619,1767559979057526890,65,68718894
1285,885.2200,100,1665,2619,1767559979061141868,65,68718894
1286,885.2200,100,1695,2619,1767559979064795343,65,68718894
1287,885.2200,100,1695,2619,1767559979070179363,65,68718894
1288,885.2200,100,1695,2619,1767559979077650343,65,68718894
1289,885.2200,100,1695,2619,1767559979081309577,65,68718894
1290,892.0500,100,1695,2619,1767559979085044811,65,68718894
1291,892.0500,100,1695,2619,1767559979090748188,65,68818149
1292,892.0500,100,1695,2619,1767559979107624884,65,68818149
1293,892.0500,100,1695,2619,1767559979116467436,65,68818149
1294,892.0500,100,1695,2619,1767559979120205198,65,68818149
1295,892.0500,100,1695,2619,1767559979123850064,65,68818149
1296,892.0500,100,1695,2619,1767559979127997518,65,68818149
1297,892.0500,100,1695,2619,1767559979138842167,65,68818149
1298,892.0500,100,1695,2619,1767559979142637016,65,68818149
1299,892.0500,100,1695,2619,1767559979146470169,65,68818149
1300,892.0500,100,1695,2619,1767559979150520728,65,68818149
1301,892.0500,100,1695,2619,1767559979157776733,65,68818149
1302,892.0500,100,1695,2619,1767559979161464831,65,68818149
1303,892.0500,100,1695,2619,1767559979165193377,65,68818149
1304,892.0500,100,1695,2619,1767559979170206392,65,68818149
1305,892.0500,100,1695,2619,1767559979176684324,65,68818149
1306,892.0500,100,1695,2619,1767559979180413190,65,68818149
1307,892.0500,100,1695,2619,1767559979184858754,65,68818149
1308,892.0500,100,1695,2619,1767559979188653699,65,68917866
1309,892.0500,100,1695,2619,1767559979206909359,65,68917866
1310,892.0500,100,1695,2619,1767559979211018221,65,68917866
1311,892.4550,100,1695,2619,1767559979218541744,65,68917866
1312,892.4550,100,1695,2619,1767559979222209555,65,68917866
1313,892.4550,100,1695,2619,1767559979225932469,65,68917866
1314,892.4550,100,1695,2619,1767559979232893340,65,68917866
1315,892.4550,100,1695,2619,1767559979241819060,65,68917866
1316,892.4550,100,1695,2619,1767559979245832275,65,68917866
1317,892.4550,100,1695,2619,1767559979250198832,65,68917866
1318,892.4550,100,1695,2619,1767559979258893097,65,68917866
1319,892.4550,100,1695,2619,1767559979262444749,65,68917866
1320,892.4550,100,1695,2619,1767559979266209774,66,68917866
1321,892.4550,100,1695,2619,1767559979270278765,66,68917866
1322,892.4550,100,1695,2619,1767559979276737689,66,68917866
1323,892.4550,100,1695,2619,1767559979281025462,66,68917866
1324,892.4550,100,1695,2619,1767559979285078965,66,68917866
1325,892.4550,100,1695,2619,1767559979290672872,66,69018744
1326,892.4550,100,1695,2619,1767559979310985987,66,69018744
1327,892.4550,100,1695,2619,1767559979320393335,66,69018744
1328,892.4550,100,1650,2619,1767559979323977818,66,69018744
1329,892.4550,100,1650,2619,1767559979328167096,66,69018744
1330,892.4550,100,1650,2619,1767559979340190742,66,69018744
1331,892.4550,100,1650,2619,1767559979344144982,66,69018744
1332,891.0400,100,1650,2619,1767559979347723673,66,69018744
1333,891.0400,100,1650,2619,1767559979358279780,66,69018744
1334,891.0400,100,1650,2619,1767559979361932646,66,69018744
1335,891.0400,100,1650,2619,1767559979365547305,66,69018744
1336,891.0400,100,1650,2619,1767559979370240003,66,69018744
1337,891.0400,100,1650,2619,1767559979379257402,66,69018744
1338,891.0400,100,1650,2619,1767559979383595287,66,69018744
1339,891.0400,100,1650,2619,1767559979388200113,66,69115038
1340,891.0400,100,1650,2619,1767559979406762619,65,69115038
1341,891.0400,100,1650,2619,1767559979410875833,65,69115038
1342,891.0400,100,1650,2619,1767559979417309957,65,69115038
1343,891.0400,100,1650,2619,1767559979421043335,65,69115038
1344,891.0400,100,1650,2619,1767559979424773321,65,69115038
1345,891.0400,100,1650,2619,1767559979428714057,65,69115038
1346,891.0400,100,1650,2619,1767559979437632448,65,69115038
1347,891.0400,100,1680,2619,1767559979441343106,65,69115038
1348,891.0400,100,1680,2619,1767559979445009669,65,69115038
1349,891.0400,100,1680,2619,1767559979450212634,65,69115038
1350,891.0400,100,1680,2619,1767559979457414240,65,69115038
1351,894.0100,100,1680,2619,1767559979461086626,65,69115038
1352,894.0100,100,1680,2619,1767559979464791044,65,69115038
1353,894.0100,100,1680,2619,1767559979468524326,65,69115038
1354,894.0100,100,1680,2619,1767559979478991857,65,69115038
1355,894.0100,100,1680,2619,1767559979482883890,65,69115038
1356,894.0100,100,1680,2619,1767559979488149319,65,69213125
1357,894.0100,100,1680,2619,1767559979506931823,65,69213125
1358,894.0100,100,1680,2619,1767559979511157164,65,69213125
1359,894.0100,100,1680,2619,1767559979518420370,65,69213125
1360,894.0100,100,1680,2619,1767559979522094676,65,69213125
1361,894.0100,100,1680,2619,1767559979526867021,65,69213125
1362,894.0100,100,1680,2619,1767559979532872028,65,69213125
1363,894.0100,100,1680,2619,1767559979540169473,65,69213125
1364,894.0100,100,1680,2619,1767559979543907171,65,69213125
1365,894.0100,100,1680,2619,1767559979547687396,65,69213125
1366,894.0100,100,1680,2619,1767559979556515421,65,69213125
1367,894.0100,100,1695,2619,1767559979560206943,65,69213125
1368,894.0100,100,1695,2619,1767559979564075807,65,69213125
1369,894.0100,100,1695,2619,1767559979567869761,65,69213125
1370,894.0100,100,1695,2619,1767559979576564122,65,69213125
1371,893.8950,100,1695,2619,1767559979580299324,65,69213125
1372,893.8950,100,1695,2619,1767559979584171837,65,69213125
1373,893.8950,100,1695,2619,1767559979588483258,65,69313873
1374,893.8950,100,1695,2619,1767559979605764494,65,69313873
1375,893.8950,100,1695,2619,1767559979610326313,65,69313873
1376,893.8950,100,1695,2619,1767559979616844148,65,69313873
1377,893.8950,100,1695,2619,1767559979620570934,66,69313873
1378,893.8950,100,1695,2619,1767559979624211288,66,69313873
1379,893.8950,100,1695,2619,1767559979628739731,66,69313873
1380,893.8950,100,1695,2619,1767559979639557468,66,69313873
1381,893.8950,100,1695,2619,1767559979643610139,66,69313873
1382,893.8950,100,1695,2619,1767559979647464956,66,69313873
1383,893.8950,100,1695,2619,1767559979656266772,66,69313873
1384,893.8950,100,1695,2619,1767559979660026678,66,69313873
1385,893.8950,100,1695,2619,1767559979663632984,66,69313873
1386,893.8950,100,1695,2619,1767559979667344346,66,69313873
1387,893.8950,100,1695,2619,1767559979671351162,66,69313873
1388,893.8950,100,1695,2619,1767559979677846565,66,69313873
1389,893.8950,100,1695,2619,1767559979681535431,66,69313873
1390,893.8950,100,1695,2619,1767559979685291465,66,69313873
1391,893.8170,100,1695,2619,1767559979690825244,66,69416347
1392,893.8170,100,1695,2619,1767559979707624180,66,69416347
1393,893.8170,100,1695,2619,1767559979716678730,66,69416347
1394,893.8170,100,1695,2619,1767559979720390220,66,69416347
1395,893.8170,100,1695,2619,1767559979724036302,66,69416347
1396,893.8170,100,1695,2619,1767559979728233100,66,69416347
1397,893.8170,100,1695,2619,1767559979739010260,66,69416347
1398,893.8170,100,1695,2619,1767559979742563863,66,69416347
1399,893.8170,100,1695,2619,1767559979747577839,66,69416347
1400,893.8170,100,1695,2619,1767559979757629373,66,69416347
1401,893.8170,100,1695,2619,1767559979761667421,66,69416347
1402,893.8170,100,1695,2619,1767559979765252383,66,69416347
1403,893.8170,100,1695,2619,1767559979770196759,66,69416347
1404,893.8170,100,1695,2619,1767559979776814306,66,69416347
1405,893.8170,100,1695,2619,1767559979780487332,66,69416347
1406,893.8170,100,1695,2619,1767559979784218918,66,69416347
1407,893.8170,100,1680,2619,1767559979788316293,66,69516215
1408,893.8170,100,1680,2619,1767559979805608536,66,69516215
1409,893.8170,100,1680,2619,1767559979810229523,66,69516215
1410,893.9120,100,1680,2619,1767559979816761214,66,69516215
1411,893.9120,100,1680,2619,1767559979820460576,66,69516215
1412,893.9120,100,1680,2619,1767559979824206722,66,69516215
1413,893.9120,100,1680,2619,1767559979828698653,66,69516215
1414,893.9120,100,1680,2619,1767559979838527597,66,69516215
1415,893.9120,100,1680,2619,1767559979842281359,66,69516215
1416,893.9120,100,1680,2619,1767559979846025137,66,69516215
1417,893.9120,100,1680,2619,1767559979850198639,66,69516215
1418,893.9120,100,1680,2619,1767559979856656955,66,69516215
1419,893.9120,100,1680,2619,1767559979860325885,66,69516215
1420,893.9120,100,1680,2619,1767559979864039103,66,69516215
1421,893.9120,100,1680,2619,1767559979867774720,66,69516215
1422,893.9120,100,1680,2619,1767559979879349571,66,69516215
1423,893.9120,100,1680,2619,1767559979883045317,66,69516215
1424,893.9120,100,1680,2619,1767559979886671303,66,69516215
1425,893.9120,100,1680,2619,1767559979893482576,66,69617662
1426,893.9120,100,1680,2619,1767559979907300640,66,69617662
1427,893.9120,100,1695,2619,1767559979911363775,66,69617662
1428,893.9120,100,1695,2619,1767559979918950914,66,69617662
1429,893.9120,100,1695,2619,1767559979922685891,66,69617662
1430,892.2940,100,1695,2619,1767559979926413957,66,69617662
1431,892.2940,100,1695,2619,1767559979933063791,66,69617662
1432,892.2940,100,1695,2619,1767559979940427603,66,69617662
1433,892.2940,100,1695,2619,1767559979944189429,66,69617662
1434,892.2940,100,1695,2619,1767559979947870711,66,69617662
1435,892.2940,100,1695,2619,1767559979955863862,66,69617662
1436,892.2940,100,1695,2619,1767559979959533945,66,69617662
1437,892.2940,100,1695,2619,1767559979963281370,66,69617662
1438,892.2940,100,1695,2619,1767559979966988284,66,69617662
1439,892.2940,100,1695,2619,1767559979971076411,67,69617662
1440,892.2940,100,1695,2619,1767559979979983411,67,69617662
1441,892.2940,100,1695,2619,1767559979983992562,67,69617662
1442,892.2940,100,1695,2619,1767559979988171632,67,69715799
1443,892.2940,100,1695,2619,1767559980005541316,67,69715799
1444,892.2940,100,1695,2619,1767559980010220062,67,69715799
1445,892.2940,100,1665,2619,1767559980016748553,67,69715799
1446,892.2940,100,1665,2619,1767559980020684361,67,69715799
1447,892.2940,100,1665,2619,1767559980024369995,67,69715799
1448,892.2940,100,1665,2619,1767559980029051269,67,69715799
1449,892.2940,100,1665,2619,1767559980040983588,67,69715799
1450,894.4500,100,1665,2619,1767559980044554919,67,69715799
1451,894.4500,100,1665,2619,1767559980048109323,67,69715799
1452,894.4500,100,1665,2619,1767559980057154369,67,69715799
1453,894.4500,100,1665,2619,1767559980060709956,67,69715799
1454,894.4500,100,1665,2619,1767559980064431110,67,69715799
1455,894.4500,100,1665,2619,1767559980068166536,67,69715799
1456,894.4500,100,1665,2619,1767559980077008224,67,69715799
1457,894.4500,100,1665,2619,1767559980080803554,67,69715799
1458,894.4500,100,1665,2619,1767559980084537027,66,69715799
1459,894.4500,100,1665,2619,1767559980088750817,66,69815140
1460,894.4500,100,1665,2619,1767559980107223339,66,69815140
1461,894.4500,100,1665,2619,1767559980116004452,66,69815140
1462,894.4500,100,1665,2619,1767559980119729062,66,69815140
1463,894.4500,100,1665,2619,1767559980123683814,66,69815140
1464,894.4500,100,1665,2619,1767559980127401640,66,69815140
1465,894.4500,100,1665,2619,1767559980133707637,66,69815140
1466,894.4500,100,1680,2619,1767559980142643308,66,69815140
1467,894.4500,100,1680,2619,1767559980146452141,66,69815140
1468,894.4500,100,1680,2619,1767559980150652171,66,69815140
1469,894.4500,100,1680,2619,1767559980159320485,66,69815140
1470,892.7130,100,1680,2619,1767559980163033543,66,69815140
1471,892.7130,100,1680,2619,1767559980166634186,66,69815140
1472,892.7130,100,1680,2619,1767559980170666281,66,69815140
1473,892.7130,100,1680,2619,1767559980178045773,66,69815140
1474,892.7130,100,1680,2619,1767559980181710960,66,69815140
1475,892.7130,100,1680,2619,1767559980185886542,66,69815140
1476,892.7130,100,1680,2619,1767559980191120451,66,69915395
1477,892.7130,100,1680,2619,1767559980208833108,66,69915395
1478,892.7130,100,1680,2619,1767559980217465998,66,69915395
1479,892.7130,100,1680,2619,1767559980221498733,66,69915395
1480,892.7130,100,1680,2619,1767559980225247343,66,69915395
1481,892.7130,100,1680,2619,1767559980232927312,66,69915395
1482,892.7130,100,1680,2619,1767559980241890440,66,69915395
1483,892.7130,100,1680,2619,1767559980245705481,66,69915395
1484,892.7130,100,1695,2619,1767559980250287268,66,69915395
1485,892.7130,100,1695,2619,1767559980256548785,66,69915395
1486,892.7130,100,1695,2619,1767559980260275475,66,69915395
1487,892.7130,100,1695,2619,1767559980264048084,66,69915395
1488,892.7130,100,1695,2619,1767559980267766710,66,69915395
1489,892.6210,100,1695,2619,1767559980275696246,66,69915395
1490,892.6210,100,1695,2619,1767559980279357944,66,69915395
1491,892.6210,100,1695,2619,1767559980283147193,66,69915395
1492,892.6210,100,1695,2619,1767559980288203280,66,70014322
1493,892.6210,100,1695,2619,1767559980308222766,66,70014322
1494,892.6210,100,1695,2619,1767559980315151446,66,70014322
1495,892.6210,100,1695,2619,1767559980319396115,67,70014322
1496,892.6210,100,1695,2619,1767559980323024150,67,70014322
1497,892.6210,100,1695,2619,1767559980326881463,67,70014322
1498,892.6210,100,1695,2619,1767559980331108756,67,70014322
1499,892.6210,100,1695,2619,1767559980337836062,67,70014322
1500,892.6210,100,1695,2619,1767559980341497504,67,70014322
1501,892.6210,100,1695,2619,1767559980345212290,67,70014322
1502,892.6210,100,1695,2619,1767559980350152154,67,70014322
1503,892.6210,100,1695,2619,1767559980356602214,67,70014322
1504,892.6210,100,1695,2619,1767559980360194793,67,70014322
1505,892.6210,100,1680,2619,1767559980363879339,67,70014322
1506,892.6210,100,1680,2619,1767559980367409678,67,70014322
1507,892.6210,100,1680,2619,1767559980371501837,67,70014322
1508,892.6210,100,1680,2619,1767559980378750994,67,70014322
1509,892.6210,100,1680,2619,1767559980382665331,67,70014322
1510,893.3920,100,1680,2619,1767559980386453908,67,70014322
1511,893.3920,100,1680,2619,1767559980393121662,67,70114481
1512,893.3920,100,1680,2619,1767559980407712520,67,70114481
1513,893.3920,100,1680,2619,1767559980416732190,67,70114481
1514,893.3920,100,1680,2619,1767559980420773470,67,70114481
1515,893.3920,100,1680,2619,1767559980424423392,67,70114481
1516,893.3920,100,1680,2619,1767559980429362552,67,70114481
1517,893.3920,100,1680,2619,1767559980439903907,67,70114481
1518,893.3920,100,1680,2619,1767559980443471430,67,70114481
1519,893.3920,100,1680,2619,1767559980447246439,67,70114481
1520,893.3920,100,1680,2619,1767559980451262054,67,70114481
1521,893.3920,100,1680,2619,1767559980458536204,67,70114481
1522,893.3920,100,1680,2619,1767559980462184782,67,70114481
1523,893.3920,100,1680,2619,1767559980465896432,67,70114481
1524,893.3920,100,1680,2619,1767559980470268780,67,70114481
1525,893.3920,100,1680,2619,1767559980479194180,67,70114481
1526,893.3920,100,1680,2619,1767559980482947846,67,70114481
1527,893.3920,100,1680,2619,1767559980486580200,67,70114481
1528,893.3920,100,1680,2619,1767559980493464080,67,70212701
1529,893.3920,100,1680,2619,1767559980508185849,67,70212701
1530,893.3920,100,1680,2619,1767559980516210392,67,70212701
1531,893.5030,100,1680,2619,1767559980519945338,67,70212701
1532,893.5030,100,1680,2619,1767559980524144280,67,70212701
1533,893.5030,100,1680,2619,1767559980528575476,67,70212701
1534,893.5030,100,1680,2619,1767559980540521747,67,70212701
1535,893.5030,100,1680,2619,1767559980544482611,67,70212701
1536,893.5030,100,1680,2619,1767559980548240372,67,70212701
1537,893.5030,100,1680,2619,1767559980556870862,67,70212701
1538,893.5030,100,1680,2619,1767559980560454705,67,70212701
1539,893.5030,100,1680,2619,1767559980564111732,67,70212701
1540,893.5030,100,1680,2619,1767559980567865589,67,70212701
1541,893.5030,100,1680,2619,1767559980576648078,67,70212701
1542,893.5030,100,1680,2619,1767559980580407312,67,70212701
1543,893.5030,100,1680,2619,1767559980584521550,67,70212701
1544,893.5030,100,1680,2619,1767559980588579117,67,70311409
1545,893.5030,100,1680,2619,1767559980608550987,67,70311409
1546,893.5030,100,1680,2619,1767559980618040223,67,70311409
1547,893.5030,100,1680,2619,1767559980621564642,67,70311409
1548,893.5030,100,1680,2619,1767559980625780704,67,70311409
1549,893.5030,100,1680,2619,1767559980630370907,67,70311409
1550,893.5030,100,1680,2619,1767559980639491569,67,70311409
1551,892.6950,100,1680,2619,1767559980643197875,67,70311409
1552,892.6950,100,1680,2619,1767559980647826861,67,70311409
1553,892.6950,100,1680,2619,1767559980655130322,67,70311409
1554,892.6950,100,1680,2619,1767559980658894771,67,70311409
1555,892.6950,100,1680,2619,1767559980662543158,67,70311409
1556,892.6950,100,1680,2619,1767559980666347191,67,70311409
1557,892.6950,100,1680,2619,1767559980670445878,67,70311409
1558,892.6950,100,1680,2619,1767559980679382317,67,70311409
1559,892.6950,100,1680,2619,1767559980683223278,67,70311409
1560,892.6950,100,1680,2619,1767559980688173254,67,70411539
1561,892.6950,100,1680,2619,1767559980707076365,67,70411539
1562,892.6950,100,1680,2619,1767559980711069644,67,70411539
1563,892.6950,100,1680,2619,1767559980718323826,67,70411539
1564,892.6950,100,1680,2619,1767559980722050259,67,70411539
1565,892.6950,100,1680,2619,1767559980725708118,67,70411539
1566,892.6950,100,1680,2619,1767559980732798524,67,70411539
1567,892.6950,100,1680,2619,1767559980740289408,67,70411539
1568,892.6950,100,1695,2619,1767559980744024769,67,70411539
1569,892.6950,100,1695,2619,1767559980747884706,67,70411539
1570,892.6950,100,1695,2619,1767559980757899121,67,70411539
1571,892.5540,100,1695,2619,1767559980761727730,67,70411539
1572,892.5540,100,1695,2619,1767559980765365716,67,70411539
1573,892.5540,100,1695,2619,1767559980770136494,67,70411539
1574,892.5540,100,1695,2619,1767559980777355763,67,70411539
1575,892.5540,100,1695,2619,1767559980780966198,67,70411539
1576,892.5540,100,1695,2619,1767559980784704632,67,70411539
1577,892.5540,100,1695,2619,1767559980788771991,67,70513261
1578,892.5540,100,1695,2619,1767559980805919116,67,70513261
1579,892.5540,100,1695,2619,1767559980810250728,67,70513261
1580,892.5540,100,1695,2619,1767559980819172160,68,70513261
1581,892.5540,100,1695,2619,1767559980822961921,68,70513261
1582,892.5540,100,1695,2619,1767559980826598788,68,70513261
1583,892.5540,100,1695,2619,1767559980836977264,68,70513261
1584,892.5540,100,1695,2619,1767559980840633106,68,70513261
1585,892.5540,100,1695,2619,1767559980844342292,68,70513261
1586,892.5540,100,1695,2619,1767559980848081142,68,70513261
1587,892.5540,100,1695,2619,1767559980855985782,68,70513261
1588,892.5540,100,1680,2619,1767559980859718871,68,70513261
1589,892.5540,100,1680,2619,1767559980863382394,68,70513261
1590,892.5540,100,1680,2619,1767559980868282802,68,70513261
1591,892.5540,100,1680,2619,1767559980877045291,68,70513261
1592,893.3260,100,1680,2619,1767559980880794989,68,70513261
1593,893.3260,100,1680,2619,1767559980884456335,68,70513261
1594,893.3260,100,1680,2619,1767559980888672845,68,70612921
1595,893.3260,100,1680,2619,1767559980908794634,68,70612921
1596,893.3260,100,1680,2619,1767559980918260445,68,70612921
1597,893.3260,100,1680,2619,1767559980922028446,68,70612921
1598,893.3260,100,1680,2619,1767559980925772064,68,70612921
1599,893.3260,100,1680,2619,1767559980932879750,68,70612921
1600,893.3260,100,1680,2619,1767559980941835262,68,70612921
1601,893.3260,100,1680,2619,1767559980945590655,67,70612921
1602,893.3260,100,1680,2619,1767559980950148090,67,70612921
1603,893.3260,100,1680,2619,1767559980959010163,67,70612921
1604,893.3260,100,1680,2619,1767559980963264528,67,70612921
1605,893.3260,100,1680,2619,1767559980966939730,67,70612921
1606,893.3260,100,1680,2619,1767559980970953106,67,70612921
1607,893.3260,100,1680,2619,1767559980979773386,67,70612921
1608,893.3260,100,1680,2619,1767559980983517484,67,70612921
1609,893.3260,100,1650,2619,1767559980988097863,67,70712543
1610,893.3260,100,1650,2619,1767559981008097573,67,70712543
1611,893.3260,100,1650,2619,1767559981017266298,67,70712543
1612,892.6190,100,1650,2619,1767559981021119227,67,70712543
1613,892.6190,100,1650,2619,1767559981024740926,67,70712543
1614,892.6190,100,1650,2619,1767559981028747517,67,70712543
1615,892.6190,100,1650,2619,1767559981037822036,67,70712543
1616,892.6190,100,1650,2619,1767559981042175056,67,70712543
1617,892.6190,100,1650,2619,1767559981046032401,67,70712543
1618,892.6190,100,1650,2619,1767559981050188911,67,70712543
1619,892.6190,100,1650,2619,1767559981057357717,67,70712543
1620,892.6190,100,1650,2619,1767559981061072823,67,70712543
1621,892.6190,100,1650,2619,1767559981064783961,67,70712543
1622,892.6190,100,1650,2619,1767559981068505883,67,70712543
1623,892.6190,100,1650,2619,1767559981078859975,67,70712543
1624,892.6190,100,1650,2619,1767559981082916358,67,70712543
1625,892.6190,100,1650,2619,1767559981086478377,67,70712543
1626,892.6190,100,1650,2619,1767559981093240498,67,70813212
1627,892.6190,100,1650,2619,1767559981107308096,67,70813212
1628,892.6190,100,1650,2619,1767559981111372031,67,70813212
1629,892.6190,100,1695,2619,1767559981117810955,67,70813212
1630,892.6190,100,1695,2619,1767559981121505357,67,70813212
1631,892.6190,100,1695,2619,1767559981125234575,67,70813212
1632,892.6190,100,1695,2619,1767559981132749074,67,70813212
1633,892.6190,100,1695,2619,1767559981139271069,67,70813212
1634,893.5100,100,1695,2619,1767559981143521179,67,70813212
1635,893.5100,100,1695,2619,1767559981147395451,67,70813212
1636,893.5100,100,1695,2619,1767559981151455323,67,70813212
1637,893.5100,100,1695,2619,1767559981157871719,67,70813212
1638,893.5100,100,1695,2619,1767559981161625608,67,70813212
1639,893.5100,100,1695,2619,1767559981165280042,67,70813212
1640,893.5100,100,1695,2619,1767559981170182051,67,70813212
1641,893.5100,100,1695,2619,1767559981176715662,67,70813212
1642,893.5100,100,1695,2619,1767559981180442448,67,70813212
1643,893.5100,100,1695,2619,1767559981184102930,67,70813212
1644,893.5100,100,1695,2619,1767559981188143985,68,70912167
1645,893.5100,100,1695,2619,1767559981205592068,68,70912167
1646,893.5100,100,1695,2619,1767559981210187390,68,70912167
1647,893.5100,100,1695,2619,1767559981219211765,68,70912167
1648,893.5100,100,1695,2619,1767559981223254164,68,70912167
1649,893.5100,100,1695,2619,1767559981226860823,68,70912167
1650,893.5100,100,1695,2619,1767559981233463106,68,70912167
1651,893.5100,100,1680,2619,1767559981239911277,68,70912167
1652,893.5100,100,1680,2619,1767559981244521032,68,70912167
1653,893.5100,100,1680,2619,1767559981248301609,68,70912167
1654,893.5100,100,1680,2619,1767559981256247305,68,70912167
1655,893.5400,100,1680,2619,1767559981259965643,68,70912167
1656,893.5400,100,1680,2619,1767559981263665741,68,70912167
1657,893.5400,100,1680,2619,1767559981267405583,68,70912167
1658,893.5400,100,1680,2619,1767559981271408430,68,70912167
1659,893.5400,100,1680,2619,1767559981277831514,68,70912167
1660,893.5400,100,1680,2619,1767559981281526460,68,70912167
1661,893.5400,100,1680,2619,1767559981285243358,68,70912167
1662,893.5400,100,1680,2619,1767559981290735377,68,71012786
1663,893.5400,100,1680,2619,1767559981308220004,68,71012786
1664,893.5400,100,1680,2619,1767559981318571984,68,71012786
1665,893.5400,100,1680,2619,1767559981322282834,68,71012786
1666,893.5400,100,1680,2619,1767559981325770773,68,71012786
1667,893.5400,100,1680,2619,1767559981332743869,68,71012786
1668,893.5400,100,1680,2619,1767559981340121185,68,71012786
1669,893.5400,100,1680,2619,1767559981343784611,68,71012786
1670,893.5400,100,1680,2619,1767559981348147264,68,71012786
1671,893.5400,100,1680,2619,1767559981357092472,68,71012786
1672,893.5400,100,1680,2619,1767559981360639323,68,71012786
1673,893.5400,100,1665,2619,1767559981364336637,68,71012786
1674,893.5400,100,1665,2619,1767559981368097982,68,71012786
1675,893.5400,100,1665,2619,1767559981378662921,68,71012786
1676,893.5400,100,1665,2619,1767559981382808455,68,71012786
1677,893.4110,100,1665,2619,1767559981386376874,68,71012786
1678,893.4110,100,1665,2619,1767559981392995829,68,71111895
1679,893.4110,100,1665,2619,1767559981407536063,68,71111895
1680,893.4110,100,1665,2619,1767559981416999858,68,71111895
1681,893.4110,100,1665,2619,1767559981420743444,68,71111895
1682,893.4110,100,1665,2619,1767559981424456469,68,71111895
1683,893.4110,100,1665,2619,1767559981429242575,68,71111895
1684,893.4110,100,1665,2619,1767559981439622715,68,71111895
1685,893.4110,100,1665,2619,1767559981443160958,67,71111895
1686,893.4110,100,1665,2619,1767559981447010399,67,71111895
1687,893.4110,100,1665,2619,1767559981456256148,67,71111895
1688,893.4110,100,1665,2619,1767559981460297139,67,71111895
1689,893.4110,100,1665,2619,1767559981463905366,67,71111895
1690,893.4110,100,1665,2619,1767559981467731863,67,71111895
1691,893.4110,100,1665,2619,1767559981476572783,67,71111895
1692,893.4110,100,1665,2619,1767559981480198098,67,71111895
1693,893.4110,100,1680,2619,1767559981484004627,67,71111895
1694,893.4110,100,1680,2619,1767559981488244528,67,71208146
1695,893.4110,100,1680,2619,1767559981508678955,67,71208146
1696,893.4110,100,1680,2619,1767559981518051647,67,71208146
1697,893.4540,100,1680,2619,1767559981521807328,67,71208146
1698,893.4540,100,1680,2619,1767559981526585370,67,71208146
1699,893.4540,100,1680,2619,1767559981530593049,67,71208146
1700,893.4540,100,1680,2619,1767559981537040805,67,71208146
1701,893.4540,100,1680,2619,1767559981540768967,67,71208146
1702,893.4540,100,1680,2619,1767559981544500488,67,71208146
1703,893.4540,100,1680,2619,1767559981548256042,67,71208146
1704,893.4540,100,1680,2619,1767559981558820724,67,71208146
1705,893.4540,100,1680,2619,1767559981562439703,67,71208146
1706,893.4540,100,1680,2619,1767559981565973562,68,71208146
1707,893.4540,100,1680,2619,1767559981570150040,68,71208146
1708,893.4540,100,1680,2619,1767559981576511941,68,71208146
1709,893.4540,100,1680,2619,1767559981580176999,68,71208146
1710,893.4540,100,1680,2619,1767559981584347173,68,71208146
1711,893.4540,100,1680,2619,1767559981588426084,68,71308764
1712,893.4540,100,1680,2619,1767559981606988622,68,71308764
1713,893.4540,100,1680,2619,1767559981610954222,68,71308764
1714,893.4540,100,1680,2619,1767559981618163219,68,71308764
1715,893.4540,100,1680,2619,1767559981621892597,68,71308764
1716,893.4540,100,1680,2619,1767559981625544727,68,71308764
1717,893.4540,100,1680,2619,1767559981632793469,68,71308764
1718,893.4540,100,1680,2619,1767559981641182457,68,71308764
1719,893.0890,100,1680,2619,1767559981644995450,68,71308764
1720,893.0890,100,1680,2619,1767559981650214287,68,71308764
1721,893.0890,100,1680,2619,1767559981657565396,68,71308764
1722,893.0890,100,1680,2619,1767559981661389269,68,71308764
1723,893.0890,100,1680,2619,1767559981665050359,68,71308764
1724,893.0890,100,1680,2619,1767559981670190221,68,71308764
1725,893.0890,100,1680,2619,1767559981679167749,68,71308764
1726,893.0890,100,1680,2619,1767559981682882631,68,71308764
1727,893.0890,100,1680,2619,1767559981686715080,67,71308764
1728,893.0890,100,1680,2619,1767559981693339442,67,71409205
1729,893.0890,100,1680,2619,1767559981708219833,67,71409205
1730,893.0890,100,1680,2619,1767559981716224952,67,71409205
1731,893.0890,100,1680,2619,1767559981719966394,67,71409205
1732,893.0890,100,1680,2619,1767559981723655964,67,71409205
1733,893.0890,100,1680,2619,1767559981727539069,67,71409205
1734,893.0890,100,1680,2619,1767559981739904728,67,71409205
1735,893.0890,100,1680,2619,1767559981743888952,67,71409205
1736,893.0890,100,1695,2619,1767559981747519451,67,71409205
1737,893.0890,100,1695,2619,1767559981756313171,67,71409205
1738,893.0890,100,1695,2619,1767559981760673328,67,71409205
1739,893.0890,100,1695,2619,1767559981764365554,67,71409205
1740,891.5530,100,1695,2619,1767559981768099476,67,71409205
1741,891.5530,100,1695,2619,1767559981776883693,67,71409205
1742,891.5530,100,1695,2619,1767559981780552143,67,71409205
1743,891.5530,100,1695,2619,1767559981784502959,67,71409205
1744,891.5530,100,1695,2619,1767559981788673517,67,71507857
1745,891.5530,100,1695,2619,1767559981806822554,67,71507857
1746,891.5530,100,1695,2619,1767559981810867257,67,71507857
1747,891.5530,100,1695,2619,1767559981818126334,68,71507857
1748,891.5530,100,1695,2619,1767559981821871168,68,71507857
1749,891.5530,100,1695,2619,1767559981825549858,68,71507857
1750,891.5530,100,1695,2619,1767559981830399867,68,71507857
1751,891.5530,100,1695,2619,1767559981839597840,68,71507857
1752,891.5530,100,1695,2619,1767559981843315634,68,71507857
1753,891.5530,100,1695,2619,1767559981846936373,68,71507857
1754,891.5530,100,1695,2619,1767559981851008500,68,71507857
1755,891.5530,100,1695,2619,1767559981859252369,68,71507857
1756,891.5530,100,1695,2619,1767559981863075122,68,71507857
1757,891.5530,100,1695,2619,1767559981866806100,68,71507857
1758,891.5530,100,1695,2619,1767559981870811923,68,71507857
1759,891.5530,100,1695,2619,1767559981882682227,68,71507857
1760,890.1190,100,1695,2619,1767559981888613795,68,71507857
1761,890.1190,100,1695,2619,1767559981923187339,68,71612306
1762,890.1190,100,1695,2619,1767559981932720061,68,71612306
1763,890.1190,100,1695,2619,1767559981941406199,68,71612306
1764,890.1190,100,1695,2619,1767559981944936346,68,71612306
1765,890.1190,100,1695,2619,1767559981948520157,68,71612306
1766,890.1190,100,1695,2619,1767559981957307382,68,71612306
1767,890.1190,100,1695,2619,1767559981961005208,68,71612306
1768,890.1190,100,1695,2619,1767559981965343573,68,71612306
1769,890.1190,100,1695,2619,1767559981970198254,68,71612306
1770,890.1190,100,1695,2619,1767559981977503890,68,71612306
1771,890.1190,100,1695,2619,1767559981981250804,68,71612306
1772,890.1190,100,1695,2619,1767559981984953494,68,71612306
1773,890.1190,100,1695,2619,1767559981990520521,68,71708705
1774,890.1190,100,1695,2619,1767559982008352920,68,71708705
1775,890.1190,100,1695,2619,1767559982018043338,68,71708705
1776,890.1190,100,1695,2619,1767559982021703404,68,71708705
1777,892.8120,100,1695,2619,1767559982025405582,68,71708705
1778,892.8120,100,1695,2619,1767559982032918065,68,71708705
1779,892.8120,100,1695,2619,1767559982040296789,68,71708705
1780,892.8120,100,1695,2619,1767559982043886904,68,71708705
1781,892.8120,100,1695,2619,1767559982047786105,68,71708705
1782,892.8120,100,1695,2619,1767559982056512754,68,71708705
1783,892.8120,100,1695,2619,1767559982060265267,68,71708705
1784,892.8120,100,1695,2619,1767559982064005173,68,71708705
1785,892.8120,100,1695,2619,1767559982068510545,68,71708705
1786,892.8120,100,1695,2619,1767559982076474800,68,71708705
1787,892.8120,100,1695,2619,1767559982080153234,68,71708705
1788,892.8120,100,1695,2619,1767559982084236305,68,71708705
1789,892.8120,100,1695,2619,1767559982088501615,68,71808070
1790,892.8120,100,1695,2619,1767559982107213879,68,71808070
1791,892.8120,100,1695,2619,1767559982111299094,68,71808070
1792,892.8120,100,1680,2619,1767559982118563355,68,71808070
1793,892.8120,100,1680,2619,1767559982122329084,68,71808070
1794,892.8120,100,1680,2619,1767559982126027134,68,71808070
1795,892.8120,100,1680,2619,1767559982132825799,68,71808070
1796,892.8120,100,1680,2619,1767559982140196619,68,71808070
1797,891.8240,100,1680,2619,1767559982143901901,68,71808070
1798,891.8240,100,1680,2619,1767559982147718287,68,71808070
1799,891.8240,100,1680,2619,1767559982156745061,68,71808070
1800,891.8240,100,1680,2619,1767559982160527975,68,71808070
1801,891.8240,100,1680,2619,1767559982164240745,68,71808070
1802,891.8240,100,1680,2619,1767559982167946731,68,71808070
1803,891.8240,100,1680,2619,1767559982176856066,68,71808070
1804,891.8240,100,1680,2619,1767559982180464677,68,71808070
1805,891.8240,100,1680,2619,1767559982184255558,68,71808070
1806,891.8240,100,1680,2619,1767559982188277286,68,71906711
1807,891.8240,100,1680,2619,1767559982207520266,68,71906711
1808,891.8240,100,1680,2619,1767559982216030181,68,71906711
1809,891.8240,100,1680,2619,1767559982219773286,68,71906711
1810,891.8240,100,1680,2619,1767559982223808038,68,71906711
1811,891.8240,100,1680,2619,1767559982227769190,68,71906711
1812,891.8240,100,1680,2619,1767559982238859244,68,71906711
1813,891.8240,100,1680,2619,1767559982242646861,68,71906711
1814,891.8240,100,1680,2619,1767559982246555245,68,71906711
1815,891.8240,100,1680,2619,1767559982250614956,68,71906711
1816,891.8240,100,1680,2619,1767559982257883441,68,71906711
1817,889.8890,100,1680,2619,1767559982261562868,68,71906711
1818,889.8890,100,1680,2619,1767559982265285493,68,71906711
1819,889.8890,100,1680,2619,1767559982270190478,68,71906711
1820,889.8890,100,1680,2619,1767559982279272388,68,71906711
1821,889.8890,100,1680,2619,1767559982283031398,68,71906711
1822,889.8890,100,1680,2619,1767559982286656616,68,71906711
1823,889.8890,100,1680,2619,1767559982293775375,68,72008131
1824,889.8890,100,1680,2619,1767559982310232041,68,72008131
1825,889.8890,100,1680,2619,1767559982320074681,68,72008131
1826,889.8890,100,1680,2619,1767559982323877947,68,72008131
1827,889.8890,100,1680,2619,1767559982327536189,68,72008131
1828,889.8890,100,1680,2619,1767559982338489700,68,72008131
1829,889.8890,100,1680,2619,1767559982342344101,68,72008131
1830,889.8890,100,1680,2619,1767559982345944776,68,72008131
1831,889.8890,100,1695,2619,1767559982350154854,68,72008131
1832,889.8890,100,1695,2619,1767559982356497778,68,72008131
1833,889.8890,100,1695,2619,1767559982360238292,68,72008131
1834,889.8890,100,1695,2619,1767559982364037013,68,72008131
1835,889.8890,100,1695,2619,1767559982367799798,68,72008131
1836,891.5940,100,1695,2619,1767559982378524576,68,72008131
1837,891.5940,100,1695,2619,1767559982382976027,68,72008131
1838,891.5940,100,1695,2619,1767559982386547454,68,72008131
1839,891.5940,100,1695,2619,1767559982393447591,68,72108896
1840,891.5940,100,1695,2619,1767559982409380325,68,72108896
1841,891.5940,100,1695,2619,1767559982418752185,68,72108896
1842,891.5940,100,1695,2619,1767559982422319453,69,72108896
1843,891.5940,100,1695,2619,1767559982427107542,69,72108896
1844,891.5940,100,1695,2619,1767559982433144037,69,72108896
1845,891.5940,100,1695,2619,1767559982442389242,69,72108896
1846,891.5940,100,1695,2619,1767559982446312634,69,72108896
1847,891.5940,100,1695,2619,1767559982450448792,69,72108896
1848,891.5940,100,1695,2619,1767559982459199826,69,72108896
1849,891.5940,100,1695,2619,1767559982462734581,69,72108896
1850,891.5940,100,1665,2619,1767559982466365623,69,72108896
1851,891.5940,100,1665,2619,1767559982470427863,69,72108896
1852,891.5940,100,1665,2619,1767559982477845594,69,72108896
1853,891.5940,100,1665,2619,1767559982481529117,69,72108896
1854,891.5940,100,1665,2619,1767559982485954745,69,72108896
1855,892.9220,100,1665,2619,1767559982492049063,69,72206880
1856,892.9220,100,1665,2619,1767559982507963942,69,72206880
1857,892.9220,100,1665,2619,1767559982515910534,69,72206880
1858,892.9220,100,1665,2619,1767559982519642952,69,72206880
1859,892.9220,100,1665,2619,1767559982523355369,69,72206880
1860,892.9220,100,1665,2619,1767559982527098283,69,72206880
1861,892.9220,100,1665,2619,1767559982531261257,69,72206880
1862,892.9220,100,1665,2619,1767559982538704429,69,72206880
1863,892.9220,100,1665,2619,1767559982542363343,68,72206880
1864,892.9220,100,1665,2619,1767559982546273392,68,72206880
1865,892.9220,100,1665,2619,1767559982550322479,68,72206880
1866,892.9220,100,1665,2619,1767559982557595700,68,72206880
1867,892.9220,100,1665,2619,1767559982561686995,68,72206880
1868,892.9220,100,1665,2619,1767559982565299669,68,72206880
1869,892.9220,100,1665,2619,1767559982570153230,68,72206880
1870,892.9220,100,1665,2619,1767559982577702673,68,72206880
1871,892.9220,100,1665,2619,1767559982581377043,68,72206880
1872,892.9220,100,1680,2619,1767559982585102293,68,72206880
1873,892.9220,100,1680,2619,1767559982590635880,68,72304989
1874,892.9220,100,1680,2619,1767559982607032035,68,72304989
1875,892.9220,100,1680,2619,1767559982611112002,68,72304989
1876,891.9960,100,1680,2619,1767559982619934011,68,72304989
1877,891.9960,100,1680,2619,1767559982623624445,68,72304989
1878,891.9960,100,1680,2619,1767559982627171936,68,72304989
1879,891.9960,100,1680,2619,1767559982633562540,68,72304989
1880,891.9960,100,1680,2619,1767559982640072407,68,72304989
1881,891.9960,100,1680,2619,1767559982644604851,68,72304989
1882,891.9960,100,1680,2619,1767559982648455507,68,72304989
1883,891.9960,100,1680,2619,1767559982657177037,68,72304989
1884,891.9960,100,1680,2619,1767559982660857391,68,72304989
1885,891.9960,100,1680,2619,1767559982664578641,68,72304989
1886,891.9960,100,1680,2619,1767559982668360690,68,72304989
1887,891.9960,100,1680,2619,1767559982677100139,68,72304989
1888,891.9960,100,1680,2619,1767559982680956716,68,72304989
1889,891.9960,100,1680,2619,1767559982684736525,68,72304989
1890,891.9960,100,1680,2619,1767559982688924779,68,72405131
1891,891.9960,100,1680,2619,1767559982706401278,68,72405131
1892,891.9960,100,1695,2619,1767559982710426589,68,72405131
1893,891.9960,100,1695,2619,1767559982717066151,68,72405131
1894,894.4650,100,1695,2619,1767559982720727978,68,72405131
1895,894.4650,100,1695,2619,1767559982724429292,68,72405131
1896,894.4650,100,1695,2619,1767559982729054502,68,72405131
1897,894.4650,100,1695,2619,1767559982738686200,68,72405131
1898,894.4650,100,1695,2619,1767559982742248123,68,72405131
1899,894.4650,100,1695,2619,1767559982746174235,68,72405131
1900,894.4650,100,1695,2619,1767559982750242618,68,72405131
1901,894.4650,100,1695,2619,1767559982757750749,68,72405131
1902,894.4650,100,1695,2619,1767559982761489215,68,72405131
1903,894.4650,100,1695,2619,1767559982765058658,68,72405131
1904,894.4650,100,1695,2619,1767559982770223512,69,72405131
1905,894.4650,100,1695,2619,1767559982776649732,69,72405131
1906,894.4650,100,1695,2619,1767559982780366566,69,72405131
1907,894.4650,100,1695,2619,1767559982784454853,69,72405131
1908,894.4650,100,1695,2619,1767559982788503268,69,72505965
1909,894.4650,100,1695,2619,1767559982808429539,69,72505965
1910,894.4650,100,1695,2619,1767559982816862558,69,72505965
1911,894.4650,100,1695,2619,1767559982820464321,69,72505965
1912,894.4650,100,1695,2619,1767559982824122371,69,72505965
1913,894.4650,100,1695,2619,1767559982828572159,69,72505965
1914,894.4650,100,1695,2619,1767559982838459663,69,72505965
1915,894.4650,100,1695,2619,1767559982842143057,69,72505965
1916,895.9510,100,1695,2619,1767559982845928211,69,72505965
1917,895.9510,100,1695,2619,1767559982850162512,69,72505965
1918,895.9510,100,1695,2619,1767559982856829306,69,72505965
1919,895.9510,100,1695,2619,1767559982860551068,69,72505965
1920,895.9510,100,1695,2619,1767559982864298494,69,72505965
1921,895.9510,100,1695,2619,1767559982868011520,69,72505965
1922,895.9510,100,1695,2619,1767559982876840088,69,72505965
1923,895.9510,100,1695,2619,1767559982882734376,69,72505965
1924,895.9510,100,1695,2619,1767559982886444202,69,72505965
1925,895.9510,100,1695,2619,1767559982893270163,69,72607628
1926,895.9510,100,1695,2619,1767559982908285721,69,72607628
1927,895.9510,100,1695,2619,1767559982917165457,69,72607628
1928,895.9510,100,1695,2619,1767559982921440686,69,72607628
1929,895.9510,100,1695,2619,1767559982925104209,69,72607628
1930,895.9510,100,1695,2619,1767559982932818642,69,72607628
1931,895.9510,100,1695,2619,1767559982940158199,69,72607628
1932,895.9510,100,1680,2619,1767559982943806713,69,72607628
1933,895.9510,100,1680,2619,1767559982947597050,69,72607628
1934,895.9510,100,1680,2619,1767559982958210564,69,72607628
1935,895.9510,100,1680,2619,1767559982961845799,69,72607628
1936,893.4980,100,1680,2619,1767559982965421386,69,72607628
1937,893.4980,100,1680,2619,1767559982970148708,69,72607628
1938,893.4980,100,1680,2619,1767559982977472552,69,72607628
1939,893.4980,100,1680,2619,1767559982981142667,69,72607628
1940,893.4980,100,1680,2619,1767559982984745453,69,72607628
1941,893.4980,100,1680,2619,1767559982988971691,69,72704756
1942,893.4980,100,1680,2619,1767559983006209919,69,72704756
1943,893.4980,100,1680,2619,1767559983010209215,69,72704756
1944,893.4980,100,1680,2619,1767559983019255670,69,72704756
1945,893.4980,100,1680,2619,1767559983023518451,69,72704756
1946,893.4980,100,1680,2619,1767559983027351444,69,72704756
1947,893.4980,100,1680,2619,1767559983037592961,69,72704756
1948,893.4980,100,1680,2619,1767559983041126852,69,72704756
1949,893.4980,100,1680,2619,1767559983044838726,69,72704756
1950,893.4980,100,1680,2619,1767559983048501832,69,72704756
1951,893.4980,100,1680,2619,1767559983056401000,69,72704756
1952,893.4980,100,1680,2619,1767559983060112074,69,72704756
1953,893.4980,100,1680,2619,1767559983063916460,69,72704756
1954,893.4980,100,1680,2619,1767559983067688109,69,72704756
1955,893.4980,100,1680,2619,1767559983075663660,69,72704756
1956,893.4980,100,1680,2619,1767559983079368046,69,72704756
1957,893.0720,100,1680,2619,1767559983083089712,69,72704756
1958,893.0720,100,1680,2619,1767559983088082120,69,72804348
1959,893.0720,100,1680,2619,1767559983106825296,69,72804348
1960,893.0720,100,1680,2619,1767559983110955470,69,72804348
1961,893.0720,100,1680,2619,1767559983118054901,69,72804348
1962,893.0720,100,1680,2619,1767559983121778102,69,72804348
1963,893.0720,100,1680,2619,1767559983125941525,69,72804348
1964,893.0720,100,1680,2619,1767559983132939548,69,72804348
1965,893.0720,100,1680,2619,1767559983140292192,69,72804348
1966,893.0720,100,1680,2619,1767559983144008898,69,72804348
1967,893.0720,100,1680,2619,1767559983147673189,69,72804348
1968,893.0720,100,1680,2619,1767559983156437886,69,72804348
1969,893.0720,100,1680,2619,1767559983160461277,69,72804348
1970,893.0720,100,1680,2619,1767559983164133279,69,72804348
1971,893.0720,100,1680,2619,1767559983167920320,69,72804348
1972,893.0720,100,1680,2619,1767559983176773657,69,72804348
1973,893.0720,100,1680,2619,1767559983180387931,69,72804348
1974,893.0720,100,1680,2619,1767559983184287516,69,72804348
1975,893.0720,100,1680,2619,1767559983188320635,69,72903596
1976,893.0720,100,1680,2619,1767559983206830629,69,72903596
1977,893.0720,100,1680,2619,1767559983210878564,69,72903596
1978,893.4090,100,1680,2619,1767559983219319232,69,72903596
1979,893.4090,100,1680,2619,1767559983223066881,69,72903596
1980,893.4090,100,1680,2619,1767559983227348863,69,72903596
1981,893.4090,100,1680,2619,1767559983233711627,69,72903596
1982,893.4090,100,1680,2619,1767559983241054544,69,72903596
1983,893.4090,100,1680,2619,1767559983244970064,69,72903596
1984,893.4090,100,1680,2619,1767559983250245125,69,72903596
1985,893.4090,100,1680,2619,1767559983257580682,69,72903596
1986,893.4090,100,1680,2619,1767559983261238668,69,72903596
1987,893.4090,100,1680,2619,1767559983264955758,69,72903596
1988,893.4090,100,1680,2619,1767559983270246851,69,72903596
1989,893.4090,100,1680,2619,1767559983277749958,69,72903596
1990,893.4090,100,1680,2619,1767559983281476552,69,72903596
1991,893.4090,100,1680,2619,1767559983285258217,69,72903596
1992,893.4090,100,1680,2619,1767559983290747165,69,73003165
1993,893.4090,100,1680,2619,1767559983309459141,69,73003165
1994,893.4090,100,1680,2619,1767559983318218654,69,73003165
1995,893.4090,100,1680,2619,1767559983321924992,69,73003165
1996,892.3320,100,1680,2619,1767559983326605946,69,73003165
1997,892.3320,100,1680,2619,1767559983332800456,69,73003165
1998,892.3320,100,1680,2619,1767559983340110893,69,73003165
1999,892.3320,100,1680,2619,1767559983343975437,69,73003165
2000,892.3320,100,1680,2619,1767559983347709295,69,73003165
2001,892.3320,100,1680,2619,1767559983356491816,69,73003165
2002,892.3320,100,1680,2619,1767559983360150922,69,73003165
2003,892.3320,100,1680,2619,1767559983363729581,69,73003165
2004,892.3320,100,1680,2619,1767559983367450223,69,73003165
2005,892.3320,100,1680,2619,1767559983376295207,69,73003165
2006,892.3320,100,1680,2619,1767559983380007529,69,73003165
2007,892.3320,100,1680,2619,1767559983384433093,69,73003165
2008,892.3320,100,1680,2619,1767559983388506980,69,73100950
2009,892.3320,100,1680,2619,1767559983408628769,69,73100950
2010,892.3320,100,1680,2619,1767559983417285595,69,73100950
2011,892.3320,100,1680,2619,1767559983420781759,69,73100950
2012,892.3320,100,1680,2619,1767559983424508064,69,73100950
2013,892.3320,100,1680,2619,1767559983428444161,69,73100950
2014,892.3320,100,1680,2619,1767559983437751189,69,73100950
2015,890.5010,100,1680,2619,1767559983441508023,69,73100950
2016,890.5010,100,1680,2619,1767559983445211033,69,73100950
2017,890.5010,100,1680,2619,1767559983450204368,69,73100950
2018,890.5010,100,1680,2619,1767559983457521237,69,73100950
2019,890.5010,100,1680,2619,1767559983461186807,69,73100950
2020,890.5010,100,1680,2619,1767559983464896793,69,73100950
2021,890.5010,100,1680,2619,1767559983468682842,69,73100950
2022,890.5010,100,1680,2619,1767559983477435571,69,73100950
2023,890.5010,100,1680,2619,1767559983480967511,69,73100950
2024,890.5010,100,1680,2619,1767559983484686905,69,73100950
2025,890.5010,100,1680,2619,1767559983488892471,69,73201755
2026,890.5010,100,1680,2619,1767559983506633159,69,73201755
2027,890.5010,100,1680,2619,1767559983510733894,69,73201755
2028,890.5010,100,1680,2619,1767559983517214161,69,73201755
2029,890.5010,100,1680,2619,1767559983520908755,69,73201755
2030,890.5010,100,1680,2619,1767559983524609013,69,73201755
2031,890.5010,100,1680,2619,1767559983529536717,69,73201755
2032,890.5010,100,1680,2619,1767559983539133855,69,73201755
2033,890.5010,100,1695,2619,1767559983542655587,69,73201755
2034,890.5010,100,1695,2619,1767559983547659802,69,73201755
2035,890.5010,100,1695,2619,1767559983557589418,69,73201755
2036,890.5010,100,1695,2619,1767559983561286124,69,73201755
2037,894.3220,100,1695,2619,1767559983564765456,69,73201755
2038,894.3220,100,1695,2619,1767559983568514897,69,73201755
2039,894.3220,100,1695,2619,1767559983577376425,69,73201755
2040,894.3220,100,1695,2619,1767559983581050507,69,73201755
2041,894.3220,100,1695,2619,1767559983584812429,69,73201755
2042,894.3220,100,1695,2619,1767559983588793773,69,73302307
2043,894.3220,100,1695,2619,1767559983607148440,69,73302307
2044,894.3220,100,1695,2619,1767559983611183767,69,73302307
2045,894.3220,100,1695,2619,1767559983618497084,69,73302307
2046,894.3220,100,1695,2619,1767559983622439452,69,73302307
2047,894.3220,100,1695,2619,1767559983626228445,69,73302307
2048,894.3220,100,1695,2619,1767559983630473819,69,73302307
2049,894.3220,100,1695,2619,1767559983639796719,69,73302307
2050,894.3220,100,1695,2619,1767559983643621040,69,73302307
2051,894.3220,100,1695,2619,1767559983647245491,69,73302307
2052,894.3220,100,1695,2619,1767559983651310930,69,73302307
2053,894.3220,100,1695,2619,1767559983658551991,69,73302307
2054,894.3220,100,1695,2619,1767559983662233785,69,73302307
2055,894.3220,100,1695,2619,1767559983665947163,69,73302307
2056,894.3220,100,1695,2619,1767559983670242360,69,73302307
2057,894.3220,100,1695,2619,1767559983676696516,69,73302307
2058,894.3220,100,1695,2619,1767559983680417126,69,73302307
2059,894.1730,100,1695,2619,1767559983684169480,69,73302307
2060,894.1730,100,1695,2619,1767559983688294726,69,73401423
2061,894.1730,100,1695,2619,1767559983706573842,69,73401423
2062,894.1730,100,1695,2619,1767559983710709936,69,73401423
2063,894.1730,100,1695,2619,1767559983717168988,69,73401423
2064,894.1730,100,1695,2619,1767559983720892030,69,73401423
2065,894.1730,100,1695,2619,1767559983724545120,69,73401423
2066,894.1730,100,1695,2619,1767559983729516312,69,73401423
2067,894.1730,100,1695,2619,1767559983739846500,69,73401423
2068,894.1730,100,1695,2619,1767559983744157409,69,73401423
2069,894.1730,100,1695,2619,1767559983748000322,69,73401423
2070,894.1730,100,1695,2619,1767559983756795739,69,73401423
2071,894.1730,100,1695,2619,1767559983760863578,69,73401423
2072,894.1730,100,1695,2619,1767559983765722674,69,73401423
2073,894.1730,100,1695,2619,1767559983770283566,69,73401423
2074,894.1730,100,1695,2619,1767559983779040103,69,73401423
2075,894.1730,100,1695,2619,1767559983782827688,69,73401423
2076,894.1730,100,1695,2619,1767559983786457578,69,73401423
2077,894.1730,100,1695,2619,1767559983793151668,69,73505431
2078,894.1730,100,1695,2619,1767559983809556271,69,73505431
2079,894.1730,100,1695,2619,1767559983818897155,69,73505431
2080,894.6140,100,1695,2619,1767559983822482502,69,73505431
2081,894.6140,100,1695,2619,1767559983826279880,69,73505431
2082,894.6140,100,1695,2619,1767559983833021553,69,73505431
2083,894.6140,100,1695,2619,1767559983842029287,69,73505431
2084,894.6140,100,1695,2619,1767559983846393635,69,73505431
2085,894.6140,100,1695,2619,1767559983850456290,69,73505431
2086,894.6140,100,1695,2619,1767559983857729063,69,73505431
2087,894.6140,100,1695,2619,1767559983861315082,69,73505431
2088,894.6140,100,1695,2619,1767559983864949613,69,73505431
2089,894.6140,100,1695,2619,1767559983870218018,69,73505431
2090,894.6140,100,1695,2619,1767559983878653694,69,73505431
2091,894.6140,100,1695,2619,1767559983883665525,69,73505431
2092,894.6140,100,1695,2619,1767559983888146417,69,73601643
2093,894.6140,100,1695,2619,1767559983908364365,69,73601643
2094,894.6140,100,1695,2619,1767559983917983103,69,73601643
2095,894.6140,100,1680,2619,1767559983921594306,69,73601643
2096,894.6140,100,1680,2619,1767559983925261220,69,73601643
2097,894.6140,100,1680,2619,1767559983932552425,69,73601643
2098,894.6140,100,1680,2619,1767559983939214515,69,73601643
2099,893.4410,100,1680,2619,1767559983942779382,69,73601643
2100,893.4410,100,1680,2619,1767559983947159731,69,73601643
2101,893.4410,100,1680,2619,1767559983951237265,69,73601643
2102,893.4410,100,1680,2619,1767559983960012746,69,73601643
2103,893.4410,100,1680,2619,1767559983963556366,69,73601643
2104,893.4410,100,1680,2619,1767559983967177040,69,73601643
2105,893.4410,100,1680,2619,1767559983971269871,69,73601643
2106,893.4410,100,1680,2619,1767559983977937401,69,73601643
2107,893.4410,100,1680,2619,1767559983981671707,69,73601643
2108,893.4410,100,1680,2619,1767559983986326485,69,73601643
2109,893.4410,100,1680,2619,1767559983990825457,69,73703369
2110,893.4410,100,1680,2619,1767559984005957174,69,73703369
2111,893.4410,100,1680,2619,1767559984010160820,69,73703369
2112,893.4410,100,1680,2619,1767559984016654943,69,73703369
2113,893.4410,100,1680,2619,1767559984020303010,69,73703369
2114,893.4410,100,1680,2619,1767559984024024387,69,73703369
2115,893.4410,100,1680,2619,1767559984028268065,69,73703369
2116,893.4410,100,1680,2619,1767559984038166769,69,73703369
2117,893.4410,100,1680,2619,1767559984041903666,69,73703369
2118,893.4410,100,1680,2619,1767559984045625140,69,73703369
2119,893.4410,100,1680,2619,1767559984050193071,69,73703369
2120,893.4410,100,1680,2619,1767559984057462068,69,73703369
2121,893.8840,100,1680,2619,1767559984061179734,69,73703369
2122,893.8840,100,1680,2619,1767559984064878744,69,73703369
2123,893.8840,100,1680,2619,1767559984068636762,69,73703369
2124,893.8840,100,1680,2619,1767559984077392307,69,73703369
2125,893.8840,100,1680,2619,1767559984081077269,69,73703369
2126,893.8840,100,1680,2619,1767559984084804183,69,73703369
2127,893.8840,100,1680,2619,1767559984089068244,69,73802718
2128,893.8840,100,1680,2619,1767559984108388632,69,73802718
2129,893.8840,100,1680,2619,1767559984116409591,69,73802718
2130,893.8840,100,1680,2619,1767559984120091897,69,73802718
2131,893.8840,100,1680,2619,1767559984123795547,69,73802718
2132,893.8840,100,1680,2619,1767559984127653083,69,73802718
2133,893.8840,100,1680,2619,1767559984138698370,69,73802718
2134,893.8840,100,1680,2619,1767559984142282469,69,73802718
2135,893.8840,100,1680,2619,1767559984146011783,69,73802718
2136,893.8840,100,1680,2619,1767559984150191845,69,73802718
2137,893.8840,100,1680,2619,1767559984156586321,69,73802718
2138,893.8840,100,1680,2619,1767559984160302067,69,73802718
2139,893.8840,100,1680,2619,1767559984164018581,69,73802718
2140,893.8840,100,1680,2619,1767559984167750454,69,73802718
2141,893.8840,100,1680,2619,1767559984175640342,69,73802718
2142,893.8840,100,1680,2619,1767559984179365976,69,73802718
2143,894.3680,100,1680,2619,1767559984183472791,69,73802718
2144,894.3680,100,1680,2619,1767559984188125169,69,73901039
2145,894.3680,100,1680,2619,1767559984208262606,69,73901039
2146,894.3680,100,1680,2619,1767559984217859552,69,73901039
2147,894.3680,100,1680,2619,1767559984221661889,69,73901039
2148,894.3680,100,1680,2619,1767559984225378723,69,73901039
2149,894.3680,100,1680,2619,1767559984232936390,69,73901039
2150,894.3680,100,1680,2619,1767559984240245035,69,73901039
2151,894.3680,100,1680,2619,1767559984244205323,69,73901039
2152,894.3680,100,1680,2619,1767559984248098859,69,73901039
2153,894.3680,100,1680,2619,1767559984258645078,69,73901039
2154,894.3680,100,1680,2619,1767559984263313104,69,73901039
2155,894.3680,100,1680,2619,1767559984266923314,69,73901039
2156,894.3680,100,1680,2619,1767559984270929714,69,73901039
2157,894.3680,100,1680,2619,1767559984278265334,69,73901039
2158,894.3680,100,1680,2619,1767559984282097495,69,73901039
2159,894.3680,100,1680,2619,1767559984285696858,69,73901039
2160,894.3680,100,1680,2619,1767559984291585258,69,74001031
2161,894.3680,100,1680,2619,1767559984309383482,69,74001031
2162,894.3680,100,1680,2619,1767559984317320058,69,74001031
2163,894.4440,100,1680,2619,1767559984321201402,69,74001031
2164,894.4440,100,1680,2619,1767559984325903572,69,74001031
2165,894.4440,100,1680,2619,1767559984332917339,69,74001031
2166,894.4440,100,1680,2619,1767559984340256672,69,74001031
2167,894.4440,100,1680,2619,1767559984343918210,69,74001031
2168,894.4440,100,1680,2619,1767559984347715907,69,74001031
2169,894.4440,100,1680,2619,1767559984356536988,69,74001031
2170,894.4440,100,1680,2619,1767559984360125119,69,74001031
2171,894.4440,100,1680,2619,1767559984364344253,69,74001031
2172,894.4440,100,1680,2619,1767559984368134782,69,74001031
2173,894.4440,100,1680,2619,1767559984377005270,69,74001031
2174,894.4440,100,1680,2619,1767559984381009238,69,74001031
2175,894.4440,100,1680,2619,1767559984384715928,69,74001031
2176,894.4440,100,1680,2619,1767559984388841622,69,74099084
2177,894.4440,100,1680,2619,1767559984407052322,69,74099084
2178,894.4440,100,1680,2619,1767559984411101666,69,74099084
2179,894.4440,100,1680,2619,1767559984419995066,69,74099084
2180,894.4440,100,1680,2619,1767559984423892954,69,74099084
2181,894.4440,100,1680,2619,1767559984428115128,69,74099084
2182,894.4440,100,1680,2619,1767559984439968376,69,74099084
2183,894.1450,100,1680,2619,1767559984443741241,69,74099084
2184,894.1450,100,1680,2619,1767559984447563482,69,74099084
2185,894.1450,100,1680,2619,1767559984456403090,69,74099084
2186,894.1450,100,1680,2619,1767559984459942742,69,74099084
2187,894.1450,100,1680,2619,1767559984463855126,69,74099084
2188,894.1450,100,1680,2619,1767559984468189651,69,74099084
2189,894.1450,100,1680,2619,1767559984476937964,69,74099084
2190,894.1450,100,1680,2619,1767559984480482063,69,74099084
2191,894.1450,100,1680,2619,1767559984484272753,69,74099084
2192,894.1450,100,1680,2619,1767559984488438415,69,74199063
2193,894.1450,100,1680,2619,1767559984508443821,69,74199063
2194,894.1450,100,1680,2619,1767559984516921864,69,74199063
2195,894.1450,100,1680,2619,1767559984520482635,69,74199063
2196,894.1450,100,1680,2619,1767559984524292396,69,74199063
2197,894.1450,100,1680,2619,1767559984529055493,69,74199063
2198,894.1450,100,1680,2619,1767559984538989557,69,74199063
2199,894.1450,100,1680,2619,1767559984542564728,69,74199063
2200,894.1450,100,1680,2619,1767559984547476656,69,74199063
2201,894.1450,100,1680,2619,1767559984555975051,69,74199063
2202,894.1450,100,1680,2619,1767559984559651021,69,74199063
2203,894.0060,100,1680,2619,1767559984563353135,69,74199063
2204,894.0060,100,1680,2619,1767559984567122161,69,74199063
2205,894.0060,100,1680,2619,1767559984575930282,69,74199063
2206,894.0060,100,1680,2619,1767559984579675691,69,74199063
2207,894.0060,100,1680,2619,1767559984583533804,69,74199063
2208,894.0060,100,1680,2619,1767559984588103559,69,74298911
2209,894.0060,100,1680,2619,1767559984606530289,69,74298911
2210,894.0060,100,1680,2619,1767559984610626576,69,74298911
2211,894.0060,100,1680,2619,1767559984617888853,70,74298911
2212,894.0060,100,1680,2619,1767559984621622807,70,74298911
2213,894.0060,100,1680,2619,1767559984625266362,70,74298911
2214,894.0060,100,1680,2619,1767559984633065850,70,74298911
2215,894.0060,100,1680,2619,1767559984640447039,70,74298911
2216,894.0060,100,1680,2619,1767559984644105697,70,74298911
2217,894.0060,100,1680,2619,1767559984647888834,70,74298911
2218,894.0060,100,1680,2619,1767559984657754578,70,74298911
2219,894.0060,100,1680,2619,1767559984661498996,70,74298911
2220,894.0060,100,1680,2619,1767559984665200950,70,74298911
2221,894.0060,100,1680,2619,1767559984670149998,70,74298911
2222,894.0060,100,1680,2619,1767559984677645905,70,74298911
2223,894.0060,100,1680,2619,1767559984681338771,70,74298911
2224,893.7020,100,1680,2619,1767559984684994069,70,74298911
2225,893.7020,100,1680,2619,1767559984690695847,70,74398830
2226,893.7020,100,1680,2619,1767559984707393536,70,74398830
2227,893.7020,100,1680,2619,1767559984711367776,70,74398830
2228,893.7020,100,1680,2619,1767559984718700708,70,74398830
2229,893.7020,100,1680,2619,1767559984722420134,70,74398830
2230,893.7020,100,1680,2619,1767559984726070984,70,74398830
2231,893.7020,100,1680,2619,1767559984733014064,70,74398830
2232,893.7020,100,1680,2619,1767559984740405684,70,74398830
2233,893.7020,100,1680,2619,1767559984744172950,70,74398830
2234,893.7020,100,1680,2619,1767559984748002871,70,74398830
2235,893.7020,100,1680,2619,1767559984758453250,70,74398830
2236,893.7020,100,1680,2619,1767559984762484289,70,74398830
2237,893.7020,100,1680,2619,1767559984765988485,70,74398830
2238,893.7020,100,1680,2619,1767559984770215523,70,74398830
2239,893.7020,100,1680,2619,1767559984777457928,70,74398830
2240,893.7020,100,1680,2619,1767559984781689734,70,74398830
2241,893.7020,100,1680,2619,1767559984785223945,70,74398830
2242,893.7020,100,1695,2619,1767559984790739516,70,74498164
2243,893.7020,100,1695,2619,1767559984807074648,70,74498164
2244,893.7020,100,1695,2619,1767559984811139927,70,74498164
2245,890.8510,100,1695,2619,1767559984819848816,70,74498164
2246,890.8510,100,1695,2619,1767559984825883711,70,74498164
2247,890.8510,100,1695,2619,1767559984833292323,70,74498164
2248,890.8510,100,1695,2619,1767559984854579447,70,74498164
2249,890.8510,100,1695,2619,1767559984863759628,70,74498164
2250,890.8510,100,1695,2619,1767559984867923627,70,74498164
2251,890.8510,100,1695,2619,1767559984876076232,70,74498164
2252,890.8510,100,1695,2619,1767559984880073928,70,74498164
2253,890.8510,100,1695,2619,1767559984884324390,70,74498164
2254,890.8510,100,1695,2619,1767559984891241038,70,74599143
2255,890.8510,100,1695,2619,1767559984907051565,70,74599143
2256,890.8510,100,1695,2619,1767559984911018349,70,74599143
2257,890.8510,100,1695,2619,1767559984920050788,70,74599143
2258,890.8510,100,1695,2619,1767559984923781158,70,74599143
2259,890.8510,100,1695,2619,1767559984927346953,70,74599143
2260,890.8510,100,1695,2619,1767559984933650614,70,74599143
2261,894.6330,100,1695,2619,1767559984940231648,70,74599143
2262,894.6330,100,1695,2619,1767559984943954786,70,74599143
2263,894.6330,100,1695,2619,1767559984947809251,70,74599143
2264,894.6330,100,1695,2619,1767559984956632091,70,74599143
2265,894.6330,100,1695,2619,1767559984960434205,70,74599143
2266,894.6330,100,1695,2619,1767559984964140031,70,74599143
2267,894.6330,100,1695,2619,1767559984967989919,70,74599143
2268,894.6330,100,1695,2619,1767559984976608153,70,74599143
2269,894.6330,100,1695,2619,1767559984980372059,70,74599143
2270,894.6330,100,1695,2619,1767559984985274515,70,74599143
2271,894.6330,100,1695,2619,1767559984990316266,70,74698330
2272,894.6330,100,1695,2619,1767559985006844388,70,74698330
2273,894.6330,100,1695,2619,1767559985010849124,70,74698330
2274,894.6330,100,1695,2619,1767559985018166345,70,74698330
2275,894.6330,100,1680,2619,1767559985022061865,70,74698330
2276,894.6330,100,1680,2619,1767559985025764715,70,74698330
2277,894.6330,100,1680,2619,1767559985032556212,70,74698330
2278,894.6330,100,1680,2619,1767559985041841353,70,74698330
2279,891.5540,100,1680,2619,1767559985045547659,70,74698330
2280,891.5540,100,1680,2619,1767559985050164549,70,74698330
2281,891.5540,100,1680,2619,1767559985059161052,70,74698330
2282,891.5540,100,1680,2619,1767559985063015357,70,74698330
2283,891.5540,100,1680,2619,1767559985066634784,70,74698330
2284,891.5540,100,1680,2619,1767559985070689951,70,74698330
2285,891.5540,100,1680,2619,1767559985079671350,70,74698330
2286,891.5540,100,1680,2619,1767559985083355640,70,74698330
2287,891.5540,100,1680,2619,1767559985088131505,69,74790906
2288,891.5540,100,1680,2619,1767559985109648835,69,74790906
2289,891.5540,100,1680,2619,1767559985118270141,69,74790906
2290,891.5540,100,1680,2619,1767559985121807616,69,74790906
2291,891.5540,100,1680,2619,1767559985125540578,69,74790906
2292,891.5540,100,1680,2619,1767559985132820551,69,74790906
2293,891.5540,100,1680,2619,1767559985142230107,69,74790906
2294,891.5540,100,1815,2619,1767559985146191451,69,74790906
2295,891.5540,100,1815,2619,1767559985150255770,69,74790906
2296,891.5540,100,1815,2619,1767559985157640510,69,74790906
2297,891.5540,100,1815,2619,1767559985161364064,69,74790906
2298,883.9470,100,1815,2619,1767559985165104417,69,74790906
2299,883.9470,100,1815,2619,1767559985170146649,69,74790906
2300,883.9470,100,1815,2619,1767559985179181263,69,74790906
2301,883.9470,100,1815,2619,1767559985182916625,69,74790906
2302,883.9470,100,1815,2619,1767559985186525396,69,74790906
2303,883.9470,100,1815,2619,1767559985193366364,69,74890866
2304,883.9470,100,1815,2619,1767559985209584857,69,74890866
2305,883.9470,100,1815,2619,1767559985218783054,69,74890866
2306,883.9470,100,1815,2619,1767559985222526128,68,74890866
2307,883.9470,100,1815,2619,1767559985226336241,68,74890866
2308,883.9470,100,1815,2619,1767559985233234713,68,74890866
2309,883.9470,100,1815,2619,1767559985242331983,68,74890866
2310,883.9470,100,1815,2619,1767559985246243216,68,74890866
2311,883.9470,100,1815,2619,1767559985250365006,68,74890866
2312,883.9470,100,1815,2619,1767559985256842522,68,74890866
2313,883.9470,100,1815,2619,1767559985260440765,68,74890866
2314,883.9470,100,1710,2619,1767559985264109503,68,74890866
2315,883.9470,100,1710,2619,1767559985267530307,68,74890866
2316,883.9470,100,1710,2619,1767559985271560163,68,74890866
2317,883.9470,100,1710,2619,1767559985280494010,68,74890866
2318,883.9470,100,1710,2619,1767559985283995838,68,74890866
2319,878.4410,100,1710,2619,1767559985288341178,68,74977397
2320,878.4410,100,1710,2619,1767559985309333680,68,74977397
2321,878.4410,100,1710,2619,1767559985340601779,68,74977397
2322,878.4410,100,1710,2619,1767559985349320940,57,74977397
2323,878.4410,100,1710,2619,1767559985361178348,57,74977397
2324,878.4410,100,1710,2619,1767559985365703303,57,74977397
2325,878.4410,100,1710,2619,1767559985369945029,57,74977397
2326,878.4410,100,1710,2619,1767559985378806493,57,74977397
2327,878.4410,100,1710,2619,1767559985384673422,57,74977397
2328,878.4410,100,1710,2619,1767559985392304912,57,75002177
2329,878.4410,100,1950,2619,1767559985423365268,57,75002177
2330,878.4410,100,1950,2619,1767559985433410467,57,75002177
2331,786.3760,100,1950,2619,1767559985442150012,57,75002177
2332,786.3760,100,1950,2619,1767559985447483728,57,75002177
2333,786.3760,0,1950,2619,1767559985455736174,57,75002177
2334,786.3760,0,1950,2619,1767559985459463151,57,75002177
2335,786.3760,0,1950,2619,1767559985463202673,57,75002177
2336,786.3760,0,1950,2619,1767559985467039154,57,75002177
2337,786.3760,0,1950,2619,1767559985471069649,57,75002177
2338,786.3760,0,1950,2619,1767559985478491701,52,75002177
2339,786.3760,0,1950,2619,1767559985482641523,52,75002177
2340,786.3760,0,1950,2619,1767559985486488980,52,75002177
2341,786.3760,0,1950,2619,1767559985493206046,52,75025300
2342,786.3760,0,1950,2619,1767559985508134853,52,75025300
2343,786.3760,0,1950,2619,1767559985518523089,52,75025300
2344,786.3760,0,1950,2619,1767559985524489440,52,75025300
2345,786.3760,0,1965,2619,1767559985533474391,52,75025300
2346,786.3760,0,1965,2619,1767559985553287991,52,75025300
2347,786.3760,0,1965,2619,1767559985569631474,52,75025300
2348,687.7250,0,1965,2619,1767559985577611762,52,75025300
2349,687.7250,0,1965,2619,1767559985581523186,52,75025300
2350,687.7250,0,1965,2619,1767559985585351763,52,75025300
2351,687.7250,0,1965,2619,1767559985590797575,52,75047703
2352,687.7250,0,1965,2619,1767559985607081475,52,75047703
2353,687.7250,0,1965,2619,1767559985611053218,52,75047703
2354,687.7250,0,1965,2619,1767559985618322856,49,75047703
2355,687.7250,0,1965,2619,176