sample,power(W),gpu_util(%),core_clock(MHz),mem_clock(MHz),timestamp_ns,temp(C),energy(mJ)
0,99.7450,0,345,2619,1767559971122719391,35,64797542
1,99.7450,0,345,2619,1767559971130761589,35,64797542
2,99.7450,0,345,2619,1767559971137865009,35,64797542
3,99.7450,0,345,2619,1767559971143144565,35,64797542
4,99.7450,0,345,2619,1767559971147784253,35,64797542
5,99.7450,0,345,2619,1767559971154616537,35,64797542
6,99.7450,0,345,2619,1767559971158644612,35,64797542
7,99.7450,0,345,2619,1767559971163006253,35,64797542
8,99.7450,0,345,2619,1767559971168263153,35,64797542
9,99.7450,0,345,2619,1767559971174897646,35,64797542
10,99.7450,0,345,2619,1767559971179073273,35,64797542
11,99.7450,0,345,2619,1767559971183341411,35,64797542
12,99.7170,0,345,2619,1767559971189397412,35,64815472
13,99.7170,0,345,2619,1767559971204772627,35,64815472
14,99.7170,0,345,2619,1767559971212978696,35,64815472
15,99.7170,0,345,2619,1767559971217067282,35,64815472
16,99.7170,0,345,2619,1767559971221831706,35,64815472
17,99.7170,0,345,2619,1767559971230637132,35,64815472
18,99.7170,0,345,2619,1767559971237917766,35,64815472
19,99.7170,0,345,2619,1767559971241997617,35,64815472
20,99.7170,0,345,2619,1767559971246085595,35,64815472
21,99.7170,0,345,2619,1767559971254224529,35,64815472
22,99.7170,0,345,2619,1767559971259474901,35,64815472
23,99.7170,0,345,2619,1767559971263971838,35,64815472
24,99.7170,0,345,2619,1767559971272776944,35,64815472
25,99.7170,0,345,2619,1767559971276899899,35,64815472
26,99.7170,0,345,2619,1767559971281590946,35,64815472
27,99.7170,0,345,2619,1767559971288341887,35,64832687
28,99.7170,0,345,2619,1767559971307298908,35,64832687
29,99.7170,0,345,2619,1767559971317286632,35,64832687
30,99.6200,0,345,2619,1767559971321547826,35,64832687
31,99.6200,0,345,2619,1767559971335873639,35,64832687
32,99.6200,0,345,2619,1767559971406195544,35,64850441
33,99.6200,0,345,2619,1767559971414299886,35,64850441
34,99.6200,0,345,2619,1767559971418300569,35,64850441
35,99.6200,0,345,2619,1767559971422660418,35,64850441
36,99.6200,0,345,2619,1767559971435314144,35,64850441
37,99.6200,0,345,2619,1767559971439128236,35,64850441
38,99.6200,0,345,2619,1767559971443426133,35,64850441
39,99.6200,0,345,2619,1767559971447949597,35,64850441
40,99.6200,0,840,2619,1767559971454378972,35,64850441
41,99.6200,0,840,2619,1767559971458664166,35,64850441
42,99.6200,0,840,2619,1767559971463933643,35,64850441
43,99.6200,0,840,2619,1767559971472676221,35,64850441
44,99.9850,0,840,2619,1767559971476660136,35,64850441
45,99.9850,0,840,2619,1767559971480648499,35,64850441
46,99.9850,0,840,2619,1767559971485703385,35,64868277
47,99.9850,0,840,2619,1767559971507317512,35,64868277
48,99.9850,0,840,2619,1767559971517703154,35,64868277
49,99.9850,0,840,2619,1767559971521731933,35,64868277
50,99.9850,0,840,2619,1767559971527264928,35,64868277
51,99.9850,0,840,2619,1767559971537471850,35,64868277
52,99.9850,0,840,2619,1767559971541852916,35,64868277
53,99.9850,0,840,2619,1767559971547632342,35,64868277
54,99.9850,0,840,2619,1767559971554211444,35,64868277
55,99.9850,0,840,2619,1767559971558169535,35,64868277
56,99.9850,0,840,2619,1767559971562148586,35,64868277
57,99.9850,0,885,2619,1767559971567725133,35,64868277
58,99.9850,0,885,2619,1767559971574442569,35,64868277
59,99.9850,0,885,2619,1767559971578332277,35,64868277
60,99.9850,0,885,2619,1767559971585662704,35,64886133
61,100.3840,0,885,2619,1767559971603361523,35,64886133
62,100.3840,0,885,2619,1767559971607610173,35,64886133
63,100.3840,0,885,2619,1767559971614216186,35,64886133
64,100.3840,0,885,2619,1767559971620049340,35,64886133
65,100.3840,0,885,2619,1767559971625256801,35,64886133
66,100.3840,0,885,2619,1767559971636264072,35,64886133
67,100.3840,0,885,2619,1767559971640443026,35,64886133
68,100.3840,0,885,2619,1767559971644394685,35,64886133
69,100.3840,0,885,2619,1767559971648480744,35,64886133
70,100.3840,0,885,2619,1767559971655273732,35,64886133
71,100.3840,0,885,2619,1767559971659240719,35,64886133
72,100.3840,0,885,2619,1767559971663114811,35,64886133
73,100.3840,0,885,2619,1767559971667720387,35,64886133
74,100.3840,0,885,2619,1767559971674183425,35,64886133
75,100.3840,0,885,2619,1767559971678079245,35,64886133
76,100.3840,0,885,2619,1767559971681901785,35,64886133
77,100.3840,0,885,2619,1767559971686165379,35,64904124
78,100.3840,0,885,2619,1767559971704052613,35,64904124
79,100.3840,0,885,2619,1767559971708169712,35,64904124
80,100.8140,0,885,2619,1767559971714846701,35,64904124
81,100.8140,0,885,2619,1767559971718696218,35,64904124
82,100.8140,0,885,2619,1767559971723508576,35,64904124
83,100.8140,0,885,2619,1767559971731408951,35,64904124
84,100.8140,0,885,2619,1767559971742731868,35,64904124
85,100.8140,0,885,2619,1767559971747457411,35,64904124
86,100.8140,0,885,2619,1767559971753811585,35,64904124
87,100.8140,0,885,2619,1767559971757370191,35,64904124
88,100.8140,0,885,2619,1767559971760748797,35,64904124
89,100.8140,0,885,2619,1767559971764247339,35,64904124
90,100.8140,0,885,2619,1767559971768237719,35,64904124
91,100.8140,0,885,2619,1767559971774689301,35,64904124
92,100.8140,0,885,2619,1767559971779888794,35,64904124
93,100.8140,0,885,2619,1767559971783615654,35,64904124
94,100.8140,0,885,2619,1767559971789851622,35,64924104
95,100.8140,0,885,2619,1767559971803881853,35,64924104
96,100.8140,0,885,2619,1767559971807941320,35,64924104
97,100.8140,0,1980,2619,1767559971814366694,35,64924104
98,100.8140,0,1980,2619,1767559971818861711,35,64924104
99,100.8140,0,1980,2619,1767559971822334812,35,64924104
100,100.8140,0,1980,2619,1767559971830122548,35,64924104
101,100.8140,0,1980,2619,1767559971836655761,35,64924104
102,105.5630,0,1980,2619,1767559971840116447,35,64924104
103,105.5630,0,1980,2619,1767559971843573421,35,64924104
104,105.5630,0,1980,2619,1767559971847635800,35,64924104
105,105.5630,0,1980,2619,1767559971854202326,35,64924104
106,105.5630,0,1980,2619,1767559971857607333,35,64924104
107,105.5630,0,1980,2619,1767559971861972558,35,64924104
108,105.5630,0,1980,2619,1767559971865354428,35,64924104
109,105.5630,0,1980,2619,1767559971873316402,35,64924104
110,105.5630,0,1980,2619,1767559971876808256,35,64924104
111,105.5630,0,1980,2619,1767559971880213166,35,64924104
112,105.5630,0,1980,2619,1767559971883578300,36,64924104
113,105.5630,0,1980,2619,1767559971890130778,36,64946984
114,105.5630,0,1980,2619,1767559971908338108,36,64946984
115,105.5630,0,1980,2619,1767559971916356210,36,64946984
116,105.5630,0,1980,2619,1767559971920223037,36,64946984
117,105.5630,0,1980,2619,1767559971923909738,36,64946984
118,105.5630,0,1980,2619,1767559971928032180,36,64946984
119,105.5630,0,1980,2619,1767559971934606866,36,64946984
120,105.5630,0,1980,2619,1767559971937870881,36,64946984
121,105.5630,0,1980,2619,1767559971942052171,36,64946984
122,105.5630,0,1980,2619,1767559971945511706,36,64946984
123,105.5630,0,1980,2619,1767559971953574896,36,64946984
124,105.5630,0,1980,2619,1767559971957091101,36,64946984
125,105.5630,0,1980,2619,1767559971960442764,36,64946984
126,112.4450,0,1980,2619,1767559971963817690,36,64946984
127,112.4450,0,1980,2619,1767559971967896964,36,64946984
128,112.4450,0,1980,2619,1767559971974411586,36,64946984
129,112.4450,0,1980,2619,1767559971977860432,36,64946984
130,112.4450,0,1980,2619,1767559971981689437,36,64946984
131,112.4450,0,1980,2619,1767559971985840935,36,64969493
132,112.4450,0,1980,2619,1767559972003231052,36,64969493
133,112.4450,0,1980,2619,1767559972007408662,36,64969493
134,112.4450,0,1980,2619,1767559972013895444,37,64969493
135,112.4450,0,1980,2619,1767559972018182782,37,64969493
136,112.4450,0,1980,2619,1767559972021519948,37,64969493
137,112.4450,0,1980,2619,1767559972025602839,37,64969493
138,112.4450,0,1980,2619,1767559972033729517,37,64969493
139,112.4450,0,1980,2619,1767559972037024796,37,64969493
140,112.4450,0,1980,2619,1767559972040342795,37,64969493
141,112.4450,0,1980,2619,1767559972043756441,37,64969493
142,112.4450,0,1980,2619,1767559972047958531,37,64969493
143,112.4450,0,1980,2619,1767559972054369953,37,64969493
144,112.4450,0,1980,2619,1767559972058121582,37,64969493
145,112.4450,0,1980,2619,1767559972061625755,37,64969493
146,112.4450,0,1980,2619,1767559972065018473,37,64969493
147,112.4450,0,1980,2619,1767559972074091131,37,64969493
148,112.4450,0,1980,2619,1767559972078340933,37,64969493
149,119.1050,0,1980,2619,1767559972081741747,37,64969493
150,119.1050,0,1980,2619,1767559972085934237,37,64992531
151,119.1050,0,1980,2619,1767559972104926905,37,64992531
152,119.1050,0,1980,2619,1767559972113101646,37,64992531
153,119.1050,0,1980,2619,1767559972116431453,37,64992531
154,119.1050,0,1980,2619,1767559972134925533,37,64992531
155,119.1050,0,1980,2619,1767559972138941384,37,64992531
156,119.1050,0,1980,2619,1767559972142793332,37,64992531
157,119.1050,0,1980,2619,1767559972147515771,37,64992531
158,119.1050,0,1980,2619,1767559972153903514,37,64992531
159,119.1050,0,1980,2619,1767559972158320578,37,64992531
160,119.1050,0,1980,2619,1767559972161980048,37,64992531
161,119.1050,0,1980,2619,1767559972167439540,37,64992531
162,119.1050,0,1980,2619,1767559972173816370,37,64992531
163,119.1050,0,1980,2619,1767559972177863069,37,64992531
164,119.1050,0,1980,2619,1767559972181739273,37,64992531
165,119.1050,0,1980,2619,1767559972185900819,37,65015527
166,119.1050,0,1980,2619,1767559972203300824,37,65015527
167,119.1050,0,1980,2619,1767559972207465506,37,65015527
168,125.7660,0,1980,2619,1767559972213864353,37,65015527
169,125.7660,0,1980,2619,1767559972217442383,37,65015527
170,125.7660,0,1980,2619,1767559972221081020,37,65015527
171,125.7660,0,1980,2619,1767559972225552292,37,65015527
172,125.7660,0,1980,2619,1767559972233606266,37,65015527
173,125.7660,0,1980,2619,1767559972238653855,37,65015527
174,125.7660,0,1980,2619,1767559972242074093,37,65015527
175,125.7660,0,1980,2619,1767559972245749338,37,65015527
176,125.7660,0,1980,2619,1767559972253623474,37,65015527
177,125.7660,0,1980,2619,1767559972256964704,37,65015527
178,125.7660,0,1980,2619,1767559972261167083,37,65015527
179,125.7660,0,1980,2619,1767559972264653944,37,65015527
180,125.7660,0,1980,2619,1767559972268676771,37,65015527
181,125.7660,0,1980,2619,1767559972275263713,37,65015527
182,125.7660,0,1980,2619,1767559972279652362,37,65015527
183,125.7660,0,1980,2619,1767559972283077496,37,65015527
184,125.7660,0,1980,2619,1767559972289005401,37,65038882
185,125.7660,0,1980,2619,1767559972303993003,37,65038882
186,125.7660,0,1980,2619,1767559972308037814,37,65038882
187,125.7660,0,1980,2619,1767559972314458964,37,65038882
188,131.6730,0,1980,2619,1767559972317880354,37,65038882
189,131.6730,0,1980,2619,1767559972321157905,37,65038882
190,131.6730,0,1980,2619,1767559972324858302,37,65038882
191,131.6730,0,1980,2619,1767559972333198226,37,65038882
192,131.6730,0,1980,2619,1767559972337137341,37,65038882
193,131.6730,0,1980,2619,1767559972341671846,37,65038882
194,131.6730,0,1980,2619,1767559972345751825,37,65038882
195,131.6730,0,1980,2619,1767559972353622120,37,65038882
196,131.6730,0,1980,2619,1767559972358421103,37,65038882
197,131.6730,0,1980,2619,1767559972361761533,38,65038882
198,131.6730,0,1980,2619,1767559972367334880,38,65038882
199,131.6730,0,1980,2619,1767559972373788574,38,65038882
200,131.6730,0,1980,2619,1767559972377850249,38,65038882
201,131.6730,0,1980,2619,1767559972381399126,38,65038882
202,131.6730,0,1980,2619,1767559972385460801,38,65061525
203,131.6730,0,1980,2619,1767559972402986310,38,65061525
204,131.6730,0,1980,2619,1767559972407469999,38,65061525
205,131.6730,0,1980,2619,1767559972414098412,38,65061525
206,131.6730,0,1980,2619,1767559972417441690,38,65061525
207,131.6730,0,1980,2619,1767559972420718185,38,65061525
208,131.6730,0,1980,2619,1767559972425282513,38,65061525
209,131.6730,0,1980,2619,1767559972433446247,38,65061525
210,136.8230,0,1980,2619,1767559972437044405,38,65061525
211,136.8230,0,1980,2619,1767559972440474819,38,65061525
212,136.8230,0,1980,2619,1767559972444366958,38,65061525
213,136.8230,0,1980,2619,1767559972448365881,38,65061525
214,136.8230,0,1980,2619,1767559972454846167,38,65061525
215,136.8230,0,1980,2619,1767559972458269893,38,65061525
216,136.8230,0,1980,2619,1767559972461768179,38,65061525
217,136.8230,0,1980,2619,1767559972465934333,38,65061525
218,136.8230,0,1980,2619,1767559972473845108,38,65061525
219,136.8230,0,1980,2619,1767559972477848991,38,65061525
220,136.8230,0,1980,2619,1767559972481979594,38,65061525
221,136.8230,0,1980,2619,1767559972486150964,38,65084681
222,136.8230,0,1980,2619,1767559972505366512,38,65084681
223,136.8230,0,1980,2619,1767559972513262758,38,65084681
224,136.8230,0,1980,2619,1767559972516566645,38,65084681
225,136.8230,0,1980,2619,1767559972520055683,38,65084681
226,136.8230,0,1980,2619,1767559972523672048,38,65084681
227,136.8230,0,1980,2619,1767559972527849115,38,65084681
228,136.8230,0,1980,2619,1767559972534409368,38,65084681
229,136.8230,0,1980,2619,1767559972538055141,38,65084681
230,136.8230,0,1980,2619,1767559972541600403,38,65084681
231,136.8230,0,1980,2619,1767559972545468030,38,65084681
232,136.8230,0,1980,2619,1767559972553654964,38,65084681
233,136.8230,0,1980,2619,1767559972557069058,38,65084681
234,144.5700,0,1980,2619,1767559972560416720,38,65084681
235,144.5700,0,1980,2619,1767559972563844574,38,65084681
236,144.5700,0,1980,2619,1767559972567858089,38,65084681
237,144.5700,0,1980,2619,1767559972574361032,38,65084681
238,144.5700,0,1980,2619,1767559972577807446,38,65084681
239,144.5700,0,1980,2619,1767559972581389315,38,65084681
240,144.5700,0,1980,2619,1767559972585433422,38,65107302
241,144.5700,0,1980,2619,1767559972602893810,38,65107302
242,144.5700,0,1980,2619,1767559972607390555,38,65107302
243,144.5700,0,1980,2619,1767559972613923321,38,65107302
244,144.5700,0,1980,2619,1767559972617285608,38,65107302
245,144.5700,0,1980,2619,1767559972621851920,38,65107302
246,144.5700,0,1980,2619,1767559972627664530,38,65107302
247,144.5700,0,1980,2619,1767559972634276431,38,65107302
248,144.5700,0,1980,2619,1767559972637602494,38,65107302
249,144.5700,0,1980,2619,1767559972641024684,38,65107302
250,144.5700,0,1980,2619,1767559972644709368,38,65107302
251,144.5700,0,1980,2619,1767559972652596912,38,65107302
252,144.5700,0,1980,2619,1767559972655981406,38,65107302
253,144.5700,0,1980,2619,1767559972659254861,38,65107302
254,144.5700,0,1980,2619,1767559972662923386,38,65107302
255,144.5700,0,1980,2619,1767559972667452354,38,65107302
256,144.5700,0,1980,2619,1767559972673792449,38,65107302
257,149.2850,0,1980,2619,1767559972677326670,38,65107302
258,149.2850,0,1980,2619,1767559972680826908,38,65107302
259,149.2850,0,1980,2619,1767559972685456580,38,65129935
260,149.2850,0,1980,2619,1767559972704478913,38,65129935
261,149.2850,0,1980,2619,1767559972712549047,38,65129935
262,149.2850,0,1980,2619,1767559972715907269,38,65129935
263,149.2850,0,1980,2619,1767559972719212500,38,65129935
264,149.2850,0,1980,2619,1767559972722524387,38,65129935
265,149.2850,0,1980,2619,1767559972726013424,38,65129935
266,149.2850,0,1980,2619,1767559972734009990,38,65129935
267,149.2850,0,1980,2619,1767559972737327669,38,65129935
268,149.2850,0,1980,2619,1767559972740686884,38,65129935
269,149.2850,0,1980,2619,1767559972744214002,38,65129935
270,149.2850,0,1980,2619,1767559972748263453,38,65129935
271,149.2850,0,1980,2619,1767559972754730747,38,65129935
272,149.2850,0,1980,2619,1767559972758034889,38,65129935
273,149.2850,0,1980,2619,1767559972761470615,38,65129935
274,149.2850,0,1980,2619,1767559972764802470,38,65129935
275,149.2850,0,1980,2619,1767559972768803345,38,65129935
276,149.2850,0,1980,2619,1767559972775308079,38,65129935
277,149.2850,0,1980,2619,1767559972778574526,38,65129935
278,149.2850,0,1980,2619,1767559972781881260,38,65129935
279,149.2850,0,1980,2619,1767559972786012567,38,65152847
280,149.2850,0,1980,2619,1767559972803077406,38,65152847
281,149.2850,0,1980,2619,1767559972807424744,38,65152847
282,153.6920,0,1980,2619,1767559972813744134,38,65152847
283,153.6920,0,1980,2619,1767559972817061525,38,65152847
284,153.6920,0,1980,2619,1767559972820349636,38,65152847
285,153.6920,0,1980,2619,1767559972823780882,38,65152847
286,153.6920,0,1980,2619,1767559972828085755,38,65152847
287,153.6920,0,1980,2619,1767559972834812729,38,65152847
288,153.6920,0,1980,2619,1767559972839169282,38,65152847
289,153.6920,0,1980,2619,1767559972842870991,38,65152847
290,153.6920,0,1980,2619,1767559972847513238,38,65152847
291,153.6920,0,1980,2619,1767559972853872661,38,65152847
292,153.6920,0,1980,2619,1767559972857759073,38,65152847
293,153.6920,0,1980,2619,1767559972860972848,38,65152847
294,153.6920,0,1980,2619,1767559972864425790,38,65152847
295,153.6920,0,1980,2619,1767559972868402921,38,65152847
296,153.6920,0,1980,2619,1767559972874864967,38,65152847
297,153.6920,0,1980,2619,1767559972878070870,38,65152847
298,153.6920,0,1980,2619,1767559972881422597,38,65152847
299,153.6920,0,1980,2619,1767559972885745423,38,65175456
300,153.6920,0,1980,2619,1767559972903962448,38,65175456
301,153.6920,0,1980,2619,1767559972907999610,38,65175456
302,153.6920,0,1980,2619,1767559972914504760,38,65175456
303,153.6920,0,1980,2619,1767559972918080006,38,65175456
304,153.6920,0,1980,2619,1767559972921706067,38,65175456
305,153.6920,0,1980,2619,1767559972925618943,38,65175456
306,153.6920,0,1980,2619,1767559972933673941,38,65175456
307,153.2760,0,1980,2619,1767559972937254786,38,65175456
308,153.2760,0,1980,2619,1767559972940866479,38,65175456
309,153.2760,0,1980,2619,1767559972944680475,38,65175456
310,153.2760,0,1980,2619,1767559972949972287,38,65175456
311,153.2760,0,1980,2619,1767559972955480099,38,65175456
312,153.2760,0,1980,2619,1767559972959533549,38,65175456
313,153.2760,0,1980,2619,1767559972963161082,38,65175456
314,153.2760,0,1980,2619,1767559972967513987,38,65175456
315,153.2760,0,1980,2619,1767559972974182561,38,65175456
316,153.2760,0,1980,2619,1767559972977696303,38,65175456
317,153.2760,0,1980,2619,1767559972981545243,38,65175456
318,153.2760,0,1980,2619,1767559972985565350,38,65199184
319,153.2760,0,1980,2619,1767559973003058730,38,65199184
320,153.2760,0,1980,2619,1767559973007576499,38,65199184
321,153.2760,0,1980,2619,1767559973013949394,38,65199184
322,153.2760,0,1980,2619,1767559973017587775,38,65199184
323,153.2760,0,1980,2619,1767559973021229196,38,65199184
324,153.2760,0,1980,2619,1767559973025184375,38,65199184
325,153.2760,0,1980,2619,1767559973033285837,38,65199184
326,153.2760,0,1980,2619,1767559973036861018,38,65199184
327,153.2760,0,1980,2619,1767559973040573703,38,65199184
328,153.2760,0,1980,2619,1767559973044218931,38,65199184
329,153.2760,0,1980,2619,1767559973048315358,38,65199184
330,153.2760,0,1980,2619,1767559973054907195,38,65199184
331,153.4800,0,1980,2619,1767559973059604035,38,65199184
332,153.4800,0,1980,2619,1767559973063323248,38,65199184
333,153.4800,0,1980,2619,1767559973067480059,38,65199184
334,153.4800,0,1980,2619,1767559973076043982,38,65199184
335,153.4800,100,1980,2619,1767559973079792538,38,65199184
336,153.4800,100,1980,2619,1767559973083481927,38,65199184
337,153.4800,100,1980,2619,1767559973089631750,38,65223515
338,153.4800,100,1980,2619,1767559973105868114,38,65223515
339,153.4800,100,1980,2619,1767559973113994024,38,65223515
340,153.4800,100,1980,2619,1767559973117620629,38,65223515
341,153.4800,100,1980,2619,1767559973121241730,38,65223515
342,153.4800,100,1980,2619,1767559973125159597,38,65223515
343,153.4800,100,1980,2619,1767559973133221667,38,65223515
344,153.4800,100,1980,2619,1767559973137096591,38,65223515
345,153.4800,100,1980,2619,1767559973140720508,38,65223515
346,153.4800,100,1980,2619,1767559973144394792,38,65223515
347,153.4800,100,1980,2619,1767559973148363380,38,65223515
348,153.4800,100,1980,2619,1767559973154856754,38,65223515
349,153.4800,100,1980,2619,1767559973158388960,38,65223515
350,153.4800,100,1980,2619,1767559973161947598,38,65223515
351,153.4800,100,1980,2619,1767559973167510000,38,65223515
352,153.4800,100,1980,2619,1767559973175006345,38,65223515
353,153.6830,100,1980,2619,1767559973178759669,38,65223515
354,153.6830,100,1980,2619,1767559973182348515,38,65223515
355,153.6830,100,1980,2619,1767559973186343822,38,65247170
356,153.6830,100,1980,2619,1767559973203606900,38,65247170
357,153.6830,100,1980,2619,1767559973207742719,38,65247170
358,153.6830,100,1980,2619,1767559973214053853,38,65247170
359,153.6830,100,1980,2619,1767559973217683594,38,65247170
360,153.6830,100,1980,2619,1767559973221225944,38,65247170
361,153.6830,100,1980,2619,1767559973225149411,38,65247170
362,153.6830,100,1980,2619,1767559973233221977,38,65247170
363,153.6830,100,1980,2619,1767559973236871238,38,65247170
364,153.6830,100,1980,2619,1767559973240496531,38,65247170
365,153.6830,100,1980,2619,1767559973244194176,38,65247170
366,153.6830,100,1980,2619,1767559973248245131,38,65247170
367,153.6830,100,1980,2619,1767559973255075239,38,65247170
368,153.6830,100,1980,2619,1767559973258652501,38,65247170
369,153.6830,100,1980,2619,1767559973262266146,38,65247170
370,153.6830,100,1980,2619,1767559973265916367,38,65247170
371,153.6830,100,1980,2619,1767559973273872005,38,65247170
372,153.6830,100,1980,2619,1767559973277394450,38,65247170
373,153.6830,100,1980,2619,1767559973281149727,38,65247170
374,153.6830,100,1980,2619,1767559973285551593,38,65270883
375,153.6830,100,1980,2619,1767559973303249612,38,65270883
376,153.6830,100,1980,2619,1767559973307521430,38,65270883
377,153.9990,100,1980,2619,1767559973313916020,38,65270883
378,153.9990,100,1980,2619,1767559973317539905,38,65270883
379,153.9990,100,1980,2619,1767559973321281901,38,65270883
380,153.9990,100,1980,2619,1767559973325175065,38,65270883
381,153.9990,100,1980,2619,1767559973333274639,38,65270883
382,153.9990,100,1980,2619,1767559973336886429,38,65270883
383,153.9990,100,1980,2619,1767559973340482186,38,65270883
384,153.9990,100,1980,2619,1767559973344183862,38,65270883
385,153.9990,100,1980,2619,1767559973348175458,38,65270883
386,153.9990,100,1980,2619,1767559973354760255,38,65270883
387,153.9990,100,1980,2619,1767559973358476523,38,65270883
388,153.9990,100,1980,2619,1767559973362086297,38,65270883
389,153.9990,100,1980,2619,1767559973365698662,38,65270883
390,153.9990,100,1980,2619,1767559973373658813,38,65270883
391,153.9990,100,1980,2619,1767559973378200005,38,65270883
392,153.9990,100,1980,2619,1767559973381858354,38,65270883
393,153.9990,100,1980,2619,1767559973385986684,38,65295432
394,153.9990,100,1980,2619,1767559973404762330,38,65295432
395,153.9990,100,1980,2619,1767559973408436103,38,65295432
396,153.9990,100,1980,2619,1767559973414772357,38,65295432
397,153.9990,100,1980,2619,1767559973418327315,38,65295432
398,153.9990,100,1980,2619,1767559973421942048,38,65295432
399,153.9990,100,1980,2619,1767559973425783661,38,65295432
400,153.9990,100,1980,2619,1767559973433912866,38,65295432
401,154.9660,100,1980,2619,1767559973437467376,38,65295432
402,154.9660,100,1980,2619,1767559973441330427,38,65295432
403,154.9660,100,1980,2619,1767559973445090824,38,65295432
404,154.9660,100,1980,2619,1767559973453057950,38,65295432
405,154.9660,100,1980,2619,1767559973456710507,38,65295432
406,154.9660,100,1980,2619,1767559973460536759,38,65295432
407,154.9660,100,1980,2619,1767559973464233700,38,65295432
408,154.9660,100,1980,2619,1767559973468247759,38,65295432
409,154.9660,100,1980,2619,1767559973474756493,38,65295432
410,154.9660,100,1980,2619,1767559973478890583,38,65295432
411,154.9660,100,1980,2619,1767559973482504965,38,65295432
412,154.9660,100,1980,2619,1767559973488160327,38,65320111
413,154.9660,100,1980,2619,1767559973505611979,38,65320111
414,154.9660,100,1980,2619,1767559973514758236,38,65320111
415,154.9660,100,1980,2619,1767559973518457033,38,65320111
416,154.9660,100,1980,2619,1767559973522047670,38,65320111
417,154.9660,100,1980,2619,1767559973525892322,38,65320111
418,154.9660,100,1980,2619,1767559973533999672,38,65320111
419,154.9660,100,1980,2619,1767559973537400774,38,65320111
420,154.9660,100,1980,2619,1767559973540733588,38,65320111
421,154.9660,100,1980,2619,1767559973544365409,38,65320111
422,154.9660,100,1980,2619,1767559973548309581,38,65320111
423,154.9660,100,1980,2619,1767559973554805035,38,65320111
424,156.0940,100,1980,2619,1767559973558439833,38,65320111
425,156.0940,100,1980,2619,1767559973562095845,38,65320111
426,156.0940,100,1980,2619,1767559973565787122,38,65320111
427,156.0940,100,1980,2619,1767559973573752456,38,65320111
428,156.0940,100,1980,2619,1767559973577231766,38,65320111
429,156.0940,100,1980,2619,1767559973581448992,38,65320111
430,156.0940,100,1980,2619,1767559973585573834,38,65343907
431,156.0940,100,1980,2619,1767559973603275215,38,65343907
432,156.0940,100,1980,2619,1767559973607532440,38,65343907
433,156.0940,100,1980,2619,1767559973613894391,38,65343907
434,156.0940,100,1980,2619,1767559973617544900,38,65343907
435,156.0940,100,1980,2619,1767559973622225067,38,65343907
436,156.0940,100,1980,2619,1767559973626135799,38,65343907
437,156.0940,100,1980,2619,1767559973634139373,38,65343907
438,156.0940,100,1980,2619,1767559973637723226,38,65343907
439,156.0940,100,1980,2619,1767559973641334055,38,65343907
440,156.0940,100,1980,2619,1767559973644962741,38,65343907
441,156.0940,100,1980,2619,1767559973652923115,38,65343907
442,156.0940,100,1980,2619,1767559973656406233,38,65343907
443,156.0940,100,1980,2619,1767559973660035142,38,65343907
444,156.0940,100,1980,2619,1767559973663802994,38,65343907
445,156.0940,100,1980,2619,1767559973667943741,38,65343907
446,156.0940,100,1980,2619,1767559973674604250,38,65343907
447,156.0940,100,1980,2619,1767559973678245607,38,65343907
448,157.0750,100,1980,2619,1767559973682344850,38,65343907
449,157.0750,100,1980,2619,1767559973686549052,38,65368165
450,157.0750,100,1980,2619,1767559973703954145,38,65368165
451,157.0750,100,1980,2619,1767559973708075275,38,65368165
452,157.0750,100,1980,2619,1767559973714428170,38,65368165
453,157.0750,100,1980,2619,1767559973718002967,38,65368165
454,157.0750,100,1980,2619,1767559973721619844,38,65368165
455,157.0750,100,1980,2619,1767559973725537200,38,65368165
456,157.0750,100,1980,2619,1767559973733548006,38,65368165
457,157.0750,100,1980,2619,1767559973737181556,38,65368165
458,157.0750,100,1980,2619,1767559973740997280,38,65368165
459,157.0750,100,1980,2619,1767559973744716876,38,65368165
460,157.0750,100,1980,2619,1767559973748745911,38,65368165
461,157.0750,100,1980,2619,1767559973755187605,38,65368165
462,157.0750,100,1980,2619,1767559973758809538,38,65368165
463,157.0750,100,1980,2619,1767559973762369968,38,65368165
464,157.0750,100,1980,2619,1767559973766057436,38,65368165
465,157.0750,100,1980,2619,1767559973774021427,38,65368165
466,157.0750,100,1980,2619,1767559973777521825,38,65368165
467,157.0750,100,1980,2619,1767559973781364813,38,65368165
468,157.0750,100,1980,2619,1767559973785577687,38,65391852
469,157.0750,100,1980,2619,1767559973803100251,38,65391852
470,157.0750,100,1980,2619,1767559973807471236,38,65391852
471,157.6280,100,1980,2619,1767559973814093474,38,65391852
472,157.6280,100,1980,2619,1767559973817731055,38,65391852
473,157.6280,100,1980,2619,1767559973821329212,38,65391852
474,157.6280,100,1980,2619,1767559973825225000,38,65391852
475,157.6280,100,1980,2619,1767559973833275582,38,65391852
476,157.6280,100,1980,2619,1767559973836905579,38,65391852
477,157.6280,100,1980,2619,1767559973840521048,38,65391852
478,157.6280,100,1980,2619,1767559973844185477,38,65391852
479,157.6280,100,1980,2619,1767559973848223760,38,65391852
480,157.6280,100,1980,2619,1767559973854687726,38,65391852
481,157.6280,100,1980,2619,1767559973858336603,38,65391852
482,157.6280,100,1980,2619,1767559973861984104,38,65391852
483,157.6280,100,1980,2619,1767559973865642357,38,65391852
484,157.6280,100,1980,2619,1767559973873744811,38,65391852
485,157.6280,100,1980,2619,1767559973877625431,38,65391852
486,157.6280,100,1980,2619,1767559973881397059,38,65391852
487,157.6280,100,1980,2619,1767559973885515981,38,65415916
488,157.6280,100,1980,2619,1767559973903554831,38,65415916
489,157.6280,100,1980,2619,1767559973907632921,38,65415916
490,157.6280,100,1980,2619,1767559973914112056,38,65415916
491,157.6280,100,1980,2619,1767559973917748645,38,65415916
492,157.6280,100,1980,2619,1767559973921285779,38,65415916
493,157.6280,100,1980,2619,1767559973925224030,38,65415916
494,157.6280,100,1980,2619,1767559973933315380,38,65415916
495,158.6710,100,1980,2619,1767559973936920609,38,65415916
496,158.6710,100,1980,2619,1767559973940455950,38,65415916
497,158.6710,100,1980,2619,1767559973944286042,38,65415916
498,158.6710,100,1980,2619,1767559973948276357,38,65415916
499,158.6710,100,1980,2619,1767559973955047459,38,65415916
500,158.6710,100,1980,2619,1767559973958656784,38,65415916
501,158.6710,100,1980,2619,1767559973962195454,38,65415916
502,158.6710,100,1980,2619,1767559973965836394,38,65415916
503,158.6710,100,1980,2619,1767559973973995040,38,65415916
504,158.6710,100,1980,2619,1767559973977446510,38,65415916
505,158.6710,100,1980,2619,1767559973981317433,38,65415916
506,158.6710,100,1980,2619,1767559973985524515,38,65440465
507,158.6710,100,1980,2619,1767559974003115304,38,65440465
508,158.6710,100,1980,2619,1767559974007743600,38,65440465
509,158.6710,100,1980,2619,1767559974014175566,38,65440465
510,158.6710,100,1980,2619,1767559974017739931,38,65440465
511,158.6710,100,1980,2619,1767559974021493352,38,65440465
512,158.6710,100,1980,2619,1767559974025339540,38,65440465
513,158.6710,100,1980,2619,1767559974033418665,38,65440465
514,158.6710,100,1980,2619,1767559974037058678,38,65440465
515,158.6710,100,1980,2619,1767559974040675203,38,65440465
516,158.6710,100,1980,2619,1767559974044439376,38,65440465
517,158.6710,100,1980,2619,1767559974048433788,38,65440465
518,158.6710,100,1980,2619,1767559974054949465,38,65440465
519,159.7550,100,1980,2619,1767559974059349026,38,65440465
520,159.7550,100,1980,2619,1767559974063086223,38,65440465
521,159.7550,100,1980,2619,1767559974067485560,38,65440465
522,159.7550,100,1980,2619,1767559974076181770,38,65440465
523,159.7550,100,1980,2619,1767559974079985782,38,65440465
524,159.7550,100,1980,2619,1767559974083603651,38,65440465
525,159.7550,100,1980,2619,1767559974090032706,38,65465606
526,159.7550,100,1980,2619,1767559974104584086,38,65465606
527,159.7550,100,1980,2619,1767559974112576748,38,65465606
528,159.7550,100,1980,2619,1767559974116147770,38,65465606
529,159.7550,100,1980,2619,1767559974119532104,38,65465606
530,159.7550,100,1980,2619,1767559974122880022,38,65465606
531,159.7550,100,1980,2619,1767559974127571550,38,65465606
532,159.7550,100,1980,2619,1767559974134145372,38,65465606
533,159.7550,100,1980,2619,1767559974137453131,38,65465606
534,159.7550,100,1980,2619,1767559974140804505,38,65465606
535,159.7550,100,1980,2619,1767559974144355687,38,65465606
536,159.7550,100,1980,2619,1767559974148446737,38,65465606
537,159.7550,100,1980,2619,1767559974154872496,38,65465606
538,159.7550,100,1980,2619,1767559974158513597,38,65465606
539,159.7550,100,1980,2619,1767559974162152617,38,65465606
540,159.7550,100,1980,2619,1767559974165752695,38,65465606
541,159.7550,100,1980,2619,1767559974173763181,38,65465606
542,159.7550,100,1980,2619,1767559974177346554,38,65465606
543,160.1150,100,1980,2619,1767559974181196198,38,65465606
544,160.1150,100,1980,2619,1767559974185561712,38,65489089
545,160.1150,100,1980,2619,1767559974203116980,38,65489089
546,160.1150,100,1980,2619,1767559974207617788,38,65489089
547,160.1150,100,1980,2619,1767559974214021595,38,65489089
548,160.1150,100,1980,2619,1767559974217664295,38,65489089
549,160.1150,100,1980,2619,1767559974221228277,38,65489089
550,160.1150,100,1980,2619,1767559974225186721,38,65489089
551,160.1150,100,1980,2619,1767559974233553301,38,65489089
552,160.1150,100,1980,2619,1767559974237130915,38,65489089
553,160.1150,100,1980,2619,1767559974240753968,38,65489089
554,160.1150,100,1980,2619,1767559974244435228,38,65489089
555,160.1150,100,1980,2619,1767559974248410663,38,65489089
556,160.1150,100,1980,2619,1767559974254885701,38,65489089
557,160.1150,100,1980,2619,1767559974258481939,38,65489089
558,160.1150,100,1980,2619,1767559974262097152,38,65489089
559,160.1150,100,1980,2619,1767559974265750348,38,65489089
560,160.1150,100,1980,2619,1767559974273707075,38,65489089
561,160.1150,100,1980,2619,1767559974277252465,38,65489089
562,160.1150,100,1980,2619,1767559974280914622,38,65489089
563,160.1150,100,1980,2619,1767559974285565254,38,65513077
564,160.1150,100,1980,2619,1767559974303669479,38,65513077
565,160.1150,100,1980,2619,1767559974307724529,38,65513077
566,160.1260,100,1980,2619,1767559974314107025,38,65513077
567,160.1260,100,1980,2619,1767559974318251899,38,65513077
568,160.1260,100,1980,2619,1767559974321865897,38,65513077
569,160.1260,100,1980,2619,1767559974325792724,38,65513077
570,160.1260,100,1980,2619,1767559974333822634,38,65513077
571,160.1260,100,1980,2619,1767559974337466167,38,65513077
572,160.1260,100,1980,2619,1767559974341039428,38,65513077
573,160.1260,100,1980,2619,1767559974344698001,38,65513077
574,160.1260,100,1980,2619,1767559974348732508,38,65513077
575,160.1260,100,1980,2619,1767559974355209242,38,65513077
576,160.1260,100,1980,2619,1767559974358846247,38,65513077
577,160.1260,100,1980,2619,1767559974362466708,38,65513077
578,160.1260,100,1980,2619,1767559974367538362,38,65513077
579,160.1260,100,1980,2619,1767559974374202615,38,65513077
580,160.1260,100,1980,2619,1767559974378147298,38,65513077
581,160.1260,100,1980,2619,1767559974381924559,38,65513077
582,160.1260,100,1980,2619,1767559974386044153,38,65537233
583,160.1260,100,1980,2619,1767559974403133856,38,65537233
584,160.1260,100,1980,2619,1767559974407520170,38,65537233
585,160.1260,100,1980,2619,1767559974414030503,38,65537233
586,160.1260,100,1980,2619,1767559974417591157,38,65537233
587,160.1260,100,1980,2619,1767559974421726975,38,65537233
588,160.1260,100,1980,2619,1767559974425687978,38,65537233
589,160.1260,100,1980,2619,1767559974433803040,38,65537233
590,159.5770,100,1980,2619,1767559974437377645,38,65537233
591,159.5770,100,1980,2619,1767559974441364568,38,65537233
592,159.5770,100,1980,2619,1767559974445090437,38,65537233
593,159.5770,100,1980,2619,1767559974453006876,38,65537233
594,159.5770,100,1980,2619,1767559974456636873,38,65537233
595,159.5770,100,1980,2619,1767559974460259798,38,65537233
596,159.5770,100,1980,2619,1767559974463969347,38,65537233
597,159.5770,100,1980,2619,1767559974467963374,38,65537233
598,159.5770,100,1980,2619,1767559974474398444,38,65537233
599,159.5770,100,1980,2619,1767559974477850106,38,65537233
600,159.5770,100,1980,2619,1767559974481631270,38,65537233
601,159.5770,100,1980,2619,1767559974485790800,38,65561145
602,159.5770,100,1980,2619,1767559974505005837,38,65561145
603,159.5770,100,1980,2619,1767559974513168066,38,65561145
604,159.5770,100,1980,2619,1767559974516796463,38,65561145
605,159.5770,100,1980,2619,1767559974520394652,38,65561145
606,159.5770,100,1980,2619,1767559974524502950,38,65561145
607,159.5770,100,1980,2619,1767559974528716112,38,65561145
608,159.5770,100,1980,2619,1767559974535230479,38,65561145
609,159.5770,100,1980,2619,1767559974538869564,38,65561145
610,159.5770,100,1980,2619,1767559974542413994,38,65561145
611,159.5770,100,1980,2619,1767559974546037335,38,65561145
612,159.5770,100,1980,2619,1767559974553947565,38,65561145
613,159.5770,100,1980,2619,1767559974557534714,38,65561145
614,159.1270,100,1980,2619,1767559974561056616,38,65561145
615,159.1270,100,1980,2619,1767559974564695381,38,65561145
616,159.1270,100,1980,2619,1767559974568738944,38,65561145
617,159.1270,100,1980,2619,1767559974575251741,38,65561145
618,159.1270,100,1980,2619,1767559974578724779,38,65561145
619,159.1270,100,1980,2619,1767559974582351577,38,65561145
620,159.1270,100,1980,2619,1767559974586592099,38,65585756
621,159.1270,100,1980,2619,1767559974603567946,38,65585756
622,159.1270,100,1980,2619,1767559974607600885,38,65585756
623,159.1270,100,1980,2619,1767559974615225613,38,65585756
624,159.1270,100,1980,2619,1767559974618924090,38,65585756
625,159.1270,100,1980,2619,1767559974622464648,38,65585756
626,159.1270,100,1980,2619,1767559974627609517,38,65585756
627,159.1270,100,1980,2619,1767559974634261098,38,65585756
628,159.1270,100,1980,2619,1767559974637875031,38,65585756
629,159.1270,100,1980,2619,1767559974641422629,38,65585756
630,159.1270,100,1980,2619,1767559974645120113,38,65585756
631,159.1270,100,1980,2619,1767559974653267175,38,65585756
632,159.1270,100,1980,2619,1767559974656731636,38,65585756
633,159.1270,100,1980,2619,1767559974660337569,38,65585756
634,159.1270,100,1980,2619,1767559974664012366,38,65585756
635,159.1270,100,1980,2619,1767559974668070105,38,65585756
636,159.1270,100,1980,2619,1767559974674531288,38,65585756
637,159.1270,100,1980,2619,1767559974678124261,38,65585756
638,159.8390,100,1980,2619,1767559974681710451,38,65585756
639,159.8390,100,1980,2619,1767559974685916925,38,65610155
640,159.8390,100,1980,2619,1767559974703578080,38,65610155
641,159.8390,100,1980,2619,1767559974707774954,38,65610155
642,159.8390,100,1980,2619,1767559974714086570,38,65610155
643,159.8390,100,1980,2619,1767559974717645111,38,65610155
644,159.8390,100,1980,2619,1767559974721336548,38,65610155
645,159.8390,100,1980,2619,1767559974725173200,38,65610155
646,159.8390,100,1980,2619,1767559974733322437,38,65610155
647,159.8390,100,1980,2619,1767559974736959634,38,65610155
648,159.8390,100,1980,2619,1767559974740494943,38,65610155
649,159.8390,100,1980,2619,1767559974744224364,38,65610155
650,159.8390,100,1980,2619,1767559974748188695,38,65610155
651,159.8390,100,1980,2619,1767559974754660405,38,65610155
652,159.8390,100,1980,2619,1767559974758109379,38,65610155
653,159.8390,100,1980,2619,1767559974761379090,38,65610155
654,159.8390,100,1980,2619,1767559974764831905,38,65610155
655,159.8390,100,1980,2619,1767559974768850060,38,65610155
656,159.8390,100,1980,2619,1767559974775294506,38,65610155
657,159.8390,100,1980,2619,1767559974778573273,38,65610155
658,159.8390,100,1980,2619,1767559974781901767,38,65610155
659,159.8390,100,1980,2619,1767559974785994930,38,65634419
660,159.8390,100,1980,2619,1767559974803541271,38,65634419
661,159.8390,100,1980,2619,1767559974807621538,38,65634419
662,160.1480,100,1980,2619,1767559974814132768,38,65634419
663,160.1480,100,1980,2619,1767559974817831916,38,65634419
664,160.1480,100,1980,2619,1767559974821568761,38,65634419
665,160.1480,100,1980,2619,1767559974826132225,38,65634419
666,160.1480,100,1980,2619,1767559974838948509,38,65634419
667,160.1480,55,1980,2619,1767559974842930217,38,65634419
668,160.1480,55,1980,2619,1767559974847566192,38,65634419
669,160.1480,55,1980,2619,1767559974856518626,38,65634419
670,160.1480,55,1980,2619,1767559974861570824,51,65634419
671,160.1480,55,1980,2619,1767559974867583496,51,65634419
672,160.1480,55,1980,2619,1767559974904852966,51,65634419
673,160.1480,55,1980,2619,1767559974916726152,51,65743044
674,160.1480,55,1890,2619,1767559974926711187,51,65743044
675,160.1480,55,1890,2619,1767559974961429407,51,65743044
676,244.3190,55,1890,2619,1767559974970748270,51,65743044
677,244.3190,55,1890,2619,1767559974981296983,51,65743044
678,244.3190,55,1890,2619,1767559974986572284,51,65820562
679,244.3190,55,1890,2619,1767559975006357748,51,65820562
680,244.3190,55,1890,2619,1767559975035909530,60,65820562
681,244.3190,55,1890,2619,1767559975045409928,60,65820562
682,244.3190,55,1890,2619,1767559975057288042,60,65820562
683,244.3190,55,1890,2619,1767559975060940311,60,65820562
684,244.3190,55,1725,2619,1767559975064431077,60,65820562
685,244.3190,55,1725,2619,1767559975075000014,60,65820562
686,244.3190,55,1725,2619,1767559975080885520,60,65820562
687,244.3190,55,1725,2619,1767559975085603799,60,65919084
688,362.3340,55,1725,2619,1767559975106356330,60,65919084
689,362.3340,55,1725,2619,1767559975117589711,60,65919084
690,362.3340,100,1725,2619,1767559975121080189,60,65919084
691,362.3340,100,1725,2619,1767559975124675979,60,65919084
692,362.3340,100,1725,2619,1767559975131132841,60,65919084
693,362.3340,100,1725,2619,1767559975140094714,60,65919084
694,362.3340,100,1725,2619,1767559975143878758,66,65919084
695,362.3340,100,1725,2619,1767559975147957489,66,65919084
696,362.3340,100,1725,2619,1767559975154396559,66,65919084
697,362.3340,100,1725,2619,1767559975158349114,66,65919084
698,362.3340,100,1725,2619,1767559975162055111,66,65919084
699,362.3340,100,1725,2619,1767559975165794644,66,65919084
700,362.3340,100,1725,2619,1767559975174844677,66,65919084
701,362.3340,100,1740,2619,1767559975178654641,66,65919084
702,362.3340,100,1740,2619,1767559975182366398,66,65919084
703,362.3340,100,1740,2619,1767559975187947168,66,66014588
704,362.3340,100,1740,2619,1767559975203804045,66,66014588
705,362.3340,100,1740,2619,1767559975207790296,66,66014588
706,440.0990,100,1740,2619,1767559975216706859,66,66014588
707,440.0990,100,1740,2619,1767559975222770315,66,66014588
708,440.0990,100,1740,2619,1767559975231093215,66,66014588
709,440.0990,100,1740,2619,1767559975251479317,66,66014588
710,440.0990,100,1740,2619,1767559975259990665,66,66014588
711,440.0990,100,1740,2619,1767559975265882282,70,66014588
712,440.0990,100,1740,2619,1767559975276502802,70,66014588
713,440.0990,100,1740,2619,1767559975281515928,70,66014588
714,440.0990,100,1740,2619,1767559975285770146,70,66112284
715,440.0990,100,1740,2619,1767559975304761215,70,66112284
716,440.0990,100,1740,2619,1767559975308832906,70,66112284
717,440.0990,100,1770,2619,1767559975317851899,70,66112284
718,440.0990,100,1770,2619,1767559975321733318,70,66112284
719,440.0990,100,1770,2619,1767559975326101199,70,66112284
720,440.0990,100,1770,2619,1767559975338326799,70,66112284
721,531.7730,100,1770,2619,1767559975341848349,70,66112284
722,531.7730,100,1770,2619,1767559975345413547,70,66112284
723,531.7730,100,1770,2619,1767559975353644704,70,66112284
724,531.7730,100,1770,2619,1767559975357188109,70,66112284
725,531.7730,100,1770,2619,1767559975360911418,70,66112284
726,531.7730,100,1770,2619,1767559975364695430,70,66112284
727,531.7730,100,1770,2619,1767559975368692753,70,66112284
728,531.7730,100,1770,2619,1767559975377569667,70,66112284
729,531.7730,100,1770,2619,1767559975381814956,70,66112284
730,531.7730,100,1770,2619,1767559975386005334,69,66208084
731,531.7730,100,1770,2619,1767559975405929135,69,66208084
732,531.7730,100,1770,2619,1767559975417051637,69,66208084
733,531.7730,100,1770,2619,1767559975423185748,69,66208084
734,531.7730,100,1770,2619,1767559975430974316,69,66208084
735,531.7730,100,1770,2619,1767559975455642731,69,66208084
736,531.7730,100,1710,2619,1767559975464395005,69,66208084
737,608.9340,100,1710,2619,1767559975470709756,69,66208084
738,608.9340,100,1710,2619,1767559975480034668,69,66208084
739,608.9340,100,1710,2619,1767559975485560047,69,66304430
740,608.9340,100,1710,2619,1767559975507719451,69,66304430
741,608.9340,100,1710,2619,1767559975537646208,71,66304430
742,608.9340,100,1710,2619,1767559975546524977,71,66304430
743,608.9340,100,1710,2619,1767559975557013914,71,66304430
744,608.9340,100,1710,2619,1767559975560844070,71,66304430
745,608.9340,100,1710,2619,1767559975564549715,71,66304430
746,608.9340,100,1665,2619,1767559975568588415,71,66304430
747,608.9340,100,1665,2619,1767559975577694287,71,66304430
748,608.9340,100,1665,2619,1767559975581635002,71,66304430
749,608.9340,100,1665,2619,1767559975587618427,71,66397604
750,703.0970,100,1665,2619,1767559975605799643,71,66397604
751,703.0970,100,1665,2619,1767559975616940834,71,66397604
752,703.0970,100,1665,2619,1767559975620908877,71,66397604
753,703.0970,100,1665,2619,1767559975624662426,71,66397604
754,703.0970,100,1665,2619,1767559975632459889,71,66397604
755,703.0970,100,1665,2619,1767559975641676416,71,66397604
756,703.0970,100,1665,2619,1767559975645676555,71,66397604
757,703.0970,100,1665,2619,1767559975656058742,71,66397604
758,703.0970,100,1665,2619,1767559975660104641,71,66397604
759,703.0970,100,1665,2619,1767559975663718638,71,66397604
760,703.0970,100,1665,2619,1767559975667735545,71,66397604
761,703.0970,100,1665,2619,1767559975675112722,71,66397604
762,703.0970,100,1665,2619,1767559975678809759,71,66397604
763,703.0970,100,1665,2619,1767559975682431564,71,66397604
764,703.0970,100,1605,2619,1767559975688111214,71,66484194
765,703.0970,100,1605,2619,1767559975706242832,71,66484194
766,703.0970,100,1605,2619,1767559975737547532,71,66484194
767,772.3210,100,1605,2619,1767559975746099744,71,66484194
768,772.3210,100,1605,2619,1767559975757968994,71,66484194
769,772.3210,100,1605,2619,1767559975761573103,71,66484194
770,772.3210,100,1605,2619,1767559975765156700,67,66484194
771,772.3210,100,1605,2619,1767559975775555782,67,66484194
772,772.3210,100,1605,2619,1767559975779526033,67,66484194
773,772.3210,100,1605,2619,1767559975783607003,67,66484194
774,772.3210,100,1605,2619,1767559975789917819,67,66563845
775,772.3210,100,1605,2619,1767559975804603791,67,66563845
776,772.3210,100,1605,2619,1767559975808636825,67,66563845
777,772.3210,100,1560,2619,1767559975816096754,67,66563845
778,772.3210,100,1560,2619,1767559975819769535,67,66563845
779,772.3210,100,1560,2619,1767559975823590859,67,66563845
780,772.3210,100,1560,2619,1767559975830191945,67,66563845
781,772.3210,100,1560,2619,1767559975837484675,67,66563845
782,845.8660,100,1560,2619,1767559975842481225,67,66563845
783,845.8660,100,1560,2619,1767559975847623630,67,66563845
784,845.8660,100,1560,2619,1767559975856369920,67,66563845
785,845.8660,100,1560,2619,1767559975859934190,67,66563845
786,845.8660,100,1560,2619,1767559975863763705,67,66563845
787,845.8660,100,1560,2619,1767559975867631653,67,66563845
788,845.8660,100,1560,2619,1767559975874159523,67,66563845
789,845.8660,100,1560,2619,1767559975877848528,67,66563845
790,845.8660,100,1560,2619,1767559975881521693,67,66563845
791,845.8660,100,1560,2619,1767559975885723111,69,66648421
792,845.8660,100,1560,2619,1767559975906216956,69,66648421
793,845.8660,100,1560,2619,1767559975917460481,69,66648421
794,845.8660,100,1560,2619,1767559975921223342,69,66648421
795,845.8660,100,1560,2619,1767559975925045850,69,66648421
796,845.8660,100,1560,2619,1767559975935996929,69,66648421
797,845.8660,100,1560,2619,1767559975939625230,69,66648421
798,845.8660,100,1560,2619,1767559975943579641,69,66648421
799,845.8660,100,1560,2619,1767559975947652228,69,66648421
800,845.8660,100,1560,2619,1767559975956662773,69,66648421
801,845.8660,100,1560,2619,1767559975960405153,69,66648421
802,828.3660,100,1560,2619,1767559975964250605,69,66648421
803,828.3660,100,1560,2619,1767559975968181176,69,66648421
804,828.3660,100,1560,2619,1767559975975506995,69,66648421
805,828.3660,100,1560,2619,1767559975979662877,69,66648421
806,828.3660,100,1560,2619,1767559975983386858,69,66648421
807,828.3660,100,1560,2619,1767559975989264875,69,66736720
808,828.3660,100,1560,2619,1767559976006597552,69,66736720
809,828.3660,100,1560,2619,1767559976017592887,69,66736720
810,828.3660,100,1560,2619,1767559976021211652,69,66736720
811,828.3660,100,1560,2619,1767559976024831889,69,66736720
812,828.3660,100,1560,2619,1767559976035847096,69,66736720
813,828.3660,100,1560,2619,1767559976039919554,69,66736720
814,828.3660,100,1560,2619,1767559976043810350,69,66736720
815,828.3660,100,1560,2619,1767559976047882424,69,66736720
816,828.3660,100,1560,2619,1767559976056798698,69,66736720
817,828.3660,100,1560,2619,1767559976060358519,69,66736720
818,828.3660,100,1560,2619,1767559976063988709,69,66736720
819,828.3660,100,1560,2619,1767559976068082192,69,66736720
820,828.3660,100,1560,2619,1767559976075301706,69,66736720
821,828.3660,100,1560,2619,1767559976081043084,69,66736720
822,806.8170,100,1560,2619,1767559976085579316,69,66820670
823,806.8170,100,1560,2619,1767559976105827051,69,66820670
824,806.8170,100,1560,2619,1767559976116899409,69,66820670
825,806.8170,100,1560,2619,1767559976120651581,69,66820670
826,806.8170,100,1560,2619,1767559976124331498,69,66820670
827,806.8170,100,1560,2619,1767559976130988743,69,66820670
828,806.8170,100,1560,2619,1767559976138208033,69,66820670
829,806.8170,100,1560,2619,1767559976141907662,69,66820670
830,806.8170,100,1560,2619,1767559976145701946,69,66820670
831,806.8170,100,1560,2619,1767559976156305891,69,66820670
832,806.8170,100,1560,2619,1767559976160338926,69,66820670
833,806.8170,100,1560,2619,1767559976163942459,69,66820670
834,806.8170,100,1560,2619,1767559976168497187,69,66820670
835,806.8170,100,1560,2619,1767559976177101494,69,66820670
836,806.8170,100,1560,2619,1767559976180874722,69,66820670
837,806.8170,100,1545,2619,1767559976185711881,69,66907511
838,806.8170,100,1545,2619,1767559976203985354,69,66907511
839,806.8170,100,1545,2619,1767559976208054965,69,66907511
840,797.2600,100,1545,2619,1767559976215345135,69,66907511
841,797.2600,100,1545,2619,1767559976219024828,69,66907511
842,797.2600,100,1545,2619,1767559976222849831,69,66907511
843,797.2600,100,1545,2619,1767559976230117345,69,66907511
844,797.2600,100,1545,2619,1767559976237452891,69,66907511
845,797.2600,100,1545,2619,1767559976241107688,69,66907511
846,797.2600,100,1545,2619,1767559976244941012,69,66907511
847,797.2600,100,1545,2619,1767559976252892971,69,66907511
848,797.2600,100,1545,2619,1767559976256468536,69,66907511
849,797.2600,100,1545,2619,1767559976260241221,70,66907511
850,797.2600,100,1545,2619,1767559976264025553,70,66907511
851,797.2600,100,1545,2619,1767559976268073851,70,66907511
852,797.2600,100,1545,2619,1767559976275367541,70,66907511
853,797.2600,100,1545,2619,1767559976279578207,70,66907511
854,797.2600,100,1545,2619,1767559976283231821,70,66907511
855,797.2600,100,1545,2619,1767559976289142446,70,66995730
856,797.2600,100,1545,2619,1767559976305131642,70,66995730
857,797.2600,100,1545,2619,1767559976313918796,70,66995730
858,797.2600,100,1560,2619,1767559976318093750,70,66995730
859,797.2600,100,1560,2619,1767559976321804803,70,66995730
860,797.2600,100,1560,2619,1767559976326966248,70,66995730
861,797.2600,100,1560,2619,1767559976337393874,70,66995730
862,784.8810,100,1560,2619,1767559976340989535,70,66995730
863,784.8810,100,1560,2619,1767559976344770796,70,66995730
864,784.8810,100,1560,2619,1767559976348764823,70,66995730
865,784.8810,100,1560,2619,1767559976357673384,70,66995730
866,784.8810,100,1560,2619,1767559976361410836,70,66995730
867,784.8810,100,1560,2619,1767559976364949410,70,66995730
868,784.8810,100,1560,2619,1767559976373751540,70,66995730
869,784.8810,100,1560,2619,1767559976377408962,70,66995730
870,784.8810,100,1560,2619,1767559976381361549,70,66995730
871,784.8810,100,1560,2619,1767559976385559543,70,67081246
872,784.8810,100,1560,2619,1767559976405253647,70,67081246
873,784.8810,100,1560,2619,1767559976415143772,70,67081246
874,784.8810,100,1560,2619,1767559976419421349,70,67081246
875,784.8810,100,1560,2619,1767559976423360273,70,67081246
876,784.8810,100,1560,2619,1767559976430066127,70,67081246
877,784.8810,100,1560,2619,1767559976437494344,70,67081246
878,784.8810,100,1530,2619,1767559976441478291,70,67081246
879,784.8810,100,1530,2619,1767559976445311103,70,67081246
880,784.8810,100,1530,2619,1767559976455849383,70,67081246
881,784.8810,100,1530,2619,1767559976459515028,70,67081246
882,775.3520,100,1530,2619,1767559976463004418,70,67081246
883,775.3520,100,1530,2619,1767559976467548043,70,67081246
884,775.3520,100,1530,2619,1767559976476348637,70,67081246
885,775.3520,100,1530,2619,1767559976482105535,70,67081246
886,775.3520,100,1530,2619,1767559976489941910,70,67171856
887,775.3520,100,1530,2619,1767559976522985802,70,67171856
888,775.3520,100,1530,2619,1767559976532608215,70,67171856
889,775.3520,100,1530,2619,1767559976541522376,70,67171856
890,775.3520,100,1530,2619,1767559976545254549,70,67171856
891,775.3520,100,1530,2619,1767559976555667359,70,67171856
892,775.3520,100,1530,2619,1767559976559401100,70,67171856
893,775.3520,100,1530,2619,1767559976562940729,70,67171856
894,775.3520,100,1530,2619,1767559976567535617,70,67171856
895,775.3520,100,1530,2619,1767559976574817755,70,67171856
896,775.3520,100,1530,2619,1767559976578572807,70,67171856
897,775.3520,100,1530,2619,1767559976582305588,70,67171856
898,775.3520,100,1530,2619,1767559976586423710,70,67257963
899,775.3520,100,1530,2619,1767559976604354465,70,67257963
900,775.3520,100,1530,2619,1767559976608386764,70,67257963
901,765.2920,100,1530,2619,1767559976615789861,70,67257963
902,765.2920,100,1530,2619,1767559976620609356,70,67257963
903,765.2920,100,1530,2619,1767559976624515095,70,67257963
904,765.2920,100,1530,2619,1767559976635740220,70,67257963
905,765.2920,100,1530,2619,1767559976639271946,70,67257963
906,765.2920,100,1530,2619,1767559976643072983,70,67257963
907,765.2920,100,1530,2619,1767559976647506752,70,67257963
908,765.2920,100,1530,2619,1767559976656420241,70,67257963
909,765.2920,100,1530,2619,1767559976660119070,70,67257963
910,765.2920,100,1530,2619,1767559976663739947,70,67257963
911,765.2920,100,1530,2619,1767559976667743222,70,67257963
912,765.2920,100,1530,2619,1767559976676700423,70,67257963
913,765.2920,100,1530,2619,1767559976680644818,70,67257963
914,765.2920,100,1530,2619,1767559976685577017,70,67343145
915,765.2920,100,1530,2619,1767559976704241272,70,67343145
916,765.2920,100,1530,2619,1767559976708215459,70,67343145
917,765.2920,100,1560,2619,1767559976715512988,70,67343145
918,765.2920,100,1560,2619,1767559976719239369,70,67343145
919,765.2920,100,1560,2619,1767559976722939317,70,67343145
920,765.2920,100,1560,2619,1767559976731111723,70,67343145
921,770.4770,100,1560,2619,1767559976737677801,70,67343145
922,770.4770,100,1560,2619,1767559976741353558,70,67343145
923,770.4770,100,1560,2619,1767559976745191074,70,67343145
924,770.4770,100,1560,2619,1767559976754146067,70,67343145
925,770.4770,100,1560,2619,1767559976757885919,70,67343145
926,770.4770,100,1560,2619,1767559976761590828,70,67343145
927,770.4770,100,1560,2619,1767559976765337432,70,67343145
928,770.4770,100,1560,2619,1767559976774127275,70,67343145
929,770.4770,100,1560,2619,1767559976777682713,70,67343145
930,770.4770,100,1560,2619,1767559976781518245,71,67343145
931,770.4770,100,1560,2619,1767559976785547311,71,67429996
932,770.4770,100,1560,2619,1767559976803842864,71,67429996
933,770.4770,100,1560,2619,1767559976807894330,71,67429996
934,770.4770,100,1560,2619,1767559976816876843,71,67429996
935,770.4770,100,1560,2619,1767559976820730487,71,67429996
936,770.4770,100,1560,2619,1767559976824374693,71,67429996
937,770.4770,100,1560,2619,1767559976830851395,71,67429996
938,770.4770,100,1515,2619,1767559976840400849,71,67429996
939,770.4770,100,1515,2619,1767559976844370748,71,67429996
940,770.4770,100,1515,2619,1767559976848469575,71,67429996
941,774.5540,100,1515,2619,1767559976857509015,71,67429996
942,774.5540,100,1515,2619,1767559976861200804,71,67429996
943,774.5540,100,1515,2619,1767559976864787954,71,67429996
944,774.5540,100,1515,2619,1767559976868763133,71,67429996
945,774.5540,100,1515,2619,1767559976877841742,71,67429996
946,774.5540,100,1515,2619,1767559976881767161,71,67429996
947,774.5540,100,1515,2619,1767559976886037923,71,67514489
948,774.5540,100,1515,2619,1767559976906191577,71,67514489
949,774.5540,100,1515,2619,1767559976917451007,70,67514489
950,774.5540,100,1515,2619,1767559976921064140,70,67514489
951,774.5540,100,1515,2619,1767559976924717433,70,67514489
952,774.5540,100,1515,2619,1767559976931016728,70,67514489
953,774.5540,100,1515,2619,1767559976940300935,70,67514489
954,774.5540,100,1455,2619,1767559976944236755,70,67514489
955,774.5540,100,1455,2619,1767559976948552028,70,67514489
956,774.5540,100,1455,2619,1767559976955742359,70,67514489
957,774.5540,100,1455,2619,1767559976959718915,70,67514489
958,770.7270,100,1455,2619,1767559976963411791,70,67514489
959,770.7270,100,1455,2619,1767559976967554010,70,67514489
960,770.7270,100,1455,2619,1767559976974808788,70,67514489
961,770.7270,100,1455,2619,1767559976978569920,70,67514489
962,770.7270,100,1455,2619,1767559976982346284,70,67514489
963,770.7270,100,1455,2619,1767559976987820783,70,67597167
964,770.7270,100,1455,2619,1767559977004410393,70,67597167
965,770.7270,100,1455,2619,1767559977008413732,70,67597167
966,770.7270,100,1455,2619,1767559977015632863,70,67597167
967,770.7270,100,1455,2619,1767559977019375819,70,67597167
968,770.7270,100,1455,2619,1767559977023049208,70,67597167
969,770.7270,100,1455,2619,1767559977030389265,70,67597167
970,770.7270,100,1455,2619,1767559977039603041,70,67597167
971,770.7270,100,1455,2619,1767559977043582317,70,67597167
972,770.7270,100,1455,2619,1767559977047650744,70,67597167
973,770.7270,100,1455,2619,1767559977054942642,70,67597167
974,770.7270,100,1455,2619,1767559977058519039,70,67597167
975,770.7270,100,1485,2619,1767559977062242347,70,67597167
976,770.7270,100,1485,2619,1767559977065985720,70,67597167
977,770.7270,100,1485,2619,1767559977074730410,70,67597167
978,770.7270,100,1485,2619,1767559977078463382,70,67597167
979,770.7270,100,1485,2619,1767559977082136611,70,67597167
980,765.6870,100,1485,2619,1767559977103160374,70,67678717
981,765.6870,100,1485,2619,1767559977107502911,70,67678717
982,765.6870,100,1485,2619,1767559977114734425,70,67678717
983,765.6870,100,1485,2619,1767559977118426886,70,67678717
984,765.6870,100,1485,2619,1767559977122160210,70,67678717
985,765.6870,100,1485,2619,1767559977127522006,70,67678717
986,765.6870,100,1485,2619,1767559977138844892,70,67678717
987,765.6870,100,1485,2619,1767559977142730440,70,67678717
988,765.6870,100,1485,2619,1767559977147681582,70,67678717
989,765.6870,100,1485,2619,1767559977156812318,70,67678717
990,765.6870,100,1485,2619,1767559977161114183,70,67678717
991,765.6870,100,1485,2619,1767559977164638837,70,67678717
992,765.6870,100,1485,2619,1767559977168776959,70,67678717
993,765.6870,100,1485,2619,1767559977177762608,70,67678717
994,765.6870,100,1485,2619,1767559977181666300,70,67678717
995,765.6870,100,1485,2619,1767559977185821126,70,67758978
996,765.6870,100,1485,2619,1767559977203114796,70,67758978
997,765.6870,100,1485,2619,1767559977207523573,70,67758978
998,759.4730,100,1485,2619,1767559977213955091,70,67758978
999,759.4730,100,1485,2619,1767559977217647904,70,67758978
1000,759.4730,100,1485,2619,1767559977221391757,70,67758978
1001,759.4730,100,1485,2619,1767559977225656855,70,67758978
1002,759.4730,100,1485,2619,1767559977235574947,70,67758978
1003,759.4730,100,1485,2619,1767559977239317295,70,67758978
1004,759.4730,100,1485,2619,1767559977243126331,70,67758978
1005,759.4730,100,1485,2619,1767559977247613796,70,67758978
1006,759.4730,100,1485,2619,1767559977254117570,70,67758978
1007,759.4730,100,1485,2619,1767559977257892622,69,67758978
1008,759.4730,100,1485,2619,1767559977262155703,69,67758978
1009,759.4730,100,1485,2619,1767559977266022051,69,67758978
1010,759.4730,100,1485,2619,1767559977274716598,69,67758978
1011,759.4730,100,1485,2619,1767559977278794209,69,67758978
1012,759.4730,100,1485,2619,1767559977282663981,69,67758978
1013,759.4730,100,1485,2619,1767559977288234288,69,67839973
1014,759.4730,100,1485,2619,1767559977304351291,69,67839973
1015,759.4730,100,1485,2619,1767559977308328999,69,67839973
1016,759.4730,100,1470,2619,1767559977315899360,69,67839973
1017,759.4730,100,1470,2619,1767559977319609229,69,67839973
1018,759.4730,100,1470,2619,1767559977323346297,69,67839973
1019,759.4730,100,1470,2619,1767559977330123381,69,67839973
1020,759.4730,100,1470,2619,1767559977339252069,69,67839973
1021,750.2730,100,1470,2619,1767559977343028978,69,67839973
1022,750.2730,100,1470,2619,1767559977347515130,69,67839973
1023,750.2730,100,1470,2619,1767559977356620682,69,67839973
1024,750.2730,100,1470,2619,1767559977360152216,69,67839973
1025,750.2730,100,1470,2619,1767559977364531458,69,67839973
1026,750.2730,100,1470,2619,1767559977368594509,69,67839973
1027,750.2730,100,1470,2619,1767559977377639101,69,67839973
1028,750.2730,100,1470,2619,1767559977381645384,69,67839973
1029,750.2730,100,1470,2619,1767559977385709491,69,67918993
1030,750.2730,100,1470,2619,1767559977405108238,69,67918993
1031,750.2730,100,1470,2619,1767559977413477251,69,67918993
1032,750.2730,100,1470,2619,1767559977417187183,69,67918993
1033,750.2730,100,1470,2619,1767559977420897020,69,67918993
1034,750.2730,100,1470,2619,1767559977424846343,69,67918993
1035,750.2730,100,1470,2619,1767559977431165990,69,67918993
1036,750.2730,100,1485,2619,1767559977438418336,69,67918993
1037,750.2730,100,1485,2619,1767559977442380811,69,67918993
1038,750.2730,100,1485,2619,1767559977447551376,69,67918993
1039,750.2730,100,1485,2619,1767559977455111753,69,67918993
1040,741.0160,100,1485,2619,1767559977458858774,69,67918993
1041,741.0160,100,1485,2619,1767559977462554434,69,67918993
1042,741.0160,100,1485,2619,1767559977467524680,69,67918993
1043,741.0160,100,1485,2619,1767559977476420858,69,67918993
1044,741.0160,100,1485,2619,1767559977480191110,69,67918993
1045,741.0160,100,1485,2619,1767559977483835155,69,67918993
1046,741.0160,100,1485,2619,1767559977490460976,69,68002359
1047,741.0160,100,1485,2619,1767559977507230553,69,68002359
1048,741.0160,100,1485,2619,1767559977517253861,69,68002359
1049,741.0160,100,1485,2619,1767559977521295695,69,68002359
1050,741.0160,100,1485,2619,1767559977525241307,69,68002359
1051,741.0160,100,1485,2619,1767559977536141859,69,68002359
1052,741.0160,100,1485,2619,1767559977539853615,69,68002359
1053,741.0160,100,1485,2619,1767559977543723067,69,68002359
1054,741.0160,100,1485,2619,1767559977547813061,69,68002359
1055,741.0160,100,1485,2619,1767559977554292963,69,68002359
1056,741.0160,100,1485,2619,1767559977558044784,69,68002359
1057,741.0160,100,1485,2619,1767559977561713437,69,68002359
1058,736.4310,100,1485,2619,1767559977565527945,69,68002359
1059,736.4310,100,1485,2619,1767559977573496543,69,68002359
1060,736.4310,100,1485,2619,1767559977577249675,69,68002359
1061,736.4310,100,1485,2619,1767559977581264790,69,68002359
1062,736.4310,100,1485,2619,1767559977585505441,69,68082587
1063,736.4310,100,1485,2619,1767559977603116005,69,68082587
1064,736.4310,100,1485,2619,1767559977607545293,69,68082587
1065,736.4310,100,1485,2619,1767559977614917447,69,68082587
1066,736.4310,100,1485,2619,1767559977619838797,69,68082587
1067,736.4310,100,1485,2619,1767559977623721817,69,68082587
1068,736.4310,100,1485,2619,1767559977630251479,69,68082587
1069,736.4310,100,1485,2619,1767559977637572273,69,68082587
1070,736.4310,100,1485,2619,1767559977641316509,69,68082587
1071,736.4310,100,1485,2619,1767559977645136137,69,68082587
1072,736.4310,100,1485,2619,1767559977653032000,69,68082587
1073,736.4310,100,1485,2619,1767559977656859820,69,68082587
1074,736.4310,100,1485,2619,1767559977660711224,69,68082587
1075,736.4310,100,1485,2619,1767559977664529380,69,68082587
1076,736.4310,100,1485,2619,1767559977668609070,69,68082587
1077,736.4310,100,1485,2619,1767559977675092749,69,68082587
1078,730.7080,100,1485,2619,1767559977678997657,69,68082587
1079,730.7080,100,1485,2619,1767559977682675782,69,68082587
1080,730.7080,100,1485,2619,1767559977688229929,69,68165723
1081,730.7080,100,1485,2619,1767559977704708274,69,68165723
1082,730.7080,100,1485,2619,1767559977708873084,69,68165723
1083,730.7080,100,1485,2619,1767559977717768783,69,68165723
1084,730.7080,100,1485,2619,1767559977721452635,69,68165723
1085,730.7080,100,1485,2619,1767559977725366663,69,68165723
1086,730.7080,100,1485,2619,1767559977737547463,69,68165723
1087,730.7080,100,1485,2619,1767559977741414835,69,68165723
1088,730.7080,100,1485,2619,1767559977745185727,69,68165723
1089,730.7080,100,1485,2619,1767559977753949041,69,68165723
1090,730.7080,100,1485,2619,1767559977758097275,69,68165723
1091,730.7080,100,1485,2619,1767559977761914280,69,68165723
1092,730.7080,100,1485,2619,1767559977765717972,69,68165723
1093,730.7080,100,1485,2619,1767559977776345053,69,68165723
1094,730.7080,100,1485,2619,1767559977780977252,69,68165723
1095,730.7080,100,1485,2619,1767559977785506317,69,68246144
1096,730.7080,100,1485,2619,1767559977804114700,69,68246144
1097,730.7080,100,1485,2619,1767559977808195415,69,68246144
1098,725.5420,100,1485,2619,1767559977817335527,69,68246144
1099,725.5420,100,1485,2619,1767559977821040435,69,68246144
1100,725.5420,100,1485,2619,1767559977824684672,69,68246144
1101,725.5420,100,1485,2619,1767559977830859104,69,68246144
1102,725.5420,100,1485,2619,1767559977838148186,69,68246144
1103,725.5420,100,1485,2619,1767559977841902566,69,68246144
1104,725.5420,100,1485,2619,1767559977845604787,69,68246144
1105,725.5420,100,1485,2619,1767559977856093501,69,68246144
1106,725.5420,100,1485,2619,1767559977859851241,70,68246144
1107,725.5420,100,1485,2619,1767559977863639637,70,68246144
1108,725.5420,100,1485,2619,1767559977867719264,70,68246144
1109,725.5420,100,1485,2619,1767559977874434909,70,68246144
1110,725.5420,100,1485,2619,1767559977878145033,70,68246144
1111,725.5420,100,1485,2619,1767559977882401235,70,68246144
1112,725.5420,100,1485,2619,1767559977887971350,70,68329385
1113,725.5420,100,1485,2619,1767559977904810558,70,68329385
1114,725.5420,100,1485,2619,1767559977908892393,70,68329385
1115,725.5420,100,1485,2619,1767559977917592699,70,68329385
1116,722.6250,100,1485,2619,1767559977921264008,70,68329385
1117,722.6250,100,1485,2619,1767559977925076916,70,68329385
1118,722.6250,100,1485,2619,1767559977936035419,70,68329385
1119,722.6250,100,1485,2619,1767559977939893575,70,68329385
1120,722.6250,100,1485,2619,1767559977943850706,70,68329385
1121,722.6250,100,1485,2619,1767559977947948477,70,68329385
1122,722.6250,100,1485,2619,1767559977955245207,70,68329385
1123,722.6250,100,1485,2619,1767559977958948228,70,68329385
1124,722.6250,100,1485,2619,1767559977962609873,70,68329385
1125,722.6250,100,1485,2619,1767559977967646294,70,68329385
1126,722.6250,100,1485,2619,1767559977976616327,70,68329385
1127,722.6250,100,1485,2619,1767559977980525811,70,68329385
1128,722.6250,100,1485,2619,1767559977985555257,70,68409717
1129,722.6250,100,1485,2619,1767559978004333975,70,68409717
1130,722.6250,100,1485,2619,1767559978008382178,70,68409717
1131,722.6250,100,1485,2619,1767559978015826587,70,68409717
1132,722.6250,100,1485,2619,1767559978019597287,70,68409717
1133,722.6250,100,1485,2619,1767559978023282963,70,68409717
1134,722.6250,100,1485,2619,1767559978030112432,70,68409717
1135,722.6250,100,1485,2619,1767559978037429738,70,68409717
1136,721.2290,100,1485,2619,1767559978041137623,70,68409717
1137,721.2290,100,1485,2619,1767559978045027299,70,68409717
1138,721.2290,100,1485,2619,1767559978053754773,70,68409717
1139,721.2290,100,1485,2619,1767559978057345218,70,68409717
1140,721.2290,100,1485,2619,1767559978061092942,70,68409717
1141,721.2290,100,1485,2619,1767559978064990490,70,68409717
1142,721.2290,100,1485,2619,1767559978076559838,70,68409717
1143,721.2290,100,1485,2619,1767559978080761288,70,68409717
1144,721.2290,100,1485,2619,1767559978104331277,70,68492554
1145,721.2290,100,1485,2619,1767559978109173299,70,68492554
1146,721.2290,100,1485,2619,1767559978116558125,70,68492554
1147,721.2290,100,1485,2619,1767559978120262169,70,68492554
1148,721.2290,100,1485,2619,1767559978124101222,70,68492554
1149,721.2290,100,1485,2619,1767559978130534820,70,68492554
1150,721.2290,100,1485,2619,1767559978139830740,70,68492554
1151,721.2290,100,1485,2619,1767559978143699743,70,68492554
1152,721.2290,100,1485,2619,1767559978147824490,70,68492554
1153,721.2290,100,1485,2619,1767559978155288931,70,68492554
1154,721.2290,100,1485,2619,1767559978158979151,70,68492554
1155,721.8700,100,1485,2619,1767559978162719740,70,68492554
1156,721.8700,100,1485,2619,1767559978167574819,70,68492554
1157,721.8700,100,1485,2619,1767559978176783891,70,68492554
1158,721.8700,100,1485,2619,1767559978181959640,70,68492554
1159,721.8700,100,1485,2619,1767559978185827972,70,68572664
1160,721.8700,100,1485,2619,1767559978203884869,70,68572664
1161,721.8700,100,1485,2619,1767559978207945552,70,68572664
1162,721.8700,100,1485,2619,1767559978215219210,70,68572664
1163,721.8700,100,1485,2619,1767559978219345941,70,68572664
1164,721.8700,100,1485,2619,1767559978223039458,70,68572664
1165,721.8700,100,1485,2619,1767559978230162364,70,68572664
1166,721.8700,100,1485,2619,1767559978237473974,70,68572664
1167,721.8700,100,1485,2619,1767559978241217314,70,68572664
1168,721.8700,100,1485,2619,1767559978245059214,70,68572664
1169,721.8700,100,1485,2619,1767559978255333017,70,68572664
1170,721.8700,100,1485,2619,1767559978258996966,70,68572664
1171,721.8700,100,1485,2619,1767559978262541492,70,68572664
1172,721.8700,100,1485,2619,1767559978267539129,70,68572664
1173,721.8700,100,1485,2619,1767559978274122615,70,68572664
1174,721.8700,100,1485,2619,1767559978277806980,70,68572664
1175,721.8700,100,1485,2619,1767559978281639631,70,68572664
1176,723.7410,100,1485,2619,1767559978285737594,70,68654817
1177,723.7410,100,1485,2619,1767559978306244047,70,68654817
1178,723.7410,100,1485,2619,1767559978315721342,70,68654817
1179,723.7410,100,1485,2619,1767559978319330443,70,68654817
1180,723.7410,100,1485,2619,1767559978323072599,70,68654817
1181,723.7410,100,1485,2619,1767559978330113778,70,68654817
1182,723.7410,100,1485,2619,1767559978337525068,70,68654817
1183,723.7410,100,1485,2619,1767559978341287160,70,68654817
1184,723.7410,100,1485,2619,1767559978345125125,70,68654817
1185,723.7410,100,1485,2619,1767559978353937431,70,68654817
1186,723.7410,100,1485,2619,1767559978358034945,70,68654817
1187,723.7410,100,1485,2619,1767559978361755182,70,68654817
1188,723.7410,100,1485,2619,1767559978365532730,70,68654817
1189,723.7410,100,1485,2619,1767559978374353100,70,68654817
1190,723.7410,100,1485,2619,1767559978377941753,70,68654817
1191,723.7410,100,1485,2619,1767559978381868004,70,68654817
1192,723.7410,100,1485,2619,1767559978385936271,70,68736523
1193,723.7410,100,1485,2619,1767559978405856967,70,68736523
1194,723.7410,100,1485,2619,1767559978415364950,70,68736523
1195,725.0170,100,1485,2619,1767559978419686527,70,68736523
1196,725.0170,100,1485,2619,1767559978423457195,70,68736523
1197,725.0170,100,1485,2619,1767559978430310536,70,68736523
1198,725.0170,100,1485,2619,1767559978437637442,70,68736523
1199,725.0170,100,1485,2619,1767559978441637837,70,68736523
1200,725.0170,100,1485,2619,1767559978445366297,70,68736523
1201,725.0170,100,1485,2619,1767559978454071340,70,68736523
1202,725.0170,100,1485,2619,1767559978457703033,70,68736523
1203,725.0170,100,1485,2619,1767559978461213062,70,68736523
1204,725.0170,100,1485,2619,1767559978464967187,70,68736523
1205,725.0170,100,1485,2619,1767559978473774917,70,68736523
1206,725.0170,100,1485,2619,1767559978477633169,70,68736523
1207,725.0170,100,1485,2619,1767559978481729116,70,68736523
1208,725.0170,100,1485,2619,1767559978485978150,70,68817547
1209,725.0170,100,1485,2619,1767559978507881811,70,68817547
1210,725.0170,100,1485,2619,1767559978516455078,70,68817547
1211,725.0170,100,1485,2619,1767559978520846767,70,68817547
1212,725.0170,100,1485,2619,1767559978524596764,70,68817547
1213,725.0170,100,1485,2619,1767559978530914107,70,68817547
1214,725.0170,100,1485,2619,1767559978540025867,70,68817547
1215,724.8840,100,1485,2619,1767559978543898967,70,68817547
1216,724.8840,100,1485,2619,1767559978548011329,70,68817547
1217,724.8840,100,1485,2619,1767559978555309915,70,68817547
1218,724.8840,100,1485,2619,1767559978558884553,70,68817547
1219,724.8840,100,1485,2619,1767559978562618997,70,68817547
1220,724.8840,100,1485,2619,1767559978567589020,70,68817547
1221,724.8840,100,1485,2619,1767559978574998805,70,68817547
1222,724.8840,100,1485,2619,1767559978578852033,70,68817547
1223,724.8840,100,1485,2619,1767559978582481806,70,68817547
1224,724.8840,100,1485,2619,1767559978588067313,70,68899049
1225,724.8840,100,1485,2619,1767559978606197105,70,68899049
1226,724.8840,100,1485,2619,1767559978617303608,70,68899049
1227,724.8840,100,1485,2619,1767559978622745692,70,68899049
1228,724.8840,100,1485,2619,1767559978630025334,70,68899049
1229,724.8840,100,1485,2619,1767559978639004135,70,68899049
1230,724.8840,100,1470,2619,1767559978642891474,70,68899049
1231,724.8840,100,1470,2619,1767559978647596121,70,68899049
1232,724.8840,100,1470,2619,1767559978656684331,70,68899049
1233,724.8840,100,1470,2619,1767559978660476023,70,68899049
1234,721.1250,100,1470,2619,1767559978664126980,70,68899049
1235,721.1250,100,1470,2619,1767559978668193231,70,68899049
1236,721.1250,100,1470,2619,1767559978675558856,70,68899049
1237,721.1250,100,1470,2619,1767559978679614323,70,68899049
1238,721.1250,100,1470,2619,1767559978683476606,70,68899049
1239,721.1250,100,1470,2619,1767559978689490879,70,68977880
1240,721.1250,100,1470,2619,1767559978705037006,70,68977880
1241,721.1250,100,1470,2619,1767559978715615159,70,68977880
1242,721.1250,100,1470,2619,1767559978719409571,70,68977880
1243,721.1250,100,1470,2619,1767559978723841388,70,68977880
1244,721.1250,100,1470,2619,1767559978730503401,70,68977880
1245,721.1250,100,1470,2619,1767559978737100838,70,68977880
1246,721.1250,100,1470,2619,1767559978740990066,70,68977880
1247,721.1250,100,1470,2619,1767559978744929342,70,68977880
1248,721.1250,100,1470,2619,1767559978753746544,70,68977880
1249,721.1250,100,1470,2619,1767559978757379965,70,68977880
1250,721.1250,100,1440,2619,1767559978761121098,70,68977880
1251,721.1250,100,1440,2619,1767559978764878518,70,68977880
1252,721.1250,100,1440,2619,1767559978775127136,70,68977880
1253,721.1250,100,1440,2619,1767559978778940940,70,68977880
1254,719.0940,100,1440,2619,1767559978782625849,70,68977880
1255,719.0940,100,1440,2619,1767559978788329723,70,69057766
1256,719.0940,100,1440,2619,1767559978804462087,70,69057766
1257,719.0940,100,1440,2619,1767559978808458514,70,69057766
1258,719.0940,100,1440,2619,1767559978817470531,70,69057766
1259,719.0940,100,1440,2619,1767559978821176368,70,69057766
1260,719.0940,100,1440,2619,1767559978825775640,70,69057766
1261,719.0940,100,1440,2619,1767559978834733130,70,69057766
1262,719.0940,100,1440,2619,1767559978838463862,70,69057766
1263,719.0940,100,1440,2619,1767559978842147907,70,69057766
1264,719.0940,100,1440,2619,1767559978845951919,70,69057766
1265,719.0940,100,1440,2619,1767559978856393048,70,69057766
1266,719.0940,100,1440,2619,1767559978860157413,70,69057766
1267,719.0940,100,1440,2619,1767559978863711378,70,69057766
1268,719.0940,100,1440,2619,1767559978867793244,70,69057766
1269,719.0940,100,1440,2619,1767559978876851053,70,69057766
1270,719.0940,100,1470,2619,1767559978880676025,70,69057766
1271,719.0940,100,1470,2619,1767559978885623072,70,69134412
1272,719.0940,100,1470,2619,1767559978904566653,70,69134412
1273,719.0940,100,1470,2619,1767559978908660871,70,69134412
1274,713.3410,100,1470,2619,1767559978917757496,70,69134412
1275,713.3410,100,1470,2619,1767559978921664452,70,69134412
1276,713.3410,100,1470,2619,1767559978926171372,70,69134412
1277,713.3410,100,1470,2619,1767559978938225581,70,69134412
1278,713.3410,100,1470,2619,1767559978941819515,70,69134412
1279,713.3410,100,1470,2619,1767559978945353320,70,69134412
1280,713.3410,100,1470,2619,1767559978956990443,70,69134412
1281,713.3410,100,1470,2619,1767559978960818551,70,69134412
1282,713.3410,100,1470,2619,1767559978964569315,70,69134412
1283,713.3410,100,1470,2619,1767559978968615182,70,69134412
1284,713.3410,100,1470,2619,1767559978975892777,70,69134412
1285,713.3410,100,1470,2619,1767559978980408401,70,69134412
1286,713.3410,100,1470,2619,1767559978985562134,70,69212768
1287,713.3410,100,1470,2619,1767559979005878668,70,69212768
1288,713.3410,100,1470,2619,1767559979014487679,70,69212768
1289,713.3410,100,1455,2619,1767559979018133421,70,69212768
1290,713.3410,100,1455,2619,1767559979021916281,70,69212768
1291,713.3410,100,1455,2619,1767559979026902975,70,69212768
1292,713.3410,100,1455,2619,1767559979037128169,70,69212768
1293,710.9610,100,1455,2619,1767559979040726550,70,69212768
1294,710.9610,100,1455,2619,1767559979044687201,70,69212768
1295,710.9610,100,1455,2619,1767559979048720588,70,69212768
1296,710.9610,100,1455,2619,1767559979056015430,70,69212768
1297,710.9610,100,1455,2619,1767559979060097745,70,69212768
1298,710.9610,100,1455,2619,1767559979063873597,70,69212768
1299,710.9610,100,1455,2619,1767559979067877641,70,69212768
1300,710.9610,100,1455,2619,1767559979076865818,70,69212768
1301,710.9610,100,1455,2619,1767559979080591814,70,69212768
1302,710.9610,100,1455,2619,1767559979085542892,70,69292082
1303,710.9610,100,1455,2619,1767559979107593146,70,69292082
1304,710.9610,100,1455,2619,1767559979116501739,70,69292082
1305,710.9610,100,1455,2619,1767559979120179384,70,69292082
1306,710.9610,100,1455,2619,1767559979123801157,70,69292082
1307,710.9610,100,1455,2619,1767559979130611777,70,69292082
1308,710.9610,100,1470,2619,1767559979138015930,70,69292082
1309,710.9610,100,1470,2619,1767559979141706855,70,69292082
1310,710.9610,100,1470,2619,1767559979145508915,70,69292082
1311,710.9610,100,1470,2619,1767559979156039837,70,69292082
1312,706.8130,100,1470,2619,1767559979159718186,70,69292082
1313,706.8130,100,1470,2619,1767559979163288983,70,69292082
1314,706.8130,100,1470,2619,1767559979167491489,70,69292082
1315,706.8130,100,1470,2619,1767559979174941274,70,69292082
1316,706.8130,100,1470,2619,1767559979178615654,70,69292082
1317,706.8130,100,1470,2619,1767559979182354515,70,69292082
1318,706.8130,100,1470,2619,1767559979187915958,70,69370278
1319,706.8130,100,1470,2619,1767559979204771390,70,69370278
1320,706.8130,100,1470,2619,1767559979208842505,70,69370278
1321,706.8130,100,1470,2619,1767559979216075587,70,69370278
1322,706.8130,100,1470,2619,1767559979219809840,70,69370278
1323,706.8130,100,1470,2619,1767559979223648059,70,69370278
1324,706.8130,100,1470,2619,1767559979230347512,70,69370278
1325,706.8130,100,1470,2619,1767559979239190058,70,69370278
1326,706.8130,100,1470,2619,1767559979243552052,70,69370278
1327,706.8130,100,1470,2619,1767559979247625503,70,69370278
1328,706.8130,100,1470,2619,1767559979256642832,70,69370278
1329,706.8130,100,1470,2619,1767559979260340476,70,69370278
1330,703.1810,100,1470,2619,1767559979263994313,70,69370278
1331,703.1810,100,1470,2619,1767559979268106323,70,69370278
1332,703.1810,100,1470,2619,1767559979274787952,70,69370278
1333,703.1810,100,1470,2619,1767559979278581853,70,69370278
1334,703.1810,100,1470,2619,1767559979282220618,70,69370278
1335,703.1810,100,1470,2619,1767559979286404853,70,69448941
1336,703.1810,100,1470,2619,1767559979306379340,70,69448941
1337,703.1810,100,1470,2619,1767559979314928223,70,69448941
1338,703.1810,100,1470,2619,1767559979318563596,70,69448941
1339,703.1810,100,1470,2619,1767559979322322808,70,69448941
1340,703.1810,100,1470,2619,1767559979330130608,70,69448941
1341,703.1810,100,1470,2619,1767559979336572175,70,69448941
1342,703.1810,100,1470,2619,1767559979340461050,70,69448941
1343,703.1810,100,1470,2619,1767559979344836963,70,69448941
1344,703.1810,100,1470,2619,1767559979355329676,70,69448941
1345,703.1810,100,1470,2619,1767559979358894458,70,69448941
1346,703.1810,100,1440,2619,1767559979362467559,70,69448941
1347,703.1810,100,1440,2619,1767559979367549452,70,69448941
1348,703.1810,100,1440,2619,1767559979374802759,70,69448941
1349,703.1810,100,1440,2619,1767559979378548372,70,69448941
1350,703.1810,100,1440,2619,1767559979382216736,70,69448941
1351,700.8960,100,1440,2619,1767559979386283563,70,69528183
1352,700.8960,100,1440,2619,1767559979406342242,70,69528183
1353,700.8960,100,1440,2619,1767559979415886897,70,69528183
1354,700.8960,100,1440,2619,1767559979419425759,70,69528183
1355,700.8960,100,1440,2619,1767559979423174475,70,69528183
1356,700.8960,100,1440,2619,1767559979430118694,70,69528183
1357,700.8960,100,1440,2619,1767559979437351296,70,69528183
1358,700.8960,100,1440,2619,1767559979441390251,70,69528183
1359,700.8960,100,1440,2619,1767559979445684149,70,69528183
1360,700.8960,100,1440,2619,1767559979454259816,70,69528183
1361,700.8960,100,1440,2619,1767559979458328499,70,69528183
1362,700.8960,100,1440,2619,1767559979462040479,70,69528183
1363,700.8960,100,1440,2619,1767559979465793996,70,69528183
1364,700.8960,100,1440,2619,1767559979474625374,70,69528183
1365,700.8960,100,1440,2619,1767559979478237515,70,69528183
1366,700.8960,100,1470,2619,1767559979481976120,70,69528183
1367,700.8960,100,1470,2619,1767559979486115554,70,69606000
1368,700.8960,100,1470,2619,1767559979507871121,70,69606000
1369,700.8960,100,1470,2619,1767559979519217141,70,69606000
1370,696.3890,100,1470,2619,1767559979522808099,70,69606000
1371,696.3890,100,1470,2619,1767559979530162908,70,69606000
1372,696.3890,100,1470,2619,1767559979539346668,70,69606000
1373,696.3890,100,1470,2619,1767559979543180952,70,69606000
1374,696.3890,100,1470,2619,1767559979547582017,70,69606000
1375,696.3890,100,1470,2619,1767559979554191103,70,69606000
1376,696.3890,100,1470,2619,1767559979557793388,70,69606000
1377,696.3890,100,1470,2619,1767559979561474329,70,69606000
1378,696.3890,100,1470,2619,1767559979565230629,70,69606000
1379,696.3890,100,1470,2619,1767559979573203899,70,69606000
1380,696.3890,100,1470,2619,1767559979576958600,70,69606000
1381,696.3890,100,1470,2619,1767559979581322385,70,69606000
1382,696.3890,100,1470,2619,1767559979585529339,70,69682980
1383,696.3890,100,1470,2619,1767559979603606173,70,69682980
1384,696.3890,100,1470,2619,1767559979607639528,70,69682980
1385,696.3890,100,1440,2619,1767559979615286368,70,69682980
1386,696.3890,100,1440,2619,1767559979619305739,70,69682980
1387,696.3890,100,1440,2619,1767559979623001847,70,69682980
1388,696.3890,100,1440,2619,1767559979630103858,70,69682980
1389,696.3890,100,1440,2619,1767559979639074787,70,69682980
1390,693.3870,100,1440,2619,1767559979642913136,70,69682980
1391,693.3870,100,1440,2619,1767559979647541144,70,69682980
1392,693.3870,100,1440,2619,1767559979656527241,70,69682980
1393,693.3870,100,1440,2619,1767559979660282965,70,69682980
1394,693.3870,100,1440,2619,1767559979663878050,70,69682980
1395,693.3870,100,1440,2619,1767559979667906413,70,69682980
1396,693.3870,100,1440,2619,1767559979675224167,70,69682980
1397,693.3870,100,1440,2619,1767559979679290002,70,69682980
1398,693.3870,100,1440,2619,1767559979682899231,70,69682980
1399,693.3870,100,1440,2619,1767559979688502562,70,69760778
1400,693.3870,100,1440,2619,1767559979705370442,70,69760778
1401,693.3870,100,1440,2619,1767559979714225755,70,69760778
1402,693.3870,100,1440,2619,1767559979717943912,70,69760778
1403,693.3870,100,1440,2619,1767559979721736692,70,69760778
1404,693.3870,100,1440,2619,1767559979726533467,70,69760778
1405,693.3870,100,1440,2619,1767559979737051877,70,69760778
1406,693.3870,100,1425,2619,1767559979740612978,70,69760778
1407,693.3870,100,1425,2619,1767559979744492446,70,69760778
1408,693.3870,100,1425,2619,1767559979748486857,70,69760778
1409,693.3870,100,1425,2619,1767559979755872066,70,69760778
1410,688.7780,100,1425,2619,1767559979759978029,70,69760778
1411,688.7780,100,1425,2619,1767559979763822104,70,69760778
1412,688.7780,100,1425,2619,1767559979767827075,70,69760778
1413,688.7780,100,1425,2619,1767559979775128670,70,69760778
1414,688.7780,100,1425,2619,1767559979778746475,70,69760778
1415,688.7780,100,1425,2619,1767559979782501144,70,69760778
1416,688.7780,100,1425,2619,1767559979788090362,70,69835939
1417,688.7780,100,1425,2619,1767559979804443077,70,69835939
1418,688.7780,100,1425,2619,1767559979808629199,70,69835939
1419,688.7780,100,1425,2619,1767559979815851721,70,69835939
1420,688.7780,100,1425,2619,1767559979819609877,70,69835939
1421,688.7780,100,1425,2619,1767559979823338018,70,69835939
1422,688.7780,100,1425,2619,1767559979831127834,70,69835939
1423,688.7780,100,1425,2619,1767559979837681463,70,69835939
1424,688.7780,100,1425,2619,1767559979841404868,70,69835939
1425,688.7780,100,1425,2619,1767559979845259344,70,69835939
1426,688.7780,100,1425,2619,1767559979854077313,70,69835939
1427,688.7780,100,1425,2619,1767559979858472906,70,69835939
1428,688.7780,100,1425,2619,1767559979862171991,70,69835939
1429,688.7780,100,1425,2619,1767559979866047844,70,69835939
1430,688.7780,100,1425,2619,1767559979874876469,70,69835939
1431,688.7780,100,1425,2619,1767559979878577538,70,69835939
1432,685.3470,100,1425,2619,1767559979882330990,70,69835939
1433,685.3470,100,1425,2619,1767559979888080944,70,69911270
1434,685.3470,100,1425,2619,1767559979905071607,70,69911270
1435,685.3470,100,1425,2619,1767559979915585377,70,69911270
1436,685.3470,100,1425,2619,1767559979919282222,70,69911270
1437,685.3470,100,1425,2619,1767559979922883675,70,69911270
1438,685.3470,100,1425,2619,1767559979930331060,70,69911270
1439,685.3470,100,1425,2619,1767559979936881361,70,69911270
1440,685.3470,100,1425,2619,1767559979941758296,70,69911270
1441,685.3470,100,1425,2619,1767559979945637412,70,69911270
1442,685.3470,100,1425,2619,1767559979954293207,70,69911270
1443,685.3470,100,1425,2619,1767559979959107198,70,69911270
1444,685.3470,100,1425,2619,1767559979962855466,70,69911270
1445,685.3470,100,1425,2619,1767559979967573842,70,69911270
1446,685.3470,100,1425,2619,1767559979975078762,70,69911270
1447,685.3470,100,1425,2619,1767559979978727191,70,69911270
1448,685.3470,100,1440,2619,1767559979982473891,70,69911270
1449,685.3470,100,1440,2619,1767559979988011718,70,69987902
1450,685.3470,100,1440,2619,1767559980004775343,70,69987902
1451,685.3470,100,1440,2619,1767559980008831514,70,69987902
1452,683.4880,100,1440,2619,1767559980016297875,70,69987902
1453,683.4880,100,1440,2619,1767559980020008096,70,69987902
1454,683.4880,100,1440,2619,1767559980023853516,70,69987902
1455,683.4880,100,1440,2619,1767559980030468937,70,69987902
1456,683.4880,100,1440,2619,1767559980037804034,70,69987902
1457,683.4880,100,1440,2619,1767559980041642447,70,69987902
1458,683.4880,100,1440,2619,1767559980045436635,70,69987902
1459,683.4880,100,1440,2619,1767559980054142062,70,69987902
1460,683.4880,100,1440,2619,1767559980057785755,70,69987902
1461,683.4880,100,1440,2619,1767559980062020069,70,69987902
1462,683.4880,100,1440,2619,1767559980065771793,70,69987902
1463,683.4880,100,1440,2619,1767559980074554883,70,69987902
1464,683.4880,100,1440,2619,1767559980078804013,70,69987902
1465,683.4880,100,1440,2619,1767559980082702424,70,69987902
1466,683.4880,100,1440,2619,1767559980088258971,70,70064133
1467,683.4880,100,1440,2619,1767559980107530359,70,70064133
1468,683.4880,100,1440,2619,1767559980114234580,70,70064133
1469,683.4880,100,1440,2619,1767559980117939457,70,70064133
1470,683.4880,100,1440,2619,1767559980121679629,70,70064133
1471,683.4880,100,1440,2619,1767559980126271381,70,70064133
1472,683.4880,100,1440,2619,1767559980136007075,70,70064133
1473,680.0110,100,1440,2619,1767559980139565136,70,70064133
1474,680.0110,100,1440,2619,1767559980143465020,70,70064133
1475,680.0110,100,1440,2619,1767559980147590182,70,70064133
1476,680.0110,100,1440,2619,1767559980154145732,70,70064133
1477,680.0110,100,1440,2619,1767559980157899504,70,70064133
1478,680.0110,100,1440,2619,1767559980161594301,70,70064133
1479,680.0110,100,1440,2619,1767559980165944870,70,70064133
1480,680.0110,100,1440,2619,1767559980174698040,70,70064133
1481,680.0110,100,1440,2619,1767559980178345925,70,70064133
1482,680.0110,100,1440,2619,1767559980182051090,70,70064133
1483,680.0110,100,1440,2619,1767559980186145565,70,70140081
1484,680.0110,100,1440,2619,1767559980203188612,70,70140081
1485,680.0110,100,1440,2619,1767559980207533645,70,70140081
1486,680.0110,100,1440,2619,1767559980216678333,70,70140081
1487,680.0110,100,1440,2619,1767559980220461001,70,70140081
1488,680.0110,100,1440,2619,1767559980224087735,70,70140081
1489,680.0110,100,1440,2619,1767559980230624853,70,70140081
1490,680.0110,100,1425,2619,1767559980237117107,70,70140081
1491,680.0110,100,1425,2619,1767559980241036606,70,70140081
1492,680.0110,100,1425,2619,1767559980244828587,70,70140081
1493,680.0110,100,1425,2619,1767559980255400691,70,70140081
1494,679.1090,100,1425,2619,1767559980259195775,70,70140081
1495,679.1090,100,1425,2619,1767559980262788236,70,70140081
1496,679.1090,100,1425,2619,1767559980267478932,70,70140081
1497,679.1090,100,1425,2619,1767559980275695082,70,70140081
1498,679.1090,100,1425,2619,1767559980279729685,70,70140081
1499,679.1090,100,1425,2619,1767559980283498465,70,70140081
1500,679.1090,100,1425,2619,1767559980289585889,70,70218129
1501,679.1090,100,1425,2619,1767559980305367310,70,70218129
1502,679.1090,100,1425,2619,1767559980314035777,70,70218129
1503,679.1090,100,1425,2619,1767559980318235596,70,70218129
1504,679.1090,100,1425,2619,1767559980322094840,70,70218129
1505,679.1090,100,1425,2619,1767559980327150045,70,70218129
1506,679.1090,100,1425,2619,1767559980337236712,70,70218129
1507,679.1090,100,1425,2619,1767559980340958709,70,70218129
1508,679.1090,100,1425,2619,1767559980344781665,70,70218129
1509,679.1090,100,1425,2619,1767559980348849099,70,70218129
1510,679.1090,100,1425,2619,1767559980356141925,70,70218129
1511,679.1090,100,1425,2619,1767559980359866610,70,70218129
1512,679.1090,100,1425,2619,1767559980363716158,70,70218129
1513,674.4240,100,1425,2619,1767559980367980072,70,70218129
1514,674.4240,100,1425,2619,1767559980375245602,70,70218129
1515,674.4240,100,1425,2619,1767559980380174120,70,70218129
1516,674.4240,100,1425,2619,1767559980384037908,70,70218129
1517,674.4240,100,1425,2619,1767559980390994543,70,70293923
1518,674.4240,100,1425,2619,1767559980405330373,70,70293923
1519,674.4240,100,1425,2619,1767559980414079128,70,70293923
1520,674.4240,100,1425,2619,1767559980417813860,70,70293923
1521,674.4240,100,1425,2619,1767559980421652432,70,70293923
1522,674.4240,100,1425,2619,1767559980426296279,70,70293923
1523,674.4240,100,1425,2619,1767559980438539863,70,70293923
1524,674.4240,100,1425,2619,1767559980442337924,70,70293923
1525,674.4240,100,1425,2619,1767559980447528329,70,70293923
1526,674.4240,100,1425,2619,1767559980456690233,70,70293923
1527,674.4240,100,1425,2619,1767559980460617285,70,70293923
1528,674.4240,100,1425,2619,1767559980464237106,70,70293923
1529,674.4240,100,1425,2619,1767559980468276252,70,70293923
1530,674.4240,100,1425,2619,1767559980475622518,70,70293923
1531,672.0910,100,1425,2619,1767559980479513250,70,70293923
1532,672.0910,100,1425,2619,1767559980483253166,70,70293923
1533,672.0910,100,1425,2619,1767559980489209807,70,70369590
1534,672.0910,100,1425,2619,1767559980506827795,70,70369590
1535,672.0910,100,1425,2619,1767559980515634309,70,70369590
1536,672.0910,100,1425,2619,1767559980519215634,70,70369590
1537,672.0910,100,1425,2619,1767559980523058910,70,70369590
1538,672.0910,100,1425,2619,1767559980530454040,70,70369590
1539,672.0910,100,1425,2619,1767559980537768402,70,70369590
1540,672.0910,100,1425,2619,1767559980541843805,70,70369590
1541,672.0910,100,1425,2619,1767559980545634857,70,70369590
1542,672.0910,100,1425,2619,1767559980554465115,70,70369590
1543,672.0910,100,1425,2619,1767559980558186375,70,70369590
1544,672.0910,100,1425,2619,1767559980561780436,70,70369590
1545,672.0910,100,1425,2619,1767559980565476897,70,70369590
1546,672.0910,100,1425,2619,1767559980574267091,70,70369590
1547,672.0910,100,1425,2619,1767559980578617052,70,70369590
1548,672.0910,100,1425,2619,1767559980582370025,70,70369590
1549,669.6520,100,1425,2619,1767559980587952780,70,70444450
1550,669.6520,100,1425,2619,1767559980606356876,70,70444450
1551,669.6520,100,1425,2619,1767559980616169752,70,70444450
1552,669.6520,100,1425,2619,1767559980620043780,70,70444450
1553,669.6520,100,1425,2619,1767559980623896145,70,70444450
1554,669.6520,100,1425,2619,1767559980630715117,70,70444450
1555,669.6520,100,1425,2619,1767559980637249803,70,70444450
1556,669.6520,100,1425,2619,1767559980640993143,70,70444450
1557,669.6520,100,1425,2619,1767559980644909027,70,70444450
1558,669.6520,100,1425,2619,1767559980655266476,70,70444450
1559,669.6520,100,1425,2619,1767559980659363703,70,70444450
1560,669.6520,100,1425,2619,1767559980662904676,70,70444450
1561,669.6520,100,1425,2619,1767559980667514572,70,70444450
1562,669.6520,100,1425,2619,1767559980675135781,70,70444450
1563,669.6520,100,1425,2619,1767559980679669774,70,70444450
1564,669.6520,100,1425,2619,1767559980683488954,70,70444450
1565,669.6520,100,1425,2619,1767559980689754233,70,70521506
1566,669.6520,100,1425,2619,1767559980705173416,70,70521506
1567,669.6520,100,1425,2619,1767559980713935579,70,70521506
1568,669.1550,100,1425,2619,1767559980717731399,70,70521506
1569,669.1550,100,1425,2619,1767559980721400916,70,70521506
1570,669.1550,100,1425,2619,1767559980725844765,70,70521506
1571,669.1550,100,1425,2619,1767559980736885667,70,70521506
1572,669.1550,100,1425,2619,1767559980740616431,70,70521506
1573,669.1550,100,1425,2619,1767559980744499803,70,70521506
1574,669.1550,100,1425,2619,1767559980748673413,70,70521506
1575,669.1550,100,1425,2619,1767559980756359229,70,70521506
1576,669.1550,100,1425,2619,1767559980760091753,70,70521506
1577,669.1550,100,1425,2619,1767559980763958101,70,70521506
1578,669.1550,100,1425,2619,1767559980768044416,70,70521506
1579,669.1550,100,1425,2619,1767559980775353594,70,70521506
1580,669.1550,100,1425,2619,1767559980779699491,70,70521506
1581,669.1550,100,1425,2619,1767559980784079756,70,70521506
1582,669.1550,100,1425,2619,1767559980790835017,70,70597421
1583,669.1550,100,1425,2619,1767559980805250782,70,70597421
1584,669.1550,100,1425,2619,1767559980814189200,70,70597421
1585,669.1550,100,1425,2619,1767559980817909916,70,70597421
1586,669.1550,100,1425,2619,1767559980821707240,70,70597421
1587,669.1550,100,1425,2619,1767559980826287472,70,70597421
1588,669.1550,100,1425,2619,1767559980837719348,70,70597421
1589,669.5020,100,1425,2619,1767559980841603616,70,70597421
1590,669.5020,100,1425,2619,1767559980845434604,70,70597421
1591,669.5020,100,1425,2619,1767559980854258302,70,70597421
1592,669.5020,100,1425,2619,1767559980858021739,70,70597421
1593,669.5020,100,1425,2619,1767559980861757207,70,70597421
1594,669.5020,100,1425,2619,1767559980865510660,70,70597421
1595,669.5020,100,1425,2619,1767559980874293750,70,70597421
1596,669.5020,100,1425,2619,1767559980877933090,70,70597421
1597,669.5020,100,1425,2619,1767559980881676975,70,70597421
1598,669.5020,100,1425,2619,1767559980885929048,70,70671913
1599,669.5020,100,1425,2619,1767559980904615960,70,70671913
1600,669.5020,100,1425,2619,1767559980915196416,70,70671913
1601,669.5020,100,1425,2619,1767559980918793805,70,70671913
1602,669.5020,100,1425,2619,1767559980922366555,70,70671913
1603,669.5020,100,1425,2619,1767559980927708511,70,70671913
1604,669.5020,100,1425,2619,1767559980934316988,70,70671913
1605,669.5020,100,1440,2619,1767559980938025736,70,70671913
1606,669.5020,100,1440,2619,1767559980941770869,70,70671913
1607,669.5020,100,1440,2619,1767559980945499938,70,70671913
1608,669.5020,100,1440,2619,1767559980954725842,70,70671913
1609,669.5020,100,1440,2619,1767559980958485566,70,70671913
1610,669.5570,100,1440,2619,1767559980962224203,70,70671913
1611,669.5570,100,1440,2619,1767559980965966999,70,70671913
1612,669.5570,100,1440,2619,1767559980974761161,70,70671913
1613,669.5570,100,1440,2619,1767559980978323318,70,70671913
1614,669.5570,100,1440,2619,1767559980982079107,70,70671913
1615,669.5570,100,1440,2619,1767559980986238894,70,70748131
1616,669.5570,100,1440,2619,1767559981004079440,70,70748131
1617,669.5570,100,1440,2619,1767559981008087995,70,70748131
1618,669.5570,100,1440,2619,1767559981015278678,70,70748131
1619,669.5570,100,1440,2619,1767559981019271105,70,70748131
1620,669.5570,100,1440,2619,1767559981022960333,70,70748131
1621,669.5570,100,1440,2619,1767559981030064168,70,70748131
1622,669.5570,100,1440,2619,1767559981037546082,70,70748131
1623,669.5570,100,1440,2619,1767559981041263279,70,70748131
1624,669.5570,100,1440,2619,1767559981045137754,70,70748131
1625,669.5570,100,1440,2619,1767559981054526185,70,70748131
1626,669.5570,100,1440,2619,1767559981058360885,70,70748131
1627,669.5570,100,1440,2619,1767559981062023170,70,70748131
1628,669.5570,100,1440,2619,1767559981065822830,70,70748131
1629,669.5570,100,1440,2619,1767559981073897604,70,70748131
1630,669.5570,100,1440,2619,1767559981077528401,70,70748131
1631,669.7530,100,1440,2619,1767559981081367965,70,70748131
1632,669.7530,100,1440,2619,1767559981085611047,70,70823976
1633,669.7530,100,1440,2619,1767559981103923591,70,70823976
1634,669.7530,100,1440,2619,1767559981108309456,70,70823976
1635,669.7530,100,1440,2619,1767559981116960931,70,70823976
1636,669.7530,100,1440,2619,1767559981120696271,70,70823976
1637,669.7530,100,1440,2619,1767559981124491644,70,70823976
1638,669.7530,100,1440,2619,1767559981130935451,70,70823976
1639,669.7530,100,1440,2619,1767559981140244394,70,70823976
1640,669.7530,100,1440,2619,1767559981144112533,70,70823976
1641,669.7530,100,1440,2619,1767559981148235616,70,70823976
1642,669.7530,100,1440,2619,1767559981155415898,70,70823976
1643,669.7530,100,1440,2619,1767559981159782563,70,70823976
1644,669.7530,100,1440,2619,1767559981163561328,70,70823976
1645,669.7530,100,1440,2619,1767559981167594363,70,70823976
1646,669.7530,100,1440,2619,1767559981176560940,70,70823976
1647,669.7530,100,1440,2619,1767559981180651031,70,70823976
1648,669.7530,100,1425,2619,1767559981185622877,70,70900606
1649,669.7530,100,1425,2619,1767559981203956509,70,70900606
1650,669.7530,100,1425,2619,1767559981207991720,70,70900606
1651,669.9920,100,1425,2619,1767559981215256674,70,70900606
1652,669.9920,100,1425,2619,1767559981218977263,70,70900606
1653,669.9920,100,1425,2619,1767559981222715644,70,70900606
1654,669.9920,100,1425,2619,1767559981230231668,70,70900606
1655,669.9920,100,1425,2619,1767559981237650477,70,70900606
1656,669.9920,100,1425,2619,1767559981241568473,70,70900606
1657,669.9920,100,1425,2619,1767559981245344325,70,70900606
1658,669.9920,100,1425,2619,1767559981254125624,70,70900606
1659,669.9920,100,1425,2619,1767559981257713029,70,70900606
1660,669.9920,100,1425,2619,1767559981261507825,70,70900606
1661,669.9920,100,1425,2619,1767559981265270109,70,70900606
1662,669.9920,100,1425,2619,1767559981274067439,70,70900606
1663,669.9920,100,1425,2619,1767559981278316345,70,70900606
1664,669.9920,100,1425,2619,1767559981282081989,70,70900606
1665,669.9920,100,1425,2619,1767559981286260495,70,70976866
1666,669.9920,100,1425,2619,1767559981304784975,70,70976866
1667,669.9920,100,1425,2619,1767559981308808410,70,70976866
1668,669.9920,100,1425,2619,1767559981316119860,70,70976866
1669,669.9920,100,1425,2619,1767559981319837376,70,70976866
1670,669.9920,100,1425,2619,1767559981323680428,70,70976866
1671,669.9920,100,1425,2619,1767559981330300906,70,70976866
1672,669.9920,100,1425,2619,1767559981337604611,70,70976866
1673,668.6310,100,1425,2619,1767559981341301648,70,70976866
1674,668.6310,100,1425,2619,1767559981345166876,70,70976866
1675,668.6310,100,1425,2619,1767559981353956847,70,70976866
1676,668.6310,100,1425,2619,1767559981357722523,70,70976866
1677,668.6310,100,1425,2619,1767559981361469927,70,70976866
1678,668.6310,100,1425,2619,1767559981365267603,70,70976866
1679,668.6310,100,1425,2619,1767559981374298628,70,70976866
1680,668.6310,100,1425,2619,1767559981377942929,70,70976866
1681,668.6310,100,1425,2619,1767559981381850141,70,70976866
1682,668.6310,100,1425,2619,1767559981385881544,70,71052078
1683,668.6310,100,1425,2619,1767559981405719328,70,71052078
1684,668.6310,100,1425,2619,1767559981414344339,70,71052078
1685,668.6310,100,1425,2619,1767559981418705340,70,71052078
1686,668.6310,100,1425,2619,1767559981422482952,70,71052078
1687,668.6310,100,1425,2619,1767559981430069985,70,71052078
1688,668.6310,100,1425,2619,1767559981436547712,70,71052078
1689,668.6310,100,1425,2619,1767559981440743402,70,71052078
1690,668.6310,100,1425,2619,1767559981444901204,70,71052078
1691,668.6310,100,1425,2619,1767559981455488605,70,71052078
1692,668.6310,100,1425,2619,1767559981459213737,70,71052078
1693,668.9530,100,1425,2619,1767559981462793814,70,71052078
1694,668.9530,100,1425,2619,1767559981467531325,70,71052078
1695,668.9530,100,1425,2619,1767559981474788088,70,71052078
1696,668.9530,100,1425,2619,1767559981478546661,70,71052078
1697,668.9530,100,1425,2619,1767559981482159346,70,71052078
1698,668.9530,100,1425,2619,1767559981486302716,70,71128936
1699,668.9530,100,1425,2619,1767559981506305747,70,71128936
1700,668.9530,100,1425,2619,1767559981515674754,70,71128936
1701,668.9530,100,1425,2619,1767559981519580878,70,71128936
1702,668.9530,100,1425,2619,1767559981523341306,70,71128936
1703,668.9530,100,1425,2619,1767559981530043192,70,71128936
1704,668.9530,100,1425,2619,1767559981537336626,70,71128936
1705,668.9530,100,1425,2619,1767559981541033662,70,71128936
1706,668.9530,100,1425,2619,1767559981544910314,70,71128936
1707,668.9530,100,1425,2619,1767559981553783643,70,71128936
1708,668.9530,100,1425,2619,1767559981557458312,70,71128936
1709,668.9530,100,1425,2619,1767559981561145525,70,71128936
1710,668.9530,100,1425,2619,1767559981565014145,70,71128936
1711,668.9530,100,1425,2619,1767559981575450283,70,71128936
1712,668.9530,100,1425,2619,1767559981579640725,70,71128936
1713,669.0820,100,1425,2619,1767559981583274914,70,71128936
1714,669.0820,100,1425,2619,1767559981589400962,70,71205340
1715,669.0820,100,1425,2619,1767559981604879409,70,71205340
1716,669.0820,100,1425,2619,1767559981612824743,70,71205340
1717,669.0820,100,1425,2619,1767559981616587124,70,71205340
1718,669.0820,100,1425,2619,1767559981621291452,70,71205340
1719,669.0820,100,1425,2619,1767559981625684997,70,71205340
1720,669.0820,100,1425,2619,1767559981635411314,70,71205340
1721,669.0820,100,1425,2619,1767559981638980319,70,71205340
1722,669.0820,100,1425,2619,1767559981642815531,70,71205340
1723,669.0820,100,1425,2619,1767559981647527282,70,71205340
1724,669.0820,100,1425,2619,1767559981656670787,70,71205340
1725,669.0820,100,1425,2619,1767559981660523663,70,71205340
1726,669.0820,100,1425,2619,1767559981664134204,70,71205340
1727,669.0820,100,1425,2619,1767559981668211847,70,71205340
1728,669.0820,100,1425,2619,1767559981675541824,70,71205340
1729,669.0820,100,1425,2619,1767559981679374604,70,71205340
1730,669.0820,100,1425,2619,1767559981683117465,70,71205340
1731,669.0820,100,1425,2619,1767559981688963066,70,71281431
1732,669.0820,100,1425,2619,1767559981705101670,70,71281431
1733,669.2030,100,1425,2619,1767559981713980568,70,71281431
1734,669.2030,100,1425,2619,1767559981717523365,70,71281431
1735,669.2030,100,1425,2619,1767559981721835055,70,71281431
1736,669.2030,100,1425,2619,1767559981726799349,70,71281431
1737,669.2030,100,1425,2619,1767559981737124446,70,71281431
1738,669.2030,100,1425,2619,1767559981740751916,70,71281431
1739,669.2030,100,1425,2619,1767559981744653112,70,71281431
1740,669.2030,100,1425,2619,1767559981748658083,70,71281431
1741,669.2030,100,1425,2619,1767559981756220763,70,71281431
1742,669.2030,100,1425,2619,1767559981759988488,70,71281431
1743,669.2030,100,1425,2619,1767559981764132658,70,71281431
1744,669.2030,100,1425,2619,1767559981768161501,70,71281431
1745,669.2030,100,1425,2619,1767559981776947663,70,71281431
1746,669.2030,100,1425,2619,1767559981780958714,70,71281431
1747,669.2030,100,1425,2619,1767559981785563522,70,71355653
1748,669.2030,100,1425,2619,1767559981805700185,70,71355653
1749,669.2030,100,1425,2619,1767559981814405995,70,71355653
1750,669.3210,100,1425,2619,1767559981819072947,70,71355653
1751,669.3210,100,1425,2619,1767559981822833375,70,71355653
1752,669.3210,100,1425,2619,1767559981830150233,70,71355653
1753,669.3210,100,1425,2619,1767559981839095083,70,71355653
1754,669.3210,100,1425,2619,1767559981842895351,70,71355653
1755,669.3210,100,1425,2619,1767559981847522015,70,71355653
1756,669.3210,100,1425,2619,1767559981856876206,70,71355653
1757,669.3210,100,1425,2619,1767559981860591898,70,71355653
1758,669.3210,100,1425,2619,1767559981864287367,70,71355653
1759,669.3210,100,1425,2619,1767559981868263730,70,71355653
1760,669.3210,100,1425,2619,1767559981875584492,70,71355653
1761,669.3210,100,1425,2619,1767559981879481304,70,71355653
1762,669.3210,100,1425,2619,1767559981883662306,70,71355653
1763,669.3210,100,1425,2619,1767559981889951490,70,71431885
1764,669.3210,100,1425,2619,1767559981905320625,70,71431885
1765,669.3210,100,1425,2619,1767559981913990275,70,71431885
1766,669.3210,100,1410,2619,1767559981917768464,70,71431885
1767,669.3210,100,1410,2619,1767559981921518524,70,71431885
1768,669.3210,100,1410,2619,1767559981927110848,70,71431885
1769,669.3210,100,1410,2619,1767559981937364906,70,71431885
1770,667.3130,100,1410,2619,1767559981941296469,70,71431885
1771,667.3130,100,1410,2619,1767559981945243649,70,71431885
1772,667.3130,100,1410,2619,1767559981954223282,70,71431885
1773,667.3130,100,1410,2619,1767559981958197085,70,71431885
1774,667.3130,100,1410,2619,1767559981961931977,70,71431885
1775,667.3130,100,1410,2619,1767559981965706933,70,71431885
1776,667.3130,100,1410,2619,1767559981974461160,70,71431885
1777,667.3130,100,1410,2619,1767559981978045334,70,71431885
1778,667.3130,100,1410,2619,1767559981981883426,70,71431885
1779,667.3130,100,1410,2619,1767559981985987116,70,71503523
1780,667.3130,100,1410,2619,1767559982004466059,70,71503523
1781,667.3130,100,1410,2619,1767559982013325086,70,71503523
1782,667.3130,100,1410,2619,1767559982017071850,70,71503523
1783,667.3130,100,1410,2619,1767559982020831383,70,71503523
1784,667.3130,100,1410,2619,1767559982024617027,70,71503523
1785,667.3130,100,1410,2619,1767559982035500138,70,71503523
1786,667.3130,100,1410,2619,1767559982039338070,70,71503523
1787,667.3130,100,1410,2619,1767559982043173025,70,71503523
1788,667.3130,100,1410,2619,1767559982047511563,70,71503523
1789,667.3130,100,1410,2619,1767559982054735429,70,71503523
1790,662.8440,100,1410,2619,1767559982058911887,70,71503523
1791,662.8440,100,1410,2619,1767559982062796155,70,71503523
1792,662.8440,100,1410,2619,1767559982067535395,70,71503523
1793,662.8440,100,1410,2619,1767559982075048827,70,71503523
1794,662.8440,100,1410,2619,1767559982078816104,70,71503523
1795,662.8440,100,1410,2619,1767559982082725075,70,71503523
1796,662.8440,100,1410,2619,1767559982088289494,70,71576963
1797,662.8440,100,1410,2619,1767559982104715713,70,71576963
1798,662.8440,100,1410,2619,1767559982114612909,70,71576963
1799,662.8440,100,1410,2619,1767559982118722584,70,71576963
1800,662.8440,100,1410,2619,1767559982122412644,70,71576963
1801,662.8440,100,1410,2619,1767559982130054076,70,71576963
1802,662.8440,100,1410,2619,1767559982138965133,70,71576963
1803,662.8440,100,1410,2619,1767559982142747482,70,71576963
1804,662.8440,100,1410,2619,1767559982147684000,70,71576963
1805,662.8440,100,1410,2619,1767559982154112511,70,71576963
1806,662.8440,100,1410,2619,1767559982158547240,70,71576963
1807,662.8440,100,1410,2619,1767559982162438483,70,71576963
1808,662.8440,100,1410,2619,1767559982167523513,70,71576963
1809,659.2230,100,1410,2619,1767559982174018935,70,71576963
1810,659.2230,100,1410,2619,1767559982178105505,70,71576963
1811,659.2230,100,1410,2619,1767559982181991469,70,71576963
1812,659.2230,100,1410,2619,1767559982185982264,70,71649406
1813,659.2230,100,1410,2619,1767559982203186399,70,71649406
1814,659.2230,100,1410,2619,1767559982207506888,70,71649406
1815,659.2230,100,1410,2619,1767559982214190853,70,71649406
1816,659.2230,100,1410,2619,1767559982217885714,70,71649406
1817,659.2230,100,1410,2619,1767559982221632286,70,71649406
1818,659.2230,100,1410,2619,1767559982226229510,70,71649406
1819,659.2230,100,1410,2619,1767559982235986803,70,71649406
1820,659.2230,100,1410,2619,1767559982240821402,70,71649406
1821,659.2230,100,1410,2619,1767559982244695494,70,71649406
1822,659.2230,100,1410,2619,1767559982248693649,70,71649406
1823,659.2230,100,1410,2619,1767559982255244623,70,71649406
1824,659.2230,100,1410,2619,1767559982258925884,70,71649406
1825,659.2230,100,1410,2619,1767559982262574537,70,71649406
1826,659.2230,100,1425,2619,1767559982267620558,70,71649406
1827,659.2230,100,1425,2619,1767559982274150732,70,71649406
1828,659.2230,100,1425,2619,1767559982278649716,70,71649406
1829,659.2230,100,1425,2619,1767559982282488481,70,71649406
1830,659.2230,100,1425,2619,1767559982288414786,70,71722882
1831,655.9270,100,1425,2619,1767559982304074160,70,71722882
1832,655.9270,100,1425,2619,1767559982308054363,70,71722882
1833,655.9270,100,1425,2619,1767559982314383578,70,71722882
1834,655.9270,100,1425,2619,1767559982318091911,70,71722882
1835,655.9270,100,1425,2619,1767559982321850995,70,71722882
1836,655.9270,100,1425,2619,1767559982326684026,70,71722882
1837,655.9270,100,1425,2619,1767559982336232424,70,71722882
1838,655.9270,100,1425,2619,1767559982339828342,70,71722882
1839,655.9270,100,1425,2619,1767559982344200927,70,71722882
1840,655.9270,100,1425,2619,1767559982348218698,70,71722882
1841,655.9270,100,1425,2619,1767559982355758562,70,71722882
1842,655.9270,100,1425,2619,1767559982359557582,70,71722882
1843,655.9270,100,1425,2619,1767559982363308923,70,71722882
1844,655.9270,100,1425,2619,1767559982367577476,70,71722882
1845,655.9270,100,1425,2619,1767559982374139843,70,71722882
1846,655.9270,100,1425,2619,1767559982377797584,70,71722882
1847,655.9270,100,1425,2619,1767559982381750203,70,71722882
1848,655.9270,100,1425,2619,1767559982385755750,70,71796139
1849,655.9270,100,1425,2619,1767559982405679902,70,71796139
1850,655.9270,100,1425,2619,1767559982416497318,70,71796139
1851,654.3210,100,1425,2619,1767559982420409298,70,71796139
1852,654.3210,100,1425,2619,1767559982424081374,70,71796139
1853,654.3210,100,1425,2619,1767559982430653852,70,71796139
1854,654.3210,100,1425,2619,1767559982439658477,70,71796139
1855,654.3210,100,1425,2619,1767559982443566552,70,71796139
1856,654.3210,100,1425,2619,1767559982447940193,70,71796139
1857,654.3210,100,1425,2619,1767559982456907282,70,71796139
1858,654.3210,100,1425,2619,1767559982460542463,70,71796139
1859,654.3210,100,1425,2619,1767559982464229804,70,71796139
1860,654.3210,100,1425,2619,1767559982468321303,70,71796139
1861,654.3210,100,1425,2619,1767559982477373704,70,71796139
1862,654.3210,100,1425,2619,1767559982481451539,70,71796139
1863,654.3210,100,1425,2619,1767559982485647773,70,71871374
1864,654.3210,100,1425,2619,1767559982506702287,70,71871374
1865,654.3210,100,1410,2619,1767559982516635867,70,71871374
1866,654.3210,100,1410,2619,1767559982520525831,70,71871374
1867,654.3210,100,1410,2619,1767559982524194772,70,71871374
1868,654.3210,100,1410,2619,1767559982530630898,70,71871374
1869,654.3210,100,1410,2619,1767559982538002955,70,71871374
1870,652.3390,100,1410,2619,1767559982541775287,70,71871374
1871,652.3390,100,1410,2619,1767559982545596419,70,71871374
1872,652.3390,100,1410,2619,1767559982554320278,70,71871374
1873,652.3390,100,1410,2619,1767559982558148067,70,71871374
1874,652.3390,100,1410,2619,1767559982561868719,70,71871374
1875,652.3390,100,1410,2619,1767559982565677499,70,71871374
1876,652.3390,100,1410,2619,1767559982574689516,70,71871374
1877,652.3390,100,1410,2619,1767559982578285625,70,71871374
1878,652.3390,100,1410,2619,1767559982582082981,70,71871374
1879,652.3390,100,1410,2619,1767559982586105264,70,71945829
1880,652.3390,100,1410,2619,1767559982604081459,70,71945829
1881,652.3390,100,1410,2619,1767559982608149886,70,71945829
1882,652.3390,100,1410,2619,1767559982615394328,70,71945829
1883,652.3390,100,1410,2619,1767559982619542402,70,71945829
1884,652.3390,100,1410,2619,1767559982623377678,70,71945829
1885,652.3390,100,1410,2619,1767559982627714967,70,71945829
1886,652.3390,100,1410,2619,1767559982635365039,70,71945829
1887,652.3390,100,1410,2619,1767559982639123035,70,71945829
1888,652.3390,100,1410,2619,1767559982642972840,70,71945829
1889,652.3390,100,1410,2619,1767559982647526448,70,71945829
1890,652.3390,100,1410,2619,1767559982654843210,70,71945829
1891,648.9650,100,1410,2619,1767559982658631766,70,71945829
1892,648.9650,100,1410,2619,1767559982662397986,70,71945829
1893,648.9650,100,1410,2619,1767559982667530631,70,71945829
1894,648.9650,100,1410,2619,1767559982674918433,70,71945829
1895,648.9650,100,1410,2619,1767559982678589677,70,71945829
1896,648.9650,100,1410,2619,1767559982682351706,70,71945829
1897,648.9650,100,1410,2619,1767559982688009949,70,72019360
1898,648.9650,100,1410,2619,1767559982705090851,70,72019360
1899,648.9650,100,1410,2619,1767559982713867861,70,72019360
1900,648.9650,100,1410,2619,1767559982717609986,70,72019360
1901,648.9650,100,1410,2619,1767559982722094538,70,72019360
1902,648.9650,100,1410,2619,1767559982727340015,70,72019360
1903,648.9650,100,1410,2619,1767559982737718009,70,72019360
1904,648.9650,100,1410,2619,1767559982741591365,70,72019360
1905,648.9650,100,1410,2619,1767559982745366641,70,72019360
1906,648.9650,100,1410,2619,1767559982754173443,70,72019360
1907,648.9650,100,1410,2619,1767559982758541676,70,72019360
1908,648.9650,100,1410,2619,1767559982762293945,70,72019360
1909,648.9650,100,1410,2619,1767559982767487133,70,72019360
1910,648.9650,100,1410,2619,1767559982776570607,70,72019360
1911,648.9650,100,1410,2619,1767559982780549658,70,72019360
1912,646.5300,100,1410,2619,1767559982785534816,70,72091616
1913,646.5300,100,1410,2619,1767559982803818528,70,72091616
1914,646.5300,100,1410,2619,1767559982807894987,70,72091616
1915,646.5300,100,1410,2619,1767559982815211908,70,72091616
1916,646.5300,100,1410,2619,1767559982818935825,70,72091616
1917,646.5300,100,1410,2619,1767559982822707165,70,72091616
1918,646.5300,100,1410,2619,1767559982830136407,70,72091616
1919,646.5300,100,1410,2619,1767559982836708821,70,72091616
1920,646.5300,100,1410,2619,1767559982840594304,70,72091616
1921,646.5300,100,1410,2619,1767559982844381548,70,72091616
1922,646.5300,100,1410,2619,1767559982848460311,70,72091616
1923,646.5300,100,1410,2619,1767559982855002869,70,72091616
1924,646.5300,100,1410,2619,1767559982859775964,70,72091616
1925,646.5300,100,1410,2619,1767559982863631464,70,72091616
1926,646.5300,100,1410,2619,1767559982867631028,70,72091616
1927,646.5300,100,1410,2619,1767559982874958733,70,72091616
1928,646.5300,100,1410,2619,1767559982878884057,70,72091616
1929,646.5300,100,1425,2619,1767559982882760068,70,72091616
1930,646.5300,100,1425,2619,1767559982888344711,70,72165666
1931,646.5300,100,1425,2619,1767559982904957552,70,72165666
1932,646.5300,100,1425,2619,1767559982913852546,70,72165666
1933,644.0650,100,1425,2619,1767559982917653678,70,72165666
1934,644.0650,100,1425,2619,1767559982921339163,70,72165666
1935,644.0650,100,1425,2619,1767559982925761412,70,72165666
1936,644.0650,100,1425,2619,1767559982935582160,70,72165666
1937,644.0650,100,1425,2619,1767559982939222493,70,72165666
1938,644.0650,100,1425,2619,1767559982943076905,70,72165666
1939,644.0650,100,1425,2619,1767559982947504818,70,72165666
1940,644.0650,100,1425,2619,1767559982956268261,70,72165666
1941,644.0650,100,1425,2619,1767559982960625838,70,72165666
1942,644.0650,100,1425,2619,1767559982964320411,70,72165666
1943,644.0650,100,1425,2619,1767559982968447589,70,72165666
1944,644.0650,100,1425,2619,1767559982975708607,70,72165666
1945,644.0650,100,1425,2619,1767559982980019177,70,72165666
1946,644.0650,100,1425,2619,1767559982983994036,70,72165666
1947,644.0650,100,1425,2619,1767559982990981935,70,72241206
1948,644.0650,100,1425,2619,1767559983006769181,70,72241206
1949,644.0650,100,1410,2619,1767559983016125388,70,72241206
1950,644.0650,100,1410,2619,1767559983020000792,70,72241206
1951,647.4720,100,1410,2619,1767559983023880548,70,72241206
1952,647.4720,100,1410,2619,1767559983030423553,70,72241206
1953,647.4720,100,1410,2619,1767559983036983039,70,72241206
1954,647.4720,100,1410,2619,1767559983040805451,70,72241206
1955,647.4720,100,1410,2619,1767559983044739095,70,72241206
1956,647.4720,100,1410,2619,1767559983048749506,70,72241206
1957,647.4720,100,1410,2619,1767559983056169243,70,72241206
1958,647.4720,100,1410,2619,1767559983060002855,70,72241206
1959,647.4720,100,1410,2619,1767559983064505328,70,72241206
1960,647.4720,100,1410,2619,1767559983068487355,70,72241206
1961,647.4720,100,1410,2619,1767559983074879449,70,72241206
1962,647.4720,100,1410,2619,1767559983078680293,70,72241206
1963,647.4720,100,1410,2619,1767559983082457490,70,72241206
1964,647.4720,100,1410,2619,1767559983088235251,70,72316950
1965,647.4720,100,1410,2619,1767559983106844659,70,72316950
1966,647.4720,100,1410,2619,1767559983117921177,70,72316950
1967,647.4720,100,1395,2619,1767559983123924345,70,72316950
1968,647.4720,100,1395,2619,1767559983130561943,70,72316950
1969,647.4720,100,1395,2619,1767559983138017009,70,72316950
1970,649.6930,100,1395,2619,1767559983141744733,70,72316950
1971,649.6930,100,1395,2619,1767559983145625705,70,72316950
1972,649.6930,100,1395,2619,1767559983156013970,70,72316950
1973,649.6930,100,1395,2619,1767559983159589023,70,72316950
1974,649.6930,100,1395,2619,1767559983163197868,70,72316950
1975,649.6930,100,1395,2619,1767559983167590069,70,72316950
1976,649.6930,100,1395,2619,1767559983176814917,70,72316950
1977,649.6930,100,1395,2619,1767559983180592818,70,72316950
1978,649.6930,100,1395,2619,1767559983185612376,70,72389798
1979,649.6930,100,1395,2619,1767559983204544597,70,72389798
1980,649.6930,100,1395,2619,1767559983208523200,70,72389798
1981,649.6930,100,1395,2619,1767559983215933241,70,72389798
1982,649.6930,100,1395,2619,1767559983219683046,70,72389798
1983,649.6930,100,1395,2619,1767559983223546386,70,72389798
1984,649.6930,100,1395,2619,1767559983230152112,70,72389798
1985,649.6930,100,1395,2619,1767559983237492489,70,72389798
1986,649.6930,100,1410,2619,1767559983241214934,70,72389798
1987,649.6930,100,1410,2619,1767559983245132609,70,72389798
1988,649.6930,100,1410,2619,1767559983253950995,70,72389798
1989,649.6930,100,1410,2619,1767559983257739423,70,72389798
1990,650.5060,100,1410,2619,1767559983261568267,70,72389798
1991,650.5060,100,1410,2619,1767559983265420215,70,72389798
1992,650.5060,100,1410,2619,1767559983274245577,70,72389798
1993,650.5060,100,1410,2619,1767559983279057488,70,72389798
1994,650.5060,100,1410,2619,1767559983282907100,70,72389798
1995,650.5060,100,1410,2619,1767559983288434079,70,72463677
1996,650.5060,100,1410,2619,1767559983305160391,70,72463677
1997,650.5060,100,1410,2619,1767559983313939866,70,72463677
1998,650.5060,100,1410,2619,1767559983317748391,70,72463677
1999,650.5060,100,1410,2619,1767559983321481395,70,72463677
2000,650.5060,100,1410,2619,1767559983325962652,70,72463677
2001,650.5060,100,1410,2619,1767559983336633636,70,72463677
2002,650.5060,100,1410,2619,1767559983340205137,70,72463677
2003,650.5060,100,1410,2619,1767559983344165340,70,72463677
2004,650.5060,100,1410,2619,1767559983348200711,70,72463677
2005,650.5060,100,1410,2619,1767559983357011482,70,72463677
2006,650.5060,100,1410,2619,1767559983360781926,70,72463677
2007,650.5060,100,1410,2619,1767559983364432883,70,72463677
2008,650.5060,100,1410,2619,1767559983368437950,70,72463677
2009,650.5060,100,1410,2619,1767559983375646328,70,72463677
2010,649.9640,100,1410,2619,1767559983379687971,70,72463677
2011,649.9640,100,1410,2619,1767559983383513487,70,72463677
2012,649.9640,100,1410,2619,1767559983389680526,70,72537373
2013,649.9640,100,1410,2619,1767559983406697238,70,72537373
2014,649.9640,100,1410,2619,1767559983417790588,70,72537373
2015,649.9640,100,1410,2619,1767559983421512105,70,72537373
2016,649.9640,100,1410,2619,1767559983425705811,70,72537373
2017,649.9640,100,1410,2619,1767559983437707988,70,72537373
2018,649.9640,100,1410,2619,1767559983441929246,70,72537373
2019,649.9640,100,1410,2619,1767559983447575329,70,72537373
2020,649.9640,100,1410,2619,1767559983455035642,70,72537373
2021,649.9640,100,1410,2619,1767559983458821062,70,72537373
2022,649.9640,100,1410,2619,1767559983462559763,70,72537373
2023,649.9640,100,1410,2619,1767559983467571512,70,72537373
2024,649.9640,100,1410,2619,1767559983475014577,70,72537373
2025,649.9640,100,1410,2619,1767559983479560729,70,72537373
2026,649.9640,100,1410,2619,1767559983483302790,70,72537373
2027,649.9640,100,1410,2619,1767559983489397222,70,72612103
2028,649.0730,100,1410,2619,1767559983507214602,70,72612103
2029,649.0730,100,1410,2619,1767559983516222234,70,72612103
2030,649.0730,100,1410,2619,1767559983519946055,70,72612103
2031,649.0730,100,1410,2619,1767559983523801491,70,72612103
2032,649.0730,100,1410,2619,1767559983530285649,70,72612103
2033,649.0730,100,1410,2619,1767559983537619627,70,72612103
2034,649.0730,100,1410,2619,1767559983541567255,70,72612103
2035,649.0730,100,1410,2619,1767559983545404194,70,72612103
2036,649.0730,100,1410,2619,1767559983554224948,70,72612103
2037,649.0730,100,1410,2619,1767559983558285919,70,72612103
2038,649.0730,100,1410,2619,1767559983562048651,70,72612103
2039,649.0730,100,1410,2619,1767559983565852343,70,72612103
2040,649.0730,100,1410,2619,1767559983576335904,70,72612103
2041,649.0730,100,1410,2619,1767559983581001032,70,72612103
2042,649.0730,100,1410,2619,1767559983585603793,70,72684316
2043,649.0730,100,1410,2619,1767559983605734503,70,72684316
2044,649.0730,100,1410,2619,1767559983616749645,70,72684316
2045,648.5950,100,1410,2619,1767559983620393755,70,72684316
2046,648.5950,100,1410,2619,1767559983624012584,70,72684316
2047,648.5950,100,1410,2619,1767559983630613734,70,72684316
2048,648.5950,100,1410,2619,1767559983639586935,70,72684316
2049,648.5950,100,1410,2619,1767559983643518434,70,72684316
2050,648.5950,100,1410,2619,1767559983647549933,70,72684316
2051,648.5950,100,1410,2619,1767559983656688061,70,72684316
2052,648.5950,100,1410,2619,1767559983660325290,70,72684316
2053,648.5950,100,1410,2619,1767559983663990711,70,72684316
2054,648.5950,100,1410,2619,1767559983668049698,70,72684316
2055,648.5950,100,1410,2619,1767559983677206963,70,72684316
2056,648.5950,100,1410,2619,1767559983682089721,70,72684316
2057,648.5950,100,1410,2619,1767559983686476770,70,72758902
2058,648.5950,100,1410,2619,1767559983704792002,70,72758902
2059,648.5950,100,1410,2619,1767559983708838541,70,72758902
2060,648.5950,100,1410,2619,1767559983717815199,70,72758902
2061,648.5950,100,1410,2619,1767559983721590155,70,72758902
2062,648.5950,100,1410,2619,1767559983725908180,70,72758902
2063,648.5950,100,1410,2619,1767559983738369907,70,72758902
2064,649.1630,100,1410,2619,1767559983741940096,70,72758902
2065,649.1630,100,1410,2619,1767559983745603405,70,72758902
2066,649.1630,100,1410,2619,1767559983756329045,70,72758902
2067,649.1630,100,1410,2619,1767559983760092161,70,72758902
2068,649.1630,100,1410,2619,1767559983763791470,70,72758902
2069,649.1630,100,1410,2619,1767559983767821882,70,72758902
2070,649.1630,100,1410,2619,1767559983774404343,70,72758902
2071,649.1630,100,1410,2619,1767559983778156836,70,72758902
2072,649.1630,100,1410,2619,1767559983781888464,70,72758902
2073,649.1630,100,1410,2619,1767559983787530226,70,72833861
2074,649.1630,100,1410,2619,1767559983804458522,70,72833861
2075,649.1630,100,1410,2619,1767559983814998884,70,72833861
2076,649.1630,100,1410,2619,1767559983818672816,70,72833861
2077,649.1630,100,1410,2619,1767559983822292797,70,72833861
2078,649.1630,100,1410,2619,1767559983830978320,70,72833861
2079,649.1630,100,1410,2619,1767559983837417550,70,72833861
2080,649.1630,100,1410,2619,1767559983841187866,70,72833861
2081,649.1630,100,1410,2619,1767559983844963654,70,72833861
2082,649.1630,100,1410,2619,1767559983853838009,70,72833861
2083,649.1630,100,1410,2619,1767559983857536518,70,72833861
2084,651.5050,100,1410,2619,1767559983861421489,70,72833861
2085,651.5050,100,1410,2619,1767559983865321661,70,72833861
2086,651.5050,100,1410,2619,1767559983873987983,70,72833861
2087,651.5050,100,1410,2619,1767559983877652412,70,72833861
2088,651.5050,100,1410,2619,1767559983881532872,70,72833861
2089,651.5050,100,1410,2619,1767559983885775857,70,72906796
2090,651.5050,100,1410,2619,1767559983904920398,70,72906796
2091,651.5050,100,1410,2619,1767559983913716480,70,72906796
2092,651.5050,100,1410,2619,1767559983917385613,70,72906796
2093,651.5050,100,1410,2619,1767559983921138841,70,72906796
2094,651.5050,100,1410,2619,1767559983925225924,70,72906796
2095,651.5050,100,1410,2619,1767559983936116491,70,72906796
2096,651.5050,100,1410,2619,1767559983940687635,70,72906796
2097,651.5050,100,1410,2619,1767559983944652223,70,72906796
2098,651.5050,100,1410,2619,1767559983948563787,70,72906796
2099,651.5050,100,1410,2619,1767559983955750853,70,72906796
2100,651.5050,100,1410,2619,1767559983959781328,70,72906796
2101,651.5050,100,1410,2619,1767559983963591484,70,72906796
2102,651.5050,100,1410,2619,1767559983967701766,70,72906796
2103,651.5050,100,1410,2619,1767559983976735639,70,72906796
2104,651.5050,100,1410,2619,1767559983980739234,70,72906796
2105,650.7060,100,1410,2619,1767559983985563049,70,72980011
2106,650.7060,100,1410,2619,1767559984005804543,70,72980011
2107,650.7060,100,1410,2619,1767559984015244014,70,72980011
2108,650.7060,100,1410,2619,1767559984019153465,70,72980011
2109,650.7060,100,1410,2619,1767559984022837862,70,72980011
2110,650.7060,100,1410,2619,1767559984030161792,70,72980011
2111,650.7060,100,1410,2619,1767559984037483226,70,72980011
2112,650.7060,100,1410,2619,1767559984041273671,70,72980011
2113,650.7060,100,1410,2619,1767559984045087827,70,72980011
2114,650.7060,100,1410,2619,1767559984054158659,70,72980011
2115,650.7060,100,1410,2619,1767559984057959375,70,72980011
2116,650.7060,100,1410,2619,1767559984061751003,70,72980011
2117,650.7060,100,1410,2619,1767559984065616551,70,72980011
2118,650.7060,100,1410,2619,1767559984076141265,70,72980011
2119,650.7060,100,1410,2619,1767559984079912189,70,72980011
2120,650.7060,100,1410,2619,1767559984083591082,70,72980011
2121,650.7060,100,1410,2619,1767559984089829033,70,73056727
2122,650.7060,100,1410,2619,1767559984105433623,70,73056727
2123,650.7060,100,1410,2619,1767559984116114367,70,73056727
2124,648.7480,100,1410,2619,1767559984120426153,70,73056727
2125,648.7480,100,1410,2619,1767559984127578244,70,73056727
2126,648.7480,100,1410,2619,1767559984137427057,70,73056727
2127,648.7480,100,1410,2619,1767559984141057150,70,73056727
2128,648.7480,100,1410,2619,1767559984144948073,70,73056727
2129,648.7480,100,1410,2619,1767559984155313427,70,73056727
2130,648.7480,100,1410,2619,1767559984159905595,70,73056727
2131,648.7480,100,1410,2619,1767559984163839463,70,73056727
2132,648.7480,100,1410,2619,1767559984167730259,70,73056727
2133,648.7480,100,1410,2619,1767559984174340752,70,73056727
2134,648.7480,100,1410,2619,1767559984178154940,70,73056727
2135,648.7480,100,1410,2619,1767559984182240423,70,73056727
2136,648.7480,100,1410,2619,1767559984186301969,70,73129806
2137,648.7480,100,1410,2619,1767559984205845803,70,73129806
2138,648.7480,100,1410,2619,1767559984217054673,70,73129806
2139,648.7480,100,1410,2619,1767559984221461050,70,73129806
2140,648.7480,100,1410,2619,1767559984225618308,70,73129806
2141,648.7480,100,1410,2619,1767559984236457036,70,73129806
2142,648.7480,100,1410,2619,1767559984240410711,70,73129806
2143,649.1510,100,1410,2619,1767559984244291714,70,73129806
2144,649.1510,100,1410,2619,1767559984248278638,70,73129806
2145,649.1510,100,1410,2619,1767559984257357215,70,73129806
2146,649.1510,100,1410,2619,1767559984261096716,70,73129806
2147,649.1510,100,1410,2619,1767559984264876312,70,73129806
2148,649.1510,100,1410,2619,1767559984276614554,70,73129806
2149,649.1510,100,1410,2619,1767559984280542790,70,73129806
2150,649.1510,100,1410,2619,1767559984285493708,70,73204021
2151,649.1510,100,1410,2619,1767559984303361295,70,73204021
2152,649.1510,100,1410,2619,1767559984307550297,70,73204021
2153,649.1510,100,1410,2619,1767559984316722985,70,73204021
2154,649.1510,100,1410,2619,1767559984320618485,70,73204021
2155,649.1510,100,1410,2619,1767559984325074909,70,73204021
2156,649.1510,100,1410,2619,1767559984336080003,70,73204021
2157,649.1510,100,1410,2619,1767559984339683377,70,73204021
2158,649.1510,100,1410,2619,1767559984343646844,70,73204021
2159,649.1510,100,1410,2619,1767559984347661544,70,73204021
2160,649.1510,100,1410,2619,1767559984354959106,70,73204021
2161,651.4940,100,1410,2619,1767559984358748718,70,73204021
2162,651.4940,100,1410,2619,1767559984362464090,70,73204021
2163,651.4940,100,1410,2619,1767559984367522400,70,73204021
2164,651.4940,100,1410,2619,1767559984376325746,70,73204021
2165,651.4940,100,1410,2619,1767559984380449244,70,73204021
2166,651.4940,100,1410,2619,1767559984385596258,70,73278098
2167,651.4940,100,1410,2619,1767559984405750552,70,73278098
2168,651.4940,100,1410,2619,1767559984414881096,70,73278098
2169,651.4940,100,1410,2619,1767559984418569333,71,73278098
2170,651.4940,100,1410,2619,1767559984422296706,71,73278098
2171,651.4940,100,1410,2619,1767559984430098073,71,73278098
2172,651.4940,100,1410,2619,1767559984439221674,71,73278098
2173,651.4940,100,1410,2619,1767559984443187221,71,73278098
2174,651.4940,100,1410,2619,1767559984447547038,71,73278098
2175,651.4940,100,1410,2619,1767559984456523951,71,73278098
2176,651.4940,100,1410,2619,1767559984460315067,71,73278098
2177,651.4940,100,1410,2619,1767559984464217383,71,73278098
2178,651.4940,100,1410,2619,1767559984468127058,71,73278098
2179,651.4940,100,1410,2619,1767559984475433773,71,73278098
2180,651.4940,100,1410,2619,1767559984479380089,71,73278098
2181,651.4940,100,1410,2619,1767559984483140869,71,73278098
2182,651.1360,100,1410,2619,1767559984490113920,71,73353821
2183,651.1360,100,1410,2619,1767559984507200231,71,73353821
2184,651.1360,100,1410,2619,1767559984516053880,71,73353821
2185,651.1360,100,1410,2619,1767559984520096003,71,73353821
2186,651.1360,100,1410,2619,1767559984523876048,71,73353821
2187,651.1360,100,1410,2619,1767559984530499726,71,73353821
2188,651.1360,100,1410,2619,1767559984538005958,71,73353821
2189,651.1360,100,1410,2619,1767559984541853394,70,73353821
2190,651.1360,100,1410,2619,1767559984545678142,70,73353821
2191,651.1360,100,1410,2619,1767559984554441072,70,73353821
2192,651.1360,100,1410,2619,1767559984558556443,70,73353821
2193,651.1360,100,1410,2619,1767559984562314279,70,73353821
2194,651.1360,100,1410,2619,1767559984567562700,70,73353821
2195,651.1360,100,1410,2619,1767559984574885542,70,73353821
2196,651.1360,100,1410,2619,1767559984578573203,70,73353821
2197,651.1360,100,1410,2619,1767559984582358559,70,73353821
2198,651.1360,100,1410,2619,1767559984587877890,70,73427681
2199,651.1360,100,1410,2619,1767559984604571754,70,73427681
2200,651.1360,100,1410,2619,1767559984608627349,70,73427681
2201,651.8740,100,1410,2619,1767559984615849904,70,73427681
2202,651.8740,100,1410,2619,1767559984619638044,70,73427681
2203,651.8740,100,1410,2619,1767559984623547208,70,73427681
2204,651.8740,100,1410,2619,1767559984630141637,70,73427681
2205,651.8740,100,1410,2619,1767559984639176022,70,73427681
2206,651.8740,100,1410,2619,1767559984643011138,70,73427681
2207,651.8740,100,1410,2619,1767559984647565162,70,73427681
2208,651.8740,100,1410,2619,1767559984654968068,70,73427681
2209,651.8740,100,1410,2619,1767559984658724017,71,73427681
2210,651.8740,100,1410,2619,1767559984662421437,71,73427681
2211,651.8740,100,1410,2619,1767559984667468131,71,73427681
2212,651.8740,100,1410,2619,1767559984674779612,71,73427681
2213,651.8740,100,1410,2619,1767559984679085126,71,73427681
2214,651.8740,100,1410,2619,1767559984682815346,71,73427681
2215,651.8740,100,1410,2619,1767559984688438421,71,73501587
2216,651.8740,100,1410,2619,1767559984704950655,71,73501587
2217,651.8740,100,1410,2619,1767559984713713681,71,73501587
2218,651.8740,100,1410,2619,1767559984717454974,71,73501587
2219,651.8740,100,1410,2619,1767559984721359977,71,73501587
2220,651.8740,100,1410,2619,1767559984725906257,71,73501587
2221,651.8740,100,1410,2619,1767559984736698329,71,73501587
2222,651.4600,100,1410,2619,1767559984741125986,71,73501587
2223,651.4600,100,1410,2619,1767559984744940878,71,73501587
2224,651.4600,100,1410,2619,1767559984753737857,71,73501587
2225,651.4600,100,1410,2619,1767559984757564173,71,73501587
2226,651.4600,100,1410,2619,1767559984761435160,71,73501587
2227,651.4600,100,1410,2619,1767559984765320548,71,73501587
2228,651.4600,100,1410,2619,1767559984775714669,71,73501587
2229,651.4600,100,1410,2619,1767559984779555161,71,73501587
2230,651.4600,100,1410,2619,1767559984783474661,71,73501587
2231,651.4600,100,1410,2619,1767559984789453318,71,73574957
2232,651.4600,100,1410,2619,1767559984804360536,71,73574957
2233,651.4600,100,1410,2619,1767559984808459875,71,73574957
2234,651.4600,100,1410,2619,1767559984814996641,71,73574957
2235,651.4600,100,1410,2619,1767559984818780013,71,73574957
2236,651.4600,100,1410,2619,1767559984822554297,71,73574957
2237,651.4600,100,1410,2619,1767559984830241905,71,73574957
2238,651.4600,100,1410,2619,1767559984839319074,71,73574957
2239,651.4600,100,1395,2619,1767559984843739179,71,73574957
2240,651.4600,100,1395,2619,1767559984847794166,71,73574957
2241,651.4600,100,1395,2619,1767559984856780679,71,73574957
2242,651.4600,100,1395,2619,1767559984860550995,71,73574957
2243,649.1220,100,1395,2619,1767559984864237567,71,73574957
2244,649.1220,100,1395,2619,1767559984868414186,71,73574957
2245,649.1220,100,1395,2619,1767559984875024615,71,73574957
2246,649.1220,100,1395,2619,1767559984878790771,71,73574957
2247,649.1220,100,1395,2619,1767559984882458304,71,73574957
2248,649.1220,100,1395,2619,1767559984888138595,71,73647720
2249,649.1220,100,1395,2619,1767559984904034096,71,73647720
2250,649.1220,100,1395,2619,1767559984908046395,71,73647720
2251,649.1220,100,1395,2619,1767559984914504313,70,73647720
2252,649.1220,100,1395,2619,1767559984918271397,70,73647720
2253,649.1220,100,1395,2619,1767559984922036498,70,73647720
2254,649.1220,100,1395,2619,1767559984927282231,70,73647720
2255,649.1220,100,1395,2619,1767559984939432919,70,73647720
2256,649.1220,100,1395,2619,1767559984943182116,70,73647720
2257,649.1220,100,1395,2619,1767559984947588909,70,73647720
2258,649.1220,100,1395,2619,1767559984956690429,70,73647720
2259,649.1220,100,1410,2619,1767559984960470345,70,73647720
2260,649.1220,100,1410,2619,1767559984964131190,70,73647720
2261,649.1220,100,1410,2619,1767559984968240384,70,73647720
2262,649.1220,100,1410,2619,1767559984976923636,70,73647720
2263,649.3780,100,1410,2619,1767559984980841823,70,73647720
2264,649.3780,100,1410,2619,1767559984985564583,70,73719927
2265,649.3780,100,1410,2619,1767559985004196741,70,73719927
2266,649.3780,100,1410,2619,1767559985008220272,70,73719927
2267,649.3780,100,1410,2619,1767559985014773838,70,73719927
2268,649.3780,100,1410,2619,1767559985018541659,70,73719927
2269,649.3780,100,1410,2619,1767559985022346535,70,73719927
2270,649.3780,100,1410,2619,1767559985030202590,70,73719927
2271,649.3780,100,1410,2619,1767559985037647831,70,73719927
2272,649.3780,100,1410,2619,1767559985041449955,71,73719927
2273,649.3780,100,1410,2619,1767559985045348110,71,73719927
2274,649.3780,100,1410,2619,1767559985056539316,71,73719927
2275,649.3780,100,1410,2619,1767559985060480895,71,73719927
2276,649.3780,100,1410,2619,1767559985064259852,71,73719927
2277,649.3780,100,1410,2619,1767559985068242103,71,73719927
2278,649.3780,100,1410,2619,1767559985075439986,71,73719927
2279,649.3780,100,1410,2619,1767559985079709019,71,73719927
2280,649.3780,100,1395,2619,1767559985083486279,71,73719927
2281,649.3780,100,1395,2619,1767559985089735655,71,73794443
2282,649.3780,100,1395,2619,1767559985104585466,71,73794443
2283,649.3780,100,1395,2619,1767559985108629445,71,73794443
2284,647.2500,100,1395,2619,1767559985115144035,71,73794443
2285,647.2500,100,1395,2619,1767559985118924847,71,73794443
2286,647.2500,100,1395,2619,1767559985124738640,71,73794443
2287,647.2500,100,1395,2619,1767559985131122127,71,73794443
2288,647.2500,100,1395,2619,1767559985137810060,71,73794443
2289,647.2500,100,1395,2619,1767559985141571064,71,73794443
2290,647.2500,100,1395,2619,1767559985145429444,71,73794443
2291,647.2500,100,1395,2619,1767559985155952237,71,73794443
2292,647.2500,100,1395,2619,1767559985160862356,70,73794443
2293,647.2500,100,1395,2619,1767559985164806623,70,73794443
2294,647.2500,100,1395,2619,1767559985174928298,70,73794443
2295,647.2500,100,1395,2619,1767559985179335475,70,73794443
2296,647.2500,100,1395,2619,1767559985182980608,70,73794443
2297,647.2500,100,1395,2619,1767559985188816417,70,73866924
2298,647.2500,100,1395,2619,1767559985204288369,70,73866924
2299,647.2500,100,1395,2619,1767559985208271964,70,73866924
2300,647.2500,100,1395,2619,1767559985214759706,70,73866924
2301,647.2500,100,1395,2619,1767559985218572038,70,73866924
2302,647.2500,100,1395,2619,1767559985222343955,70,73866924
2303,647.2500,100,1395,2619,1767559985230074122,70,73866924
2304,647.2500,100,1395,2619,1767559985239381177,70,73866924
2305,645.6320,100,1395,2619,1767559985243127494,70,73866924
2306,645.6320,100,1395,2619,1767559985247458192,70,73866924
2307,645.6320,100,1395,2619,1767559985256562016,70,73866924
2308,645.6320,100,1395,2619,1767559985260386316,70,73866924
2309,645.6320,100,1395,2619,1767559985264752469,70,73866924
2310,645.6320,100,1395,2619,1767559985269833051,70,73866924
2311,645.6320,100,1395,2619,1767559985277764049,70,73866924
2312,645.6320,100,1395,2619,1767559985281531006,70,73866924
2313,645.6320,100,1395,2619,1767559985285704360,70,73938583
2314,645.6320,100,1395,2619,1767559985304368711,70,73938583
2315,645.6320,100,1395,2619,1767559985308445841,70,73938583
2316,645.6320,100,1395,2619,1767559985315762027,70,73938583
2317,645.6320,100,1395,2619,1767559985319509912,70,73938583
2318,645.6320,100,1395,2619,1767559985323285028,70,73938583
2319,645.6320,100,1395,2619,1767559985327672942,70,73938583
2320,645.6320,100,1395,2619,1767559985335149702,70,73938583
2321,645.6320,100,1380,2619,1767559985338970418,70,73938583
2322,645.6320,100,1380,2619,1767559985342834590,70,73938583
2323,645.6320,100,1380,2619,1767559985347543045,70,73938583
2324,645.6320,100,1380,2619,1767559985356820341,70,73938583
2325,640.1020,100,1380,2619,1767559985360687777,70,73938583
2326,640.1020,100,1380,2619,1767559985364383245,70,73938583
2327,640.1020,100,1380,2619,1767559985373286975,70,73938583
2328,640.1020,100,1380,2619,1767559985376945036,70,73938583
2329,640.1020,100,1380,2619,1767559985380916088,70,73938583
2330,640.1020,100,1380,2619,1767559985385689663,70,74007481
2331,640.1020,100,1380,2619,1767559985404006751,70,74007481
2332,640.1020,100,1380,2619,1767559985408023337,70,74007481
2333,640.1020,100,1380,2619,1767559985415529795,70,74007481
2334,640.1020,100,1380,2619,1767559985419453007,70,74007481
2335,640.1020,100,1380,2619,1767559985423122779,70,74007481
2336,640.1020,100,1380,2619,1767559985430203478,70,74007481
2337,640.1020,100,1380,2619,1767559985439278791,70,74007481
2338,640.1020,100,1380,2619,1767559985443268434,70,74007481
2339,640.1020,100,1380,2619,1767559985447533115,70,74007481
2340,640.1020,100,1380,2619,1767559985454062905,70,74007481
2341,640.1020,100,1380,2619,1767559985457714822,70,74007481
2342,640.1020,100,1380,2619,1767559985461394867,70,74007481
2343,640.1020,100,1380,2619,1767559985465252575,70,74007481
2344,640.1020,100,1380,2619,1767559985473101046,70,74007481
2345,640.1020,100,1380,2619,1767559985476903907,70,74007481
2346,640.1020,100,1380,2619,1767559985480782830,70,74007481
2347,634.6370,100,1380,2619,1767559985485675509,70,74077150
2348,634.6370,100,1380,2619,1767559985506324745,70,74077150
2349,634.6370,100,1380,2619,1767559985514098785,70,74077150
2350,634.6370,100,1380,2619,1767559985517846797,70,74077150
2351,634.6370,100,1380,2619,1767559985521629785,70,74077150
2352,634.6370,100,1380,2619,1767559985526398816,70,74077150
2353,634.6370,100,1380,2619,1767559985535992174,70,74077150
2354,634.6370,100,1380,2619,1767559985539658363,70,74077150
2355,634.6370,100,1380,2619,1767559985543705605,70,74077150
2356,634.6370,100,1380,2619,1767559985547695952,70,74077150
2357,634.6370,100,1380,2619,1767559985555038283,70,74077150
2358,634.6370,100,1380,2619,1767559985558750968,70,74077150
2359,634.6370,100,1380,2619,1767559985562530308,70,74077150
2360,634.6370,100,1380,2619,1767559985567515850,70,74077150
2361,634.6370,100,1380,2619,1767559985574999330,70,74077150
2362,634.6370,100,1380,2619,1767559985578802958,70,74077150
2363,634.6370,100,1380,2619,1767559985582585979,70,74077150
2364,634.6370,100,1380,2619,1767559985588146205,70,74149346
2365,634.6370,100,1380,2619,1767559985604699528,70,74149346
2366,631.0730,100,1380,2619,1767559985609823597,70,74149346
2367,631.0730,100,1380,2619,1767559985616264011,70,74149346
2368,631.0730,100,1380,2619,1767559985620015895,70,74149346
2369,631.0730,100,1380,2619,1767559985623887267,70,74149346
2370,631.0730,100,1380,2619,1767559985630392289,70,74149346
2371,631.0730,100,1380,2619,1767559985637767130,70,74149346
2372,631.0730,100,1380,2619,1767559985641686790,70,74149346
2373,631.0730,100,1380,2619,1767559985645595154,70,74149346
2374,631.0730,100,1380,2619,1767559985654451044,70,74149346
2375,631.0730,100,1380,2619,1767559985658499087,70,74149346
2376,631.0730,100,1380,2619,1767559985662254587,70,74149346
2377,631.0730,100,1380,2619,1767559985666008263,70,74149346
2378,631.0730,100,1380,2619,1767559985674808089,70,74149346
2379,631.0730,100,1380,2619,1767559985679384129,70,74149346
2380,631.0730,100,1380,2619,1767559985683156878,70,74149346
2381,631.0730,100,1380,2619,1767559985689118031,70,74220744
2382,631.0730,100,1380,2619,1767559985704507903,70,74220744
2383,631.0730,100,1380,2619,1767559985708549033,70,74220744
2384,628.9100,100,1380,2619,1767559985715202503,70,74220744
2385,628.9100,100,1380,2619,1767559985718928627,70,74220744
2386,628.9100,100,1380,2619,1767559985722705343,70,74220744
2387,628.9100,100,1380,2619,1767559985730082969,70,74220744
2388,628.9100,100,1380,2619,1767559985736630263,70,74220744
2389,628.9100,100,1380,2619,1767559985740442467,70,74220744
2390,628.9100,100,1380,2619,1767559985744410959,70,74220744
2391,628.9100,100,1380,2619,1767559985748580601,70,74220744
2392,628.9100,100,1380,2619,1767559985755738451,70,74220744
2393,628.9100,100,1380,2619,1767559985759435200,70,74220744
2394,628.9100,100,1380,2619,1767559985763184876,70,74220744
2395,628.9100,100,1380,2619,1767559985767474166,70,74220744
2396,628.9100,100,1380,2619,1767559985774872624,70,74220744
2397,628.9100,100,1380,2619,1767559985778775483,70,74220744
2398,628.9100,100,1380,2619,1767559985783781761,70,74220744
2399,628.9100,100,1380,2619,1767559985790246143,70,74292684
2400,628.9100,100,1380,2619,1767559985805028082,70,74292684
2401,628.9100,100,1380,2619,1767559985813719396,70,74292684
2402,628.9100,100,1380,2619,1767559985817571120,70,74292684
2403,628.9100,100,1380,2619,1767559985821338077,70,74292684
2404,628.9100,100,1380,2619,1767559985825830342,70,74292684
2405,628.9100,100,1380,2619,1767559985835615411,70,74292684
2406,627.3360,100,1380,2619,1767559985840258138,70,74292684
2407,627.3360,100,1380,2619,1767559985844295301,70,74292684
2408,627.3360,100,1380,2619,1767559985848352976,70,74292684
2409,627.3360,100,1380,2619,1767559985855911688,70,74292684
2410,627.3360,100,1380,2619,1767559985859709748,70,74292684
2411,627.3360,100,1380,2619,1767559985863582849,70,74292684
2412,627.3360,100,1380,2619,1767559985867615532,70,74292684
2413,627.3360,100,1380,2619,1767559985874895782,70,74292684
2414,627.3360,100,1380,2619,1767559985878736306,70,74292684
2415,627.3360,100,1380,2619,1767559985882747613,70,74292684
2416,627.3360,100,1380,2619,1767559985888208704,70,74364188
2417,627.3360,100,1380,2619,1767559985904837865,70,74364188
2418,627.3360,100,1380,2619,1767559985913616155,70,74364188
2419,627.3360,100,1380,2619,1767559985917445416,70,74364188
2420,627.3360,100,1380,2619,1767559985921388019,70,74364188
2421,627.3360,100,1380,2619,1767559985925726300,70,74364188
2422,627.3360,100,1380,2619,1767559985935703304,70,74364188
2423,627.3360,100,1380,2619,1767559985939302613,70,74364188
2424,627.3360,100,1380,2619,1767559985943237280,70,74364188
2425,627.3360,100,1380,2619,1767559985947550218,70,74364188
2426,627.3360,100,1380,2619,1767559985956069534,70,74364188
2427,625.9900,100,1380,2619,1767559985959964682,70,74364188
2428,625.9900,100,1380,2619,1767559985963790134,70,74364188
2429,625.9900,100,1380,2619,1767559985967827009,70,74364188
2430,625.9900,100,1380,2619,1767559985975161786,70,74364188
2431,625.9900,100,1380,2619,1767559985978912326,70,74364188
2432,625.9900,100,1380,2619,1767559985982704499,70,74364188
2433,625.9900,100,1380,2619,1767559985988249462,70,74435986
2434,625.9900,100,1380,2619,1767559986004762144,70,74435986
2435,625.9900,100,1380,2619,1767559986013543890,70,74435986
2436,625.9900,100,1380,2619,1767559986017688252,70,74435986
2437,625.9900,100,1380,2619,1767559986021406121,70,74435986
2438,625.9900,100,1380,2619,1767559986025852241,70,74435986
2439,625.9900,100,1380,2619,1767559986036557049,70,74435986
2440,625.9900,100,1380,2619,1767559986040247942,70,74435986
2441,625.9900,100,1380,2619,1767559986044206418,70,74435986
2442,625.9900,100,1380,2619,1767559986048252893,70,74435986
2443,625.9900,100,1380,2619,1767559986055697174,70,74435986
2444,625.9900,100,1380,2619,1767559986060098943,70,74435986
2445,624.3780,100,1380,2619,1767559986064058602,70,74435986
2446,624.3780,100,1380,2619,1767559986067947702,70,74435986
2447,624.3780,100,1380,2619,1767559986075196656,70,74435986
2448,624.3780,100,1380,2619,1767559986078959068,70,74435986
2449,624.3780,100,1380,2619,1767559986082731656,70,74435986
2450,624.3780,100,1380,2619,1767559986088263691,70,74507170
2451,624.3780,100,1380,2619,1767559986104749302,70,74507170
2452,624.3780,100,1380,2619,1767559986112696748,70,74507170
2453,624.3780,100,1380,2619,1767559986116451161,70,74507170
2454,624.3780,100,1380,2619,1767559986120244005,70,74507170
2455,624.3780,100,1380,2619,1767559986127587486,70,74507170
2456,624.3780,100,1380,2619,1767559986136677040,70,74507170
2457,624.3780,100,1380,2619,1767559986140319485,70,74507170
2458,624.3780,100,1380,2619,1767559986144236968,70,74507170
2459,624.3780,100,1380,2619,1767559986148273075,70,74507170
2460,624.3780,100,1380,2619,1767559986154811985,70,74507170
2461,624.3780,100,1380,2619,1767559986158636029,70,74507170
2462,624.3780,100,1380,2619,1767559986162417033,70,74507170
2463,624.3780,100,1380,2619,1767559986167503342,70,74507170
2464,624.3780,100,1380,2619,1767559986174950919,70,74507170
2465,623.0290,100,1380,2619,1767559986178852499,70,74507170
2466,623.0290,100,1380,2619,1767559986182633215,70,74507170
2467,623.0290,100,1380,2619,1767559986188230371,70,74578728
2468,623.0290,100,1380,2619,1767559986204030992,70,74578728
2469,623.0290,100,1380,2619,1767559986208235482,70,74578728
2470,623.0290,100,1380,2619,1767559986214583704,70,74578728
2471,623.0290,100,1380,2619,1767559986218382660,70,74578728
2472,623.0290,100,1380,2619,1767559986222173905,70,74578728
2473,623.0290,100,1380,2619,1767559986227492150,70,74578728
2474,623.0290,100,1380,2619,1767559986237279554,70,74578728
2475,623.0290,100,1380,2619,1767559986240942095,70,74578728
2476,623.0290,100,1380,2619,1767559986244864795,70,74578728
2477,623.0290,100,1380,2619,1767559986253666860,70,74578728
2478,623.0290,100,1380,2619,1767559986257906614,70,74578728
2479,623.0290,100,1380,2619,1767559986261780962,70,74578728
2480,623.0290,100,1380,2619,1767559986265566159,70,74578728
2481,623.0290,100,1380,2619,1767559986275941081,70,74578728
2482,623.0290,100,1380,2619,1767559986279786853,70,74578728
2483,623.0290,100,1380,2619,1767559986283502737,70,74578728
2484,623.0290,100,1380,2619,1767559986290590988,70,74651811
2485,623.0290,100,1380,2619,1767559986305641533,70,74651811
2486,623.0290,100,1380,2619,1767559986316133575,70,74651811
2487,622.4080,100,1380,2619,1767559986320455793,70,74651811
2488,622.4080,100,1380,2619,176755998632442594