sample,power(W),gpu_util(%),core_clock(MHz),mem_clock(MHz),timestamp_ns,temp(C),energy(mJ)
0,74.2740,0,345,2619,1767561437963160404,36,58212513
1,74.2740,0,345,2619,1767561437969882684,36,58212513
2,74.2740,0,345,2619,1767561437974615149,36,58212513
3,74.2740,0,345,2619,1767561437979029470,36,58212513
4,74.2740,0,345,2619,1767561437990526520,36,58212513
5,74.2740,0,345,2619,1767561437994627434,36,58212513
6,74.2740,0,345,2619,1767561437998995707,36,58212513
7,74.2740,0,345,2619,1767561438003152077,36,58212513
8,74.2740,0,345,2619,1767561438009724055,36,58212513
9,74.2740,0,345,2619,1767561438013879914,36,58212513
10,74.2740,0,345,2619,1767561438017960284,36,58212513
11,74.2740,0,345,2619,1767561438022815276,36,58212513
12,74.2740,0,345,2619,1767561438029447126,36,58212513
13,74.2310,0,345,2619,1767561438033547175,36,58212513
14,74.2310,0,345,2619,1767561438037673113,36,58212513
15,74.2310,0,345,2619,1767561438043348038,36,58229260
16,74.2310,0,345,2619,1767561438059943279,36,58229260
17,74.2310,0,345,2619,1767561438068054996,36,58229260
18,74.2310,0,345,2619,1767561438072154822,36,58229260
19,74.2310,0,345,2619,1767561438076190808,37,58229260
20,74.2310,0,345,2619,1767561438080474154,37,58229260
21,74.2310,0,345,2619,1767561438091530821,37,58229260
22,74.2310,0,345,2619,1767561438096749171,37,58229260
23,74.2310,0,345,2619,1767561438100989348,37,58229260
24,74.2310,0,345,2619,1767561438109071977,37,58229260
25,74.2310,0,345,2619,1767561438113455451,37,58229260
26,74.2310,0,345,2619,1767561438118052459,37,58229260
27,74.2310,0,345,2619,1767561438122864635,37,58229260
28,74.2310,0,345,2619,1767561438129416870,37,58229260
29,74.2310,0,345,2619,1767561438133782871,37,58229260
30,74.2310,0,345,2619,1767561438138356072,37,58229260
31,74.3240,0,345,2619,1767561438157314344,37,58245959
32,74.3240,0,345,2619,1767561438234656260,37,58245959
33,74.3240,0,345,2619,1767561438238593687,36,58245959
34,74.3240,0,345,2619,1767561438244974241,36,58262639
35,74.3240,0,345,2619,1767561438265048830,36,58262639
36,74.3240,0,345,2619,1767561438273406243,36,58262639
37,74.3240,0,345,2619,1767561438279411503,36,58262639
38,74.3240,0,345,2619,1767561438290910984,36,58262639
39,74.3240,0,345,2619,1767561438295002170,36,58262639
40,74.3240,0,885,2619,1767561438299306027,36,58262639
41,74.3240,0,885,2619,1767561438307818702,36,58262639
42,74.3240,0,885,2619,1767561438312876542,36,58262639
43,74.3240,0,885,2619,1767561438316680785,36,58262639
44,74.4950,0,885,2619,1767561438320674276,36,58262639
45,74.4950,0,885,2619,1767561438328730761,36,58262639
46,74.4950,0,885,2619,1767561438332726907,36,58262639
47,74.4950,0,885,2619,1767561438336842798,36,58262639
48,74.4950,0,885,2619,1767561438341057280,36,58279144
49,74.4950,0,885,2619,1767561438358769508,36,58279144
50,74.4950,0,885,2619,1767561438362743799,36,58279144
51,74.4950,0,885,2619,1767561438369591999,36,58279144
52,74.4950,0,885,2619,1767561438374522383,36,58279144
53,74.4950,0,885,2619,1767561438378508001,36,58279144
54,74.4950,0,885,2619,1767561438385234859,36,58279144
55,74.4950,0,885,2619,1767561438392687634,36,58279144
56,74.4950,0,885,2619,1767561438396898884,36,58279144
57,74.4950,0,885,2619,1767561438402689873,36,58279144
58,74.4950,0,885,2619,1767561438409212315,36,58279144
59,74.4950,0,885,2619,1767561438413014158,36,58279144
60,74.4950,0,885,2619,1767561438418849851,36,58279144
61,74.4950,0,885,2619,1767561438423029933,36,58279144
62,74.4950,0,885,2619,1767561438429583575,36,58279144
63,74.4950,0,885,2619,1767561438433901896,36,58279144
64,74.8500,0,885,2619,1767561438438065626,36,58279144
65,74.8500,0,885,2619,1767561438443583847,36,58296324
66,74.8500,0,885,2619,1767561438459584562,36,58296324
67,74.8500,0,885,2619,1767561438463697380,36,58296324
68,74.8500,0,885,2619,1767561438470220430,36,58296324
69,74.8500,0,885,2619,1767561438474149537,36,58296324
70,74.8500,0,885,2619,1767561438478780241,36,58296324
71,74.8500,0,885,2619,1767561438485874682,36,58296324
72,74.8500,0,885,2619,1767561438492984578,36,58296324
73,74.8500,0,885,2619,1767561438496694166,37,58296324
74,74.8500,0,885,2619,1767561438500791688,37,58296324
75,74.8500,0,885,2619,1767561438509047659,37,58296324
76,74.8500,0,885,2619,1767561438513436381,37,58296324
77,74.8500,0,885,2619,1767561438517233584,37,58296324
78,74.8500,0,885,2619,1767561438521099139,37,58296324
79,74.8500,0,885,2619,1767561438529083848,37,58296324
80,74.8500,0,885,2619,1767561438533219867,37,58296324
81,74.8500,0,885,2619,1767561438537026702,37,58296324
82,74.8500,0,885,2619,1767561438541035360,37,58313143
83,74.8500,0,885,2619,1767561438558541414,37,58313143
84,74.8500,0,885,2619,1767561438562667320,37,58313143
85,75.3430,0,885,2619,1767561438569181761,37,58313143
86,75.3430,0,885,2619,1767561438578102244,37,58313143
87,75.3430,0,885,2619,1767561438584674030,37,58313143
88,75.3430,0,885,2619,1767561438591524311,37,58313143
89,75.3430,0,885,2619,1767561438595071083,37,58313143
90,75.3430,0,885,2619,1767561438598764159,37,58313143
91,75.3430,0,885,2619,1767561438602806737,37,58313143
92,75.3430,0,885,2619,1767561438609250268,37,58313143
93,75.3430,0,885,2619,1767561438612618128,37,58313143
94,75.3430,0,885,2619,1767561438616066725,37,58313143
95,75.3430,0,885,2619,1767561438620574230,37,58313143
96,75.3430,0,885,2619,1767561438628565947,37,58313143
97,75.3430,0,885,2619,1767561438631868272,37,58313143
98,75.3430,0,885,2619,1767561438635310468,37,58313143
99,75.3430,0,885,2619,1767561438638591417,37,58313143
100,75.3430,0,885,2619,1767561438645302594,37,58333019
101,75.3430,0,885,2619,1767561438661313325,37,58333019
102,75.3430,0,1980,2619,1767561438669210802,37,58333019
103,75.3430,0,1980,2619,1767561438673167397,37,58333019
104,80.1230,0,1980,2619,1767561438676776633,37,58333019
105,80.1230,0,1980,2619,1767561438680961291,37,58333019
106,80.1230,0,1980,2619,1767561438690599691,37,58333019
107,80.1230,0,1980,2619,1767561438693917888,37,58333019
108,80.1230,0,1980,2619,1767561438697195541,37,58333019
109,80.1230,0,1980,2619,1767561438702463395,37,58333019
110,80.1230,0,1980,2619,1767561438708876973,37,58333019
111,80.1230,0,1980,2619,1767561438712611776,37,58333019
112,80.1230,0,1980,2619,1767561438716311828,37,58333019
113,80.1230,0,1980,2619,1767561438719726632,37,58333019
114,80.1230,0,1980,2619,1767561438723780827,37,58333019
115,80.1230,0,1980,2619,1767561438730246789,37,58333019
116,80.1230,0,1980,2619,1767561438734756598,37,58333019
117,80.1230,0,1980,2619,1767561438738435306,37,58333019
118,80.1230,0,1980,2619,1767561438744631253,37,58354595
119,80.1230,0,1980,2619,1767561438759034309,37,58354595
120,80.1230,0,1980,2619,1767561438762976632,37,58354595
121,80.1230,0,1980,2619,1767561438769376770,37,58354595
122,80.1230,0,1980,2619,1767561438772658455,37,58354595
123,80.1230,0,1980,2619,1767561438776883144,37,58354595
124,80.1230,0,1980,2619,1767561438780605724,37,58354595
125,80.1230,0,1980,2619,1767561438788992320,37,58354595
126,85.3480,0,1980,2619,1767561438793123538,37,58354595
127,85.3480,0,1980,2619,1767561438796444263,37,58354595
128,85.3480,0,1980,2619,1767561438799830428,37,58354595
129,85.3480,0,1980,2619,1767561438803893326,37,58354595
130,85.3480,0,1980,2619,1767561438810355865,37,58354595
131,85.3480,0,1980,2619,1767561438813768493,37,58354595
132,85.3480,0,1980,2619,1767561438817445377,37,58354595
133,85.3480,0,1980,2619,1767561438822517008,37,58354595
134,85.3480,0,1980,2619,1767561438828934459,37,58354595
135,85.3480,0,1980,2619,1767561438832160880,37,58354595
136,85.3480,0,1980,2619,1767561438835669315,38,58354595
137,85.3480,0,1980,2619,1767561438840445139,38,58375798
138,85.3480,0,1980,2619,1767561438860681584,38,58375798
139,85.3480,0,1980,2619,1767561438869666450,38,58375798
140,85.3480,0,1980,2619,1767561438873310981,38,58375798
141,85.3480,0,1980,2619,1767561438876861626,38,58375798
142,85.3480,0,1980,2619,1767561438880406830,38,58375798
143,85.3480,0,1980,2619,1767561438888481587,38,58375798
144,85.3480,0,1980,2619,1767561438891774408,38,58375798
145,85.3480,0,1980,2619,1767561438896438424,38,58375798
146,85.3480,0,1980,2619,1767561438899961324,38,58375798
147,85.3480,0,1980,2619,1767561438907923121,38,58375798
148,85.3480,0,1980,2619,1767561438911486725,38,58375798
149,85.3480,0,1980,2619,1767561438914836346,38,58375798
150,92.8110,0,1980,2619,1767561438918098607,38,58375798
151,92.8110,0,1980,2619,1767561438922424384,38,58375798
152,92.8110,0,1980,2619,1767561438929103658,38,58375798
153,92.8110,0,1980,2619,1767561438932496863,38,58375798
154,92.8110,0,1980,2619,1767561438935946227,38,58375798
155,92.8110,0,1980,2619,1767561438940397316,38,58397477
156,92.8110,0,1980,2619,1767561438958027529,38,58397477
157,92.8110,0,1980,2619,1767561438962444379,38,58397477
158,92.8110,0,1980,2619,1767561438968906533,38,58397477
159,92.8110,0,1980,2619,1767561438987574118,38,58397477
160,92.8110,0,1980,2619,1767561438991536504,38,58397477
161,92.8110,0,1980,2619,1767561438995442251,38,58397477
162,92.8110,0,1980,2619,1767561439000011548,38,58397477
163,92.8110,0,1980,2619,1767561439007868002,38,58397477
164,92.8110,0,1980,2619,1767561439011850421,38,58397477
165,92.8110,0,1980,2619,1767561439015558408,38,58397477
166,92.8110,0,1980,2619,1767561439019562107,38,58397477
167,92.8110,0,1980,2619,1767561439023455918,38,58397477
168,92.8110,0,1980,2619,1767561439030000696,38,58397477
169,92.8110,0,1980,2619,1767561439033834699,38,58397477
170,99.0810,0,1980,2619,1767561439037852381,38,58397477
171,99.0810,0,1980,2619,1767561439043294122,38,58419487
172,99.0810,0,1980,2619,1767561439059117750,38,58419487
173,99.0810,0,1980,2619,1767561439063076776,38,58419487
174,99.0810,0,1980,2619,1767561439069772178,38,58419487
175,99.0810,0,1980,2619,1767561439073429830,38,58419487
176,99.0810,0,1980,2619,1767561439077618392,38,58419487
177,99.0810,0,1980,2619,1767561439082730919,38,58419487
178,99.0810,0,1980,2619,1767561439089406705,38,58419487
179,99.0810,0,1980,2619,1767561439094181953,38,58419487
180,99.0810,0,1980,2619,1767561439097585685,38,58419487
181,99.0810,0,1980,2619,1767561439102472069,38,58419487
182,99.0810,0,1980,2619,1767561439108821199,38,58419487
183,99.0810,0,1980,2619,1767561439112441282,38,58419487
184,99.0810,0,1980,2619,1767561439115783735,38,58419487
185,99.0810,0,1980,2619,1767561439120074249,38,58419487
186,99.0810,0,1980,2619,1767561439124049724,38,58419487
187,99.0810,0,1980,2619,1767561439130550342,38,58419487
188,99.0810,0,1980,2619,1767561439133812987,38,58419487
189,99.0810,0,1980,2619,1767561439137142384,38,58419487
190,99.0810,0,1980,2619,1767561439141295202,38,58441095
191,99.0810,0,1980,2619,1767561439158247306,38,58441095
192,99.0810,0,1980,2619,1767561439162448604,38,58441095
193,105.2950,0,1980,2619,1767561439168916454,38,58441095
194,105.2950,0,1980,2619,1767561439172221883,38,58441095
195,105.2950,0,1980,2619,1767561439175543887,38,58441095
196,105.2950,0,1980,2619,1767561439178932867,38,58441095
197,105.2950,0,1980,2619,1767561439187726630,38,58441095
198,105.2950,0,1980,2619,1767561439191356826,38,58441095
199,105.2950,0,1980,2619,1767561439195366156,38,58441095
200,105.2950,0,1980,2619,1767561439199577406,38,58441095
201,105.2950,0,1980,2619,1767561439207689635,38,58441095
202,105.2950,0,1980,2619,1767561439211806518,38,58441095
203,105.2950,0,1980,2619,1767561439215399498,38,58441095
204,105.2950,0,1980,2619,1767561439218951134,38,58441095
205,105.2950,0,1980,2619,1767561439223085104,38,58441095
206,105.2950,0,1980,2619,1767561439229478075,38,58441095
207,105.2950,0,1980,2619,1767561439232755247,38,58441095
208,105.2950,0,1980,2619,1767561439237317247,38,58441095
209,105.2950,0,1980,2619,1767561439241510129,38,58462820
210,105.2950,0,1980,2619,1767561439258869847,38,58462820
211,105.2950,0,1980,2619,1767561439262835562,38,58462820
212,105.2950,0,1980,2619,1767561439269290517,38,58462820
213,105.2950,0,1980,2619,1767561439272615657,38,58462820
214,105.2950,0,1980,2619,1767561439276921435,38,58462820
215,105.2950,0,1980,2619,1767561439282885255,38,58462820
216,105.2950,0,1980,2619,1767561439289430001,38,58462820
217,111.8930,0,1980,2619,1767561439292929094,38,58462820
218,111.8930,0,1980,2619,1767561439296263131,38,58462820
219,111.8930,0,1980,2619,1767561439299740463,38,58462820
220,111.8930,0,1980,2619,1767561439307676147,38,58462820
221,111.8930,0,1980,2619,1767561439311130696,38,58462820
222,111.8930,0,1980,2619,1767561439314694044,38,58462820
223,111.8930,0,1980,2619,1767561439317942513,38,58462820
224,111.8930,0,1980,2619,1767561439322471938,38,58462820
225,111.8930,0,1980,2619,1767561439328979244,38,58462820
226,111.8930,0,1980,2619,1767561439332231745,38,58462820
227,111.8930,0,1980,2619,1767561439336083924,38,58462820
228,111.8930,0,1980,2619,1767561439340474022,38,58484249
229,111.8930,0,1980,2619,1767561439358027915,38,58484249
230,111.8930,0,1980,2619,1767561439362501180,38,58484249
231,111.8930,0,1980,2619,1767561439368989159,38,58484249
232,111.8930,0,1980,2619,1767561439372619514,38,58484249
233,111.8930,0,1980,2619,1767561439376136782,38,58484249
234,111.8930,0,1980,2619,1767561439379637090,38,58484249
235,111.8930,0,1980,2619,1767561439383705780,38,58484249
236,111.8930,0,1980,2619,1767561439390242174,38,58484249
237,111.8930,0,1980,2619,1767561439393898834,38,58484249
238,111.8930,0,1980,2619,1767561439397497062,38,58484249
239,111.8930,0,1980,2619,1767561439402443894,38,58484249
240,111.8930,0,1980,2619,1767561439408915008,38,58484249
241,117.3290,0,1980,2619,1767561439412368117,38,58484249
242,117.3290,0,1980,2619,1767561439415900329,38,58484249
243,117.3290,0,1980,2619,1767561439419338269,38,58484249
244,117.3290,0,1980,2619,1767561439423389744,38,58484249
245,117.3290,0,1980,2619,1767561439429970810,38,58484249
246,117.3290,0,1980,2619,1767561439433361359,38,58484249
247,117.3290,0,1980,2619,1767561439436721315,38,58484249
248,117.3290,0,1980,2619,1767561439440965717,38,58505938
249,117.3290,0,1980,2619,1767561439459779829,38,58505938
250,117.3290,0,1980,2619,1767561439463815144,38,58505938
251,117.3290,0,1980,2619,1767561439470231858,38,58505938
252,117.3290,0,1980,2619,1767561439473603783,38,58505938
253,117.3290,0,1980,2619,1767561439477048891,38,58505938
254,117.3290,0,1980,2619,1767561439480613712,38,58505938
255,117.3290,0,1980,2619,1767561439488864500,38,58505938
256,117.3290,0,1980,2619,1767561439492193641,38,58505938
257,117.3290,0,1980,2619,1767561439495760317,38,58505938
258,117.3290,0,1980,2619,1767561439499306737,38,58505938
259,117.3290,0,1980,2619,1767561439503335267,38,58505938
260,117.3290,0,1980,2619,1767561439509823501,38,58505938
261,117.3290,0,1980,2619,1767561439513346049,38,58505938
262,117.3290,0,1980,2619,1767561439516695190,38,58505938
263,117.3290,0,1980,2619,1767561439520139882,38,58505938
264,117.3290,0,1980,2619,1767561439528130032,38,58505938
265,117.3290,0,1980,2619,1767561439531810628,38,58505938
266,122.6870,0,1980,2619,1767561439535442743,38,58505938
267,122.6870,0,1980,2619,1767561439540476071,38,58527239
268,122.6870,0,1980,2619,1767561439557964748,38,58527239
269,122.6870,0,1980,2619,1767561439562505437,38,58527239
270,122.6870,0,1980,2619,1767561439568957704,38,58527239
271,122.6870,0,1980,2619,1767561439572324284,38,58527239
272,122.6870,0,1980,2619,1767561439575948015,38,58527239
273,122.6870,0,1980,2619,1767561439579473827,38,58527239
274,122.6870,0,1980,2619,1767561439587682792,38,58527239
275,122.6870,0,1980,2619,1767561439591046013,38,58527239
276,122.6870,0,1980,2619,1767561439594335858,38,58527239
277,122.6870,0,1980,2619,1767561439597830342,38,58527239
278,122.6870,0,1980,2619,1767561439602607062,38,58527239
279,122.6870,0,1980,2619,1767561439609013473,38,58527239
280,122.6870,0,1980,2619,1767561439612938580,38,58527239
281,122.6870,0,1980,2619,1767561439616157673,38,58527239
282,122.6870,0,1980,2619,1767561439619609501,38,58527239
283,122.6870,0,1980,2619,1767561439623657392,38,58527239
284,122.6870,0,1980,2619,1767561439630315098,38,58527239
285,122.6870,0,1980,2619,1767561439633576847,38,58527239
286,122.6870,0,1980,2619,1767561439636883844,38,58527239
287,122.6870,0,1980,2619,1767561439641007670,38,58548765
288,122.6870,0,1980,2619,1767561439661006930,38,58548765
289,122.6870,0,1980,2619,1767561439668967415,38,58548765
290,125.6790,0,1980,2619,1767561439672262668,38,58548765
291,125.6790,0,1980,2619,1767561439675538593,38,58548765
292,125.6790,0,1980,2619,1767561439678893078,38,58548765
293,125.6790,0,1980,2619,1767561439683134184,38,58548765
294,125.6790,0,1980,2619,1767561439689698898,38,58548765
295,125.6790,0,1980,2619,1767561439692953671,38,58548765
296,125.6790,0,1980,2619,1767561439696350268,38,58548765
297,125.6790,0,1980,2619,1767561439699676529,38,58548765
298,125.6790,0,1980,2619,1767561439703979106,38,58548765
299,125.6790,0,1980,2619,1767561439710325356,38,58548765
300,125.6790,0,1980,2619,1767561439714141983,38,58548765
301,125.6790,0,1980,2619,1767561439717723379,38,58548765
302,125.6790,0,1980,2619,1767561439722465636,38,58548765
303,125.6790,0,1980,2619,1767561439729026990,38,58548765
304,125.6790,0,1980,2619,1767561439732736705,38,58548765
305,125.6790,0,1980,2619,1767561439736240534,38,58548765
306,125.6790,0,1980,2619,1767561439740292360,38,58569947
307,125.6790,0,1980,2619,1767561439757590414,38,58569947
308,125.6790,0,1980,2619,1767561439762502302,38,58569947
309,125.6790,0,1980,2619,1767561439769142408,38,58569947
310,125.6790,0,1980,2619,1767561439772447548,38,58569947
311,125.6790,0,1980,2619,1767561439775685937,38,58569947
312,125.6790,0,1980,2619,1767561439779179973,38,58569947
313,125.6790,0,1980,2619,1767561439783462839,38,58569947
314,125.0680,0,1980,2619,1767561439790020609,38,58569947
315,125.0680,0,1980,2619,1767561439793643989,38,58569947
316,125.0680,0,1980,2619,1767561439797183753,38,58569947
317,125.0680,0,1980,2619,1767561439800829661,38,58569947
318,125.0680,0,1980,2619,1767561439809112961,38,58569947
319,125.0680,0,1980,2619,1767561439812725909,38,58569947
320,125.0680,0,1980,2619,1767561439816775432,38,58569947
321,125.0680,0,1980,2619,1767561439820428251,38,58569947
322,125.0680,0,1980,2619,1767561439828315105,38,58569947
323,125.0680,0,1980,2619,1767561439831833045,38,58569947
324,125.0680,0,1980,2619,1767561439835702824,38,58569947
325,125.0680,0,1980,2619,1767561439840520728,38,58591863
326,125.0680,0,1980,2619,1767561439859647191,38,58591863
327,125.0680,0,1980,2619,1767561439867653533,38,58591863
328,125.0680,0,1980,2619,1767561439871249041,38,58591863
329,125.0680,0,1980,2619,1767561439874851781,38,58591863
330,125.0680,0,1980,2619,1767561439878461240,38,58591863
331,125.0680,0,1980,2619,1767561439882831242,38,58591863
332,125.0680,0,1980,2619,1767561439889374676,38,58591863
333,125.0680,0,1980,2619,1767561439893011752,38,58591863
334,125.0680,0,1980,2619,1767561439896630876,38,58591863
335,125.0680,0,1980,2619,1767561439900273936,38,58591863
336,125.0680,0,1980,2619,1767561439908588084,38,58591863
337,125.0680,0,1980,2619,1767561439912213031,38,58591863
338,125.1050,0,1980,2619,1767561439915779163,38,58591863
339,125.1050,0,1980,2619,1767561439919919245,38,58591863
340,125.1050,0,1980,2619,1767561439923907264,38,58591863
341,125.1050,0,1980,2619,1767561439930388138,38,58591863
342,125.1050,0,1980,2619,1767561439933889598,38,58591863
343,125.1050,77,1980,2619,1767561439937444498,38,58591863
344,125.1050,77,1980,2619,1767561439943003040,38,58614650
345,125.1050,77,1980,2619,1767561439958565164,38,58614650
346,125.1050,77,1980,2619,1767561439962604350,38,58614650
347,125.1050,77,1980,2619,1767561439969017545,38,58614650
348,125.1050,77,1980,2619,1767561439972661340,38,58614650
349,125.1050,77,1980,2619,1767561439976370832,38,58614650
350,125.1050,77,1980,2619,1767561439980171075,38,58614650
351,125.1050,77,1980,2619,1767561439988370887,38,58614650
352,125.1050,77,1980,2619,1767561439991945979,38,58614650
353,125.1050,77,1980,2619,1767561439995551055,38,58614650
354,125.1050,77,1980,2619,1767561439999295939,38,58614650
355,125.1050,77,1980,2619,1767561440003294805,38,58614650
356,125.1050,77,1980,2619,1767561440009850688,38,58614650
357,125.1050,77,1980,2619,1767561440013431732,38,58614650
358,125.1050,77,1980,2619,1767561440017050311,38,58614650
359,125.1050,77,1980,2619,1767561440022516661,38,58614650
360,125.1050,77,1980,2619,1767561440028956544,38,58614650
361,125.1050,77,1980,2619,1767561440032559060,38,58614650
362,125.2750,77,1980,2619,1767561440036285351,38,58614650
363,125.2750,77,1980,2619,1767561440040518169,38,58637008
364,125.2750,77,1980,2619,1767561440059724248,38,58637008
365,125.2750,77,1980,2619,1767561440063875082,38,58637008
366,125.2750,77,1980,2619,1767561440070190005,38,58637008
367,125.2750,77,1980,2619,1767561440073834249,38,58637008
368,125.2750,77,1980,2619,1767561440077451325,38,58637008
369,125.2750,77,1980,2619,1767561440082891691,38,58637008
370,125.2750,77,1980,2619,1767561440089472213,38,58637008
371,125.2750,77,1980,2619,1767561440093035497,38,58637008
372,125.2750,77,1980,2619,1767561440096650205,38,58637008
373,125.2750,77,1980,2619,1767561440100347952,38,58637008
374,125.2750,77,1980,2619,1767561440108234454,38,58637008
375,125.2750,77,1980,2619,1767561440112345992,38,58637008
376,125.2750,77,1980,2619,1767561440116128379,38,58637008
377,125.2750,77,1980,2619,1767561440119823758,38,58637008
378,125.2750,77,1980,2619,1767561440127856339,38,58637008
379,125.2750,77,1980,2619,1767561440131517287,38,58637008
380,125.2750,77,1980,2619,1767561440135262075,38,58637008
381,125.2750,77,1980,2619,1767561440138966766,38,58637008
382,125.2750,77,1980,2619,1767561440145514360,38,58660124
383,125.2750,77,1980,2619,1767561440159397386,38,58660124
384,125.2750,77,1980,2619,1767561440163439612,38,58660124
385,125.5340,77,1980,2619,1767561440169791239,38,58660124
386,125.5340,77,1980,2619,1767561440173425179,38,58660124
387,125.5340,77,1980,2619,1767561440177034926,38,58660124
388,125.5340,77,1980,2619,1767561440180971265,38,58660124
389,125.5340,77,1980,2619,1767561440189287941,38,58660124
390,125.5340,100,1980,2619,1767561440192869689,38,58660124
391,125.5340,100,1980,2619,1767561440196484109,38,58660124
392,125.5340,100,1980,2619,1767561440200160673,38,58660124
393,125.5340,100,1980,2619,1767561440208036230,38,58660124
394,125.5340,100,1980,2619,1767561440211526267,38,58660124
395,125.5340,100,1980,2619,1767561440215220686,38,58660124
396,125.5340,100,1980,2619,1767561440218942082,38,58660124
397,125.5340,100,1980,2619,1767561440222967189,38,58660124
398,125.5340,100,1980,2619,1767561440229493727,38,58660124
399,125.5340,100,1980,2619,1767561440233377138,38,58660124
400,125.5340,100,1980,2619,1767561440236976966,38,58660124
401,125.5340,100,1980,2619,1767561440241107000,38,58682536
402,125.5340,100,1980,2619,1767561440258818556,38,58682536
403,125.5340,100,1980,2619,1767561440262898382,38,58682536
404,125.5340,100,1980,2619,1767561440269398840,38,58682536
405,125.5340,100,1980,2619,1767561440273007692,38,58682536
406,125.5340,100,1980,2619,1767561440276536929,38,58682536
407,125.5340,100,1980,2619,1767561440283057707,38,58682536
408,125.5340,100,1980,2619,1767561440289517397,38,58682536
409,126.3250,100,1980,2619,1767561440293139401,38,58682536
410,126.3250,100,1980,2619,1767561440296739453,38,58682536
411,126.3250,100,1980,2619,1767561440300417137,38,58682536
412,126.3250,100,1980,2619,1767561440308388182,38,58682536
413,126.3250,100,1980,2619,1767561440312048490,38,58682536
414,126.3250,100,1980,2619,1767561440315700701,38,58682536
415,126.3250,100,1980,2619,1767561440319448848,38,58682536
416,126.3250,100,1980,2619,1767561440323455555,38,58682536
417,126.3250,100,1980,2619,1767561440330133837,38,58682536
418,126.3250,100,1980,2619,1767561440334582270,38,58682536
419,126.3250,100,1980,2619,1767561440338192914,38,58682536
420,126.3250,100,1980,2619,1767561440344051070,38,58705916
421,126.3250,100,1980,2619,1767561440358947340,38,58705916
422,126.3250,100,1980,2619,1767561440363000863,38,58705916
423,126.3250,100,1980,2619,1767561440369421801,38,58705916
424,126.3250,100,1980,2619,1767561440372969086,38,58705916
425,126.3250,100,1980,2619,1767561440376584017,38,58705916
426,126.3250,100,1980,2619,1767561440380508580,38,58705916
427,126.3250,100,1980,2619,1767561440388614760,38,58705916
428,126.3250,100,1980,2619,1767561440392242140,38,58705916
429,126.3250,100,1980,2619,1767561440395950832,38,58705916
430,126.3250,100,1980,2619,1767561440399674243,38,58705916
431,126.3250,100,1980,2619,1767561440403677590,38,58705916
432,126.3250,100,1980,2619,1767561440410207680,38,58705916
433,127.2910,100,1980,2619,1767561440413837588,38,58705916
434,127.2910,100,1980,2619,1767561440417510888,38,58705916
435,127.2910,100,1980,2619,1767561440422610935,38,58705916
436,127.2910,100,1980,2619,1767561440429090465,38,58705916
437,127.2910,100,1980,2619,1767561440432571989,38,58705916
438,127.2910,100,1980,2619,1767561440436713512,38,58705916
439,127.2910,100,1980,2619,1767561440440954457,38,58728767
440,127.2910,100,1980,2619,1767561440458421822,38,58728767
441,127.2910,100,1980,2619,1767561440462649008,38,58728767
442,127.2910,100,1980,2619,1767561440469354681,38,58728767
443,127.2910,100,1980,2619,1767561440472991341,38,58728767
444,127.2910,100,1980,2619,1767561440476549441,38,58728767
445,127.2910,100,1980,2619,1767561440480518388,38,58728767
446,127.2910,100,1980,2619,1767561440488560377,38,58728767
447,127.2910,100,1980,2619,1767561440492184269,38,58728767
448,127.2910,100,1980,2619,1767561440495734497,38,58728767
449,127.2910,100,1980,2619,1767561440499468021,38,58728767
450,127.2910,100,1980,2619,1767561440503458184,38,58728767
451,127.2910,100,1980,2619,1767561440509852434,38,58728767
452,127.2910,100,1980,2619,1767561440513491142,38,58728767
453,127.2910,100,1980,2619,1767561440517028377,38,58728767
454,127.2910,100,1980,2619,1767561440520794189,38,58728767
455,127.2910,100,1980,2619,1767561440528816018,38,58728767
456,127.2910,100,1980,2619,1767561440532429510,38,58728767
457,127.9840,100,1980,2619,1767561440536584088,38,58728767
458,127.9840,100,1980,2619,1767561440540729994,38,58751041
459,127.9840,100,1980,2619,1767561440557990544,38,58751041
460,127.9840,100,1980,2619,1767561440562636737,38,58751041
461,127.9840,100,1980,2619,1767561440568942956,38,58751041
462,127.9840,100,1980,2619,1767561440572568128,38,58751041
463,127.9840,100,1980,2619,1767561440576164148,38,58751041
464,127.9840,100,1980,2619,1767561440579833223,38,58751041
465,127.9840,100,1980,2619,1767561440583935065,38,58751041
466,127.9840,100,1980,2619,1767561440590569474,38,58751041
467,127.9840,100,1980,2619,1767561440594133879,38,58751041
468,127.9840,100,1980,2619,1767561440597910058,38,58751041
469,127.9840,100,1980,2619,1767561440602554554,38,58751041
470,127.9840,100,1980,2619,1767561440609218948,38,58751041
471,127.9840,100,1980,2619,1767561440612814936,38,58751041
472,127.9840,100,1980,2619,1767561440616435756,38,58751041
473,127.9840,100,1980,2619,1767561440620077312,38,58751041
474,127.9840,100,1980,2619,1767561440628171109,38,58751041
475,127.9840,100,1980,2619,1767561440631653913,38,58751041
476,127.9840,100,1980,2619,1767561440635376013,38,58751041
477,127.9840,100,1980,2619,1767561440639018305,38,58751041
478,127.9840,100,1980,2619,1767561440645832425,38,58774226
479,127.9840,100,1980,2619,1767561440661501652,38,58774226
480,127.9840,100,1980,2619,1767561440669418362,38,58774226
481,128.4860,100,1980,2619,1767561440673018766,38,58774226
482,128.4860,100,1980,2619,1767561440676710914,38,58774226
483,128.4860,100,1980,2619,1767561440680611509,38,58774226
484,128.4860,100,1980,2619,1767561440688639706,38,58774226
485,128.4860,100,1980,2619,1767561440692150062,38,58774226
486,128.4860,100,1980,2619,1767561440695759650,38,58774226
487,128.4860,100,1980,2619,1767561440699502550,38,58774226
488,128.4860,100,1980,2619,1767561440703497896,38,58774226
489,128.4860,100,1980,2619,1767561440709933267,38,58774226
490,128.4860,100,1980,2619,1767561440713432391,38,58774226
491,128.4860,100,1980,2619,1767561440716985754,38,58774226
492,128.4860,100,1980,2619,1767561440720702158,38,58774226
493,128.4860,100,1980,2619,1767561440728810003,38,58774226
494,128.4860,100,1980,2619,1767561440732420167,38,58774226
495,128.4860,100,1980,2619,1767561440736532889,38,58774226
496,128.4860,100,1980,2619,1767561440740589035,38,58796250
497,128.4860,100,1980,2619,1767561440758247632,38,58796250
498,128.4860,100,1980,2619,1767561440762527202,38,58796250
499,128.4860,100,1980,2619,1767561440769005932,38,58796250
500,128.4860,100,1980,2619,1767561440772591040,38,58796250
501,128.4860,100,1980,2619,1767561440776210932,38,58796250
502,128.4860,100,1980,2619,1767561440779851144,38,58796250
503,128.4860,100,1980,2619,1767561440783958810,38,58796250
504,129.2680,100,1980,2619,1767561440790559843,38,58796250
505,129.2680,100,1980,2619,1767561440794125367,38,58796250
506,129.2680,100,1980,2619,1767561440797758795,38,58796250
507,129.2680,100,1980,2619,1767561440802567195,38,58796250
508,129.2680,100,1980,2619,1767561440809154949,38,58796250
509,129.2680,100,1980,2619,1767561440812725849,38,58796250
510,129.2680,100,1980,2619,1767561440816496941,38,58796250
511,129.2680,100,1980,2619,1767561440820150753,38,58796250
512,129.2680,100,1980,2619,1767561440828186566,38,58796250
513,129.2680,100,1980,2619,1767561440831639002,38,58796250
514,129.2680,100,1980,2619,1767561440835399726,38,58796250
515,129.2680,100,1980,2619,1767561440839092321,38,58796250
516,129.2680,100,1980,2619,1767561440845905515,38,58819455
517,129.2680,100,1980,2619,1767561440859656891,38,58819455
518,129.2680,100,1980,2619,1767561440867590817,38,58819455
519,129.2680,100,1980,2619,1767561440871208853,38,58819455
520,129.2680,100,1980,2619,1767561440874796777,38,58819455
521,129.2680,100,1980,2619,1767561440878339613,38,58819455
522,129.2680,100,1980,2619,1767561440882688079,38,58819455
523,129.2680,100,1980,2619,1767561440889399608,38,58819455
524,129.2680,100,1980,2619,1767561440892958764,38,58819455
525,129.2680,100,1980,2619,1767561440896578048,38,58819455
526,129.2680,100,1980,2619,1767561440900282996,38,58819455
527,129.2680,100,1980,2619,1767561440908169658,38,58819455
528,129.2680,100,1980,2619,1767561440911785293,38,58819455
529,129.9940,100,1980,2619,1767561440915386241,38,58819455
530,129.9940,100,1980,2619,1767561440919058388,38,58819455
531,129.9940,100,1980,2619,1767561440923095047,38,58819455
532,129.9940,100,1980,2619,1767561440929679601,38,58819455
533,129.9940,100,1980,2619,1767561440933206053,38,58819455
534,129.9940,100,1980,2619,1767561440936878041,38,58819455
535,129.9940,100,1980,2619,1767561440940921707,38,58842144
536,129.9940,100,1980,2619,1767561440958647184,38,58842144
537,129.9940,100,1980,2619,1767561440962803106,38,58842144
538,129.9940,100,1980,2619,1767561440969282924,38,58842144
539,129.9940,100,1980,2619,1767561440972852544,38,58842144
540,129.9940,100,1980,2619,1767561440976466324,38,58842144
541,129.9940,100,1980,2619,1767561440980215752,38,58842144
542,129.9940,100,1980,2619,1767561440988311788,38,58842144
543,129.9940,100,1980,2619,1767561440991928352,38,58842144
544,129.9940,100,1980,2619,1767561440995465780,38,58842144
545,129.9940,100,1980,2619,1767561440999239815,38,58842144
546,129.9940,100,1980,2619,1767561441003278458,38,58842144
547,129.9940,100,1980,2619,1767561441009787076,38,58842144
548,129.9940,100,1980,2619,1767561441013339768,38,58842144
549,129.9940,100,1980,2619,1767561441016955724,38,58842144
550,129.9940,100,1980,2619,1767561441020577696,38,58842144
551,129.9940,100,1980,2619,1767561441028745253,38,58842144
552,129.9940,100,1980,2619,1767561441032383449,38,58842144
553,130.7710,100,1980,2619,1767561441036136748,38,58842144
554,130.7710,100,1980,2619,1767561441040436702,38,58865207
555,130.7710,100,1980,2619,1767561441058148162,38,58865207
556,130.7710,100,1980,2619,1767561441062722162,38,58865207
557,130.7710,100,1980,2619,1767561441069086653,38,58865207
558,130.7710,100,1980,2619,1767561441072508017,38,58865207
559,130.7710,100,1980,2619,1767561441075848966,38,58865207
560,130.7710,100,1980,2619,1767561441079242619,38,58865207
561,130.7710,100,1980,2619,1767561441083408909,38,58865207
562,130.7710,100,1980,2619,1767561441090014423,38,58865207
563,130.7710,100,1980,2619,1767561441093324812,38,58865207
564,130.7710,100,1980,2619,1767561441096752225,38,58865207
565,130.7710,100,1980,2619,1767561441100484180,38,58865207
566,130.7710,100,1980,2619,1767561441108520153,38,58865207
567,130.7710,100,1980,2619,1767561441112102125,38,58865207
568,130.7710,100,1980,2619,1767561441115732225,38,58865207
569,130.7710,100,1980,2619,1767561441119407893,38,58865207
570,130.7710,100,1980,2619,1767561441123436999,38,58865207
571,130.7710,100,1980,2619,1767561441129860881,38,58865207
572,130.7710,100,1980,2619,1767561441133454117,38,58865207
573,130.7710,100,1980,2619,1767561441137056089,38,58865207
574,130.7710,100,1980,2619,1767561441141150027,38,58887886
575,130.7710,100,1980,2619,1767561441158242194,38,58887886
576,130.7710,100,1980,2619,1767561441162627587,38,58887886
577,130.8970,100,1980,2619,1767561441169251181,38,58887886
578,130.8970,100,1980,2619,1767561441173368160,38,58887886
579,130.8970,100,1980,2619,1767561441176987988,38,58887886
580,130.8970,100,1980,2619,1767561441180935366,38,58887886
581,130.8970,100,1980,2619,1767561441189063242,38,58887886
582,130.8970,80,1980,2619,1767561441192701278,38,58887886
583,130.8970,80,1980,2619,1767561441196262066,38,58887886
584,130.8970,80,1980,2619,1767561441200035269,38,58887886
585,130.8970,80,1980,2619,1767561441207963211,38,58887886
586,130.8970,80,1980,2619,1767561441211409215,38,58887886
587,130.8970,80,1980,2619,1767561441215032051,38,58887886
588,130.8970,80,1980,2619,1767561441218592391,38,58887886
589,130.8970,80,1980,2619,1767561441222719866,38,58887886
590,130.8970,80,1980,2619,1767561441229201700,38,58887886
591,130.8970,80,1980,2619,1767561441233090999,38,58887886
592,130.8970,80,1980,2619,1767561441236926858,38,58887886
593,130.8970,80,1980,2619,1767561441241236252,38,58910516
594,130.8970,80,1980,2619,1767561441258548065,38,58910516
595,130.8970,80,1980,2619,1767561441262679219,38,58910516
596,130.8970,80,1980,2619,1767561441269122878,38,58910516
597,130.8970,80,1980,2619,1767561441272711282,38,58910516
598,130.8970,80,1980,2619,1767561441276828068,38,58910516
599,130.8970,80,1980,2619,1767561441282934255,38,58910516
600,130.5860,80,1980,2619,1767561441289491386,38,58910516
601,130.5860,80,1980,2619,1767561441293136269,38,58910516
602,130.5860,80,1980,2619,1767561441296699010,38,58910516
603,130.5860,80,1980,2619,1767561441300440949,38,58910516
604,130.5860,80,1980,2619,1767561441308698905,38,58910516
605,130.5860,80,1980,2619,1767561441312330413,38,58910516
606,130.5860,80,1980,2619,1767561441315903905,38,58910516
607,130.5860,80,1980,2619,1767561441319617333,38,58910516
608,130.5860,80,1980,2619,1767561441323624839,38,58910516
609,130.5860,80,1980,2619,1767561441330087313,38,58910516
610,130.5860,80,1980,2619,1767561441333665541,38,58910516
611,130.5860,80,1980,2619,1767561441337287641,38,58910516
612,130.5860,80,1980,2619,1767561441341507531,38,58933174
613,130.5860,80,1980,2619,1767561441358341459,38,58933174
614,130.5860,80,1980,2619,1767561441362564325,38,58933174
615,130.5860,80,1980,2619,1767561441368968591,38,58933174
616,130.5860,80,1980,2619,1767561441372602915,38,58933174
617,130.5860,80,1980,2619,1767561441376292919,38,58933174
618,130.5860,80,1980,2619,1767561441380721000,38,58933174
619,130.5860,80,1980,2619,1767561441388845644,38,58933174
620,130.5860,80,1980,2619,1767561441392479327,38,58933174
621,130.5860,80,1980,2619,1767561441396029652,38,58933174
622,130.5860,80,1980,2619,1767561441399772423,38,58933174
623,130.5860,80,1980,2619,1767561441403795290,38,58933174
624,130.5860,80,1980,2619,1767561441410306372,38,58933174
625,129.8700,80,1980,2619,1767561441413944856,38,58933174
626,129.8700,80,1980,2619,1767561441417514828,38,58933174
627,129.8700,80,1980,2619,1767561441422517275,38,58933174
628,129.8700,80,1980,2619,1767561441428979910,38,58933174
629,129.8700,80,1980,2619,1767561441432481754,38,58933174
630,129.8700,100,1980,2619,1767561441436254989,38,58933174
631,129.8700,100,1980,2619,1767561441440612767,38,58955689
632,129.8700,100,1980,2619,1767561441458505698,38,58955689
633,129.8700,100,1980,2619,1767561441462554836,38,58955689
634,129.8700,100,1980,2619,1767561441469025439,38,58955689
635,129.8700,100,1980,2619,1767561441472594771,38,58955689
636,129.8700,100,1980,2619,1767561441476216423,38,58955689
637,129.8700,100,1980,2619,1767561441479842619,38,58955689
638,129.8700,100,1980,2619,1767561441488018559,38,58955689
639,129.8700,100,1980,2619,1767561441491648467,38,58955689
640,129.8700,100,1980,2619,1767561441495190919,38,58955689
641,129.8700,100,1980,2619,1767561441498955195,38,58955689
642,129.8700,100,1980,2619,1767561441502991661,38,58955689
643,129.8700,100,1980,2619,1767561441509454680,38,58955689
644,129.8700,100,1980,2619,1767561441513013708,38,58955689
645,129.8700,100,1980,2619,1767561441516700224,38,58955689
646,129.8700,100,1980,2619,1767561441520344563,38,58955689
647,129.8700,100,1980,2619,1767561441528298392,38,58955689
648,129.8700,100,1980,2619,1767561441531849228,38,58955689
649,130.0450,100,1980,2619,1767561441535666975,38,58955689
650,130.0450,100,1980,2619,1767561441540558223,38,58978490
651,130.0450,100,1980,2619,1767561441557846485,38,58978490
652,130.0450,100,1980,2619,1767561441562676069,38,58978490
653,130.0450,100,1980,2619,1767561441569039184,38,58978490
654,130.0450,100,1980,2619,1767561441572613188,38,58978490
655,130.0450,100,1980,2619,1767561441576199640,38,58978490
656,130.0450,100,1980,2619,1767561441579896747,38,58978490
657,130.0450,100,1980,2619,1767561441584047614,38,58978490
658,130.0450,100,1980,2619,1767561441590768999,38,58978490
659,130.0450,100,1980,2619,1767561441594388059,38,58978490
660,130.0450,100,1980,2619,1767561441598353677,38,58978490
661,130.0450,100,1980,2619,1767561441602560447,38,58978490
662,130.0450,100,1980,2619,1767561441609033161,38,58978490
663,130.0450,100,1980,2619,1767561441612610109,38,58978490
664,130.0450,100,1980,2619,1767561441616229265,38,58978490
665,130.0450,100,1980,2619,1767561441619872549,38,58978490
666,130.0450,100,1980,2619,1767561441623921399,38,58978490
667,130.0450,100,1980,2619,1767561441630403778,38,58978490
668,130.0450,100,1980,2619,1767561441634010230,38,58978490
669,130.0450,100,1980,2619,1767561441637679785,38,58978490
670,130.0450,100,1980,2619,1767561441643219831,38,59001924
671,130.0450,100,1980,2619,1767561441661084602,38,59001924
672,130.0450,100,1980,2619,1767561441669016480,38,59001924
673,130.6830,100,1980,2619,1767561441672646452,38,59001924
674,130.6830,100,1980,2619,1767561441676206408,38,59001924
675,130.6830,100,1980,2619,1767561441679858203,38,59001924
676,130.6830,100,1980,2619,1767561441684008270,38,59001924
677,130.6830,100,1980,2619,1767561441690565048,38,59001924
678,130.6830,100,1980,2619,1767561441694692874,38,59001924
679,130.6830,100,1980,2619,1767561441698336062,38,59001924
680,130.6830,100,1980,2619,1767561441702566032,38,59001924
681,130.6830,100,1980,2619,1767561441709046074,38,59001924
682,130.6830,100,1980,2619,1767561441712533198,38,59001924
683,130.6830,100,1980,2619,1767561441716064035,38,59001924
684,130.6830,100,1980,2619,1767561441719767542,38,59001924
685,130.6830,100,1980,2619,1767561441723749608,38,59001924
686,130.6830,100,1980,2619,1767561441730387538,38,59001924
687,130.6830,100,1980,2619,1767561441734319460,38,59001924
688,130.6830,100,1980,2619,1767561441737680057,38,59001924
689,130.6830,100,1980,2619,1767561441743254535,38,59024932
690,130.6830,100,1980,2619,1767561441758522260,38,59024932
691,130.6830,100,1980,2619,1767561441762591846,38,59024932
692,130.6830,100,1980,2619,1767561441768956721,38,59024932
693,130.6830,100,1980,2619,1767561441772308966,38,59024932
694,130.6830,100,1980,2619,1767561441775571931,38,59024932
695,130.6830,100,1980,2619,1767561441779064751,38,59024932
696,130.6830,100,1980,2619,1767561441785739353,38,59024932
697,130.9570,100,1980,2619,1767561441792302883,38,59024932
698,130.9570,100,1980,2619,1767561441798571469,38,59024932
699,130.9570,100,1980,2619,1767561441805855669,38,59024932
700,130.9570,100,1980,2619,1767561441830906049,38,59024932
701,130.9570,100,1980,2619,1767561441839583620,38,59024932
702,130.9570,100,1980,2619,1767561441855725517,41,59095622
703,130.9570,100,1980,2619,1767561441865547244,41,59095622
704,130.9570,100,1980,2619,1767561441896915875,41,59095622
705,130.9570,100,1980,2619,1767561441906523907,41,59095622
706,130.9570,100,1800,2619,1767561441916983296,41,59095622
707,130.9570,100,1800,2619,1767561441920935859,41,59095622
708,223.2790,100,1800,2619,1767561441931301647,41,59095622
709,223.2790,100,1800,2619,1767561441936310271,41,59095622
710,223.2790,100,1800,2619,1767561441943822374,41,59192660
711,223.2790,100,1800,2619,1767561441979962093,41,59192660
712,223.2790,75,1800,2619,1767561441989439661,41,59192660
713,223.2790,75,1800,2619,1767561441998007056,53,59192660
714,223.2790,75,1800,2619,1767561442002591840,53,59192660
715,223.2790,75,1800,2619,1767561442011550434,53,59192660
716,223.2790,75,1800,2619,1767561442015285462,53,59192660
717,223.2790,75,1800,2619,1767561442018873578,53,59192660
718,223.2790,75,1800,2619,1767561442022955420,53,59192660
719,223.2790,75,1800,2619,1767561442031849119,53,59192660
720,223.2790,75,1725,2619,1767561442035819025,53,59192660
721,223.2790,75,1725,2619,1767561442040489506,53,59286728
722,223.2790,75,1725,2619,1767561442061191420,53,59286728
723,223.2790,75,1725,2619,1767561442072269686,53,59286728
724,329.5880,75,1725,2619,1767561442076017066,53,59286728
725,329.5880,75,1725,2619,1767561442079605662,53,59286728
726,329.5880,75,1725,2619,1767561442086089224,53,59286728
727,329.5880,75,1725,2619,1767561442095201674,53,59286728
728,329.5880,75,1725,2619,1767561442099100829,53,59286728
729,329.5880,75,1725,2619,1767561442103350319,53,59286728
730,329.5880,75,1725,2619,1767561442109956473,53,59286728
731,329.5880,75,1725,2619,1767561442113589869,53,59286728
732,329.5880,75,1725,2619,1767561442117333280,57,59286728
733,329.5880,75,1725,2619,1767561442121107827,57,59286728
734,329.5880,75,1725,2619,1767561442131775599,57,59286728
735,329.5880,75,1725,2619,1767561442136051584,57,59286728
736,329.5880,75,1725,2619,1767561442140490162,57,59382218
737,329.5880,75,1725,2619,1767561442160345359,57,59382218
738,329.5880,75,1725,2619,1767561442190034860,57,59382218
739,329.5880,75,1695,2619,1767561442199823370,57,59382218
740,416.6960,75,1695,2619,1767561442208969580,57,59382218
741,416.6960,75,1695,2619,1767561442212501216,57,59382218
742,416.6960,75,1695,2619,1767561442216238004,57,59382218
743,416.6960,100,1695,2619,1767561442220031399,57,59382218
744,416.6960,100,1695,2619,1767561442228903881,57,59382218
745,416.6960,100,1695,2619,1767561442232631357,57,59382218
746,416.6960,100,1695,2619,1767561442236306641,57,59382218
747,416.6960,100,1695,2619,1767561442240573506,58,59478865
748,416.6960,100,1695,2619,1767561442261520252,58,59478865
749,416.6960,100,1695,2619,1767561442270760540,58,59478865
750,416.6960,100,1695,2619,1767561442274315377,58,59478865
751,416.6960,100,1695,2619,1767561442277977348,58,59478865
752,416.6960,100,1695,2619,1767561442291219480,58,59478865
753,416.6960,100,1740,2619,1767561442294829388,58,59478865
754,416.6960,100,1740,2619,1767561442298622975,58,59478865
755,416.6960,100,1740,2619,1767561442302635442,58,59478865
756,416.6960,100,1740,2619,1767561442311751476,58,59478865
757,512.7330,100,1740,2619,1767561442315446311,58,59478865
758,512.7330,100,1740,2619,1767561442319097691,58,59478865
759,512.7330,100,1740,2619,1767561442323157389,58,59478865
760,512.7330,100,1740,2619,1767561442329689526,58,59478865
761,512.7330,100,1740,2619,1767561442333473002,58,59478865
762,512.7330,100,1740,2619,1767561442337192157,58,59478865
763,512.7330,100,1740,2619,1767561442341179312,58,59579375
764,512.7330,100,1740,2619,1767561442358730326,58,59579375
765,512.7330,100,1740,2619,1767561442362770760,58,59579375
766,512.7330,100,1740,2619,1767561442372177545,59,59579375
767,512.7330,100,1740,2619,1767561442376156315,59,59579375
768,512.7330,100,1740,2619,1767561442379751439,59,59579375
769,512.7330,100,1740,2619,1767561442391976294,59,59579375
770,512.7330,100,1740,2619,1767561442395850361,59,59579375
771,512.7330,100,1740,2619,1767561442399508876,59,59579375
772,512.7330,100,1740,2619,1767561442403590783,59,59579375
773,512.7330,100,1740,2619,1767561442412607649,59,59579375
774,512.7330,100,1695,2619,1767561442416499124,59,59579375
775,512.7330,100,1695,2619,1767561442420058920,59,59579375
776,512.7330,100,1695,2619,1767561442430688260,59,59579375
777,512.7330,100,1695,2619,1767561442434559735,59,59579375
778,607.4580,100,1695,2619,1767561442438065964,59,59579375
779,607.4580,100,1695,2619,1767561442443820824,59,59673534
780,607.4580,100,1695,2619,1767561442462046523,59,59673534
781,607.4580,100,1695,2619,1767561442471501787,59,59673534
782,607.4580,100,1695,2619,1767561442475050927,59,59673534
783,607.4580,100,1695,2619,1767561442478806530,59,59673534
784,607.4580,100,1695,2619,1767561442485422188,59,59673534
785,607.4580,100,1695,2619,1767561442492761492,59,59673534
786,607.4580,100,1695,2619,1767561442496642183,58,59673534
787,607.4580,100,1695,2619,1767561442500473306,58,59673534
788,607.4580,100,1695,2619,1767561442509221149,58,59673534
789,607.4580,100,1695,2619,1767561442513975757,58,59673534
790,607.4580,100,1695,2619,1767561442517753536,58,59673534
791,607.4580,100,1695,2619,1767561442522729200,58,59673534
792,607.4580,100,1695,2619,1767561442531705170,58,59673534
793,607.4580,100,1695,2619,1767561442535540132,58,59673534
794,607.4580,100,1815,2619,1767561442540639091,58,59766631
795,607.4580,100,1815,2619,1767561442558171192,58,59766631
796,607.4580,100,1815,2619,1767561442562567786,58,59766631
797,693.2570,100,1815,2619,1767561442571646059,58,59766631
798,693.2570,100,1815,2619,1767561442575356543,58,59766631
799,693.2570,100,1815,2619,1767561442578975283,58,59766631
800,693.2570,100,1815,2619,1767561442585610589,58,59766631
801,693.2570,100,1815,2619,1767561442594672414,58,59766631
802,693.2570,100,1815,2619,1767561442598549904,58,59766631
803,693.2570,100,1815,2619,1767561442602629379,58,59766631
804,693.2570,100,1815,2619,1767561442609143117,58,59766631
805,693.2570,100,1815,2619,1767561442612976032,58,59766631
806,693.2570,100,1815,2619,1767561442617280338,58,59766631
807,693.2570,100,1815,2619,1767561442621093477,58,59766631
808,693.2570,100,1815,2619,1767561442631487458,58,59766631
809,693.2570,100,1815,2619,1767561442635793396,58,59766631
810,693.2570,100,1815,2619,1767561442640526372,58,59865131
811,693.2570,100,1815,2619,1767561442659575717,58,59865131
812,693.2570,100,1815,2619,1767561442663601111,58,59865131
813,693.2570,100,1695,2619,1767561442672731255,58,59865131
814,693.2570,100,1695,2619,1767561442676465419,58,59865131
815,693.2570,100,1695,2619,1767561442680201567,58,59865131
816,693.2570,100,1695,2619,1767561442692601173,58,59865131
817,768.8390,100,1695,2619,1767561442696375817,58,59865131
818,768.8390,100,1695,2619,1767561442700037500,58,59865131
819,768.8390,100,1695,2619,1767561442710763097,58,59865131
820,768.8390,100,1695,2619,1767561442714381740,58,59865131
821,768.8390,100,1695,2619,1767561442718634174,58,59865131
822,768.8390,100,1695,2619,1767561442722713809,58,59865131
823,768.8390,100,1695,2619,1767561442731603091,58,59865131
824,768.8390,100,1695,2619,1767561442735419654,58,59865131
825,768.8390,100,1695,2619,1767561442738977241,59,59865131
826,768.8390,100,1695,2619,1767561442745648483,59,59966879
827,768.8390,100,1695,2619,1767561442761893805,59,59966879
828,768.8390,100,1695,2619,1767561442773001128,59,59966879
829,768.8390,100,1695,2619,1767561442776757435,59,59966879
830,768.8390,100,1695,2619,1767561442780589806,59,59966879
831,768.8390,100,1695,2619,1767561442789576112,59,59966879
832,768.8390,100,1695,2619,1767561442793195012,59,59966879
833,768.8390,100,1710,2619,1767561442796948663,59,59966879
834,768.8390,100,1710,2619,1767561442800858441,59,59966879
835,768.8390,100,1710,2619,1767561442809564844,59,59966879
836,768.8390,100,1710,2619,1767561442813283264,59,59966879
837,873.7750,100,1710,2619,1767561442816981780,59,59966879
838,873.7750,100,1710,2619,1767561442822627777,59,59966879
839,873.7750,100,1710,2619,1767561442829944232,59,59966879
840,873.7750,100,1710,2619,1767561442833719420,59,59966879
841,873.7750,100,1710,2619,1767561442837499727,59,59966879
842,873.7750,100,1710,2619,1767561442843244796,59,60065442
843,873.7750,100,1710,2619,1767561442860093252,59,60065442
844,873.7750,100,1710,2619,1767561442868730694,59,60065442
845,873.7750,100,1710,2619,1767561442872440889,60,60065442
846,873.7750,100,1710,2619,1767561442876315564,60,60065442
847,873.7750,100,1710,2619,1767561442880178399,60,60065442
848,873.7750,100,1710,2619,1767561442890442717,60,60065442
849,873.7750,100,1710,2619,1767561442893957457,60,60065442
850,873.7750,100,1710,2619,1767561442897717861,60,60065442
851,873.7750,100,1710,2619,1767561442902668052,60,60065442
852,873.7750,100,1710,2619,1767561442911577687,60,60065442
853,873.7750,100,1710,2619,1767561442915391914,60,60065442
854,873.7750,100,1710,2619,1767561442919043006,60,60065442
855,873.7750,100,1710,2619,1767561442923236944,60,60065442
856,873.7750,100,1710,2619,1767561442932158866,60,60065442
857,865.8070,100,1710,2619,1767561442935979108,60,60065442
858,865.8070,100,1710,2619,1767561442940494357,60,60157932
859,865.8070,100,1710,2619,1767561442960801553,60,60157932
860,865.8070,100,1710,2619,1767561442971803084,60,60157932
861,865.8070,100,1710,2619,1767561442975379265,60,60157932
862,865.8070,100,1710,2619,1767561442979102676,60,60157932
863,865.8070,100,1710,2619,1767561442985924445,60,60157932
864,865.8070,100,1710,2619,1767561442995013663,60,60157932
865,865.8070,100,1710,2619,1767561442998886098,59,60157932
866,865.8070,100,1710,2619,1767561443002967844,59,60157932
867,865.8070,100,1710,2619,1767561443011991877,59,60157932
868,865.8070,100,1710,2619,1767561443015976856,59,60157932
869,865.8070,100,1710,2619,1767561443019595276,59,60157932
870,865.8070,100,1710,2619,1767561443030197544,59,60157932
871,865.8070,100,1710,2619,1767561443033901788,59,60157932
872,865.8070,100,1710,2619,1767561443037535312,59,60157932
873,865.8070,100,1695,2619,1767561443043321309,59,60255730
874,865.8070,100,1695,2619,1767561443061805855,59,60255730
875,865.8070,100,1695,2619,1767561443071194654,59,60255730
876,861.3300,100,1695,2619,1767561443074788178,59,60255730
877,861.3300,100,1695,2619,1767561443078510566,59,60255730
878,861.3300,100,1695,2619,1767561443085485679,59,60255730
879,861.3300,100,1695,2619,1767561443094730000,59,60255730
880,861.3300,100,1695,2619,1767561443098552227,59,60255730
881,861.3300,100,1695,2619,1767561443102713525,59,60255730
882,861.3300,100,1695,2619,1767561443110163292,59,60255730
883,861.3300,100,1695,2619,1767561443113727120,59,60255730
884,861.3300,100,1695,2619,1767561443117489636,60,60255730
885,861.3300,100,1695,2619,1767561443122643155,60,60255730
886,861.3300,100,1695,2619,1767561443130028890,60,60255730
887,861.3300,100,1695,2619,1767561443134574570,60,60255730
888,861.3300,100,1695,2619,1767561443138283933,60,60255730
889,861.3300,100,1695,2619,1767561443144265769,60,60355281
890,861.3300,100,1695,2619,1767561443159851765,60,60355281
891,861.3300,100,1695,2619,1767561443163843304,60,60355281
892,861.3300,100,1710,2619,1767561443170342002,60,60355281
893,861.3300,100,1710,2619,1767561443174124870,60,60355281
894,861.3300,100,1710,2619,1767561443177883161,60,60355281
895,861.3300,100,1710,2619,1767561443185087905,60,60355281
896,861.3300,100,1710,2619,1767561443194789793,60,60355281
897,867.8650,100,1710,2619,1767561443198376309,60,60355281
898,867.8650,100,1710,2619,1767561443202596870,60,60355281
899,867.8650,100,1710,2619,1767561443211602247,60,60355281
900,867.8650,100,1710,2619,1767561443215150843,60,60355281
901,867.8650,100,1710,2619,1767561443218710992,60,60355281
902,867.8650,100,1710,2619,1767561443222866370,60,60355281
903,867.8650,100,1710,2619,1767561443231866468,60,60355281
904,867.8650,100,1710,2619,1767561443236299125,60,60355281
905,867.8650,100,1710,2619,1767561443240634950,61,60449294
906,867.8650,100,1710,2619,1767561443259589767,61,60449294
907,867.8650,100,1710,2619,1767561443263590233,61,60449294
908,867.8650,100,1710,2619,1767561443272680890,61,60449294
909,867.8650,100,1710,2619,1767561443276405838,61,60449294
910,867.8650,100,1710,2619,1767561443280112641,61,60449294
911,867.8650,100,1710,2619,1767561443292526264,61,60449294
912,867.8650,100,1815,2619,1767561443298601028,61,60449294
913,867.8650,100,1815,2619,1767561443302721782,61,60449294
914,867.8650,100,1815,2619,1767561443311564184,61,60449294
915,864.2750,100,1815,2619,1767561443315241932,61,60449294
916,864.2750,100,1815,2619,1767561443318867904,61,60449294
917,864.2750,100,1815,2619,1767561443323012594,61,60449294
918,864.2750,100,1815,2619,1767561443331976116,61,60449294
919,864.2750,100,1815,2619,1767561443336161094,61,60449294
920,864.2750,100,1815,2619,1767561443340513495,61,60549414
921,864.2750,100,1815,2619,1767561443358236795,61,60549414
922,864.2750,100,1815,2619,1767561443362506893,61,60549414
923,864.2750,100,1815,2619,1767561443369120471,60,60549414
924,864.2750,100,1815,2619,1767561443372840043,60,60549414
925,864.2750,100,1815,2619,1767561443376586910,60,60549414
926,864.2750,100,1815,2619,1767561443380891376,60,60549414
927,864.2750,100,1815,2619,1767561443391712428,60,60549414
928,864.2750,100,1815,2619,1767561443395326048,60,60549414
929,864.2750,100,1815,2619,1767561443399220211,60,60549414
930,864.2750,100,1815,2619,1767561443403263717,60,60549414
931,864.2750,100,1815,2619,1767561443412153990,60,60549414
932,864.2750,100,1725,2619,1767561443415842490,60,60549414
933,864.2750,100,1725,2619,1767561443419467950,60,60549414
934,864.2750,100,1725,2619,1767561443423620352,60,60549414
935,864.2750,100,1725,2619,1767561443432649602,60,60549414
936,863.1950,100,1725,2619,1767561443436613813,60,60549414
937,863.1950,100,1725,2619,1767561443440739495,60,60643486
938,863.1950,100,1725,2619,1767561443461052035,60,60643486
939,863.1950,100,1725,2619,1767561443470509123,60,60643486
940,863.1950,100,1725,2619,1767561443474190807,60,60643486
941,863.1950,100,1725,2619,1767561443478005321,60,60643486
942,863.1950,100,1725,2619,1767561443485219441,60,60643486
943,863.1950,100,1725,2619,1767561443494622834,60,60643486
944,863.1950,100,1725,2619,1767561443498610245,60,60643486
945,863.1950,100,1725,2619,1767561443502641207,60,60643486
946,863.1950,100,1725,2619,1767561443510112414,60,60643486
947,863.1950,100,1725,2619,1767561443514173041,60,60643486
948,863.1950,100,1725,2619,1767561443518012708,60,60643486
949,863.1950,100,1725,2619,1767561443522732340,60,60643486
950,863.1950,100,1725,2619,1767561443530023612,60,60643486
951,863.1950,100,1725,2619,1767561443533901134,60,60643486
952,863.1950,100,1680,2619,1767561443537621985,60,60643486
953,863.1950,100,1680,2619,1767561443543161039,60,60741949
954,863.1950,100,1680,2619,1767561443561293682,60,60741949
955,863.1950,100,1680,2619,1767561443572649932,60,60741949
956,868.1270,100,1680,2619,1767561443576168224,60,60741949
957,868.1270,100,1680,2619,1767561443579785236,60,60741949
958,868.1270,100,1680,2619,1767561443586134079,60,60741949
959,868.1270,100,1680,2619,1767561443593508999,60,60741949
960,868.1270,100,1680,2619,1767561443597464569,60,60741949
961,868.1270,100,1680,2619,1767561443602577192,60,60741949
962,868.1270,100,1680,2619,1767561443609151697,60,60741949
963,868.1270,100,1680,2619,1767561443612689669,60,60741949
964,868.1270,100,1680,2619,1767561443616560728,61,60741949
965,868.1270,100,1680,2619,1767561443620401708,61,60741949
966,868.1270,100,1680,2619,1767561443630774057,61,60741949
967,868.1270,100,1680,2619,1767561443634930139,61,60741949
968,868.1270,100,1680,2619,1767561443638501711,61,60741949
969,868.1270,100,1680,2619,1767561443644744442,61,60840992
970,868.1270,100,1680,2619,1767561443661166500,61,60840992
971,868.1270,100,1680,2619,1767561443669072553,61,60840992
972,868.1270,100,1710,2619,1767561443672849852,61,60840992
973,868.1270,100,1710,2619,1767561443676532015,61,60840992
974,868.1270,100,1710,2619,1767561443680746241,61,60840992
975,868.1270,100,1710,2619,1767561443692661913,61,60840992
976,868.1270,100,1710,2619,1767561443698698981,61,60840992
977,870.2160,100,1710,2619,1767561443706091180,61,60840992
978,870.2160,100,1710,2619,1767561443727426341,61,60840992
979,870.2160,100,1710,2619,1767561443736879270,61,60840992
980,870.2160,100,1710,2619,1767561443742424275,61,60933173
981,870.2160,100,1710,2619,1767561443761395859,61,60933173
982,870.2160,100,1710,2619,1767561443772667661,61,60933173
983,870.2160,100,1710,2619,1767561443776190145,62,60933173
984,870.2160,100,1710,2619,1767561443779829589,62,60933173
985,870.2160,100,1710,2619,1767561443786087776,62,60933173
986,870.2160,100,1710,2619,1767561443795163714,62,60933173
987,870.2160,100,1710,2619,1767561443799261268,62,60933173
988,870.2160,100,1710,2619,1767561443803395590,62,60933173
989,870.2160,100,1710,2619,1767561443812510951,62,60933173
990,870.2160,100,1710,2619,1767561443816185851,62,60933173
991,870.2160,100,1755,2619,1767561443819958062,62,60933173
992,870.2160,100,1755,2619,1767561443830584906,62,60933173
993,870.2160,100,1755,2619,1767561443834533213,62,60933173
994,870.2160,100,1755,2619,1767561443838340049,62,60933173
995,856.0310,100,1755,2619,1767561443844409148,62,61027696
996,856.0310,100,1755,2619,1767561443861928610,62,61027696
997,856.0310,100,1755,2619,1767561443870567045,62,61027696
998,856.0310,100,1755,2619,1767561443874881622,62,61027696
999,856.0310,100,1755,2619,1767561443878569097,62,61027696
1000,856.0310,100,1755,2619,1767561443885179155,62,61027696
1001,856.0310,100,1755,2619,1767561443894367284,62,61027696
1002,856.0310,100,1755,2619,1767561443898131976,60,61027696
1003,856.0310,100,1755,2619,1767561443902684473,60,61027696
1004,856.0310,100,1755,2619,1767561443911713338,60,61027696
1005,856.0310,100,1755,2619,1767561443915731181,60,61027696
1006,856.0310,100,1755,2619,1767561443919349857,60,61027696
1007,856.0310,100,1755,2619,1767561443923418515,60,61027696
1008,856.0310,100,1755,2619,1767561443932339414,60,61027696
1009,856.0310,100,1755,2619,1767561443936130857,60,61027696
1010,856.0310,100,1785,2619,1767561443940501146,60,61120794
1011,856.0310,100,1785,2619,1767561443958166430,60,61120794
1012,856.0310,100,1785,2619,1767561443962620975,60,61120794
1013,856.3950,100,1785,2619,1767561443969369913,60,61120794
1014,856.3950,100,1785,2619,1767561443973144108,60,61120794
1015,856.3950,100,1785,2619,1767561443977309342,60,61120794
1016,856.3950,100,1785,2619,1767561443982450189,60,61120794
1017,856.3950,100,1785,2619,1767561443994153958,60,61120794
1018,856.3950,100,1785,2619,1767561443997656826,60,61120794
1019,856.3950,100,1785,2619,1767561444002647465,60,61120794
1020,856.3950,100,1785,2619,1767561444010019024,60,61120794
1021,856.3950,100,1785,2619,1767561444013817603,60,61120794
1022,856.3950,100,1785,2619,1767561444017530999,60,61120794
1023,856.3950,100,1785,2619,1767561444022644838,60,61120794
1024,856.3950,100,1785,2619,1767561444029929101,60,61120794
1025,856.3950,100,1785,2619,1767561444033662465,60,61120794
1026,856.3950,100,1785,2619,1767561444037349429,60,61120794
1027,856.3950,100,1785,2619,1767561444041678150,60,61220226
1028,856.3950,100,1785,2619,1767561444061861219,60,61220226
1029,856.3950,100,1785,2619,1767561444071264515,60,61220226
1030,856.3950,100,1740,2619,1767561444074792855,60,61220226
1031,856.3950,100,1740,2619,1767561444079090376,60,61220226
1032,856.3950,100,1740,2619,1767561444085732818,60,61220226
1033,856.3950,100,1740,2619,1767561444094864372,60,61220226
1034,860.5190,100,1740,2619,1767561444098946150,60,61220226
1035,860.5190,100,1740,2619,1767561444102895321,60,61220226
1036,860.5190,100,1740,2619,1767561444112059674,60,61220226
1037,860.5190,100,1740,2619,1767561444115824686,60,61220226
1038,860.5190,100,1740,2619,1767561444119424066,60,61220226
1039,860.5190,100,1740,2619,1767561444123539700,60,61220226
1040,860.5190,100,1740,2619,1767561444130766108,60,61220226
1041,860.5190,100,1740,2619,1767561444134829294,60,61220226
1042,860.5190,100,1740,2619,1767561444138355938,60,61220226
1043,860.5190,100,1740,2619,1767561444144451661,61,61316690
1044,860.5190,100,1740,2619,1767561444162020242,61,61316690
1045,860.5190,100,1740,2619,1767561444171190484,61,61316690
1046,860.5190,100,1740,2619,1767561444175064551,61,61316690
1047,860.5190,100,1740,2619,1767561444178960314,61,61316690
1048,860.5190,100,1740,2619,1767561444185610499,61,61316690
1049,860.5190,100,1740,2619,1767561444194646501,61,61316690
1050,860.5190,100,1800,2619,1767561444198439641,61,61316690
1051,860.5190,100,1800,2619,1767561444202616747,61,61316690
1052,860.5190,100,1800,2619,1767561444209327988,61,61316690
1053,860.5190,100,1800,2619,1767561444213030951,61,61316690
1054,854.7770,100,1800,2619,1767561444216846010,61,61316690
1055,854.7770,100,1800,2619,1767561444220704653,61,61316690
1056,854.7770,100,1800,2619,1767561444231051403,61,61316690
1057,854.7770,100,1800,2619,1767561444234790078,61,61316690
1058,854.7770,100,1800,2619,1767561444238300978,61,61316690
1059,854.7770,100,1800,2619,1767561444244429854,61,61414983
1060,854.7770,100,1800,2619,1767561444262294626,61,61414983
1061,854.7770,100,1800,2619,1767561444273395965,61,61414983
1062,854.7770,100,1800,2619,1767561444277130608,60,61414983
1063,854.7770,100,1800,2619,1767561444281750976,60,61414983
1064,854.7770,100,1800,2619,1767561444293821784,60,61414983
1065,854.7770,100,1800,2619,1767561444299495429,60,61414983
1066,854.7770,100,1800,2619,1767561444303636311,60,61414983
1067,854.7770,100,1800,2619,1767561444312590937,60,61414983
1068,854.7770,100,1770,2619,1767561444316374541,60,61414983
1069,854.7770,100,1770,2619,1767561444319939105,60,61414983
1070,854.7770,100,1770,2619,1767561444330757693,60,61414983
1071,854.7770,100,1770,2619,1767561444334683631,60,61414983
1072,853.3450,100,1770,2619,1767561444338277540,60,61414983
1073,853.3450,100,1770,2619,1767561444344338703,60,61508068
1074,853.3450,100,1770,2619,1767561444361393173,60,61508068
1075,853.3450,100,1770,2619,1767561444372660432,60,61508068
1076,853.3450,100,1770,2619,1767561444376674274,60,61508068
1077,853.3450,100,1770,2619,1767561444380599349,60,61508068
1078,853.3450,100,1770,2619,1767561444391746608,60,61508068
1079,853.3450,100,1770,2619,1767561444396227841,60,61508068
1080,853.3450,100,1770,2619,1767561444400141940,60,61508068
1081,853.3450,100,1770,2619,1767561444410654993,60,61508068
1082,853.3450,100,1770,2619,1767561444414457251,60,61508068
1083,853.3450,100,1770,2619,1767561444418527989,60,61508068
1084,853.3450,100,1770,2619,1767561444422669095,60,61508068
1085,853.3450,100,1770,2619,1767561444429979951,60,61508068
1086,853.3450,100,1770,2619,1767561444433704227,60,61508068
1087,853.3450,100,1770,2619,1767561444437488246,60,61508068
1088,853.3450,100,1770,2619,1767561444443142755,60,61606846
1089,853.3450,100,1725,2619,1767561444460124042,60,61606846
1090,853.3450,100,1725,2619,1767561444468043152,60,61606846
1091,856.4820,100,1725,2619,1767561444471778179,60,61606846
1092,856.4820,100,1725,2619,1767561444475535510,60,61606846
1093,856.4820,100,1725,2619,1767561444479297385,60,61606846
1094,856.4820,100,1725,2619,1767561444486021363,60,61606846
1095,856.4820,100,1725,2619,1767561444495244084,60,61606846
1096,856.4820,100,1725,2619,1767561444499527110,60,61606846
1097,856.4820,100,1725,2619,1767561444503656824,60,61606846
1098,856.4820,100,1725,2619,1767561444512504442,60,61606846
1099,856.4820,100,1725,2619,1767561444516225646,60,61606846
1100,856.4820,100,1725,2619,1767561444519809090,62,61606846
1101,856.4820,100,1725,2619,1767561444523980468,62,61606846
1102,856.4820,100,1725,2619,1767561444531554107,62,61606846
1103,856.4820,100,1725,2619,1767561444535540845,62,61606846
1104,856.4820,100,1725,2619,1767561444540589116,62,61701301
1105,856.4820,100,1725,2619,1767561444559051678,62,61701301
1106,856.4820,100,1725,2619,1767561444563082992,62,61701301
1107,856.4820,100,1785,2619,1767561444569495259,62,61701301
1108,856.4820,100,1785,2619,1767561444573284782,62,61701301
1109,856.4820,100,1785,2619,1767561444576984450,62,61701301
1110,856.4820,100,1785,2619,1767561444581101332,62,61701301
1111,856.4820,100,1785,2619,1767561444591839344,62,61701301
1112,855.1820,100,1785,2619,1767561444595902627,62,61701301
1113,855.1820,100,1785,2619,1767561444600368628,62,61701301
1114,855.1820,100,1785,2619,1767561444608447065,62,61701301
1115,855.1820,100,1785,2619,1767561444612261676,62,61701301
1116,855.1820,100,1785,2619,1767561444616165982,62,61701301
1117,855.1820,100,1785,2619,1767561444620074769,62,61701301
1118,855.1820,100,1785,2619,1767561444630442030,62,61701301
1119,855.1820,100,1785,2619,1767561444634065762,62,61701301
1120,855.1820,100,1785,2619,1767561444637731574,60,61701301
1121,855.1820,100,1785,2619,1767561444643390467,60,61798019
1122,855.1820,100,1785,2619,1767561444663582496,60,61798019
1123,855.1820,100,1785,2619,1767561444674527707,60,61798019
1124,855.1820,100,1785,2619,1767561444678107631,60,61798019
1125,855.1820,100,1785,2619,1767561444685213847,60,61798019
1126,855.1820,100,1785,2619,1767561444694328472,60,61798019
1127,855.1820,100,1785,2619,1767561444698188587,60,61798019
1128,855.1820,100,1785,2619,1767561444702631484,60,61798019
1129,855.1820,100,1785,2619,1767561444709162406,60,61798019
1130,855.1820,100,1785,2619,1767561444712927098,60,61798019
1131,850.1820,100,1785,2619,1767561444716665773,60,61798019
1132,850.1820,100,1785,2619,1767561444720592224,60,61798019
1133,850.1820,100,1785,2619,1767561444730966430,60,61798019
1134,850.1820,100,1785,2619,1767561444735052720,60,61798019
1135,850.1820,100,1785,2619,1767561444738666276,60,61798019
1136,850.1820,100,1785,2619,1767561444744996782,60,61897272
1137,850.1820,100,1785,2619,1767561444759304446,60,61897272
1138,850.1820,100,1785,2619,1767561444763301392,60,61897272
1139,850.1820,100,1785,2619,1767561444772483506,60,61897272
1140,850.1820,100,1785,2619,1767561444776388165,60,61897272
1141,850.1820,100,1785,2619,1767561444780098040,60,61897272
1142,850.1820,100,1785,2619,1767561444792412271,60,61897272
1143,850.1820,100,1785,2619,1767561444796365090,60,61897272
1144,850.1820,100,1785,2619,1767561444800053782,60,61897272
1145,850.1820,100,1785,2619,1767561444810548435,60,61897272
1146,850.1820,100,1725,2619,1767561444814256838,60,61897272
1147,850.1820,100,1725,2619,1767561444817794362,60,61897272
1148,850.1820,100,1725,2619,1767561444822893992,60,61897272
1149,850.1820,100,1725,2619,1767561444831878858,60,61897272
1150,863.8840,100,1725,2619,1767561444835909085,60,61897272
1151,863.8840,100,1725,2619,1767561444840554797,60,61994964
1152,863.8840,100,1725,2619,1767561444859539310,60,61994964
1153,863.8840,100,1725,2619,1767561444863540001,60,61994964
1154,863.8840,100,1725,2619,1767561444870841096,60,61994964
1155,863.8840,100,1725,2619,1767561444874862299,60,61994964
1156,863.8840,100,1725,2619,1767561444878578159,60,61994964
1157,863.8840,100,1725,2619,1767561444885086552,60,61994964
1158,863.8840,100,1725,2619,1767561444892578239,60,61994964
1159,863.8840,100,1725,2619,1767561444896197235,63,61994964
1160,863.8840,100,1725,2619,1767561444899966822,63,61994964
1161,863.8840,100,1725,2619,1767561444910548899,63,61994964
1162,863.8840,100,1725,2619,1767561444915400338,63,61994964
1163,863.8840,100,1725,2619,1767561444919255270,63,61994964
1164,863.8840,100,1725,2619,1767561444923384024,63,61994964
1165,863.8840,100,1725,2619,1767561444930840063,63,61994964
1166,863.8840,100,1725,2619,1767561444934884305,63,61994964
1167,863.8840,100,1725,2619,1767561444938456261,63,61994964
1168,863.8840,100,1650,2619,1767561444944998351,63,62098010
1169,863.8840,100,1650,2619,1767561444962024758,63,62098010
1170,863.8840,100,1650,2619,1767561444972878801,63,62098010
1171,868.5460,100,1650,2619,1767561444976472805,63,62098010
1172,868.5460,100,1650,2619,1767561444980236281,63,62098010
1173,868.5460,100,1650,2619,1767561444990468439,63,62098010
1174,868.5460,100,1650,2619,1767561444994107627,63,62098010
1175,868.5460,100,1650,2619,1767561444997884702,63,62098010
1176,868.5460,100,1650,2619,1767561445002648878,63,62098010
1177,868.5460,100,1650,2619,1767561445009123320,63,62098010
1178,868.5460,100,1650,2619,1767561445012813260,63,62098010
1179,868.5460,100,1650,2619,1767561445017093885,63,62098010
1180,868.5460,100,1650,2619,1767561445020843056,62,62098010
1181,868.5460,100,1650,2619,1767561445031511628,62,62098010
1182,868.5460,100,1650,2619,1767561445035390912,62,62098010
1183,868.5460,100,1650,2619,1767561445040520334,62,62196177
1184,868.5460,100,1650,2619,1767561445061277705,62,62196177
1185,868.5460,100,1650,2619,1767561445070453834,62,62196177
1186,868.5460,100,1680,2619,1767561445073989311,62,62196177
1187,868.5460,100,1680,2619,1767561445077775666,62,62196177
1188,868.5460,100,1680,2619,1767561445082919008,62,62196177
1189,868.5460,100,1680,2619,1767561445090545926,62,62196177
1190,871.0060,100,1680,2619,1767561445094338490,62,62196177
1191,871.0060,100,1680,2619,1767561445098062125,62,62196177
1192,871.0060,100,1680,2619,1767561445102674750,62,62196177
1193,871.0060,100,1680,2619,1767561445109217640,62,62196177
1194,871.0060,100,1680,2619,1767561445112984027,62,62196177
1195,871.0060,100,1680,2619,1767561445116754479,62,62196177
1196,871.0060,100,1680,2619,1767561445121046784,62,62196177
1197,871.0060,100,1680,2619,1767561445129128165,62,62196177
1198,871.0060,100,1680,2619,1767561445132963513,62,62196177
1199,871.0060,100,1680,2619,1767561445136909995,63,62196177
1200,871.0060,100,1680,2619,1767561445141022750,63,62297965
1201,871.0060,100,1680,2619,1767561445160774491,63,62297965
1202,871.0060,100,1680,2619,1767561445189782106,63,62297965
1203,871.0060,100,1680,2619,1767561445198475261,63,62297965
1204,871.0060,100,1695,2619,1767561445204684680,63,62297965
1205,871.0060,100,1695,2619,1767561445213741897,63,62297965
1206,871.0060,100,1695,2619,1767561445217447580,63,62297965
1207,879.4110,100,1695,2619,1767561445222613771,63,62297965
1208,879.4110,100,1695,2619,1767561445229412084,63,62297965
1209,879.4110,100,1695,2619,1767561445233256423,63,62297965
1210,879.4110,100,1695,2619,1767561445237000379,63,62297965
1211,879.4110,100,1695,2619,1767561445241167437,63,62399642
1212,879.4110,100,1695,2619,1767561445258789202,63,62399642
1213,879.4110,100,1695,2619,1767561445262783333,63,62399642
1214,879.4110,100,1695,2619,1767561445269303663,63,62399642
1215,879.4110,100,1695,2619,1767561445273008835,63,62399642
1216,879.4110,100,1695,2619,1767561445276762902,63,62399642
1217,879.4110,100,1695,2619,1767561445281169863,63,62399642
1218,879.4110,100,1695,2619,1767561445291774403,63,62399642
1219,879.4110,100,1695,2619,1767561445295454455,63,62399642
1220,879.4110,100,1695,2619,1767561445300846533,63,62399642
1221,879.4110,100,1695,2619,1767561445311496929,63,62399642
1222,879.4110,100,1695,2619,1767561445315090901,63,62399642
1223,879.4110,100,1695,2619,1767561445318593481,63,62399642
1224,879.4110,100,1695,2619,1767561445322837211,63,62399642
1225,879.4110,100,1695,2619,1767561445332123324,63,62399642
1226,879.4110,100,1695,2619,1767561445336085103,63,62399642
1227,878.0100,100,1695,2619,1767561445340551232,63,62492265
1228,878.0100,100,1695,2619,1767561445360897083,63,62492265
1229,878.0100,100,1695,2619,1767561445371853558,63,62492265
1230,878.0100,100,1695,2619,1767561445375538794,63,62492265
1231,878.0100,100,1695,2619,1767561445379146014,63,62492265
1232,878.0100,100,1695,2619,1767561445385721160,63,62492265
1233,878.0100,100,1695,2619,1767561445392989808,63,62492265
1234,878.0100,100,1695,2619,1767561445396774883,62,62492265
1235,878.0100,100,1695,2619,1767561445400609335,62,62492265
1236,878.0100,100,1695,2619,1767561445408488796,62,62492265
1237,878.0100,100,1695,2619,1767561445412549646,62,62492265
1238,878.0100,100,1695,2619,1767561445416336257,62,62492265
1239,878.0100,100,1695,2619,1767561445420195060,62,62492265
1240,878.0100,100,1695,2619,1767561445430685937,62,62492265
1241,878.0100,100,1695,2619,1767561445434721507,62,62492265
1242,878.0100,100,1830,2619,1767561445438353399,62,62492265
1243,878.0100,100,1830,2619,1767561445444415139,62,62588508
1244,878.0100,100,1830,2619,1767561445459489777,62,62588508
1245,878.0100,100,1830,2619,1767561445463434052,62,62588508
1246,874.6440,100,1830,2619,1767561445470904875,62,62588508
1247,874.6440,100,1830,2619,1767561445474698494,62,62588508
1248,874.6440,100,1830,2619,1767561445478433810,62,62588508
1249,874.6440,100,1830,2619,1767561445485124987,62,62588508
1250,874.6440,100,1830,2619,1767561445494376379,62,62588508
1251,874.6440,100,1830,2619,1767561445498186510,62,62588508
1252,874.6440,100,1830,2619,1767561445502578336,62,62588508
1253,874.6440,100,1830,2619,1767561445509372457,62,62588508
1254,874.6440,100,1830,2619,1767561445513031741,62,62588508
1255,874.6440,100,1830,2619,1767561445516838480,61,62588508
1256,874.6440,100,1830,2619,1767561445520711363,61,62588508
1257,874.6440,100,1830,2619,1767561445531216672,61,62588508
1258,874.6440,100,1830,2619,1767561445536002896,61,62588508
1259,874.6440,100,1830,2619,1767561445540670081,61,62685508
1260,874.6440,100,1830,2619,1767561445560873276,61,62685508
1261,874.6440,100,1830,2619,1767561445571563704,61,62685508
1262,874.6440,100,1680,2619,1767561445575381644,61,62685508
1263,874.6440,100,1680,2619,1767561445579034591,61,62685508
1264,874.6440,100,1680,2619,1767561445585573738,61,62685508
1265,874.6440,100,1680,2619,1767561445594581739,61,62685508
1266,876.9190,100,1680,2619,1767561445598556126,61,62685508
1267,876.9190,100,1680,2619,1767561445602695408,61,62685508
1268,876.9190,100,1680,2619,1767561445609247771,61,62685508
1269,876.9190,100,1680,2619,1767561445613049646,61,62685508
1270,876.9190,100,1680,2619,1767561445616817921,61,62685508
1271,876.9190,100,1680,2619,1767561445620588053,61,62685508
1272,876.9190,100,1680,2619,1767561445628586137,61,62685508
1273,876.9190,100,1680,2619,1767561445632361932,61,62685508
1274,876.9190,100,1680,2619,1767561445636833245,61,62685508
1275,876.9190,100,1680,2619,1767561445641251886,62,62784407
1276,876.9190,100,1680,2619,1767561445661530539,62,62784407
1277,876.9190,100,1680,2619,1767561445670244590,62,62784407
1278,876.9190,100,1680,2619,1767561445673969025,62,62784407
1279,876.9190,100,1680,2619,1767561445677715125,62,62784407
1280,876.9190,100,1680,2619,1767561445685384666,62,62784407
1281,876.9190,100,1680,2619,1767561445692544450,62,62784407
1282,876.9190,100,1710,2619,1767561445696320597,62,62784407
1283,876.9190,100,1710,2619,1767561445700108841,62,62784407
1284,876.9190,100,1710,2619,1767561445710716069,62,62784407
1285,876.9190,100,1710,2619,1767561445714576025,62,62784407
1286,884.1380,100,1710,2619,1767561445718179821,62,62784407
1287,884.1380,100,1710,2619,1767561445722693181,62,62784407
1288,884.1380,100,1710,2619,1767561445731680415,62,62784407
1289,884.1380,100,1710,2619,1767561445735504147,62,62784407
1290,884.1380,100,1710,2619,1767561445740623778,62,62885226
1291,884.1380,100,1710,2619,1767561445761014332,62,62885226
1292,884.1380,100,1710,2619,1767561445769266977,62,62885226
1293,884.1380,100,1710,2619,1767561445772871701,63,62885226
1294,884.1380,100,1710,2619,1767561445776628584,63,62885226
1295,884.1380,100,1710,2619,1767561445780948858,63,62885226
1296,884.1380,100,1710,2619,1767561445792961490,63,62885226
1297,884.1380,100,1710,2619,1767561445797022948,63,62885226
1298,884.1380,100,1710,2619,1767561445800709528,63,62885226
1299,884.1380,100,1710,2619,1767561445811087157,63,62885226
1300,884.1380,100,1710,2619,1767561445814604681,63,62885226
1301,884.1380,100,1650,2619,1767561445818160510,63,62885226
1302,884.1380,100,1650,2619,1767561445822662382,63,62885226
1303,884.1380,100,1650,2619,1767561445831447184,63,62885226
1304,884.1380,100,1650,2619,1767561445835257219,63,62885226
1305,884.9570,100,1650,2619,1767561445838889911,63,62885226
1306,884.9570,100,1650,2619,1767561445845633281,63,62987828
1307,884.9570,100,1650,2619,1767561445860773710,63,62987828
1308,884.9570,100,1650,2619,1767561445869456785,63,62987828
1309,884.9570,100,1650,2619,1767561445873193029,63,62987828
1310,884.9570,100,1650,2619,1767561445876959896,63,62987828
1311,884.9570,100,1650,2619,1767561445881046058,63,62987828
1312,884.9570,100,1650,2619,1767561445891678150,63,62987828
1313,884.9570,100,1650,2619,1767561445895580729,63,62987828
1314,884.9570,100,1650,2619,1767561445899211757,63,62987828
1315,884.9570,100,1650,2619,1767561445903367071,63,62987828
1316,884.9570,100,1650,2619,1767561445911967458,63,62987828
1317,884.9570,100,1650,2619,1767561445915677782,63,62987828
1318,884.9570,100,1650,2619,1767561445919533769,63,62987828
1319,884.9570,100,1650,2619,1767561445923581883,63,62987828
1320,884.9570,100,1650,2619,1767561445931000163,63,62987828
1321,884.9570,100,1710,2619,1767561445935040949,63,62987828
1322,884.9570,100,1710,2619,1767561445938825064,63,62987828
1323,884.9570,100,1710,2619,1767561445945236947,63,63087757
1324,884.9570,100,1710,2619,1767561445961729339,63,63087757
1325,883.9830,100,1710,2619,1767561445970337662,63,63087757
1326,883.9830,100,1710,2619,1767561445973923602,63,63087757
1327,883.9830,100,1710,2619,1767561445977679078,63,63087757
1328,883.9830,100,1710,2619,1767561445982943508,63,63087757
1329,883.9830,100,1710,2619,1767561445990422523,63,63087757
1330,883.9830,100,1710,2619,1767561445994150767,63,63087757
1331,883.9830,100,1710,2619,1767561445997844482,64,63087757
1332,883.9830,100,1710,2619,1767561446002680082,64,63087757
1333,883.9830,100,1710,2619,1767561446009901370,64,63087757
1334,883.9830,100,1710,2619,1767561446013645646,64,63087757
1335,883.9830,100,1710,2619,1767561446017657120,64,63087757
1336,883.9830,100,1710,2619,1767561446022700911,64,63087757
1337,883.9830,100,1710,2619,1767561446029925526,64,63087757
1338,883.9830,100,1710,2619,1767561446033653482,64,63087757
1339,883.9830,100,1710,2619,1767561446037221342,64,63087757
1340,883.9830,100,1695,2619,1767561446041538159,64,63187992
1341,883.9830,100,1695,2619,1767561446060168593,64,63187992
1342,883.9830,100,1695,2619,1767561446068943636,64,63187992
1343,885.4040,100,1695,2619,1767561446072715463,64,63187992
1344,885.4040,100,1695,2619,1767561446076406299,64,63187992
1345,885.4040,100,1695,2619,1767561446080398574,64,63187992
1346,885.4040,100,1695,2619,1767561446091003466,64,63187992
1347,885.4040,100,1695,2619,1767561446094633661,64,63187992
1348,885.4040,100,1695,2619,1767561446098528944,64,63187992
1349,885.4040,100,1695,2619,1767561446102681698,64,63187992
1350,885.4040,100,1695,2619,1767561446111349605,64,63187992
1351,885.4040,100,1695,2619,1767561446114955801,64,63187992
1352,885.4040,100,1695,2619,1767561446118479117,64,63187992
1353,885.4040,100,1695,2619,1767561446122642655,64,63187992
1354,885.4040,100,1695,2619,1767561446129125002,64,63187992
1355,885.4040,100,1695,2619,1767561446132845245,64,63187992
1356,885.4040,100,1695,2619,1767561446136958224,64,63187992
1357,885.4040,100,1695,2619,1767561446141133218,64,63287986
1358,885.4040,100,1695,2619,1767561446161173150,64,63287986
1359,885.4040,100,1695,2619,1767561446169603905,64,63287986
1360,885.4040,100,1680,2619,1767561446173220629,64,63287986
1361,885.4040,100,1680,2619,1767561446176964553,64,63287986
1362,885.4040,100,1680,2619,1767561446181932440,64,63287986
1363,885.4040,100,1680,2619,1767561446193794001,64,63287986
1364,882.6010,100,1680,2619,1767561446197394469,64,63287986
1365,882.6010,100,1680,2619,1767561446201003417,64,63287986
1366,882.6010,100,1680,2619,1767561446211492374,64,63287986
1367,882.6010,100,1680,2619,1767561446215059210,64,63287986
1368,882.6010,100,1680,2619,1767561446218650654,64,63287986
1369,882.6010,100,1680,2619,1767561446222786415,64,63287986
1370,882.6010,100,1680,2619,1767561446229282777,64,63287986
1371,882.6010,100,1680,2619,1767561446233023085,64,63287986
1372,882.6010,100,1680,2619,1767561446236721760,64,63287986
1373,882.6010,100,1680,2619,1767561446240989906,64,63388943
1374,882.6010,100,1680,2619,1767561446261210862,64,63388943
1375,882.6010,100,1680,2619,1767561446269804658,64,63388943
1376,882.6010,100,1680,2619,1767561446274292995,64,63388943
1377,882.6010,100,1680,2619,1767561446278073590,64,63388943
1378,882.6010,100,1680,2619,1767561446283081093,64,63388943
1379,882.6010,100,1680,2619,1767561446292120903,64,63388943
1380,882.6010,100,1650,2619,1767561446297910867,64,63388943
1381,882.6010,100,1650,2619,1767561446302660067,64,63388943
1382,882.6010,100,1650,2619,1767561446309144525,64,63388943
1383,882.6010,100,1650,2619,1767561446312839617,64,63388943
1384,884.1110,100,1650,2619,1767561446316602324,64,63388943
1385,884.1110,100,1650,2619,1767561446320372264,64,63388943
1386,884.1110,100,1650,2619,1767561446330762117,64,63388943
1387,884.1110,100,1650,2619,1767561446334665592,64,63388943
1388,884.1110,100,1650,2619,1767561446338317356,64,63388943
1389,884.1110,100,1650,2619,1767561446344550103,64,63488913
1390,884.1110,100,1650,2619,1767561446361925020,64,63488913
1391,884.1110,100,1650,2619,1767561446371119645,64,63488913
1392,884.1110,100,1650,2619,1767561446375417551,64,63488913
1393,884.1110,100,1650,2619,1767561446379226882,64,63488913
1394,884.1110,100,1650,2619,1767561446385758028,64,63488913
1395,884.1110,100,1650,2619,1767561446394579535,64,63488913
1396,884.1110,100,1650,2619,1767561446398365410,64,63488913
1397,884.1110,100,1650,2619,1767561446402532660,64,63488913
1398,884.1110,100,1650,2619,1767561446411677110,64,63488913
1399,884.1110,100,1650,2619,1767561446415433481,64,63488913
1400,884.1110,100,1725,2619,1767561446419011581,64,63488913
1401,884.1110,100,1725,2619,1767561446423110383,64,63488913
1402,884.1110,100,1725,2619,1767561446432182192,64,63488913
1403,884.1110,100,1725,2619,1767561446435913924,64,63488913
1404,886.1270,100,1725,2619,1767561446440620916,64,63578616
1405,886.1270,100,1725,2619,1767561446461560206,64,63578616
1406,886.1270,100,1725,2619,1767561446472307658,64,63578616
1407,886.1270,100,1725,2619,1767561446476603708,64,63578616
1408,886.1270,100,1725,2619,1767561446480664494,64,63578616
1409,886.1270,100,1725,2619,1767561446491625193,64,63578616
1410,886.1270,100,1725,2619,1767561446495307261,64,63578616
1411,886.1270,100,1725,2619,1767561446499267663,62,63578616
1412,886.1270,100,1725,2619,1767561446503294626,62,63578616
1413,886.1270,100,1725,2619,1767561446512147268,62,63578616
1414,886.1270,100,1725,2619,1767561446516224886,62,63578616
1415,886.1270,100,1725,2619,1767561446519792875,62,63578616
1416,886.1270,100,1725,2619,1767561446523900157,62,63578616
1417,886.1270,100,1725,2619,1767561446530415975,62,63578616
1418,886.1270,100,1725,2619,1767561446534145595,62,63578616
1419,886.1270,100,1725,2619,1767561446537765391,62,63578616
1420,886.1270,100,1740,2619,1767561446543390620,62,63678716
1421,886.1270,100,1740,2619,1767561446561378943,62,63678716
1422,886.1270,100,1740,2619,1767561446570117729,62,63678716
1423,885.2290,100,1740,2619,1767561446573749365,62,63678716
1424,885.2290,100,1740,2619,1767561446577961031,62,63678716
1425,885.2290,100,1740,2619,1767561446585055312,62,63678716
1426,885.2290,100,1740,2619,1767561446594517264,62,63678716
1427,885.2290,100,1740,2619,1767561446598296611,62,63678716
1428,885.2290,100,1740,2619,1767561446602614261,62,63678716
1429,885.2290,100,1740,2619,1767561446611707927,62,63678716
1430,885.2290,100,1740,2619,1767561446615320778,62,63678716
1431,885.2290,100,1740,2619,1767561446618927230,63,63678716
1432,885.2290,100,1740,2619,1767561446623013360,63,63678716
1433,885.2290,100,1740,2619,1767561446631883794,63,63678716
1434,885.2290,100,1740,2619,1767561446636064868,63,63678716
1435,885.2290,100,1740,2619,1767561446640498421,63,63772848
1436,885.2290,100,1740,2619,1767561446660700626,63,63772848
1437,885.2290,100,1740,2619,1767561446669521940,63,63772848
1438,885.2290,100,1800,2619,1767561446673304840,63,63772848
1439,885.2290,100,1800,2619,1767561446677003323,63,63772848
1440,885.2290,100,1800,2619,1767561446684923361,63,63772848
1441,885.2290,100,1800,2619,1767561446694273857,63,63772848
1442,879.1010,100,1800,2619,1767561446698141556,63,63772848
1443,879.1010,100,1800,2619,1767561446702589093,63,63772848
1444,879.1010,100,1800,2619,1767561446709084943,63,63772848
1445,879.1010,100,1800,2619,1767561446712682435,63,63772848
1446,879.1010,100,1800,2619,1767561446716403735,63,63772848
1447,879.1010,100,1800,2619,1767561446720204298,63,63772848
1448,879.1010,100,1800,2619,1767561446730711207,63,63772848
1449,879.1010,100,1800,2619,1767561446734485306,63,63772848
1450,879.1010,100,1800,2619,1767561446738060014,63,63772848
1451,879.1010,100,1800,2619,1767561446743698396,63,63872085
1452,879.1010,100,1800,2619,1767561446759800454,63,63872085
1453,879.1010,100,1800,2619,1767561446768950502,63,63872085
1454,879.1010,100,1800,2619,1767561446772731354,63,63872085
1455,879.1010,100,1800,2619,1767561446776482797,63,63872085
1456,879.1010,100,1800,2619,1767561446780516064,63,63872085
1457,879.1010,100,1800,2619,1767561446791264636,63,63872085
1458,879.1010,100,1725,2619,1767561446795083791,63,63872085
1459,879.1010,100,1725,2619,1767561446798938370,63,63872085
1460,879.1010,100,1725,2619,1767561446803084628,63,63872085
1461,879.1010,100,1725,2619,1767561446811926711,63,63872085
1462,875.6580,100,1725,2619,1767561446815611018,63,63872085
1463,875.6580,100,1725,2619,1767561446819249406,63,63872085
1464,875.6580,100,1725,2619,1767561446823371472,63,63872085
1465,875.6580,100,1725,2619,1767561446832387986,63,63872085
1466,875.6580,100,1725,2619,1767561446836530116,63,63872085
1467,875.6580,100,1725,2619,1767561446840687253,63,63965144
1468,875.6580,100,1725,2619,1767561446861095057,63,63965144
1469,875.6580,100,1725,2619,1767561446870755729,63,63965144
1470,875.6580,100,1725,2619,1767561446874326405,63,63965144
1471,875.6580,100,1725,2619,1767561446878035801,63,63965144
1472,875.6580,100,1725,2619,1767561446885156641,63,63965144
1473,875.6580,100,1725,2619,1767561446894154562,63,63965144
1474,875.6580,100,1725,2619,1767561446897876150,63,63965144
1475,875.6580,100,1725,2619,1767561446902517734,63,63965144
1476,875.6580,100,1725,2619,1767561446910095757,63,63965144
1477,875.6580,100,1725,2619,1767561446913624097,63,63965144
1478,875.6580,100,1755,2619,1767561446917392052,63,63965144
1479,875.6580,100,1755,2619,1767561446921179368,63,63965144
1480,875.6580,100,1755,2619,1767561446931677317,63,63965144
1481,875.6580,100,1755,2619,1767561446935528184,63,63965144
1482,870.1310,100,1755,2619,1767561446940610279,63,64061744
1483,870.1310,100,1755,2619,1767561446959088201,63,64061744
1484,870.1310,100,1755,2619,1767561446963005788,63,64061744
1485,870.1310,100,1755,2619,1767561446970330210,63,64061744
1486,870.1310,100,1755,2619,1767561446974303125,63,64061744
1487,870.1310,100,1755,2619,1767561446978067177,63,64061744
1488,870.1310,100,1755,2619,1767561446985202769,63,64061744
1489,870.1310,100,1755,2619,1767561446994249331,63,64061744
1490,870.1310,100,1755,2619,1767561446998512292,64,64061744
1491,870.1310,100,1755,2619,1767561447002577175,64,64061744
1492,870.1310,100,1755,2619,1767561447011700312,64,64061744
1493,870.1310,100,1755,2619,1767561447015752619,64,64061744
1494,870.1310,100,1755,2619,1767561447019595134,64,64061744
1495,870.1310,100,1755,2619,1767561447023627408,64,64061744
1496,870.1310,100,1755,2619,1767561447032576082,64,64061744
1497,870.1310,100,1755,2619,1767561447036344933,64,64061744
1498,870.1310,100,1800,2619,1767561447040645654,64,64156885
1499,870.1310,100,1800,2619,1767561447059500056,64,64156885
1500,870.1310,100,1800,2619,1767561447063444170,64,64156885
1501,863.8820,100,1800,2619,1767561447070785234,64,64156885
1502,863.8820,100,1800,2619,1767561447074638981,64,64156885
1503,863.8820,100,1800,2619,1767561447078440408,64,64156885
1504,863.8820,100,1800,2619,1767561447085334273,64,64156885
1505,863.8820,100,1800,2619,1767561447094309123,64,64156885
1506,863.8820,100,1800,2619,1767561447098150261,64,64156885
1507,863.8820,100,1800,2619,1767561447102567015,64,64156885
1508,863.8820,100,1800,2619,1767561447111556073,64,64156885
1509,863.8820,100,1800,2619,1767561447115252412,64,64156885
1510,863.8820,100,1800,2619,1767561447118891504,63,64156885
1511,863.8820,100,1800,2619,1767561447123030178,63,64156885
1512,863.8820,100,1800,2619,1767561447129428749,63,64156885
1513,863.8820,100,1800,2619,1767561447133066593,63,64156885
1514,863.8820,100,1800,2619,1767561447137100083,63,64156885
1515,863.8820,100,1800,2619,1767561447141208230,63,64255857
1516,863.8820,100,1800,2619,1767561447158412140,63,64255857
1517,863.8820,100,1800,2619,1767561447162612414,63,64255857
1518,863.8820,100,1740,2619,1767561447169156295,63,64255857
1519,863.8820,100,1740,2619,1767561447172853435,63,64255857
1520,863.8820,100,1740,2619,1767561447176669710,63,64255857
1521,863.8820,100,1740,2619,1767561447180892672,63,64255857
1522,863.8820,100,1740,2619,1767561447190992222,63,64255857
1523,861.9590,100,1740,2619,1767561447194498963,63,64255857
1524,861.9590,100,1740,2619,1767561447198326886,63,64255857
1525,861.9590,100,1740,2619,1767561447202590648,63,64255857
1526,861.9590,100,1740,2619,1767561447211656953,63,64255857
1527,861.9590,100,1740,2619,1767561447215547788,63,64255857
1528,861.9590,100,1740,2619,1767561447219176128,63,64255857
1529,861.9590,100,1740,2619,1767561447223323474,63,64255857
1530,861.9590,100,1740,2619,1767561447231991157,63,64255857
1531,861.9590,100,1740,2619,1767561447235730568,64,64255857
1532,861.9590,100,1740,2619,1767561447240689399,64,64349135
1533,861.9590,100,1740,2619,1767561447259749368,64,64349135
1534,861.9590,100,1740,2619,1767561447270203061,64,64349135
1535,861.9590,100,1740,2619,1767561447274097192,64,64349135
1536,861.9590,100,1740,2619,1767561447277754843,64,64349135
1537,861.9590,100,1740,2619,1767561447283079402,64,64349135
1538,861.9590,100,1740,2619,1767561447292165419,64,64349135
1539,861.9590,100,1785,2619,1767561447297915384,64,64349135
1540,861.9590,100,1785,2619,1767561447302631240,64,64349135
1541,861.9590,100,1785,2619,1767561447309987439,64,64349135
1542,861.9590,100,1785,2619,1767561447314429888,64,64349135
1543,850.2660,100,1785,2619,1767561447318235699,64,64349135
1544,850.2660,100,1785,2619,1767561447322771716,64,64349135
1545,850.2660,100,1785,2619,1767561447331775910,64,64349135
1546,850.2660,100,1785,2619,1767561447335806424,64,64349135
1547,850.2660,100,1785,2619,1767561447340619880,64,64443398
1548,850.2660,100,1785,2619,1767561447357850127,64,64443398
1549,850.2660,100,1785,2619,1767561447362607103,64,64443398
1550,850.2660,100,1785,2619,1767561447371720415,62,64443398
1551,850.2660,100,1785,2619,1767561447375644114,62,64443398
1552,850.2660,100,1785,2619,1767561447379241574,62,64443398
1553,850.2660,100,1785,2619,1767561447386023504,62,64443398
1554,850.2660,100,1785,2619,1767561447394986674,62,64443398
1555,850.2660,100,1785,2619,1767561447398887781,62,64443398
1556,850.2660,100,1785,2619,1767561447402968823,62,64443398
1557,850.2660,100,1785,2619,1767561447409438562,62,64443398
1558,850.2660,100,1725,2619,1767561447413279189,62,64443398
1559,850.2660,100,1725,2619,1767561447417540102,62,64443398
1560,850.2660,100,1725,2619,1767561447422657845,62,64443398
1561,850.2660,100,1725,2619,1767561447431508056,62,64443398
1562,850.2660,100,1725,2619,1767561447435314666,62,64443398
1563,853.3780,100,1725,2619,1767561447439016318,62,64443398
1564,853.3780,100,1725,2619,1767561447445938279,62,64544071
1565,853.3780,100,1725,2619,1767561447462198544,62,64544071
1566,853.3780,100,1725,2619,1767561447473644874,62,64544071
1567,853.3780,100,1725,2619,1767561447477430301,62,64544071
1568,853.3780,100,1725,2619,1767561447482485101,62,64544071
1569,853.3780,100,1725,2619,1767561447494203749,62,64544071
1570,853.3780,100,1725,2619,1767561447497812377,62,64544071
1571,853.3780,100,1725,2619,1767561447502567433,62,64544071
1572,853.3780,100,1725,2619,1767561447509030611,62,64544071
1573,853.3780,100,1725,2619,1767561447512829030,62,64544071
1574,853.3780,100,1725,2619,1767561447516669881,62,64544071
1575,853.3780,100,1725,2619,1767561447520996491,62,64544071
1576,853.3780,100,1725,2619,1767561447531527432,62,64544071
1577,853.3780,100,1725,2619,1767561447535534170,62,64544071
1578,853.3780,100,1680,2619,1767561447540545930,62,64640877
1579,853.3780,100,1680,2619,1767561447560552679,62,64640877
1580,853.3780,100,1680,2619,1767561447569685607,62,64640877
1581,856.9670,100,1680,2619,1767561447573254139,62,64640877
1582,856.9670,100,1680,2619,1767561447576927023,62,64640877
1583,856.9670,100,1680,2619,1767561447581786783,62,64640877
1584,856.9670,100,1680,2619,1767561447593755703,62,64640877
1585,856.9670,100,1680,2619,1767561447597598410,62,64640877
1586,856.9670,100,1680,2619,1767561447602612729,62,64640877
1587,856.9670,100,1680,2619,1767561447609232355,62,64640877
1588,856.9670,100,1680,2619,1767561447613023894,64,64640877
1589,856.9670,100,1680,2619,1767561447616822634,64,64640877
1590,856.9670,100,1680,2619,1767561447620567869,64,64640877
1591,856.9670,100,1680,2619,1767561447629264352,64,64640877
1592,856.9670,100,1680,2619,1767561447633261362,64,64640877
1593,856.9670,100,1680,2619,1767561447637038885,64,64640877
1594,856.9670,100,1680,2619,1767561447641200599,64,64741362
1595,856.9670,100,1680,2619,1767561447662668816,64,64741362
1596,856.9670,100,1680,2619,1767561447673855658,64,64741362
1597,856.9670,100,1665,2619,1767561447677679581,64,64741362
1598,856.9670,100,1665,2619,1767561447682801132,64,64741362
1599,856.9670,100,1665,2619,1767561447690227988,64,64741362
1600,862.3130,100,1665,2619,1767561447693970023,64,64741362
1601,862.3130,100,1665,2619,1767561447697747290,64,64741362
1602,862.3130,100,1665,2619,1767561447702653514,64,64741362
1603,862.3130,100,1665,2619,1767561447711322444,64,64741362
1604,862.3130,100,1665,2619,1767561447714856704,64,64741362
1605,862.3130,100,1665,2619,1767561447718399508,64,64741362
1606,862.3130,100,1665,2619,1767561447722748454,64,64741362
1607,862.3130,100,1665,2619,1767561447731625896,64,64741362
1608,862.3130,100,1665,2619,1767561447735367484,64,64741362
1609,862.3130,100,1665,2619,1767561447738995376,64,64741362
1610,862.3130,100,1665,2619,1767561447746165400,64,64841603
1611,862.3130,100,1665,2619,1767561447760390312,64,64841603
1612,862.3130,100,1665,2619,1767561447770783493,64,64841603
1613,862.3130,100,1665,2619,1767561447774459033,64,64841603
1614,862.3130,100,1665,2619,1767561447778016332,64,64841603
1615,862.3130,100,1665,2619,1767561447785145940,64,64841603
1616,862.3130,100,1665,2619,1767561447792678555,64,64841603
1617,862.3130,100,1710,2619,1767561447796378831,64,64841603
1618,862.3130,100,1710,2619,1767561447800132162,64,64841603
1619,862.3130,100,1710,2619,1767561447808087880,64,64841603
1620,862.3130,100,1710,2619,1767561447811805531,64,64841603
1621,863.9420,100,1710,2619,1767561447815734350,64,64841603
1622,863.9420,100,1710,2619,1767561447819600929,64,64841603
1623,863.9420,100,1710,2619,1767561447823623508,64,64841603
1624,863.9420,100,1710,2619,1767561447830048830,64,64841603
1625,863.9420,100,1710,2619,1767561447833841745,64,64841603
1626,863.9420,100,1710,2619,1767561447837605540,64,64841603
1627,863.9420,100,1710,2619,1767561447843303377,64,64940707
1628,863.9420,100,1710,2619,1767561447859151836,64,64940707
1629,863.9420,100,1710,2619,1767561447863153007,64,64940707
1630,863.9420,100,1710,2619,1767561447871889714,65,64940707
1631,863.9420,100,1710,2619,1767561447875584581,65,64940707
1632,863.9420,100,1710,2619,1767561447879218681,65,64940707
1633,863.9420,100,1710,2619,1767561447885977059,65,64940707
1634,863.9420,100,1710,2619,1767561447895176068,65,64940707
1635,863.9420,100,1710,2619,1767561447899041335,65,64940707
1636,863.9420,100,1710,2619,1767561447903203209,65,64940707
1637,863.9420,100,1710,2619,1767561447911961675,65,64940707
1638,863.9420,100,1755,2619,1767561447915675390,65,64940707
1639,863.9420,100,1755,2619,1767561447919234130,65,64940707
1640,863.9420,100,1755,2619,1767561447923372517,65,64940707
1641,863.9420,100,1755,2619,1767561447932399558,65,64940707
1642,868.0130,100,1755,2619,1767561447936860536,65,64940707
1643,868.0130,100,1755,2619,1767561447940923658,65,65035388
1644,868.0130,100,1755,2619,1767561447961044007,65,65035388
1645,868.0130,100,1755,2619,1767561447970383367,65,65035388
1646,868.0130,100,1755,2619,1767561447973922427,65,65035388
1647,868.0130,100,1755,2619,1767561447977673518,65,65035388
1648,868.0130,100,1755,2619,1767561447985334261,65,65035388
1649,868.0130,100,1755,2619,1767561447994451990,65,65035388
1650,868.0130,100,1755,2619,1767561447998303177,64,65035388
1651,868.0130,100,1755,2619,1767561448002587131,64,65035388
1652,868.0130,100,1755,2619,1767561448009875875,64,65035388
1653,868.0130,100,1755,2619,1767561448013867605,64,65035388
1654,868.0130,100,1755,2619,1767561448017642089,64,65035388
1655,868.0130,100,1755,2619,1767561448022716120,64,65035388
1656,868.0130,100,1755,2619,1767561448030238815,64,65035388
1657,868.0130,100,1755,2619,1767561448033827410,64,65035388
1658,868.0130,100,1740,2619,1767561448038100675,64,65035388
1659,868.0130,100,1740,2619,1767561448043949744,64,65134373
1660,868.0130,100,1740,2619,1767561448059765723,64,65134373
1661,868.0130,100,1740,2619,1767561448063701166,64,65134373
1662,868.8660,100,1740,2619,1767561448070292984,64,65134373
1663,868.8660,100,1740,2619,1767561448074020075,64,65134373
1664,868.8660,100,1740,2619,1767561448077781535,64,65134373
1665,868.8660,100,1740,2619,1767561448085169510,64,65134373
1666,868.8660,100,1740,2619,1767561448091727152,64,65134373
1667,868.8660,100,1740,2619,1767561448095630403,64,65134373
1668,868.8660,100,1740,2619,1767561448099688566,64,65134373
1669,868.8660,100,1740,2619,1767561448103723048,64,65134373
1670,868.8660,100,1740,2619,1767561448111120782,64,65134373
1671,868.8660,100,1740,2619,1767561448114697442,64,65134373
1672,868.8660,100,1740,2619,1767561448118369814,65,65134373
1673,868.8660,100,1740,2619,1767561448122696200,65,65134373
1674,868.8660,100,1740,2619,1767561448129913360,65,65134373
1675,868.8660,100,1740,2619,1767561448133669379,65,65134373
1676,868.8660,100,1740,2619,1767561448137670230,65,65134373
1677,868.8660,100,1740,2619,1767561448143145955,65,65232909
1678,868.8660,100,1740,2619,1767561448159549197,65,65232909
1679,868.8660,100,1740,2619,1767561448163554719,65,65232909
1680,868.8660,100,1740,2619,1767561448171155558,65,65232909
1681,868.8660,100,1740,2619,1767561448174921497,65,65232909
1682,868.8660,100,1740,2619,1767561448178696876,65,65232909
1683,868.8660,100,1740,2619,1767561448185389813,65,65232909
1684,868.8660,100,1740,2619,1767561448194457047,65,65232909
1685,870.3950,100,1740,2619,1767561448198436874,65,65232909
1686,870.3950,100,1740,2619,1767561448202697883,65,65232909
1687,870.3950,100,1740,2619,1767561448210105539,65,65232909
1688,870.3950,100,1740,2619,1767561448213655031,65,65232909
1689,870.3950,100,1740,2619,1767561448217441642,65,65232909
1690,870.3950,100,1740,2619,1767561448222666745,65,65232909
1691,870.3950,100,1740,2619,1767561448231723707,65,65232909
1692,870.3950,100,1740,2619,1767561448235565838,65,65232909
1693,870.3950,100,1740,2619,1767561448240601437,65,65327174
1694,870.3950,100,1740,2619,1767561448259591356,65,65327174
1695,870.3950,100,1740,2619,1767561448270118745,65,65327174
1696,870.3950,100,1740,2619,1767561448274088460,65,65327174
1697,870.3950,100,1740,2619,1767561448277697920,65,65327174
1698,870.3950,100,1740,2619,1767561448285098119,65,65327174
1699,870.3950,100,1740,2619,1767561448294220041,65,65327174
1700,870.3950,100,1785,2619,1767561448300170229,65,65327174
1701,870.3950,100,1785,2619,1767561448310629681,65,65327174
1702,870.3950,100,1785,2619,1767561448314368900,65,65327174
1703,874.2070,100,1785,2619,1767561448317914488,65,65327174
1704,874.2070,100,1785,2619,1767561448322671241,65,65327174
1705,874.2070,100,1785,2619,1767561448331716810,65,65327174
1706,874.2070,100,1785,2619,1767561448335873149,65,65327174
1707,874.2070,100,1785,2619,1767561448340541517,65,65424396
1708,874.2070,100,1785,2619,1767561448360715594,65,65424396
1709,874.2070,100,1785,2619,1767561448369959115,65,65424396
1710,874.2070,100,1785,2619,1767561448373560734,63,65424396
1711,874.2070,100,1785,2619,1767561448377291377,63,65424396
1712,874.2070,100,1785,2619,1767561448382339616,63,65424396
1713,874.2070,100,1785,2619,1767561448393903834,63,65424396
1714,874.2070,100,1785,2619,1767561448397438958,63,65424396
1715,874.2070,100,1785,2619,1767561448400997698,63,65424396
1716,874.2070,100,1785,2619,1767561448411836030,63,65424396
1717,874.2070,100,1785,2619,1767561448415442578,63,65424396
1718,874.2070,100,1695,2619,1767561448419057798,63,65424396
1719,874.2070,100,1695,2619,1767561448423157208,63,65424396
1720,874.2070,100,1695,2619,1767561448430488288,63,65424396
1721,874.2070,100,1695,2619,1767561448434394994,63,65424396
1722,874.2070,100,1695,2619,1767561448438027814,63,65424396
1723,874.4640,100,1695,2619,1767561448443650003,63,65524328
1724,874.4640,100,1695,2619,1767561448460117019,63,65524328
1725,874.4640,100,1695,2619,1767561448468803358,63,65524328
1726,874.4640,100,1695,2619,1767561448473071504,63,65524328
1727,874.4640,100,1695,2619,1767561448476792548,63,65524328
1728,874.4640,100,1695,2619,1767561448481294581,63,65524328
1729,874.4640,100,1695,2619,1767561448490931413,63,65524328
1730,874.4640,100,1695,2619,1767561448494487721,64,65524328
1731,874.4640,100,1695,2619,1767561448498314588,64,65524328
1732,874.4640,100,1695,2619,1767561448502692813,64,65524328
1733,874.4640,100,1695,2619,1767561448511835694,64,65524328
1734,874.4640,100,1695,2619,1767561448515730433,64,65524328
1735,874.4640,100,1695,2619,1767561448519327349,64,65524328
1736,874.4640,100,1695,2619,1767561448523491687,64,65524328
1737,874.4640,100,1695,2619,1767561448532483497,64,65524328
1738,874.4640,100,1755,2619,1767561448536643643,64,65524328
1739,874.4640,100,1755,2619,1767561448540577326,64,65616754
1740,874.4640,100,1755,2619,1767561448560933418,64,65616754
1741,874.4640,100,1755,2619,1767561448570169963,64,65616754
1742,869.2080,100,1755,2619,1767561448574475132,64,65616754
1743,869.2080,100,1755,2619,1767561448578023536,64,65616754
1744,869.2080,100,1755,2619,1767561448585521590,64,65616754
1745,869.2080,100,1755,2619,1767561448592118304,64,65616754
1746,869.2080,100,1755,2619,1767561448596047283,64,65616754
1747,869.2080,100,1755,2619,1767561448599932294,64,65616754
1748,869.2080,100,1755,2619,1767561448610371876,64,65616754
1749,869.2080,100,1755,2619,1767561448614001879,64,65616754
1750,869.2080,100,1755,2619,1767561448617553740,63,65616754
1751,869.2080,100,1755,2619,1767561448622695226,63,65616754
1752,869.2080,100,1755,2619,1767561448631534525,63,65616754
1753,869.2080,100,1755,2619,1767561448635706191,63,65616754
1754,869.2080,100,1755,2619,1767561448640568799,63,65711297
1755,869.2080,100,1755,2619,1767561448659885181,63,65711297
1756,869.2080,100,1755,2619,1767561448663915600,63,65711297
1757,869.2080,100,1785,2619,1767561448671177015,63,65711297
1758,869.2080,100,1785,2619,1767561448675350793,63,65711297
1759,869.2080,100,1785,2619,1767561448679198269,63,65711297
1760,869.2080,100,1785,2619,1767561448685766983,63,65711297
1761,869.2080,100,1785,2619,1767561448694577481,63,65711297
1762,863.6550,100,1785,2619,1767561448698367453,63,65711297
1763,863.6550,100,1785,2619,1767561448702529263,63,65711297
1764,863.6550,100,1785,2619,1767561448709109561,63,65711297
1765,863.6550,100,1785,2619,1767561448712693964,63,65711297
1766,863.6550,100,1785,2619,1767561448716460895,63,65711297
1767,863.6550,100,1785,2619,1767561448720213138,63,65711297
1768,863.6550,100,1785,2619,1767561448730663344,63,65711297
1769,863.6550,100,1785,2619,1767561448734510851,63,65711297
1770,863.6550,100,1785,2619,1767561448738022359,63,65711297
1771,863.6550,100,1785,2619,1767561448743822692,63,65810126
1772,863.6550,100,1785,2619,1767561448759060785,63,65810126
1773,863.6550,100,1785,2619,1767561448763079523,63,65810126
1774,863.6550,100,1785,2619,1767561448770493835,63,65810126
1775,863.6550,100,1785,2619,1767561448774186302,63,65810126
1776,863.6550,100,1785,2619,1767561448778400527,63,65810126
1777,863.6550,100,1785,2619,1767561448785038649,63,65810126
1778,863.6550,100,1785,2619,1767561448793949403,63,65810126
1779,863.6550,100,1725,2619,1767561448797725359,63,65810126
1780,863.6550,100,1725,2619,1767561448802514463,63,65810126
1781,863.6550,100,1725,2619,1767561448809878726,63,65810126
1782,863.6550,100,1725,2619,1767561448813612058,63,65810126
1783,864.3080,100,1725,2619,1767561448817398605,63,65810126
1784,864.3080,100,1725,2619,1767561448822691099,63,65810126
1785,864.3080,100,1725,2619,1767561448829971235,63,65810126
1786,864.3080,100,1725,2619,1767561448833710902,63,65810126
1787,864.3080,100,1725,2619,1767561448837475338,63,65810126
1788,864.3080,100,1725,2619,1767561448843122839,63,65909716
1789,864.3080,100,1725,2619,1767561448859102081,63,65909716
1790,864.3080,100,1725,2619,1767561448863061459,63,65909716
1791,864.3080,100,1725,2619,1767561448869778237,65,65909716
1792,864.3080,100,1725,2619,1767561448873541360,65,65909716
1793,864.3080,100,1725,2619,1767561448877231684,65,65909716
1794,864.3080,100,1725,2619,1767561448884868619,65,65909716
1795,864.3080,100,1725,2619,1767561448894019116,65,65909716
1796,864.3080,100,1725,2619,1767561448897750208,65,65909716
1797,864.3080,100,1725,2619,1767561448902513424,65,65909716
1798,864.3080,100,1725,2619,1767561448911560337,65,65909716
1799,864.3080,100,1725,2619,1767561448915150917,65,65909716
1800,864.3080,100,1755,2619,1767561448918888408,65,65909716
1801,864.3080,100,1755,2619,1767561448922996522,65,65909716
1802,864.3080,100,1755,2619,1767561448931727661,65,65909716
1803,864.3080,100,1755,2619,1767561448935828031,65,65909716
1804,862.3560,100,1755,2619,1767561448940485200,65,66003909
1805,862.3560,100,1755,2619,1767561448960724332,65,66003909
1806,862.3560,100,1755,2619,1767561448969968525,65,66003909
1807,862.3560,100,1755,2619,1767561448973574657,65,66003909
1808,862.3560,100,1755,2619,1767561448977366036,65,66003909
1809,862.3560,100,1755,2619,1767561448985394041,65,66003909
1810,862.3560,100,1755,2619,1767561448994505466,65,66003909
1811,862.3560,100,1755,2619,1767561448998541549,64,66003909
1812,862.3560,100,1755,2619,1767561449002611487,64,66003909
1813,862.3560,100,1755,2619,1767561449010195750,64,66003909
1814,862.3560,100,1755,2619,1767561449014263992,64,66003909
1815,862.3560,100,1755,2619,1767561449018013004,64,66003909
1816,862.3560,100,1755,2619,1767561449022823836,64,66003909
1817,862.3560,100,1755,2619,1767561449031934173,64,66003909
1818,862.3560,100,1755,2619,1767561449035655601,64,66003909
1819,862.3560,100,1710,2619,1767561449040519584,64,66101437
1820,862.3560,100,1710,2619,1767561449059482848,64,66101437
1821,862.3560,100,1710,2619,1767561449063419411,64,66101437
1822,862.8160,100,1710,2619,1767561449070799962,64,66101437
1823,862.8160,100,1710,2619,1767561449074778509,64,66101437
1824,862.8160,100,1710,2619,1767561449078560064,64,66101437
1825,862.8160,100,1710,2619,1767561449085276810,64,66101437
1826,862.8160,100,1710,2619,1767561449094369484,64,66101437
1827,862.8160,100,1710,2619,1767561449098648381,64,66101437
1828,862.8160,100,1710,2619,1767561449102785584,64,66101437
1829,862.8160,100,1710,2619,1767561449110084023,64,66101437
1830,862.8160,100,1710,2619,1767561449113635947,64,66101437
1831,862.8160,100,1710,2619,1767561449117327198,65,66101437
1832,862.8160,100,1710,2619,1767561449121274289,65,66101437
1833,862.8160,100,1710,2619,1767561449130181875,65,66101437
1834,862.8160,100,1710,2619,1767561449134472613,65,66101437
1835,862.8160,100,1710,2619,1767561449138232856,65,66101437
1836,862.8160,100,1710,2619,1767561449144338788,65,66202581
1837,862.8160,100,1710,2619,1767561449160029583,65,66202581
1838,862.8160,100,1710,2619,1767561449168654130,65,66202581
1839,862.8160,100,1695,2619,1767561449172415366,65,66202581
1840,862.8160,100,1695,2619,1767561449176118490,65,66202581
1841,862.8160,100,1695,2619,1767561449179985677,65,66202581
1842,862.8160,100,1695,2619,1767561449191009927,65,66202581
1843,863.1760,100,1695,2619,1767561449194527163,65,66202581
1844,863.1760,100,1695,2619,1767561449198362222,65,66202581
1845,863.1760,100,1695,2619,1767561449202560256,65,66202581
1846,863.1760,100,1695,2619,1767561449211334979,65,66202581
1847,863.1760,100,1695,2619,1767561449215241526,65,66202581
1848,863.1760,100,1695,2619,1767561449219106889,65,66202581
1849,863.1760,100,1695,2619,1767561449223158843,65,66202581
1850,863.1760,100,1695,2619,1767561449232186141,65,66202581
1851,863.1760,100,1695,2619,1767561449235990865,65,66202581
1852,863.1760,100,1695,2619,1767561449240511777,65,66293819
1853,863.1760,100,1695,2619,1767561449261164379,65,66293819
1854,863.1760,100,1695,2619,1767561449270359165,65,66293819
1855,863.1760,100,1695,2619,1767561449273956337,65,66293819
1856,863.1760,100,1695,2619,1767561449277703012,65,66293819
1857,863.1760,100,1695,2619,1767561449285482474,65,66293819
1858,863.1760,100,1695,2619,1767561449294760715,65,66293819
1859,863.1760,100,1815,2619,1767561449300506392,65,66293819
1860,863.1760,100,1815,2619,1767561449309239419,65,66293819
1861,863.1760,100,1815,2619,1767561449312902574,65,66293819
1862,857.8320,100,1815,2619,1767561449316678113,65,66293819
1863,857.8320,100,1815,2619,1767561449320430900,65,66293819
1864,857.8320,100,1815,2619,1767561449328443834,65,66293819
1865,857.8320,100,1815,2619,1767561449332121229,65,66293819
1866,857.8320,100,1815,2619,1767561449336073376,65,66293819
1867,857.8320,100,1815,2619,1767561449340568529,65,66387950
1868,857.8320,100,1815,2619,1767561449360458959,65,66387950
1869,857.8320,100,1815,2619,1767561449369757552,65,66387950
1870,857.8320,100,1815,2619,1767561449373331172,64,66387950
1871,857.8320,100,1815,2619,1767561449377093303,64,66387950
1872,857.8320,100,1815,2619,1767561449381889063,64,66387950
1873,857.8320,100,1815,2619,1767561449393698399,64,66387950
1874,857.8320,100,1815,2619,1767561449397288339,64,66387950
1875,857.8320,100,1815,2619,1767561449400864551,64,66387950
1876,857.8320,100,1815,2619,1767561449409807017,64,66387950
1877,857.8320,100,1815,2619,1767561449414163322,64,66387950
1878,857.8320,100,1740,2619,1767561449417917582,64,66387950
1879,857.8320,100,1740,2619,1767561449422634142,64,66387950
1880,857.8320,100,1740,2619,1767561449430203781,64,66387950
1881,857.8320,100,1740,2619,1767561449433972792,64,66387950
1882,857.8320,100,1740,2619,1767561449437679884,64,66387950
1883,858.4520,100,1740,2619,1767561449443348184,64,66487594
1884,858.4520,100,1740,2619,1767561449461700954,64,66487594
1885,858.4520,100,1740,2619,1767561449471096571,64,66487594
1886,858.4520,100,1740,2619,1767561449474696495,64,66487594
1887,858.4520,100,1740,2619,1767561449478398467,64,66487594
1888,858.4520,100,1740,2619,1767561449485163756,64,66487594
1889,858.4520,100,1740,2619,1767561449494613069,64,66487594
1890,858.4520,100,1740,2619,1767561449498618527,65,66487594
1891,858.4520,100,1740,2619,1767561449502597810,65,66487594
1892,858.4520,100,1740,2619,1767561449511621651,65,66487594
1893,858.4520,100,1740,2619,1767561449516345763,65,66487594
1894,858.4520,100,1740,2619,1767561449519976535,65,66487594
1895,858.4520,100,1740,2619,1767561449530776755,65,66487594
1896,858.4520,100,1740,2619,1767561449535038020,65,66487594
1897,858.4520,100,1740,2619,1767561449538712280,65,66487594
1898,858.4520,100,1785,2619,1767561449545212450,65,66583907
1899,858.4520,100,1785,2619,1767561449559977617,65,66583907
1900,858.4520,100,1785,2619,1767561449568999603,65,66583907
1901,857.6440,100,1785,2619,1767561449572810054,65,66583907
1902,857.6440,100,1785,2619,1767561449576669401,65,66583907
1903,857.6440,100,1785,2619,1767561449580995563,65,66583907
1904,857.6440,100,1785,2619,1767561449591706278,65,66583907
1905,857.6440,100,1785,2619,1767561449595316154,65,66583907
1906,857.6440,100,1785,2619,1767561449599304077,65,66583907
1907,857.6440,100,1785,2619,1767561449603288767,65,66583907
1908,857.6440,100,1785,2619,1767561449612158690,65,66583907
1909,857.6440,100,1785,2619,1767561449615913877,64,66583907
1910,857.6440,100,1785,2619,1767561449620296071,64,66583907
1911,857.6440,100,1785,2619,1767561449628365612,64,66583907
1912,857.6440,100,1785,2619,1767561449632416574,64,66583907
1913,857.6440,100,1785,2619,1767561449636566896,64,66583907
1914,857.6440,100,1785,2619,1767561449640736418,64,66681190
1915,857.6440,100,1785,2619,1767561449660843582,64,66681190
1916,857.6440,100,1785,2619,1767561449669611073,64,66681190
1917,857.6440,100,1725,2619,1767561449673388340,64,66681190
1918,857.6440,100,1725,2619,1767561449677095656,64,66681190
1919,857.6440,100,1725,2619,1767561449682012087,64,66681190
1920,857.6440,100,1725,2619,1767561449693747376,64,66681190
1921,863.5590,100,1725,2619,1767561449697271461,64,66681190
1922,863.5590,100,1725,2619,1767561449700930552,64,66681190
1923,863.5590,100,1725,2619,1767561449711562421,64,66681190
1924,863.5590,100,1725,2619,1767561449715157896,64,66681190
1925,863.5590,100,1725,2619,1767561449718654780,64,66681190
1926,863.5590,100,1725,2619,1767561449722867246,64,66681190
1927,863.5590,100,1725,2619,1767561449729384632,64,66681190
1928,863.5590,100,1725,2619,1767561449733092044,64,66681190
1929,863.5590,100,1725,2619,1767561449736942239,64,66681190
1930,863.5590,100,1725,2619,1767561449741123249,66,66781265
1931,863.5590,100,1725,2619,1767561449759417364,66,66781265
1932,863.5590,100,1725,2619,1767561449763505094,66,66781265
1933,863.5590,100,1725,2619,1767561449770762990,66,66781265
1934,863.5590,100,1725,2619,1767561449774738177,66,66781265
1935,863.5590,100,1725,2619,1767561449778491988,66,66781265
1936,863.5590,100,1725,2619,1767561449785140637,66,66781265
1937,863.5590,100,1725,2619,1767561449792561444,66,66781265
1938,863.5590,100,1695,2619,1767561449796258392,66,66781265
1939,863.5590,100,1695,2619,1767561449800140427,66,66781265
1940,863.5590,100,1695,2619,1767561449808844878,66,66781265
1941,863.5590,100,1695,2619,1767561449812536001,66,66781265
1942,865.3810,100,1695,2619,1767561449816227701,66,66781265
1943,865.3810,100,1695,2619,1767561449820051240,66,66781265
1944,865.3810,100,1695,2619,1767561449828793483,66,66781265
1945,865.3810,100,1695,2619,1767561449832534879,66,66781265
1946,865.3810,100,1695,2619,1767561449836328274,66,66781265
1947,865.3810,100,1695,2619,1767561449840841219,66,66880648
1948,865.3810,100,1695,2619,1767561449859511939,66,66880648
1949,865.3810,100,1695,2619,1767561449863486006,66,66880648
1950,865.3810,100,1695,2619,1767561449869943201,66,66880648
1951,865.3810,100,1695,2619,1767561449873729076,66,66880648
1952,865.3810,100,1695,2619,1767561449877479463,66,66880648
1953,865.3810,100,1695,2619,1767561449885383245,66,66880648
1954,865.3810,100,1695,2619,1767561449891913975,66,66880648
1955,865.3810,100,1695,2619,1767561449895638219,66,66880648
1956,865.3810,100,1695,2619,1767561449899540766,66,66880648
1957,865.3810,100,1695,2619,1767561449903548560,66,66880648
1958,865.3810,100,1695,2619,1767561449912644018,66,66880648
1959,865.3810,100,1695,2619,1767561449916434917,66,66880648
1960,865.3810,100,1695,2619,1767561449920033113,66,66880648
1961,865.3810,100,1695,2619,1767561449930760084,66,66880648
1962,865.3810,100,1695,2619,1767561449935308101,66,66880648
1963,865.3810,100,1695,2619,1767561449940696243,66,66983130
1964,870.8430,100,1695,2619,1767561449961000463,66,66983130
1965,870.8430,100,1695,2619,1767561449970437392,66,66983130
1966,870.8430,100,1695,2619,1767561449973965476,66,66983130
1967,870.8430,100,1695,2619,1767561449977730360,66,66983130
1968,870.8430,100,1695,2619,1767561449984878271,66,66983130
1969,870.8430,100,1695,2619,1767561449994433279,66,66983130
1970,870.8430,100,1695,2619,1767561449998556401,66,66983130
1971,870.8430,100,1695,2619,1767561450002673827,66,66983130
1972,870.8430,100,1695,2619,1767561450009916299,66,66983130
1973,870.8430,100,1695,2619,1767561450014002653,66,66983130
1974,870.8430,100,1695,2619,1767561450017781009,66,66983130
1975,870.8430,100,1695,2619,1767561450022615585,66,66983130
1976,870.8430,100,1695,2619,1767561450029801961,66,66983130
1977,870.8430,100,1695,2619,1767561450033705148,66,66983130
1978,870.8430,100,1665,2619,1767561450037981965,66,66983130
1979,870.8430,100,1665,2619,1767561450043907258,66,67085208
1980,870.8430,100,1665,2619,1767561450060565281,66,67085208
1981,870.8430,100,1665,2619,1767561450070811231,66,67085208
1982,875.3380,100,1665,2619,1767561450074558034,66,67085208
1983,875.3380,100,1665,2619,1767561450078135238,66,67085208
1984,875.3380,100,1665,2619,1767561450085213390,66,67085208
1985,875.3380,100,1665,2619,1767561450092328983,66,67085208
1986,875.3380,100,1665,2619,1767561450096137450,66,67085208
1987,875.3380,100,1665,2619,1767561450099968573,66,67085208
1988,875.3380,100,1665,2619,1767561450107789603,66,67085208
1989,875.3380,100,1665,2619,1767561450111388407,66,67085208
1990,875.3380,100,1665,2619,1767561450115174570,66,67085208
1991,875.3380,100,1665,2619,1767561450119037470,66,67085208
1992,875.3380,100,1665,2619,1767561450123023984,66,67085208
1993,875.3380,100,1665,2619,1767561450129570841,66,67085208
1994,875.3380,100,1665,2619,1767561450133673036,66,67085208
1995,875.3380,100,1665,2619,1767561450137437919,66,67085208
1996,875.3380,100,1665,2619,1767561450142896653,66,67184583
1997,875.3380,100,1665,2619,1767561450159627573,66,67184583
1998,875.3380,100,1665,2619,1767561450163619016,66,67184583
1999,875.3380,100,1680,2619,1767561450170966287,66,67184583
2000,875.3380,100,1680,2619,1767561450174718690,66,67184583
2001,875.3380,100,1680,2619,1767561450178501238,66,67184583
2002,875.3380,100,1680,2619,1767561450185086783,66,67184583
2003,875.3380,100,1680,2619,1767561450192524870,66,67184583
2004,876.0340,100,1680,2619,1767561450196424249,66,67184583
2005,876.0340,100,1680,2619,1767561450200171852,66,67184583
2006,876.0340,100,1680,2619,1767561450208047826,66,67184583
2007,876.0340,100,1680,2619,1767561450211640550,66,67184583
2008,876.0340,100,1680,2619,1767561450215351514,66,67184583
2009,876.0340,100,1680,2619,1767561450219165837,66,67184583
2010,876.0340,100,1680,2619,1767561450223315103,66,67184583
2011,876.0340,100,1680,2619,1767561450229697386,66,67184583
2012,876.0340,100,1680,2619,1767561450233231390,66,67184583
2013,876.0340,100,1680,2619,1767561450236994193,66,67184583
2014,876.0340,100,1680,2619,1767561450241132740,66,67284196
2015,876.0340,100,1680,2619,1767561450259900868,66,67284196
2016,876.0340,100,1680,2619,1767561450268913798,66,67284196
2017,876.0340,100,1680,2619,1767561450272699673,66,67284196
2018,876.0340,100,1680,2619,1767561450276417357,66,67284196
2019,876.0340,100,1680,2619,1767561450280431007,66,67284196
2020,876.0340,100,1680,2619,1767561450291217691,66,67284196
2021,876.0340,100,1680,2619,1767561450294829903,66,67284196
2022,876.0340,100,1680,2619,1767561450300577788,66,67284196
2023,876.0340,100,1680,2619,1767561450309225279,66,67284196
2024,885.7680,100,1680,2619,1767561450312992851,66,67284196
2025,885.7680,100,1680,2619,1767561450316742470,66,67284196
2026,885.7680,100,1680,2619,1767561450320542233,66,67284196
2027,885.7680,100,1680,2619,1767561450329254203,66,67284196
2028,885.7680,100,1680,2619,1767561450333053614,66,67284196
2029,885.7680,100,1680,2619,1767561450337102817,66,67284196
2030,885.7680,100,1680,2619,1767561450341198163,66,67382775
2031,885.7680,100,1680,2619,1767561450359320247,66,67382775
2032,885.7680,100,1680,2619,1767561450363537801,66,67382775
2033,885.7680,100,1680,2619,1767561450372480523,66,67382775
2034,885.7680,100,1680,2619,1767561450376189982,66,67382775
2035,885.7680,100,1680,2619,1767561450379825682,66,67382775
2036,885.7680,100,1680,2619,1767561450386101021,66,67382775
2037,885.7680,100,1680,2619,1767561450395047135,66,67382775
2038,885.7680,100,1665,2619,1767561450398873970,66,67382775
2039,885.7680,100,1665,2619,1767561450403000324,66,67382775
2040,885.7680,100,1665,2619,1767561450410644522,66,67382775
2041,885.7680,100,1665,2619,1767561450414280958,66,67382775
2042,889.2460,100,1665,2619,1767561450418043218,66,67382775
2043,889.2460,100,1665,2619,1767561450422660642,66,67382775
2044,889.2460,100,1665,2619,1767561450429945898,66,67382775
2045,889.2460,100,1665,2619,1767561450433664477,66,67382775
2046,889.2460,100,1665,2619,1767561450437214162,66,67382775
2047,889.2460,100,1665,2619,1767561450441537315,66,67482263
2048,889.2460,100,1665,2619,1767561450460074820,66,67482263
2049,889.2460,100,1665,2619,1767561450468682375,66,67482263
2050,889.2460,100,1665,2619,1767561450472413723,66,67482263
2051,889.2460,100,1665,2619,1767561450476381326,66,67482263
2052,889.2460,100,1665,2619,1767561450480255425,66,67482263
2053,889.2460,100,1665,2619,1767561450491194012,66,67482263
2054,889.2460,100,1665,2619,1767561450495164079,66,67482263
2055,889.2460,100,1665,2619,1767561450498856483,66,67482263
2056,889.2460,100,1665,2619,1767561450503000149,66,67482263
2057,889.2460,100,1665,2619,1767561450510166013,66,67482263
2058,889.2460,100,1665,2619,1767561450513910928,66,67482263
2059,889.2460,100,1665,2619,1767561450517681956,66,67482263
2060,889.2460,100,1665,2619,1767561450522646771,66,67482263
2061,889.2460,100,1665,2619,1767561450529862618,66,67482263
2062,889.2460,100,1665,2619,1767561450533548878,66,67482263
2063,888.6580,100,1665,2619,1767561450537353633,66,67482263
2064,888.6580,100,1665,2619,1767561450541459539,66,67580485
2065,888.6580,100,1665,2619,1767561450561017362,66,67580485
2066,888.6580,100,1665,2619,1767561450569772021,66,67580485
2067,888.6580,100,1665,2619,1767561450573289929,66,67580485
2068,888.6580,100,1665,2619,1767561450577176284,66,67580485
2069,888.6580,100,1665,2619,1767561450582140075,66,67580485
2070,888.6580,100,1665,2619,1767561450593808036,66,67580485
2071,888.6580,100,1665,2619,1767561450597603607,66,67580485
2072,888.6580,100,1665,2619,1767561450602517958,66,67580485
2073,888.6580,100,1665,2619,1767561450609817422,66,67580485
2074,888.6580,100,1665,2619,1767561450613644833,66,67580485
2075,888.6580,100,1665,2619,1767561450617434196,66,67580485
2076,888.6580,100,1665,2619,1767561450622654787,66,67580485
2077,888.6580,100,1665,2619,1767561450631641221,66,67580485
2078,888.6580,100,1665,2619,1767561450635804375,66,67580485
2079,888.6580,100,1665,2619,1767561450640479368,66,67679590
2080,888.6580,100,1665,2619,1767561450662143582,66,67679590
2081,888.6580,100,1665,2619,1767561450673369561,66,67679590
2082,892.5310,100,1665,2619,1767561450676961965,66,67679590
2083,892.5310,100,1665,2619,1767561450680701184,66,67679590
2084,892.5310,100,1665,2619,1767561450689925121,66,67679590
2085,892.5310,100,1665,2619,1767561450693568277,66,67679590
2086,892.5310,100,1665,2619,1767561450697304041,66,67679590
2087,892.5310,100,1665,2619,1767561450701167932,66,67679590
2088,892.5310,100,1665,2619,1767561450709913663,66,67679590
2089,892.5310,100,1665,2619,1767561450713535250,66,67679590
2090,892.5310,100,1665,2619,1767561450717332326,66,67679590
2091,892.5310,100,1665,2619,1767561450722711315,66,67679590
2092,892.5310,100,1665,2619,1767561450731614933,66,67679590
2093,892.5310,100,1665,2619,1767561450735817255,66,67679590
2094,892.5310,100,1665,2619,1767561450740521143,66,67779133
2095,892.5310,100,1665,2619,1767561450761006483,66,67779133
2096,892.5310,100,1665,2619,1767561450771888494,66,67779133
2097,892.5310,100,1635,2619,1767561450776159872,66,67779133
2098,892.5310,100,1635,2619,1767561450779824532,66,67779133
2099,892.5310,100,1635,2619,1767561450786126783,66,67779133
2100,892.5310,100,1635,2619,1767561450793482022,66,67779133
2101,892.2960,100,1635,2619,1767561450797305785,66,67779133
2102,892.2960,100,1635,2619,1767561450801190795,66,67779133
2103,892.2960,100,1635,2619,1767561450811375753,66,67779133
2104,892.2960,100,1635,2619,1767561450815100797,66,67779133
2105,892.2960,100,1635,2619,1767561450818706353,66,67779133
2106,892.2960,100,1635,2619,1767561450822893283,66,67779133
2107,892.2960,100,1635,2619,1767561450829585517,66,67779133
2108,892.2960,100,1635,2619,1767561450833283648,66,67779133
2109,892.2960,100,1635,2619,1767561450836870100,66,67779133
2110,892.2960,100,1635,2619,1767561450841223622,66,67880096
2111,892.2960,100,1635,2619,1767561450861497794,66,67880096
2112,892.2960,100,1635,2619,1767561450872614076,66,67880096
2113,892.2960,100,1635,2619,1767561450876953837,66,67880096
2114,892.2960,100,1635,2619,1767561450881770045,66,67880096
2115,892.2960,100,1635,2619,1767561450891782812,66,67880096
2116,892.2960,100,1680,2619,1767561450895527631,66,67880096
2117,892.2960,100,1680,2619,1767561450899348419,66,67880096
2118,892.2960,100,1680,2619,1767561450903302389,66,67880096
2119,892.2960,100,1680,2619,1767561450910426846,66,67880096
2120,890.9170,100,1680,2619,1767561450914152657,66,67880096
2121,890.9170,100,1680,2619,1767561450917908933,66,67880096
2122,890.9170,100,1680,2619,1767561450922613621,66,67880096
2123,890.9170,100,1680,2619,1767561450929883100,66,67880096
2124,890.9170,100,1680,2619,1767561450933416112,66,67880096
2125,890.9170,100,1680,2619,1767561450937195075,66,67880096
2126,890.9170,100,1680,2619,1767561450941225814,66,67978996
2127,890.9170,100,1680,2619,1767561450959246106,66,67978996
2128,890.9170,100,1680,2619,1767561450963180364,66,67978996
2129,890.9170,100,1680,2619,1767561450970912019,66,67978996
2130,890.9170,100,1680,2619,1767561450974643622,66,67978996
2131,890.9170,100,1680,2619,1767561450978951672,66,67978996
2132,890.9170,100,1680,2619,1767561450985660577,66,67978996
2133,890.9170,100,1680,2619,1767561450993061800,66,67978996
2134,890.9170,100,1680,2619,1767561450996790395,66,67978996
2135,890.9170,100,1680,2619,1767561451000627598,66,67978996
2136,890.9170,100,1680,2619,1767561451009372177,66,67978996
2137,890.9170,100,1680,2619,1767561451012953093,66,67978996
2138,890.9170,100,1680,2619,1767561451016716601,66,67978996
2139,890.9170,100,1680,2619,1767561451020542476,66,67978996
2140,890.9170,100,1680,2619,1767561451030937257,66,67978996
2141,890.9170,100,1680,2619,1767561451034958108,66,67978996
2142,887.7850,100,1680,2619,1767561451038537808,66,67978996
2143,887.7850,100,1680,2619,1767561451044806619,66,68079555
2144,887.7850,100,1680,2619,1767561451060483398,66,68079555
2145,887.7850,100,1680,2619,1767561451069470375,66,68079555
2146,887.7850,100,1680,2619,1767561451073200891,66,68079555
2147,887.7850,100,1680,2619,1767561451076962510,66,68079555
2148,887.7850,100,1680,2619,1767561451084977491,66,68079555
2149,887.7850,100,1680,2619,1767561451092496570,66,68079555
2150,887.7850,100,1680,2619,1767561451096371181,67,68079555
2151,887.7850,100,1680,2619,1767561451100188545,67,68079555
2152,887.7850,100,1680,2619,1767561451109190787,67,68079555
2153,887.7850,100,1680,2619,1767561451113237877,67,68079555
2154,887.7850,100,1680,2619,1767561451116993705,67,68079555
2155,887.7850,100,1680,2619,1767561451120838972,67,68079555
2156,887.7850,100,1680,2619,1767561451129519838,67,68079555
2157,887.7850,100,1680,2619,1767561451133149425,67,68079555
2158,887.7850,100,1695,2619,1767561451136959269,67,68079555
2159,887.7850,100,1695,2619,1767561451141029847,67,68179073
2160,887.7850,100,1695,2619,1767561451159342170,67,68179073
2161,887.7850,100,1695,2619,1767561451163252013,67,68179073
2162,889.5770,100,1695,2619,1767561451170643412,67,68179073
2163,889.5770,100,1695,2619,1767561451174549191,67,68179073
2164,889.5770,100,1695,2619,1767561451178309435,67,68179073
2165,889.5770,100,1695,2619,1767561451185357571,67,68179073
2166,889.5770,100,1695,2619,1767561451191889709,67,68179073
2167,889.5770,100,1695,2619,1767561451195641184,67,68179073
2168,889.5770,100,1695,2619,1767561451199576819,67,68179073
2169,889.5770,100,1695,2619,1767561451203543749,67,68179073
2170,889.5770,100,1695,2619,1767561451212460168,67,68179073
2171,889.5770,100,1695,2619,1767561451215993468,67,68179073
2172,889.5770,100,1695,2619,1767561451219630608,67,68179073
2173,889.5770,100,1695,2619,1767561451223780066,67,68179073
2174,889.5770,100,1695,2619,1767561451232853796,67,68179073
2175,889.5770,100,1695,2619,1767561451236945462,67,68179073
2176,889.5770,100,1695,2619,1767561451241190312,67,68281007
2177,889.5770,100,1695,2619,1767561451261266468,67,68281007
2178,889.5770,100,1695,2619,1767561451272331711,67,68281007
2179,889.5770,100,1665,2619,1767561451275922035,67,68281007
2180,889.5770,100,1665,2619,1767561451279616646,67,68281007
2181,889.5770,100,1665,2619,1767561451291898653,67,68281007
2182,889.5770,100,1665,2619,1767561451295828944,67,68281007
2183,890.9460,100,1665,2619,1767561451299524164,67,68281007
2184,890.9460,100,1665,2619,1767561451310952350,67,68281007
2185,890.9460,100,1665,2619,1767561451314977104,67,68281007
2186,890.9460,100,1665,2619,1767561451318586308,67,68281007
2187,890.9460,100,1665,2619,1767561451322711638,67,68281007
2188,890.9460,100,1665,2619,1767561451329159553,67,68281007
2189,890.9460,100,1665,2619,1767561451332967860,67,68281007
2190,890.9460,100,1665,2619,1767561451336993542,67,68281007
2191,890.9460,100,1665,2619,1767561451340911800,67,68381233
2192,890.9460,100,1665,2619,1767561451360883958,67,68381233
2193,890.9460,100,1665,2619,1767561451371791281,67,68381233
2194,890.9460,100,1665,2619,1767561451375329414,67,68381233
2195,890.9460,100,1665,2619,1767561451378968281,67,68381233
2196,890.9460,100,1665,2619,1767561451385732451,67,68381233
2197,890.9460,100,1665,2619,1767561451394571045,67,68381233
2198,890.9460,100,1650,2619,1767561451398344248,67,68381233
2199,890.9460,100,1650,2619,1767561451402505002,67,68381233
2200,890.9460,100,1650,2619,1767561451411691307,67,68381233
2201,890.9460,100,1650,2619,1767561451415331199,67,68381233
2202,887.8220,100,1650,2619,1767561451418966067,67,68381233
2203,887.8220,100,1650,2619,1767561451423052901,67,68381233
2204,887.8220,100,1650,2619,1767561451431861288,67,68381233
2205,887.8220,100,1650,2619,1767561451435527835,67,68381233
2206,887.8220,100,1650,2619,1767561451440485739,67,68472614
2207,887.8220,100,1650,2619,1767561451460788839,67,68472614
2208,887.8220,100,1650,2619,1767561451471851809,67,68472614
2209,887.8220,100,1650,2619,1767561451475437045,66,68472614
2210,887.8220,100,1650,2619,1767561451479241992,66,68472614
2211,887.8220,100,1650,2619,1767561451485911762,66,68472614
2212,887.8220,100,1650,2619,1767561451494877044,66,68472614
2213,887.8220,100,1650,2619,1767561451499248422,66,68472614
2214,887.8220,100,1650,2619,1767561451503382328,66,68472614
2215,887.8220,100,1650,2619,1767561451509957058,66,68472614
2216,887.8220,100,1650,2619,1767561451513592758,66,68472614
2217,887.8220,100,1695,2619,1767561451517418473,66,68472614
2218,887.8220,100,1695,2619,1767561451522743671,66,68472614
2219,887.8220,100,1695,2619,1767561451530295358,66,68472614
2220,887.8220,100,1695,2619,1767561451533923473,66,68472614
2221,884.8130,100,1695,2619,1767561451537691044,66,68472614
2222,884.8130,100,1695,2619,1767561451543287857,66,68570971
2223,884.8130,100,1695,2619,1767561451561445621,66,68570971
2224,884.8130,100,1695,2619,1767561451572274161,66,68570971
2225,884.8130,100,1695,2619,1767561451575841989,66,68570971
2226,884.8130,100,1695,2619,1767561451579617880,66,68570971
2227,884.8130,100,1695,2619,1767561451586378370,66,68570971
2228,884.8130,100,1695,2619,1767561451595474658,66,68570971
2229,884.8130,100,1695,2619,1767561451600100915,66,68570971
2230,884.8130,100,1695,2619,1767561451608866933,66,68570971
2231,884.8130,100,1695,2619,1767561451612941320,66,68570971
2232,884.8130,100,1695,2619,1767561451616643931,66,68570971
2233,884.8130,100,1695,2619,1767561451620467215,66,68570971
2234,884.8130,100,1695,2619,1767561451629198801,66,68570971
2235,884.8130,100,1695,2619,1767561451632786309,66,68570971
2236,884.8130,100,1695,2619,1767561451636692024,66,68570971
2237,884.8130,100,1695,2619,1767561451640886186,66,68668600
2238,884.8130,100,1695,2619,1767561451660821928,66,68668600
2239,884.8130,100,1695,2619,1767561451669842089,66,68668600
2240,882.1430,100,1695,2619,1767561451673562300,66,68668600
2241,882.1430,100,1695,2619,1767561451677337360,66,68668600
2242,882.1430,100,1695,2619,1767561451682597150,66,68668600
2243,882.1430,100,1695,2619,1767561451694366039,66,68668600
2244,882.1430,100,1695,2619,1767561451697892075,66,68668600
2245,882.1430,100,1695,2619,1767561451702493340,66,68668600
2246,882.1430,100,1695,2619,1767561451711751229,66,68668600
2247,882.1430,100,1695,2619,1767561451715616400,67,68668600
2248,882.1430,100,1695,2619,1767561451719223908,67,68668600
2249,882.1430,100,1695,2619,1767561451723328726,67,68668600
2250,882.1430,100,1695,2619,1767561451732269688,67,68668600
2251,882.1430,100,1695,2619,1767561451736411594,67,68668600
2252,882.1430,100,1695,2619,1767561451740589659,67,68763109
2253,882.1430,100,1695,2619,1767561451761089335,67,68763109
2254,882.1430,100,1695,2619,1767561451772137266,67,68763109
2255,882.1430,100,1800,2619,1767561451775640358,67,68763109
2256,882.1430,100,1800,2619,1767561451779263930,67,68763109
2257,882.1430,100,1800,2619,1767561451785881444,67,68763109
2258,882.1430,100,1800,2619,1767561451794887654,67,68763109
2259,875.9130,100,1800,2619,1767561451798661529,67,68763109
2260,875.9130,100,1800,2619,1767561451802955499,67,68763109
2261,875.9130,100,1800,2619,1767561451812089899,67,68763109
2262,875.9130,100,1800,2619,1767561451815886399,67,68763109
2263,875.9130,100,1800,2619,1767561451819502099,67,68763109
2264,875.9130,100,1800,2619,1767561451823621957,67,68763109
2265,875.9130,100,1800,2619,1767561451832574503,67,68763109
2266,875.9130,100,1800,2619,1767561451836275803,67,68763109
2267,875.9130,100,1800,2619,1767561451840584140,66,68861889
2268,875.9130,100,1800,2619,1767561451859620909,66,68861889
2269,875.9130,100,1800,2619,1767561451868448686,66,68861889
2270,875.9130,100,1800,2619,1767561451872196418,66,68861889
2271,875.9130,100,1800,2619,1767561451876095445,66,68861889
2272,875.9130,100,1800,2619,1767561451879909960,66,68861889
2273,875.9130,100,1800,2619,1767561451886190419,66,68861889
2274,875.9130,100,1680,2619,1767561451895435156,66,68861889
2275,875.9130,100,1680,2619,1767561451899205703,66,68861889
2276,875.9130,100,1680,2619,1767561451903241530,66,68861889
2277,875.9130,100,1680,2619,1767561451912390043,66,68861889
2278,873.3700,100,1680,2619,1767561451916343566,66,68861889
2279,873.3700,100,1680,2619,1767561451919909730,66,68861889
2280,873.3700,100,1680,2619,1767561451924008021,66,68861889
2281,873.3700,100,1680,2619,1767561451932735159,66,68861889
2282,873.3700,100,1680,2619,1767561451936595050,66,68861889
2283,873.3700,100,1680,2619,1767561451940686716,66,68954779
2284,873.3700,100,1680,2619,1767561451959509277,66,68954779
2285,873.3700,100,1680,2619,1767561451963482480,66,68954779
2286,873.3700,100,1680,2619,1767561451970847511,66,68954779
2287,873.3700,100,1680,2619,1767561451974674794,66,68954779
2288,873.3700,100,1680,2619,1767561451978471358,66,68954779
2289,873.3700,100,1680,2619,1767561451985226087,66,68954779
2290,873.3700,100,1680,2619,1767561451994467464,66,68954779
2291,873.3700,100,1680,2619,1767561451998236700,66,68954779
2292,873.3700,100,1680,2619,1767561452002544045,66,68954779
2293,873.3700,100,1680,2619,1767561452011548974,66,68954779
2294,873.3700,100,1680,2619,1767561452016117663,66,68954779
2295,873.3700,100,1710,2619,1767561452019807666,66,68954779
2296,873.3700,100,1710,2619,1767561452023963269,66,68954779
2297,873.3700,100,1710,2619,1767561452032951079,66,68954779
2298,873.3700,100,1710,2619,1767561452036792186,66,68954779
2299,870.4080,100,1710,2619,1767561452041031404,66,69054189
2300,870.4080,100,1710,2619,1767561452059627629,66,69054189
2301,870.4080,100,1710,2619,1767561452063668192,66,69054189
2302,870.4080,100,1710,2619,1767561452072682241,66,69054189
2303,870.4080,100,1710,2619,1767561452076403828,66,69054189
2304,870.4080,100,1710,2619,1767561452080104744,66,69054189
2305,870.4080,100,1710,2619,1767561452092696062,66,69054189
2306,870.4080,100,1710,2619,1767561452096753584,65,69054189
2307,870.4080,100,1710,2619,1767561452100403076,65,69054189
2308,870.4080,100,1710,2619,1767561452110851041,65,69054189
2309,870.4080,100,1710,2619,1767561452114597685,65,69054189
2310,870.4080,100,1710,2619,1767561452118906086,65,69054189
2311,870.4080,100,1710,2619,1767561452123063161,65,69054189
2312,870.4080,100,1710,2619,1767561452129439395,65,69054189
2313,870.4080,100,1695,2619,1767561452133238550,65,69054189
2314,870.4080,100,1695,2619,1767561452136948489,65,69054189
2315,870.4080,100,1695,2619,1767561452140949436,65,69152920
2316,870.4080,100,1695,2619,1767561452158513601,65,69152920
2317,870.4080,100,1695,2619,1767561452162563956,65,69152920
2318,868.4760,100,1695,2619,1767561452169831931,65,69152920
2319,868.4760,100,1695,2619,1767561452173610063,65,69152920
2320,868.4760,100,1695,2619,1767561452177286306,65,69152920
2321,868.4760,100,1695,2619,1767561452182380689,65,69152920
2322,868.4760,100,1695,2619,1767561452192438896,65,69152920
2323,868.4760,100,1695,2619,1767561452196406723,65,69152920
2324,868.4760,100,1695,2619,1767561452200164118,65,69152920
2325,868.4760,100,1695,2619,1767561452208922200,65,69152920
2326,868.4760,100,1695,2619,1767561452212539916,65,69152920
2327,868.4760,100,1695,2619,1767561452216241823,67,69152920
2328,868.4760,100,1695,2619,1767561452220518225,67,69152920
2329,868.4760,100,1695,2619,1767561452230837358,67,69152920
2330,868.4760,100,1695,2619,1767561452234703266,67,69152920
2331,868.4760,100,1695,2619,1767561452238063094,67,69152920
2332,868.4760,100,1695,2619,1767561452243928323,67,69246271
2333,868.4760,100,1695,2619,1767561452261413544,67,69246271
2334,868.4760,100,1695,2619,1767561452272643619,67,69246271
2335,868.4760,100,1800,2619,1767561452276084503,67,69246271
2336,868.4760,100,1800,2619,1767561452279549451,67,69246271
2337,868.4760,100,1800,2619,1767561452286034357,67,69246271
2338,868.4760,100,1800,2619,1767561452295920788,67,69246271
2339,822.0040,100,1800,2619,1767561452327993225,67,69246271
2340,822.0040,100,1800,2619,1767561452337132394,67,69246271
2341,822.0040,100,1800,2619,1767561452343107605,67,69271138
2342,822.0040,100,1800,2619,1767561452359712862,55,69271138
2343,822.0040,100,1800,2619,1767561452368719616,55,69271138
2344,822.0040,100,1800,2619,1767561452372293684,55,69271138
2345,822.0040,100,1800,2619,1767561452375876456,55,69271138
2346,822.0040,100,1800,2619,1767561452379487292,55,69271138
2347,822.0040,100,1800,2619,1767561452390671191,55,69271138
2348,822.0040,100,1965,2619,1767561452394505898,55,69271138
2349,822.0040,100,1965,2619,1767561452398419805,55,69271138
2350,822.0040,100,1965,2619,1767561452402502767,55,69271138
2351,822.0040,100,1965,2619,1767561452409792374,55,69271138
2352,736.5950,100,1965,2619,1767561452413740584,55,69271138
2353,736.5950,100,1965,2619,1767561452417487708,55,69271138
2354,736.5950,100,1965,2619,1767561452422362252,55,69271138
2355,736.5950,100,1965,2619,1767561452429794835,55,69271138
2356,736.5950,2,1965,2619,1767