sample,power(W),gpu_util(%),core_clock(MHz),mem_clock(MHz),timestamp_ns,temp(C),energy(mJ)
0,95.5110,0,345,2619,1767561488799209054,36,78092705
1,95.5110,0,345,2619,1767561488804852531,36,78092705
2,95.5110,0,345,2619,1767561488811526081,36,78092705
3,95.5110,0,345,2619,1767561488816306460,36,78092705
4,95.5110,0,345,2619,1767561488820473021,36,78092705
5,95.5110,0,345,2619,1767561488827404937,36,78092705
6,95.5110,0,345,2619,1767561488834672082,36,78092705
7,95.5110,0,345,2619,1767561488838763027,36,78092705
8,95.5110,0,345,2619,1767561488842881332,36,78092705
9,95.5110,0,345,2619,1767561488851078678,36,78092705
10,95.5110,0,345,2619,1767561488855216215,36,78092705
11,95.5110,0,345,2619,1767561488859307864,36,78092705
12,95.5110,0,345,2619,1767561488864807438,36,78092705
13,95.5110,0,345,2619,1767561488871490171,36,78092705
14,95.5110,0,345,2619,1767561488875771035,36,78092705
15,95.5110,0,345,2619,1767561488879948892,36,78092705
16,95.5110,0,345,2619,1767561488885857328,36,78110349
17,95.5110,0,345,2619,1767561488901329338,36,78110349
18,95.5110,0,345,2619,1767561488909779675,36,78110349
19,95.5110,0,345,2619,1767561488913798237,36,78110349
20,95.5110,0,345,2619,1767561488917960669,36,78110349
21,95.5110,0,345,2619,1767561488922173469,36,78110349
22,95.5110,0,345,2619,1767561488937010125,36,78110349
23,95.5110,0,345,2619,1767561488942043591,36,78110349
24,95.5110,0,345,2619,1767561488950315497,36,78110349
25,95.5110,0,345,2619,1767561488954471561,36,78110349
26,95.5110,0,345,2619,1767561488958984039,36,78110349
27,95.5110,0,345,2619,1767561488964738268,36,78110349
28,95.5110,0,345,2619,1767561488971320234,36,78110349
29,95.5110,0,345,2619,1767561488975327052,36,78110349
30,95.5110,0,345,2619,1767561488979808458,36,78110349
31,95.5010,0,345,2619,1767561488985374272,36,78127709
32,95.5010,0,345,2619,1767561489005914053,36,78127709
33,95.5010,0,345,2619,1767561489014027399,36,78127709
34,95.5010,0,345,2619,1767561489017885002,36,78127709
35,95.5010,0,345,2619,1767561489021876780,36,78127709
36,95.5010,0,345,2619,1767561489033318614,36,78127709
37,95.5010,0,345,2619,1767561489037664949,36,78127709
38,95.5010,0,345,2619,1767561489041796182,36,78127709
39,95.5010,0,345,2619,1767561489049811417,36,78127709
40,95.5010,0,345,2619,1767561489053997946,36,78127709
41,95.5010,0,345,2619,1767561489058716790,36,78127709
42,95.5010,0,345,2619,1767561489072996426,36,78127709
43,95.5010,0,345,2619,1767561489139761010,36,78145116
44,95.5010,0,885,2619,1767561489144533934,36,78145116
45,95.5010,0,885,2619,1767561489151088957,36,78145116
46,95.5010,0,885,2619,1767561489156678067,36,78145116
47,95.5010,0,885,2619,1767561489160555573,36,78145116
48,96.0540,0,885,2619,1767561489165032627,36,78145116
49,96.0540,0,885,2619,1767561489171682625,36,78145116
50,96.0540,0,885,2619,1767561489175891265,36,78145116
51,96.0540,0,885,2619,1767561489181014907,36,78145116
52,96.0540,0,885,2619,1767561489201616767,36,78163345
53,96.0540,0,885,2619,1767561489205661057,36,78163345
54,96.0540,0,885,2619,1767561489212215823,36,78163345
55,96.0540,0,885,2619,1767561489218138883,36,78163345
56,96.0540,0,885,2619,1767561489223096157,36,78163345
57,96.0540,0,885,2619,1767561489233743789,36,78163345
58,96.0540,0,885,2619,1767561489238152747,36,78163345
59,96.0540,0,885,2619,1767561489242788905,36,78163345
60,96.0540,0,885,2619,1767561489251010762,36,78163345
61,96.0540,0,885,2619,1767561489254943372,36,78163345
62,96.0540,0,885,2619,1767561489260519202,36,78163345
63,96.0540,0,885,2619,1767561489264668355,36,78163345
64,96.0540,0,885,2619,1767561489271268882,36,78163345
65,96.6520,0,885,2619,1767561489275162132,36,78163345
66,96.6520,0,885,2619,1767561489279269909,36,78163345
67,96.6520,0,885,2619,1767561489284888554,36,78180895
68,96.6520,0,885,2619,1767561489300490197,36,78180895
69,96.6520,0,885,2619,1767561489309744239,36,78180895
70,96.6520,0,885,2619,1767561489313798384,36,78180895
71,96.6520,0,885,2619,1767561489317777618,36,78180895
72,96.6520,0,885,2619,1767561489322143569,36,78180895
73,96.6520,0,885,2619,1767561489333218942,36,78180895
74,96.6520,0,885,2619,1767561489337572445,36,78180895
75,96.6520,0,885,2619,1767561489341537215,36,78180895
76,96.6520,0,885,2619,1767561489349630881,36,78180895
77,96.6520,0,885,2619,1767561489353640739,36,78180895
78,96.6520,0,885,2619,1767561489357853508,36,78180895
79,96.6520,0,885,2619,1767561489361817350,36,78180895
80,96.6520,0,885,2619,1767561489369897929,36,78180895
81,96.6520,0,885,2619,1767561489376772820,36,78180895
82,96.6520,0,885,2619,1767561489380743223,36,78180895
83,97.1050,0,885,2619,1767561489387438628,36,78198958
84,97.1050,0,885,2619,1767561489401765016,36,78198958
85,97.1050,0,885,2619,1767561489409819899,36,78198958
86,97.1050,0,885,2619,1767561489413625182,36,78198958
87,97.1050,0,885,2619,1767561489417385922,36,78198958
88,97.1050,0,885,2619,1767561489421368900,36,78198958
89,97.1050,0,885,2619,1767561489429073290,36,78198958
90,97.1050,0,885,2619,1767561489435645880,36,78198958
91,97.1050,0,885,2619,1767561489439485147,36,78198958
92,97.1050,0,885,2619,1767561489444545141,36,78198958
93,97.1050,0,885,2619,1767561489451172035,36,78198958
94,97.1050,0,885,2619,1767561489455420323,36,78198958
95,97.1050,0,885,2619,1767561489459260134,36,78198958
96,97.1050,0,885,2619,1767561489464705405,36,78198958
97,97.1050,0,885,2619,1767561489471234539,36,78198958
98,97.1050,0,885,2619,1767561489475197710,36,78198958
99,97.1050,0,885,2619,1767561489479045361,36,78198958
100,97.1050,0,885,2619,1767561489483106610,36,78216449
101,97.1050,0,885,2619,1767561489500323920,36,78216449
102,97.1050,0,885,2619,1767561489504571632,36,78216449
103,97.5880,0,885,2619,1767561489511094847,36,78216449
104,97.5880,0,885,2619,1767561489514892610,36,78216449
105,97.5880,0,885,2619,1767561489518795077,36,78216449
106,97.5880,0,885,2619,1767561489524579065,36,78216449
107,97.5880,0,885,2619,1767561489534815243,36,78216449
108,97.5880,0,885,2619,1767561489538569807,36,78216449
109,97.5880,0,885,2619,1767561489542576241,36,78216449
110,97.5880,0,885,2619,1767561489550658708,36,78216449
111,97.5880,0,885,2619,1767561489555345456,36,78216449
112,97.5880,0,885,2619,1767561489565166854,36,78216449
113,97.5880,0,885,2619,1767561489571674069,36,78216449
114,97.5880,0,885,2619,1767561489575241979,36,78216449
115,97.5880,0,885,2619,1767561489578856287,36,78216449
116,97.5880,0,885,2619,1767561489583027552,36,78234828
117,97.5880,0,885,2619,1767561489600658683,36,78234828
118,97.5880,0,885,2619,1767561489604770108,36,78234828
119,97.5880,0,1980,2619,1767561489611214091,36,78234828
120,97.5880,0,1980,2619,1767561489615654665,36,78234828
121,97.5880,0,1980,2619,1767561489619317325,36,78234828
122,97.5880,0,1980,2619,1767561489623865163,36,78234828
123,97.5880,0,1980,2619,1767561489633339588,36,78234828
124,100.0140,0,1980,2619,1767561489636738090,36,78234828
125,100.0140,0,1980,2619,1767561489640192336,36,78234828
126,100.0140,0,1980,2619,1767561489644713358,36,78234828
127,100.0140,0,1980,2619,1767561489651060702,36,78234828
128,100.0140,0,1980,2619,1767561489655539964,36,78234828
129,100.0140,0,1980,2619,1767561489659100833,36,78234828
130,100.0140,0,1980,2619,1767561489662403017,36,78234828
131,100.0140,0,1980,2619,1767561489670520299,36,78234828
132,100.0140,0,1980,2619,1767561489673801554,36,78234828
133,100.0140,0,1980,2619,1767561489677285880,37,78234828
134,100.0140,0,1980,2619,1767561489680704382,37,78234828
135,100.0140,0,1980,2619,1767561489687408332,37,78257581
136,100.0140,0,1980,2619,1767561489701061893,37,78257581
137,100.0140,0,1980,2619,1767561489705104710,37,78257581
138,100.0140,0,1980,2619,1767561489711531413,37,78257581
139,100.0140,0,1980,2619,1767561489715085690,37,78257581
140,100.0140,0,1980,2619,1767561489718397762,37,78257581
141,100.0140,0,1980,2619,1767561489721789416,37,78257581
142,100.0140,0,1980,2619,1767561489728275511,37,78257581
143,100.0140,0,1980,2619,1767561489734845957,37,78257581
144,100.0140,0,1980,2619,1767561489738257003,37,78257581
145,100.0140,0,1980,2619,1767561489742022799,37,78257581
146,100.0140,0,1980,2619,1767561489749966355,37,78257581
147,106.5640,0,1980,2619,1767561489753257851,37,78257581
148,106.5640,0,1980,2619,1767561489757038206,37,78257581
149,106.5640,0,1980,2619,1767561489761409885,37,78257581
150,106.5640,0,1980,2619,1767561489765406462,37,78257581
151,106.5640,0,1980,2619,1767561489771934061,37,78257581
152,106.5640,0,1980,2619,1767561489775259796,37,78257581
153,106.5640,0,1980,2619,1767561489778758106,37,78257581
154,106.5640,0,1980,2619,1767561489782796540,37,78279653
155,106.5640,0,1980,2619,1767561489802783780,37,78279653
156,106.5640,0,1980,2619,1767561489811912416,37,78279653
157,106.5640,0,1980,2619,1767561489816156064,37,78279653
158,106.5640,0,1980,2619,1767561489819522342,37,78279653
159,106.5640,0,1980,2619,1767561489824616959,37,78279653
160,106.5640,0,1980,2619,1767561489831238733,37,78279653
161,106.5640,0,1980,2619,1767561489834587732,37,78279653
162,106.5640,0,1980,2619,1767561489837872540,37,78279653
163,106.5640,0,1980,2619,1767561489841331010,37,78279653
164,106.5640,0,1980,2619,1767561489849266406,37,78279653
165,106.5640,0,1980,2619,1767561489852556237,37,78279653
166,106.5640,0,1980,2619,1767561489856296656,37,78279653
167,106.5640,0,1980,2619,1767561489860447569,37,78279653
168,106.5640,0,1980,2619,1767561489864512306,37,78279653
169,106.5640,0,1980,2619,1767561489871277631,37,78279653
170,106.5640,0,1980,2619,1767561489874637478,37,78279653
171,113.8970,0,1980,2619,1767561489878853798,37,78279653
172,113.8970,0,1980,2619,1767561489882874440,37,78302174
173,113.8970,0,1980,2619,1767561489900114502,37,78302174
174,113.8970,0,1980,2619,1767561489904375462,37,78302174
175,113.8970,0,1980,2619,1767561489910682198,37,78302174
176,113.8970,0,1980,2619,1767561489914027644,37,78302174
177,113.8970,0,1980,2619,1767561489917337699,37,78302174
178,113.8970,0,1980,2619,1767561489921625059,37,78302174
179,113.8970,0,1980,2619,1767561489925756612,37,78302174
180,113.8970,0,1980,2619,1767561489934647521,37,78302174
181,113.8970,0,1980,2619,1767561489938278662,37,78302174
182,113.8970,0,1980,2619,1767561489942314759,37,78302174
183,113.8970,0,1980,2619,1767561489950303722,37,78302174
184,113.8970,0,1980,2619,1767561489969226268,37,78302174
185,113.8970,0,1980,2619,1767561489973336381,37,78302174
186,113.8970,0,1980,2619,1767561489977192639,37,78302174
187,113.8970,0,1980,2619,1767561489982292537,37,78324564
188,113.8970,0,1980,2619,1767561490000153426,37,78324564
189,113.8970,0,1980,2619,1767561490004370194,37,78324564
190,120.3580,0,1980,2619,1767561490010968256,37,78324564
191,120.3580,0,1980,2619,1767561490014938755,37,78324564
192,120.3580,0,1980,2619,1767561490018654087,37,78324564
193,120.3580,0,1980,2619,1767561490022882695,37,78324564
194,120.3580,0,1980,2619,1767561490030884458,37,78324564
195,120.3580,0,1980,2619,1767561490034834668,37,78324564
196,120.3580,0,1980,2619,1767561490038554608,37,78324564
197,120.3580,0,1980,2619,1767561490042593490,37,78324564
198,120.3580,0,1980,2619,1767561490050471319,37,78324564
199,120.3580,0,1980,2619,1767561490054072187,37,78324564
200,120.3580,0,1980,2619,1767561490057658689,37,78324564
201,120.3580,0,1980,2619,1767561490061897408,37,78324564
202,120.3580,0,1980,2619,1767561490065863906,37,78324564
203,120.3580,0,1980,2619,1767561490072295761,37,78324564
204,120.3580,0,1980,2619,1767561490075777495,37,78324564
205,120.3580,0,1980,2619,1767561490079440060,37,78324564
206,120.3580,0,1980,2619,1767561490084938130,37,78347356
207,120.3580,0,1980,2619,1767561490100289406,37,78347356
208,120.3580,0,1980,2619,1767561490104278016,37,78347356
209,120.3580,0,1980,2619,1767561490110702256,37,78347356
210,120.3580,0,1980,2619,1767561490114113366,37,78347356
211,120.3580,0,1980,2619,1767561490117596284,37,78347356
212,120.3580,0,1980,2619,1767561490121023234,37,78347356
213,120.3580,0,1980,2619,1767561490125184642,37,78347356
214,125.7270,0,1980,2619,1767561490131909295,37,78347356
215,125.7270,0,1980,2619,1767561490135340342,37,78347356
216,125.7270,0,1980,2619,1767561490139112793,37,78347356
217,125.7270,0,1980,2619,1767561490142612063,37,78347356
218,125.7270,0,1980,2619,1767561490150662690,37,78347356
219,125.7270,0,1980,2619,1767561490154907042,37,78347356
220,125.7270,0,1980,2619,1767561490158258120,37,78347356
221,125.7270,0,1980,2619,1767561490162013484,37,78347356
222,125.7270,0,1980,2619,1767561490169933809,37,78347356
223,125.7270,0,1980,2619,1767561490174390351,37,78347356
224,125.7270,0,1980,2619,1767561490178855981,37,78347356
225,125.7270,0,1980,2619,1767561490184589666,37,78369774
226,125.7270,0,1980,2619,1767561490202055998,37,78369774
227,125.7270,0,1980,2619,1767561490210091457,37,78369774
228,125.7270,0,1980,2619,1767561490214180386,37,78369774
229,125.7270,0,1980,2619,1767561490217669320,37,78369774
230,125.7270,0,1980,2619,1767561490221100910,37,78369774
231,125.7270,0,1980,2619,1767561490229308240,37,78369774
232,125.7270,0,1980,2619,1767561490232666423,37,78369774
233,125.7270,0,1980,2619,1767561490236368795,37,78369774
234,131.4230,0,1980,2619,1767561490239755298,37,78369774
235,131.4230,0,1980,2619,1767561490244258559,37,78369774
236,131.4230,0,1980,2619,1767561490250700142,37,78369774
237,131.4230,0,1980,2619,1767561490254949998,37,78369774
238,131.4230,0,1980,2619,1767561490258450772,37,78369774
239,131.4230,0,1980,2619,1767561490262143832,37,78369774
240,131.4230,0,1980,2619,1767561490270034557,37,78369774
241,131.4230,0,1980,2619,1767561490273376707,37,78369774
242,131.4230,0,1980,2619,1767561490278281054,37,78369774
243,131.4230,0,1980,2619,1767561490282487102,37,78392156
244,131.4230,0,1980,2619,1767561490300115994,37,78392156
245,131.4230,0,1980,2619,1767561490304338138,37,78392156
246,131.4230,0,1980,2619,1767561490310859688,37,78392156
247,131.4230,0,1980,2619,1767561490315101960,37,78392156
248,131.4230,0,1980,2619,1767561490318459567,37,78392156
249,131.4230,0,1980,2619,1767561490322022388,37,78392156
250,131.4230,0,1980,2619,1767561490330274358,37,78392156
251,131.4230,0,1980,2619,1767561490334345463,37,78392156
252,131.4230,0,1980,2619,1767561490338427448,37,78392156
253,131.4230,0,1980,2619,1767561490342529465,37,78392156
254,131.4230,0,1980,2619,1767561490350553981,37,78392156
255,136.1100,0,1980,2619,1767561490354124866,37,78392156
256,136.1100,0,1980,2619,1767561490357790663,37,78392156
257,136.1100,0,1980,2619,1767561490361273548,37,78392156
258,136.1100,0,1980,2619,1767561490365239854,37,78392156
259,136.1100,0,1980,2619,1767561490371771068,37,78392156
260,136.1100,0,1980,2619,1767561490375311714,37,78392156
261,136.1100,0,1980,2619,1767561490379103525,37,78392156
262,136.1100,0,1980,2619,1767561490383450117,37,78414902
263,136.1100,0,1980,2619,1767561490402029528,37,78414902
264,136.1100,0,1980,2619,1767561490409947100,37,78414902
265,136.1100,0,1980,2619,1767561490413355683,37,78414902
266,136.1100,0,1980,2619,1767561490416720138,37,78414902
267,136.1100,0,1980,2619,1767561490420061520,37,78414902
268,136.1100,0,1980,2619,1767561490424467055,37,78414902
269,136.1100,0,1980,2619,1767561490431270075,37,78414902
270,136.1100,0,1980,2619,1767561490434572354,37,78414902
271,136.1100,0,1980,2619,1767561490437975529,37,78414902
272,136.1100,0,1980,2619,1767561490441477358,37,78414902
273,136.1100,0,1980,2619,1767561490445470800,37,78414902
274,136.1100,0,1980,2619,1767561490451883168,37,78414902
275,136.1100,0,1980,2619,1767561490455300838,37,78414902
276,136.1100,0,1980,2619,1767561490458705676,37,78414902
277,136.1100,0,1980,2619,1767561490462106642,37,78414902
278,136.1100,0,1980,2619,1767561490470008631,37,78414902
279,136.1100,0,1980,2619,1767561490473374590,37,78414902
280,143.1810,0,1980,2619,1767561490476945763,37,78414902
281,143.1810,0,1980,2619,1767561490482369882,37,78436912
282,143.1810,0,1980,2619,1767561490500065716,37,78436912
283,143.1810,0,1980,2619,1767561490504232661,37,78436912
284,143.1810,0,1980,2619,1767561490510832227,37,78436912
285,143.1810,0,1980,2619,1767561490514415815,37,78436912
286,143.1810,0,1980,2619,1767561490517698222,37,78436912
287,143.1810,0,1980,2619,1767561490521159796,37,78436912
288,143.1810,0,1980,2619,1767561490525363893,37,78436912
289,143.1810,0,1980,2619,1767561490532088066,37,78436912
290,143.1810,0,1980,2619,1767561490535442409,37,78436912
291,143.1810,0,1980,2619,1767561490539062254,37,78436912
292,143.1810,0,1980,2619,1767561490542672978,37,78436912
293,143.1810,0,1980,2619,1767561490550669526,37,78436912
294,143.1810,0,1980,2619,1767561490554178779,37,78436912
295,143.1810,0,1980,2619,1767561490557536162,37,78436912
296,143.1810,0,1980,2619,1767561490561303302,37,78436912
297,143.1810,0,1980,2619,1767561490565301832,37,78436912
298,143.1810,0,1980,2619,1767561490572036309,37,78436912
299,143.1810,0,1980,2619,1767561490575392635,37,78436912
300,143.1810,0,1980,2619,1767561490578805793,37,78436912
301,143.1810,0,1980,2619,1767561490584471447,37,78459279
302,143.1810,0,1980,2619,1767561490602064626,37,78459279
303,143.1810,0,1980,2619,1767561490609973910,37,78459279
304,147.5380,0,1980,2619,1767561490613230685,37,78459279
305,147.5380,0,1980,2619,1767561490616517509,37,78459279
306,147.5380,0,1980,2619,1767561490619822732,37,78459279
307,147.5380,0,1980,2619,1767561490624488137,37,78459279
308,147.5380,0,1980,2619,1767561490631051703,37,78459279
309,147.5380,0,1980,2619,1767561490634359006,37,78459279
310,147.5380,0,1980,2619,1767561490637816516,37,78459279
311,147.5380,0,1980,2619,1767561490641294089,37,78459279
312,147.5380,0,1980,2619,1767561490652071833,37,78459279
313,147.5380,0,1980,2619,1767561490655420703,37,78459279
314,147.5380,0,1980,2619,1767561490658676167,37,78459279
315,147.5380,0,1980,2619,1767561490669468149,37,78459279
316,147.5380,0,1980,2619,1767561490672751676,37,78459279
317,147.5380,0,1980,2619,1767561490676348609,37,78459279
318,147.5380,0,1980,2619,1767561490698339931,37,78481849
319,147.5380,0,1980,2619,1767561490701717377,37,78481849
320,147.5380,0,1980,2619,1767561490705925762,37,78481849
321,147.5380,0,1980,2619,1767561490716660305,37,78481849
322,147.5380,0,1980,2619,1767561490719943128,37,78481849
323,147.5380,0,1980,2619,1767561490724452278,37,78481849
324,147.8680,0,1980,2619,1767561490735242852,37,78481849
325,147.8680,0,1980,2619,1767561490738516364,37,78481849
326,147.8680,0,1980,2619,1767561490741939154,37,78481849
327,147.8680,0,1980,2619,1767561490752730688,37,78481849
328,147.8680,9,1980,2619,1767561490756059623,37,78481849
329,147.8680,9,1980,2619,1767561490759382254,37,78481849
330,147.8680,9,1980,2619,1767561490770124317,37,78481849
331,147.8680,9,1980,2619,1767561490773464484,37,78481849
332,147.8680,9,1980,2619,1767561490777099689,37,78481849
333,147.8680,9,1980,2619,1767561490799774717,37,78505385
334,147.8680,9,1980,2619,1767561490804317147,37,78505385
335,147.8680,9,1980,2619,1767561490810749802,37,78505385
336,147.8680,9,1980,2619,1767561490814028017,37,78505385
337,147.8680,9,1980,2619,1767561490817355928,37,78505385
338,147.8680,9,1980,2619,1767561490820765438,37,78505385
339,147.8680,9,1980,2619,1767561490824976383,37,78505385
340,147.8680,9,1980,2619,1767561490831544205,37,78505385
341,148.4920,9,1980,2619,1767561490834862613,37,78505385
342,148.4920,9,1980,2619,1767561490838155996,37,78505385
343,148.4920,9,1980,2619,1767561490841604481,37,78505385
344,148.4920,9,1980,2619,1767561490845578307,37,78505385
345,148.4920,9,1980,2619,1767561490852210449,37,78505385
346,148.4920,9,1980,2619,1767561490855465465,37,78505385
347,148.4920,9,1980,2619,1767561490858750784,37,78505385
348,148.4920,9,1980,2619,1767561490862111975,37,78505385
349,148.4920,9,1980,2619,1767561490870068363,37,78505385
350,148.4920,9,1980,2619,1767561490873458417,37,78505385
351,148.4920,9,1980,2619,1767561490876983414,37,78505385
352,148.4920,9,1980,2619,1767561490880306493,37,78505385
353,148.4920,9,1980,2619,1767561490886637037,37,78528304
354,148.4920,9,1980,2619,1767561490900621700,37,78528304
355,148.4920,9,1980,2619,1767561490904712357,37,78528304
356,148.4920,9,1980,2619,1767561490911109684,37,78528304
357,148.4920,9,1980,2619,1767561490914448187,37,78528304
358,148.4920,9,1980,2619,1767561490917860866,37,78528304
359,148.4920,9,1980,2619,1767561490921271208,37,78528304
360,148.4920,9,1980,2619,1767561490925551976,37,78528304
361,148.4920,9,1980,2619,1767561490932083126,37,78528304
362,148.4920,9,1980,2619,1767561490937081488,37,78528304
363,148.4920,9,1980,2619,1767561490940572886,37,78528304
364,148.4920,9,1980,2619,1767561490944621431,37,78528304
365,148.4920,9,1980,2619,1767561490951108103,37,78528304
366,147.9020,9,1980,2619,1767561490954393326,37,78528304
367,147.9020,9,1980,2619,1767561490957717557,37,78528304
368,147.9020,9,1980,2619,1767561490961081435,37,78528304
369,147.9020,9,1980,2619,1767561490965287291,37,78528304
370,147.9020,9,1980,2619,1767561490971742987,37,78528304
371,147.9020,0,1980,2619,1767561490975382127,37,78528304
372,147.9020,0,1980,2619,1767561490979005908,37,78528304
373,147.9020,0,1980,2619,1767561490983252884,37,78550746
374,147.9020,0,1980,2619,1767561491002308228,37,78550746
375,147.9020,0,1980,2619,1767561491010380423,37,78550746
376,147.9020,0,1980,2619,1767561491014021356,37,78550746
377,147.9020,0,1980,2619,1767561491017586897,37,78550746
378,147.9020,0,1980,2619,1767561491021300981,37,78550746
379,147.9020,0,1980,2619,1767561491025519797,37,78550746
380,147.9020,0,1980,2619,1767561491032202818,37,78550746
381,147.9020,0,1980,2619,1767561491035774471,37,78550746
382,147.9020,0,1980,2619,1767561491039414316,37,78550746
383,147.9020,0,1980,2619,1767561491044418054,37,78550746
384,147.9020,0,1980,2619,1767561491050838966,37,78550746
385,147.9020,0,1980,2619,1767561491054365755,37,78550746
386,147.9020,0,1980,2619,1767561491058087423,37,78550746
387,147.9020,0,1980,2619,1767561491061770051,37,78550746
388,147.9020,0,1980,2619,1767561491065811109,37,78550746
389,147.9020,0,1980,2619,1767561491072337300,37,78550746
390,147.9020,0,1980,2619,1767561491076014872,37,78550746
391,153.5880,0,1980,2619,1767561491079633564,37,78550746
392,153.5880,0,1980,2619,1767561491085172466,37,78579916
393,153.5880,0,1980,2619,1767561491100639678,37,78579916
394,153.5880,0,1980,2619,1767561491104835134,37,78579916
395,153.5880,0,1980,2619,1767561491111219534,37,78579916
396,153.5880,0,1980,2619,1767561491114869682,37,78579916
397,153.5880,0,1980,2619,1767561491118491127,37,78579916
398,153.5880,0,1980,2619,1767561491122480089,37,78579916
399,153.5880,0,1980,2619,1767561491130826970,37,78579916
400,153.5880,0,1980,2619,1767561491134813948,38,78579916
401,153.5880,0,1980,2619,1767561491139025788,38,78579916
402,153.5880,0,1980,2619,1767561491143028990,38,78579916
403,153.5880,0,1980,2619,1767561491150843010,38,78579916
404,153.5880,0,1980,2619,1767561491154821540,38,78579916
405,153.5880,0,1980,2619,1767561491158797863,38,78579916
406,153.5880,0,1980,2619,1767561491162808328,38,78579916
407,153.5880,0,1980,2619,1767561491170765260,38,78579916
408,153.5880,0,1980,2619,1767561491174523664,38,78579916
409,153.5880,0,1980,2619,1767561491178566545,38,78579916
410,153.5880,0,1980,2619,1767561491182778417,38,78617296
411,153.5880,0,1980,2619,1767561491203641780,38,78617296
412,153.5880,0,1980,2619,1767561491211489560,38,78617296
413,171.6210,0,1980,2619,1767561491216042806,38,78617296
414,171.6210,0,1980,2619,1767561491219947033,38,78617296
415,171.6210,0,1980,2619,1767561491224823732,38,78617296
416,171.6210,0,1980,2619,1767561491231364611,38,78617296
417,171.6210,100,1980,2619,1767561491235292549,38,78617296
418,171.6210,100,1980,2619,1767561491239277607,38,78617296
419,171.6210,100,1980,2619,1767561491244649182,38,78617296
420,171.6210,100,1980,2619,1767561491251117838,38,78617296
421,171.6210,100,1980,2619,1767561491254916721,38,78617296
422,171.6210,100,1980,2619,1767561491258899379,40,78617296
423,171.6210,100,1980,2619,1767561491262912020,40,78617296
424,171.6210,100,1980,2619,1767561491271149558,40,78617296
425,171.6210,100,1980,2619,1767561491275412342,40,78617296
426,171.6210,100,1980,2619,1767561491279392024,40,78617296
427,171.6210,100,1980,2619,1767561491284957102,40,78665661
428,171.6210,100,1980,2619,1767561491300432441,40,78665661
429,171.6210,100,1980,2619,1767561491304604570,40,78665661
430,171.6210,100,1980,2619,1767561491311198504,40,78665661
431,171.6210,100,1980,2619,1767561491315133003,40,78665661
432,171.6210,100,1980,2619,1767561491319612041,40,78665661
433,171.6210,100,1980,2619,1767561491324862721,40,78665661
434,171.6210,100,1980,2619,1767561491331363215,40,78665661
435,203.5700,100,1980,2619,1767561491335228306,40,78665661
436,203.5700,100,1980,2619,1767561491339054582,40,78665661
437,203.5700,100,1980,2619,1767561491342914169,40,78665661
438,203.5700,100,1980,2619,1767561491350919036,40,78665661
439,203.5700,100,1980,2619,1767561491354723679,40,78665661
440,203.5700,100,1980,2619,1767561491358456195,40,78665661
441,203.5700,100,1980,2619,1767561491362295718,40,78665661
442,203.5700,100,1980,2619,1767561491370274090,40,78665661
443,203.5700,100,1980,2619,1767561491374038734,40,78665661
444,203.5700,100,1980,2619,1767561491377718994,40,78665661
445,203.5700,100,1980,2619,1767561491382476270,41,78708695
446,203.5700,100,1980,2619,1767561491400204840,41,78708695
447,203.5700,100,1980,2619,1767561491404425032,41,78708695
448,203.5700,100,1980,2619,1767561491411111862,41,78708695
449,203.5700,100,1980,2619,1767561491415549012,41,78708695
450,203.5700,100,1980,2619,1767561491419969490,41,78708695
451,203.5700,100,1980,2619,1767561491427521754,41,78708695
452,203.5700,100,1980,2619,1767561491434158856,41,78708695
453,203.5700,100,1980,2619,1767561491438732037,41,78708695
454,203.5700,100,1980,2619,1767561491443231299,41,78708695
455,203.5700,100,1980,2619,1767561491451093031,41,78708695
456,220.7060,100,1980,2619,1767561491455362631,41,78708695
457,220.7060,100,1980,2619,1767561491459591656,41,78708695
458,220.7060,100,1980,2619,1767561491464776609,41,78708695
459,220.7060,100,1980,2619,1767561491471056145,41,78708695
460,220.7060,100,1980,2619,1767561491475108402,41,78708695
461,220.7060,100,1980,2619,1767561491481219268,41,78708695
462,220.7060,100,1980,2619,1767561491500080694,41,78762007
463,220.7060,100,1980,2619,1767561491527828069,41,78762007
464,220.7060,100,1980,2619,1767561491538191510,41,78762007
465,220.7060,100,1980,2619,1767561491542578165,41,78762007
466,220.7060,100,1980,2619,1767561491551073461,41,78762007
467,220.7060,100,1980,2619,1767561491555516020,41,78762007
468,220.7060,100,1980,2619,1767561491560193296,41,78762007
469,220.7060,100,1980,2619,1767561491565076299,41,78762007
470,220.7060,100,1980,2619,1767561491571468731,41,78762007
471,220.7060,100,1980,2619,1767561491577645388,41,78762007
472,267.7950,100,1980,2619,1767561491582967876,41,78816920
473,267.7950,100,1980,2619,1767561491600921372,41,78816920
474,267.7950,100,1980,2619,1767561491605117597,41,78816920
475,267.7950,100,1980,2619,1767561491611639820,41,78816920
476,267.7950,100,1980,2619,1767561491615632078,41,78816920
477,267.7950,100,1980,2619,1767561491619552848,41,78816920
478,267.7950,100,1980,2619,1767561491627143126,41,78816920
479,267.7950,100,1980,2619,1767561491633635685,41,78816920
480,267.7950,100,1980,2619,1767561491638125956,42,78816920
481,267.7950,100,1980,2619,1767561491642283492,42,78816920
482,267.7950,100,1980,2619,1767561491650288616,42,78816920
483,267.7950,100,1980,2619,1767561491655241602,42,78816920
484,267.7950,100,1980,2619,1767561491659620961,42,78816920
485,267.7950,100,1980,2619,1767561491665120696,42,78816920
486,267.7950,100,1980,2619,1767561491671463432,42,78816920
487,267.7950,100,1980,2619,1767561491676049798,42,78816920
488,267.7950,100,1980,2619,1767561491680339173,42,78816920
489,267.7950,100,1980,2619,1767561491686496854,42,78874129
490,267.7950,100,1980,2619,1767561491701658148,42,78874129
491,267.7950,100,1980,2619,1767561491709776615,42,78874129
492,310.8690,100,1980,2619,1767561491714598530,42,78874129
493,310.8690,100,1980,2619,1767561491719233759,42,78874129
494,310.8690,100,1980,2619,1767561491727824958,42,78874129
495,310.8690,100,1980,2619,1767561491734464269,42,78874129
496,310.8690,100,1980,2619,1767561491741417656,42,78874129
497,310.8690,100,1980,2619,1767561491750792753,42,78874129
498,310.8690,100,1980,2619,1767561491756912675,42,78874129
499,310.8690,100,1980,2619,1767561491762863734,43,78874129
500,310.8690,100,1980,2619,1767561491770589788,43,78874129
501,310.8690,100,1980,2619,1767561491776072082,43,78874129
502,310.8690,100,1980,2619,1767561491783676793,43,78939090
503,310.8690,100,1980,2619,1767561491802231341,43,78939090
504,310.8690,100,1980,2619,1767561491810561325,43,78939090
505,310.8690,100,1980,2619,1767561491816234435,43,78939090
506,310.8690,100,1980,2619,1767561491821904440,43,78939090
507,310.8690,100,1980,2619,1767561491834512313,43,78939090
508,310.8690,100,1980,2619,1767561491843040856,43,78939090
509,364.6200,100,1980,2619,1767561491867459616,43,78939090
510,364.6200,100,1980,2619,1767561491880693564,43,78939090
511,364.6200,100,1980,2619,1767561491887310955,43,79007110
512,364.6200,100,1980,2619,1767561491901750141,43,79007110
513,364.6200,100,1980,2619,1767561491910468316,43,79007110
514,364.6200,100,1980,2619,1767561491915700948,44,79007110
515,364.6200,100,1980,2619,1767561491921045580,44,79007110
516,364.6200,100,1980,2619,1767561491928209333,44,79007110
517,364.6200,100,1980,2619,1767561491934885475,44,79007110
518,364.6200,100,1980,2619,1767561491939677631,44,79007110
519,364.6200,100,1980,2619,1767561491950266607,44,79007110
520,364.6200,100,1980,2619,1767561491956798269,44,79007110
521,364.6200,100,1980,2619,1767561491962043510,44,79007110
522,364.6200,100,1980,2619,1767561491973079267,44,79007110
523,364.6200,100,1980,2619,1767561491981901184,44,79007110
524,420.4930,100,1980,2619,1767561492017066198,44,79072249
525,420.4930,100,1980,2619,1767561492026650478,44,79072249
526,420.4930,100,1980,2619,1767561492038189655,44,79072249
527,420.4930,100,1980,2619,1767561492045333921,44,79072249
528,420.4930,100,1980,2619,1767561492051984719,44,79072249
529,420.4930,100,1980,2619,1767561492059162265,44,79072249
530,420.4930,100,1980,2619,1767561492065712744,44,79072249
531,420.4930,100,1980,2619,1767561492072362037,44,79072249
532,420.4930,100,1980,2619,1767561492077833131,44,79072249
533,420.4930,100,1980,2619,1767561492083441345,44,79137861
534,420.4930,100,1980,2619,1767561492101418778,44,79137861
535,420.4930,100,1980,2619,1767561492110664500,44,79137861
536,420.4930,100,1980,2619,1767561492116421256,44,79137861
537,472.9960,100,1980,2619,1767561492121479106,44,79137861
538,472.9960,100,1980,2619,1767561492132299633,44,79137861
539,472.9960,100,1980,2619,1767561492137126860,44,79137861
540,472.9960,100,1980,2619,1767561492142096006,44,79137861
541,472.9960,100,1980,2619,1767561492150708838,44,79137861
542,472.9960,100,1980,2619,1767561492156794872,44,79137861
543,472.9960,100,1980,2619,1767561492165764564,44,79137861
544,472.9960,100,1980,2619,1767561492172305186,44,79137861
545,472.9960,100,1980,2619,1767561492178220086,44,79137861
546,472.9960,100,1980,2619,1767561492185610654,44,79205338
547,472.9960,100,1980,2619,1767561492203955508,44,79205338
548,472.9960,100,1980,2619,1767561492212153430,44,79205338
549,472.9960,100,1980,2619,1767561492217766156,44,79205338
550,472.9960,100,1980,2619,1767561492223697470,44,79205338
551,472.9960,100,1980,2619,1767561492234202639,44,79205338
552,472.9960,100,1980,2619,1767561492240459936,44,79205338
553,505.6960,100,1980,2619,1767561492246033270,44,79205338
554,505.6960,100,1980,2619,1767561492253062881,44,79205338
555,505.6960,100,1980,2619,1767561492258559735,44,79205338
556,505.6960,100,1980,2619,1767561492265596610,44,79205338
557,505.6960,100,1980,2619,1767561492273772133,44,79205338
558,505.6960,100,1980,2619,1767561492279329531,44,79205338
559,505.6960,100,1980,2619,1767561492285377613,44,79273519
560,505.6960,100,1980,2619,1767561492301602547,45,79273519
561,505.6960,100,1980,2619,1767561492310314641,45,79273519
562,505.6960,100,1980,2619,1767561492315478377,45,79273519
563,505.6960,100,1980,2619,1767561492320577987,45,79273519
564,505.6960,100,1980,2619,1767561492328223529,45,79273519
565,505.6960,100,1980,2619,1767561492335081526,45,79273519
566,505.6960,100,1980,2619,1767561492340145616,45,79273519
567,505.6960,100,1980,2619,1767561492345384424,45,79273519
568,505.6960,100,1980,2619,1767561492351983990,45,79273519
569,505.6960,100,1980,2619,1767561492357960553,45,79273519
570,525.4800,100,1980,2619,1767561492363748669,45,79273519
571,525.4800,100,1980,2619,1767561492371801664,45,79273519
572,525.4800,100,1980,2619,1767561492379985954,45,79273519
573,525.4800,100,1980,2619,1767561492385727095,45,79341128
574,525.4800,100,1980,2619,1767561492402912789,45,79341128
575,525.4800,100,1980,2619,1767561492411102199,45,79341128
576,525.4800,100,1980,2619,1767561492416963627,45,79341128
577,525.4800,100,1980,2619,1767561492422656993,45,79341128
578,525.4800,100,1980,2619,1767561492433121105,45,79341128
579,525.4800,100,1980,2619,1767561492439207075,45,79341128
580,525.4800,100,1980,2619,1767561492444753338,45,79341128
581,525.4800,100,1980,2619,1767561492451364488,45,79341128
582,525.4800,100,1980,2619,1767561492455524361,45,79341128
583,525.4800,100,1980,2619,1767561492459492171,45,79341128
584,525.4800,100,1980,2619,1767561492464712803,45,79341128
585,525.4800,100,1980,2619,1767561492471231313,45,79341128
586,525.4800,100,1980,2619,1767561492475254355,45,79341128
587,525.4800,100,1980,2619,1767561492479988336,45,79341128
588,550.5780,100,1980,2619,1767561492485918435,45,79406300
589,550.5780,100,1980,2619,1767561492502621061,45,79406300
590,550.5780,100,1980,2619,1767561492510714664,45,79406300
591,550.5780,100,1980,2619,1767561492516446685,45,79406300
592,550.5780,100,1980,2619,1767561492522246033,45,79406300
593,550.5780,100,1980,2619,1767561492533250301,45,79406300
594,550.5780,100,1980,2619,1767561492538731860,45,79406300
595,550.5780,100,1980,2619,1767561492543237874,45,79406300
596,550.5780,100,1980,2619,1767561492551077303,45,79406300
597,550.5780,100,1980,2619,1767561492555400854,45,79406300
598,550.5780,100,1980,2619,1767561492560162834,45,79406300
599,550.5780,100,1980,2619,1767561492566053126,45,79406300
600,550.5780,100,1980,2619,1767561492572145144,45,79406300
601,550.5780,100,1980,2619,1767561492577993580,45,79406300
602,550.5780,100,1980,2619,1767561492586312525,45,79468825
603,550.5780,100,1980,2619,1767561492602727697,45,79468825
604,550.5780,100,1980,2619,1767561492611429967,45,79468825
605,557.3510,100,1980,2619,1767561492617549857,45,79468825
606,557.3510,100,1980,2619,1767561492624200975,45,79468825
607,557.3510,100,1980,2619,1767561492634529313,45,79468825
608,557.3510,100,1980,2619,1767561492640928273,45,79468825
609,557.3510,100,1980,2619,1767561492650861541,45,79468825
610,557.3510,100,1980,2619,1767561492656171645,45,79468825
611,557.3510,100,1980,2619,1767561492661093592,45,79468825
612,557.3510,100,1980,2619,1767561492671106221,45,79468825
613,557.3510,100,1980,2619,1767561492674922704,45,79468825
614,557.3510,100,1980,2619,1767561492678648915,45,79468825
615,557.3510,100,1980,2619,1767561492682765620,45,79535027
616,557.3510,100,1980,2619,1767561492700242929,45,79535027
617,557.3510,100,1980,2619,1767561492704616623,45,79535027
618,557.3510,100,1980,2619,1767561492711220574,45,79535027
619,557.3510,100,1980,2619,1767561492715142528,45,79535027
620,557.3510,100,1980,2619,1767561492719138338,45,79535027
621,557.3510,100,1980,2619,1767561492727345188,45,79535027
622,557.3510,100,1980,2619,1767561492733867155,45,79535027
623,556.8600,100,1980,2619,1767561492738002003,45,79535027
624,556.8600,100,1980,2619,1767561492742094644,45,79535027
625,556.8600,100,1980,2619,1767561492750156024,45,79535027
626,556.8600,100,1980,2619,1767561492753907900,45,79535027
627,556.8600,93,1980,2619,1767561492757866526,45,79535027
628,556.8600,93,1980,2619,1767561492761881311,45,79535027
629,556.8600,93,1980,2619,1767561492769975586,45,79535027
630,556.8600,93,1980,2619,1767561492773936036,45,79535027
631,556.8600,93,1980,2619,1767561492777857415,45,79535027
632,556.8600,93,1980,2619,1767561492782673571,44,79583789
633,556.8600,93,1980,2619,1767561492800561307,44,79583789
634,556.8600,93,1980,2619,1767561492809745334,44,79583789
635,556.8600,93,1980,2619,1767561492813649785,44,79583789
636,556.8600,93,1980,2619,1767561492817631803,44,79583789
637,556.8600,93,1980,2619,1767561492821634780,44,79583789
638,556.8600,93,1980,2619,1767561492825714845,44,79583789
639,556.8600,93,1980,2619,1767561492832490602,44,79583789
640,556.8600,93,1980,2619,1767561492836500524,44,79583789
641,556.8600,93,1980,2619,1767561492840639885,44,79583789
642,556.8600,93,1980,2619,1767561492844856493,44,79583789
643,556.8600,93,1980,2619,1767561492851220701,44,79583789
644,536.5590,93,1980,2619,1767561492855220318,44,79583789
645,536.5590,93,1980,2619,1767561492859157601,44,79583789
646,536.5590,93,1980,2619,1767561492864663319,44,79583789
647,536.5590,93,1980,2619,1767561492871057223,44,79583789
648,536.5590,93,1980,2619,1767561492875013033,44,79583789
649,536.5590,93,1980,2619,1767561492878926092,44,79583789
650,536.5590,93,1980,2619,1767561492882887790,44,79632568
651,536.5590,93,1980,2619,1767561492900185387,44,79632568
652,536.5590,93,1980,2619,1767561492904418795,44,79632568
653,536.5590,93,1980,2619,1767561492910890586,44,79632568
654,536.5590,93,1980,2619,1767561492914597150,44,79632568
655,536.5590,93,1980,2619,1767561492918346882,44,79632568
656,536.5590,93,1980,2619,1767561492922384099,44,79632568
657,536.5590,93,1980,2619,1767561492930545030,44,79632568
658,536.5590,93,1980,2619,1767561492934323306,44,79632568
659,536.5590,93,1980,2619,1767561492938071469,44,79632568
660,536.5590,93,1980,2619,1767561492944661819,44,79632568
661,536.5590,93,1980,2619,1767561492951233289,44,79632568
662,536.5590,93,1980,2619,1767561492954933742,44,79632568
663,536.5590,93,1980,2619,1767561492958695793,44,79632568
664,536.5590,93,1980,2619,1767561492962526260,44,79632568
665,536.5590,93,1980,2619,1767561492970761462,44,79632568
666,536.5590,93,1980,2619,1767561492974874903,44,79632568
667,508.8440,93,1980,2619,1767561492979116887,44,79632568
668,508.8440,93,1980,2619,1767561492984808396,44,79672900
669,508.8440,93,1980,2619,1767561493001449294,44,79672900
670,508.8440,93,1980,2619,1767561493009774223,44,79672900
671,508.8440,100,1980,2619,1767561493014724586,44,79672900
672,508.8440,100,1980,2619,1767561493018941610,44,79672900
673,508.8440,100,1980,2619,1767561493024538464,44,79672900
674,508.8440,100,1980,2619,1767561493033717850,44,79672900
675,508.8440,100,1980,2619,1767561493037490814,43,79672900
676,508.8440,100,1980,2619,1767561493041616735,43,79672900
677,508.8440,100,1980,2619,1767561493045754656,43,79672900
678,508.8440,100,1980,2619,1767561493052197551,43,79672900
679,508.8440,100,1980,2619,1767561493056164401,43,79672900
680,508.8440,100,1980,2619,1767561493060072883,43,79672900
681,508.8440,100,1980,2619,1767561493064580337,43,79672900
682,508.8440,100,1980,2619,1767561493071113312,43,79672900
683,508.8440,100,1980,2619,1767561493074854692,43,79672900
684,508.8440,100,1980,2619,1767561493078816134,43,79672900
685,508.8440,100,1980,2619,1767561493082721993,43,79727966
686,508.8440,100,1980,2619,1767561493100647137,43,79727966
687,508.8440,100,1980,2619,1767561493104935137,43,79727966
688,491.1350,100,1980,2619,1767561493111703822,43,79727966
689,491.1350,100,1980,2619,1767561493117214628,43,79727966
690,491.1350,100,1980,2619,1767561493121959808,43,79727966
691,491.1350,100,1980,2619,1767561493132259251,43,79727966
692,491.1350,100,1980,2619,1767561493136605938,43,79727966
693,491.1350,100,1980,2619,1767561493142666020,43,79727966
694,491.1350,100,1980,2619,1767561493150201579,43,79727966
695,491.1350,100,1980,2619,1767561493155599074,44,79727966
696,491.1350,100,1980,2619,1767561493161237016,44,79727966
697,491.1350,100,1980,2619,1767561493169535161,44,79727966
698,491.1350,100,1980,2619,1767561493173856920,44,79727966
699,491.1350,100,1980,2619,1767561493177924185,44,79727966
700,491.1350,100,1980,2619,1767561493182688854,44,79789439
701,491.1350,100,1980,2619,1767561493201970052,44,79789439
702,491.1350,100,1980,2619,1767561493209856296,44,79789439
703,491.1350,100,1980,2619,1767561493213804555,44,79789439
704,491.1350,100,1980,2619,1767561493218345321,44,79789439
705,491.1350,100,1980,2619,1767561493222735816,44,79789439
706,491.1350,100,1980,2619,1767561493232819227,44,79789439
707,485.2740,100,1980,2619,1767561493236592703,44,79789439
708,485.2740,100,1980,2619,1767561493240602080,44,79789439
709,485.2740,100,1980,2619,1767561493244609602,44,79789439
710,485.2740,100,1980,2619,1767561493251136273,44,79789439
711,485.2740,100,1980,2619,1767561493255138995,44,79789439
712,485.2740,100,1980,2619,1767561493259140725,44,79789439
713,485.2740,100,1980,2619,1767561493264710122,44,79789439
714,485.2740,100,1980,2619,1767561493271032027,44,79789439
715,485.2740,100,1980,2619,1767561493275027197,44,79789439
716,485.2740,100,1980,2619,1767561493279489307,44,79789439
717,485.2740,100,1980,2619,1767561493284899826,44,79838894
718,485.2740,100,1980,2619,1767561493301326230,44,79838894
719,485.2740,100,1980,2619,1767561493310036276,44,79838894
720,485.2740,100,1980,2619,1767561493314428435,44,79838894
721,485.2740,100,1980,2619,1767561493320424742,44,79838894
722,485.2740,100,1980,2619,1767561493327603055,44,79838894
723,485.2740,100,1980,2619,1767561493334187166,44,79838894
724,485.2740,100,1980,2619,1767561493338512413,44,79838894
725,469.1440,100,1980,2619,1767561493342938844,44,79838894
726,469.1440,100,1980,2619,1767561493350939968,44,79838894
727,469.1440,100,1980,2619,1767561493355337246,44,79838894
728,469.1440,100,1980,2619,1767561493359395007,44,79838894
729,469.1440,100,1980,2619,1767561493364905014,44,79838894
730,469.1440,100,1980,2619,1767561493371699907,44,79838894
731,469.1440,100,1980,2619,1767561493376094754,44,79838894
732,469.1440,100,1980,2619,1767561493380194531,44,79838894
733,469.1440,100,1980,2619,1767561493386286580,45,79904823
734,469.1440,100,1980,2619,1767561493402298812,45,79904823
735,469.1440,100,1980,2619,1767561493410069665,45,79904823
736,469.1440,100,1980,2619,1767561493415349241,45,79904823
737,469.1440,100,1980,2619,1767561493420522066,45,79904823
738,469.1440,100,1980,2619,1767561493431599135,45,79904823
739,469.1440,100,1980,2619,1767561493436836727,45,79904823
740,469.1440,100,1980,2619,1767561493441657011,45,79904823
741,469.1440,100,1980,2619,1767561493450094611,45,79904823
742,469.1440,100,1980,2619,1767561493455403275,45,79904823
743,469.1440,100,1980,2619,1767561493461760347,45,79904823
744,467.3420,100,1980,2619,1767561493470752599,45,79904823
745,467.3420,100,1980,2619,1767561493476600970,45,79904823
746,467.3420,100,1980,2619,1767561493483788276,45,79970206
747,467.3420,100,1980,2619,1767561493501994571,45,79970206
748,467.3420,100,1980,2619,1767561493510567754,45,79970206
749,467.3420,100,1980,2619,1767561493515588228,45,79970206
750,467.3420,100,1980,2619,1767561493520678078,45,79970206
751,467.3420,100,1980,2619,1767561493528094726,45,79970206
752,467.3420,100,1980,2619,1767561493536469862,45,79970206
753,467.3420,100,1980,2619,1767561493541805278,45,79970206
754,467.3420,100,1980,2619,1767561493550367230,45,79970206
755,467.3420,100,1980,2619,1767561493555738070,45,79970206
756,467.3420,100,1980,2619,1767561493560950958,45,79970206
757,467.3420,100,1980,2619,1767561493566431300,45,79970206
758,467.3420,100,1980,2619,1767561493573191185,45,79970206
759,467.3420,100,1980,2619,1767561493579516098,45,79970206
760,474.6680,100,1980,2619,1767561493585601556,45,80037860
761,474.6680,100,1980,2619,1767561493602282198,45,80037860
762,474.6680,100,1980,2619,1767561493610608311,45,80037860
763,474.6680,100,1980,2619,1767561493616142830,45,80037860
764,474.6680,100,1980,2619,1767561493621624516,45,80037860
765,474.6680,100,1980,2619,1767561493632569073,45,80037860
766,474.6680,100,1980,2619,1767561493640585653,45,80037860
767,474.6680,100,1980,2619,1767561493646021996,46,80037860
768,474.6680,100,1980,2619,1767561493652844632,46,80037860
769,474.6680,100,1980,2619,1767561493660046497,46,80037860
770,474.6680,100,1980,2619,1767561493665588984,46,80037860
771,474.6680,100,1980,2619,1767561493672307781,46,80037860
772,474.6680,100,1980,2619,1767561493678237849,46,80037860
773,474.6680,100,1980,2619,1767561493685545537,46,80105708
774,474.6680,100,1980,2619,1767561493702142436,46,80105708
775,474.6680,100,1980,2619,1767561493710667940,46,80105708
776,482.4430,100,1980,2619,1767561493716345912,46,80105708
777,482.4430,100,1980,2619,1767561493720751479,46,80105708
778,482.4430,100,1980,2619,1767561493727481317,46,80105708
779,482.4430,100,1980,2619,1767561493734047411,46,80105708
780,482.4430,100,1980,2619,1767561493738197172,46,80105708
781,482.4430,100,1980,2619,1767561493742942032,46,80105708
782,482.4430,100,1980,2619,1767561493750914195,46,80105708
783,482.4430,100,1980,2619,1767561493754864790,46,80105708
784,482.4430,100,1980,2619,1767561493758944887,46,80105708
785,482.4430,100,1980,2619,1767561493763288215,46,80105708
786,482.4430,100,1980,2619,1767561493771300954,46,80105708
787,482.4430,100,1980,2619,1767561493775828535,46,80105708
788,482.4430,100,1980,2619,1767561493779979704,46,80105708
789,482.4430,100,1980,2619,1767561493785437871,46,80169320
790,482.4430,100,1980,2619,1767561493802753964,46,80169320
791,482.4430,100,1980,2619,1767561493810574545,46,80169320
792,482.4430,100,1980,2619,1767561493815852713,46,80169320
793,482.4430,100,1980,2619,1767561493821102562,46,80169320
794,482.4430,100,1980,2619,1767561493828059566,46,80169320
795,482.4430,100,1980,2619,1767561493834947257,46,80169320
796,495.6880,100,1980,2619,1767561493840114674,46,80169320
797,495.6880,100,1980,2619,1767561493849982056,46,80169320
798,495.6880,100,1980,2619,1767561493854624037,46,80169320
799,495.6880,100,1980,2619,1767561493859690655,46,80169320
800,495.6880,100,1980,2619,1767561493865027510,46,80169320
801,495.6880,100,1980,2619,1767561493871962498,46,80169320
802,495.6880,100,1980,2619,1767561493877094907,46,80169320
803,495.6880,100,1980,2619,1767561493882989359,46,80234434
804,495.6880,100,1980,2619,1767561493900876167,46,80234434
805,495.6880,100,1980,2619,1767561493910787901,46,80234434
806,495.6880,100,1980,2619,1767561493916606193,46,80234434
807,495.6880,100,1980,2619,1767561493922445573,46,80234434
808,495.6880,100,1980,2619,1767561493933326546,46,80234434
809,495.6880,100,1980,2619,1767561493939292006,46,80234434
810,495.6880,100,1980,2619,1767561493945721973,46,80234434
811,495.6880,100,1980,2619,1767561493959782506,46,80234434
812,521.8440,100,1980,2619,1767561493965710526,46,80234434
813,521.8440,100,1980,2619,1767561493972544235,46,80234434
814,521.8440,100,1980,2619,1767561493978478462,46,80234434
815,521.8440,100,1980,2619,1767561493985651463,46,80302760
816,521.8440,100,1980,2619,1767561494002560904,46,80302760
817,521.8440,100,1980,2619,1767561494010779626,46,80302760
818,521.8440,100,1980,2619,1767561494016451007,46,80302760
819,521.8440,100,1980,2619,1767561494022333042,46,80302760
820,521.8440,100,1980,2619,1767561494033111361,46,80302760
821,521.8440,100,1980,2619,1767561494040665960,46,80302760
822,521.8440,100,1980,2619,1767561494046343037,46,80302760
823,521.8440,100,1980,2619,1767561494052958699,46,80302760
824,521.8440,100,1980,2619,1767561494058628641,46,80302760
825,521.8440,100,1980,2619,1767561494066136232,46,80302760
826,521.8440,100,1980,2619,1767561494075174083,46,80302760
827,521.8440,100,1980,2619,1767561494082789802,46,80302760
828,521.8440,100,1980,2619,1767561494118162527,46,80374515
829,544.9120,100,1980,2619,1767561494127812439,46,80374515
830,544.9120,100,1980,2619,1767561494135290173,46,80374515
831,544.9120,100,1980,2619,1767561494140933459,46,80374515
832,544.9120,100,1980,2619,1767561494150434603,46,80374515
833,544.9120,100,1980,2619,1767561494155719716,46,80374515
834,544.9120,100,1980,2619,1767561494161276698,46,80374515
835,544.9120,100,1980,2619,1767561494170559795,46,80374515
836,544.9120,100,1980,2619,1767561494175878251,46,80374515
837,544.9120,100,1980,2619,1767561494181123300,46,80374515
838,544.9120,100,1980,2619,1767561494201844423,46,80440563
839,544.9120,100,1980,2619,1767561494210773700,46,80440563
840,544.9120,100,1980,2619,1767561494216066268,46,80440563
841,544.9120,100,1980,2619,1767561494220757817,46,80440563
842,544.9120,100,1980,2619,1767561494227970626,46,80440563
843,544.9120,100,1980,2619,1767561494234706191,46,80440563
844,559.7500,100,1980,2619,1767561494239896424,46,80440563
845,559.7500,100,1980,2619,1767561494245025314,46,80440563
846,559.7500,100,1980,2619,1767561494251626287,46,80440563
847,559.7500,100,1980,2619,1767561494256505898,46,80440563
848,559.7500,100,1980,2619,1767561494261921953,46,80440563
849,559.7500,100,1980,2619,1767561494269995845,46,80440563
850,559.7500,100,1980,2619,1767561494276945393,46,80440563
851,559.7500,100,1980,2619,1767561494283729341,46,80506800
852,559.7500,100,1980,2619,1767561494301832724,46,80506800
853,559.7500,100,1980,2619,1767561494310665778,46,80506800
854,559.7500,100,1980,2619,1767561494316323591,46,80506800
855,559.7500,100,1980,2619,1767561494322046203,46,80506800
856,559.7500,100,1980,2619,1767561494332519917,46,80506800
857,559.7500,100,1980,2619,1767561494337835589,46,80506800
858,559.7500,100,1980,2619,1767561494343161884,46,80506800
859,559.7500,100,1980,2619,1767561494351539645,46,80506800
860,574.4630,100,1980,2619,1767561494356683670,46,80506800
861,574.4630,100,1980,2619,1767561494361830608,46,80506800
862,574.4630,100,1980,2619,1767561494370331055,46,80506800
863,574.4630,100,1980,2619,1767561494375594951,46,80506800
864,574.4630,100,1980,2619,1767561494383691786,46,80575450
865,574.4630,100,1980,2619,1767561494402435069,46,80575450
866,574.4630,100,1980,2619,1767561494410789725,46,80575450
867,574.4630,100,1980,2619,1767561494416449235,47,80575450
868,574.4630,100,1980,2619,1767561494422120744,47,80575450
869,574.4630,100,1980,2619,1767561494432985366,47,80575450
870,574.4630,100,1980,2619,1767561494440312639,47,80575450
871,574.4630,100,1980,2619,1767561494445929940,47,80575450
872,574.4630,100,1980,2619,1767561494452467779,47,80575450
873,574.4630,100,1980,2619,1767561494458089113,47,80575450
874,574.4630,100,1980,2619,1767561494463985196,47,80575450
875,574.4630,100,1980,2619,1767561494472180270,47,80575450
876,574.4630,100,1980,2619,1767561494478018882,47,80575450
877,574.4630,100,1980,2619,1767561494486381475,47,80644089
878,577.2580,100,1980,2619,1767561494502641992,47,80644089
879,577.2580,100,1980,2619,1767561494510780267,47,80644089
880,577.2580,100,1980,2619,1767561494516410945,47,80644089
881,577.2580,100,1980,2619,1767561494522175125,47,80644089
882,577.2580,100,1980,2619,1767561494533065314,47,80644089
883,577.2580,100,1980,2619,1767561494538804567,47,80644089
884,577.2580,100,1980,2619,1767561494545249927,47,80644089
885,577.2580,100,1980,2619,1767561494551883124,47,80644089
886,577.2580,100,1980,2619,1767561494557193580,47,80644089
887,577.2580,100,1980,2619,1767561494563554588,47,80644089
888,577.2580,100,1980,2619,1767561494571587520,47,80644089
889,577.2580,100,1980,2619,1767561494576746393,47,80644089
890,577.2580,100,1980,2619,1767561494583415590,47,80712222
891,577.2580,100,1980,2619,1767561494602085210,47,80712222
892,577.2580,100,1980,2619,1767561494610353755,47,80712222
893,577.2580,100,1980,2619,1767561494615840977,47,80712222
894,577.5700,100,1980,2619,1767561494620946795,47,80712222
895,577.5700,100,1980,2619,1767561494628329075,47,80712222
896,577.5700,100,1980,2619,1767561494635096896,47,80712222
897,577.5700,100,1980,2619,1767561494640241849,47,80712222
898,577.5700,100,1980,2619,1767561494645286195,47,80712222
899,577.5700,100,1980,2619,1767561494651924737,47,80712222
900,577.5700,100,1980,2619,1767561494657101402,47,80712222
901,577.5700,100,1980,2619,1767561494662472274,47,80712222
902,577.5700,100,1980,2619,1767561494670600500,46,80712222
903,577.5700,100,1980,2619,1767561494675787245,46,80712222
904,577.5700,100,1980,2619,1767561494681003141,46,80712222
905,577.5700,100,1980,2619,1767561494701074446,46,80780917
906,577.5700,100,1980,2619,1767561494710809924,46,80780917
907,577.5700,100,1980,2619,1767561494716443898,46,80780917
908,577.5700,100,1980,2619,1767561494722262446,46,80780917
909,577.5700,100,1980,2619,1767561494733103804,46,80780917
910,577.5700,100,1980,2619,1767561494739632747,46,80780917
911,577.8310,100,1980,2619,1767561494745764701,46,80780917
912,577.8310,100,1980,2619,1767561494752344619,46,80780917
913,577.8310,100,1980,2619,1767561494758094272,46,80780917
914,577.8310,100,1980,2619,1767561494763784468,46,80780917
915,577.8310,100,1980,2619,1767561494772122773,46,80780917
916,577.8310,100,1980,2619,1767561494777055376,46,80780917
917,577.8310,100,1980,2619,1767561494782903460,46,80848125
918,577.8310,100,1980,2619,1767561494800748029,46,80848125
919,577.8310,100,1980,2619,1767561494804975070,47,80848125
920,577.8310,100,1980,2619,1767561494811379437,47,80848125
921,577.8310,100,1980,2619,1767561494815351920,47,80848125
922,577.8310,100,1980,2619,1767561494819390673,47,80848125
923,577.8310,100,1980,2619,1767561494827407156,47,80848125
924,577.8310,100,1980,2619,1767561494835089882,47,80848125
925,577.8310,100,1980,2619,1767561494840675280,47,80848125
926,577.8310,100,1980,2619,1767561494846442341,47,80848125
927,577.8310,100,1980,2619,1767561494853168082,47,80848125
928,577.8310,100,1980,2619,1767561494859513122,47,80848125
929,578.2140,100,1980,2619,1767561494865764083,47,80848125
930,578.2140,100,1980,2619,1767561494872165826,47,80848125
931,578.2140,100,1980,2619,1767561494877478267,47,80848125
932,578.2140,100,1980,2619,1767561494882958833,47,80909323
933,578.2140,100,1980,2619,1767561494900481293,47,80909323
934,578.2140,100,1980,2619,1767561494905861060,47,80909323
935,578.2140,100,1980,2619,1767561494912775664,46,80909323
936,578.2140,100,1980,2619,1767561494920881778,46,80909323
937,578.2140,100,1980,2619,1767561494932367068,46,80909323
938,578.2140,100,1980,2619,1767561494937637780,46,80909323
939,578.2140,100,1980,2619,1767561494942619694,46,80909323
940,578.2140,100,1980,2619,1767561494951222413,46,80909323
941,578.2140,100,1980,2619,1767561494961276994,46,80909323
942,578.2140,100,1980,2619,1767561494971005208,46,80909323
943,578.2140,100,1980,2619,1767561494978006723,46,80909323
944,576.5260,100,1980,2619,1767561494983505978,46,80975768
945,576.5260,100,1980,2619,1767561495002393835,46,80975768
946,576.5260,100,1980,2619,1767561495010969130,46,80975768
947,576.5260,100,1980,2619,1767561495015579911,46,80975768
948,576.5260,100,1980,2619,1767561495020201285,46,80975768
949,576.5260,100,1980,2619,1767561495027225616,46,80975768
950,576.5260,100,1980,2619,1767561495033731390,46,80975768
951,576.5260,100,1980,2619,1767561495037780832,46,80975768
952,576.5260,100,1980,2619,1767561495041886145,46,80975768
953,576.5260,100,1980,2619,1767561495050072259,46,80975768
954,576.5260,100,1980,2619,1767561495054494018,46,80975768
955,576.5260,100,1980,2619,1767561495058480548,46,80975768
956,576.5260,100,1980,2619,1767561495062563109,46,80975768
957,576.5260,100,1980,2619,1767561495070556072,46,80975768
958,576.5260,100,1980,2619,1767561495074404267,46,80975768
959,576.5260,100,1980,2619,1767561495078567948,46,80975768
960,576.5260,100,1980,2619,1767561495082822124,46,81039401
961,576.5260,100,1980,2619,1767561495100380743,46,81039401
962,576.5260,100,1980,2619,1767561495104513864,46,81039401
963,570.6570,100,1980,2619,1767561495111099863,46,81039401
964,570.6570,100,1980,2619,1767561495115085049,46,81039401
965,570.6570,100,1980,2619,1767561495119128314,46,81039401
966,570.6570,100,1980,2619,1767561495126860287,46,81039401
967,570.6570,100,1980,2619,1767561495133805259,46,81039401
968,570.6570,100,1980,2619,1767561495137665582,46,81039401
969,570.6570,100,1980,2619,1767561495141847566,46,81039401
970,570.6570,100,1980,2619,1767561495149816050,46,81039401
971,570.6570,100,1980,2619,1767561495153708021,46,81039401
972,570.6570,100,1980,2619,1767561495157876917,46,81039401
973,570.6570,100,1980,2619,1767561495161963286,46,81039401
974,570.6570,100,1980,2619,1767561495169983226,46,81039401
975,570.6570,100,1980,2619,1767561495174333785,46,81039401
976,570.6570,100,1980,2619,1767561495178558073,46,81039401
977,570.6570,100,1980,2619,1767561495182686010,46,81098653
978,570.6570,100,1980,2619,1767561495202432741,46,81098653
979,570.6570,100,1980,2619,1767561495210409993,46,81098653
980,570.6570,100,1980,2619,1767561495214363275,46,81098653
981,570.6570,100,1980,2619,1767561495218233069,46,81098653
982,570.6570,100,1980,2619,1767561495222581964,46,81098653
983,570.6570,100,1980,2619,1767561495232518882,46,81098653
984,560.6770,100,1980,2619,1767561495236226086,46,81098653
985,560.6770,100,1980,2619,1767561495240110857,46,81098653
986,560.6770,100,1980,2619,1767561495244453383,46,81098653
987,560.6770,100,1980,2619,1767561495250924758,46,81098653
988,560.6770,100,1980,2619,1767561495254718682,46,81098653
989,560.6770,100,1980,2619,1767561495260600622,46,81098653
990,560.6770,100,1980,2619,1767561495268046742,46,81098653
991,560.6770,100,1980,2619,1767561495303858855,46,81098653
992,560.6770,100,1980,2619,1767561495318799894,46,81159697
993,560.6770,100,1980,2619,1767561495327577204,46,81159697
994,560.6770,100,1980,2619,1767561495334429536,46,81159697
995,560.6770,100,1980,2619,1767561495338860478,46,81159697
996,560.6770,100,1980,2619,1767561495343293501,46,81159697
997,560.6770,100,1980,2619,1767561495351488640,46,81159697
998,560.6770,100,1980,2619,1767561495356752120,46,81159697
999,534.9350,100,1980,2619,1767561495361538388,46,81159697
1000,534.9350,100,1980,2619,1767561495369875508,46,81159697
1001,534.9350,100,1980,2619,1767561495374258899,46,81159697
1002,534.9350,100,1980,2619,1767561495378574035,46,81159697
1003,534.9350,100,1980,2619,1767561495383044529,46,81206033
1004,534.9350,100,1980,2619,1767561495401224456,46,81206033
1005,534.9350,100,1980,2619,1767561495405211882,46,81206033
1006,534.9350,100,1980,2619,1767561495411641081,45,81206033
1007,534.9350,100,1980,2619,1767561495415599772,45,81206033
1008,534.9350,100,1980,2619,1767561495419519070,45,81206033
1009,534.9350,100,1980,2619,1767561495427266339,45,81206033
1010,534.9350,100,1980,2619,1767561495433758962,45,81206033
1011,534.9350,100,1980,2619,1767561495438274544,45,81206033
1012,534.9350,100,1980,2619,1767561495442913581,45,81206033
1013,534.9350,100,1980,2619,1767561495450673715,45,81206033
1014,534.9350,100,1980,2619,1767561495455575341,45,81206033
1015,534.9350,100,1980,2619,1767561495460159403,45,81206033
1016,534.9350,100,1980,2619,1767561495465040134,45,81206033
1017,534.9350,100,1980,2619,1767561495471832179,45,81206033
1018,534.9350,100,1980,2619,1767561495477105643,45,81206033
1019,528.9480,100,1980,2619,1767561495483040798,45,81266753
1020,528.9480,100,1980,2619,1767561495500828568,45,81266753
1021,528.9480,100,1980,2619,1767561495505933458,45,81266753
1022,528.9480,100,1980,2619,1767561495512428768,45,81266753
1023,528.9480,100,1980,2619,1767561495518001878,45,81266753
1024,528.9480,100,1980,2619,1767561495524348710,45,81266753
1025,528.9480,100,1980,2619,1767561495534140093,45,81266753
1026,528.9480,100,1980,2619,1767561495541461477,46,81266753
1027,528.9480,100,1980,2619,1767561495570156685,46,81266753
1028,528.9480,100,1980,2619,1767561495579400838,46,81266753
1029,528.9480,100,1980,2619,1767561495586203987,46,81332514
1030,528.9480,100,1980,2619,1767561495601164706,46,81332514
1031,528.9480,100,1980,2619,1767561495605358562,46,81332514
1032,528.9480,100,1980,2619,1767561495612249806,46,81332514
1033,528.9480,100,1980,2619,1767561495616102418,46,81332514
1034,528.9480,100,1980,2619,1767561495619900853,46,81332514
1035,528.9480,100,1980,2619,1767561495627077759,46,81332514
1036,528.9480,100,1980,2619,1767561495633597517,46,81332514
1037,514.2070,100,1980,2619,1767561495637456016,46,81332514
1038,514.2070,100,1980,2619,1767561495641452946,46,81332514
1039,514.2070,100,1980,2619,1767561495645414452,46,81332514
1040,514.2070,100,1980,2619,1767561495651918371,46,81332514
1041,514.2070,100,1980,2619,1767561495655781894,46,81332514
1042,514.2070,100,1980,2619,1767561495659612649,46,81332514
1043,514.2070,100,1980,2619,1767561495664539172,46,81332514
1044,514.2070,100,1980,2619,1767561495671145842,46,81332514
1045,514.2070,100,1980,2619,1767561495675154868,46,81332514
1046,514.2070,100,1980,2619,1767561495678964279,46,81332514
1047,514.2070,100,1980,2619,1767561495683186423,45,81378126
1048,514.2070,100,1980,2619,1767561495700566516,45,81378126
1049,514.2070,100,1980,2619,1767561495704929747,45,81378126
1050,514.2070,100,1980,2619,1767561495711610337,45,81378126
1051,514.2070,100,1980,2619,1767561495715644930,45,81378126
1052,514.2070,100,1980,2619,1767561495719734627,45,81378126
1053,514.2070,100,1980,2619,1767561495727394889,45,81378126
1054,514.2070,100,1980,2619,1767561495733845049,45,81378126
1055,514.2070,100,1980,2619,1767561495737916346,45,81378126
1056,514.2070,100,1980,2619,1767561495742157722,45,81378126
1057,514.2070,100,1980,2619,1767561495750261917,45,81378126
1058,514.2070,100,1980,2619,1767561495755286231,45,81378126
1059,500.2290,100,1980,2619,1767561495759383448,45,81378126
1060,500.2290,100,1980,2619,1767561495764606288,45,81378126
1061,500.2290,100,1980,2619,1767561495771128767,45,81378126
1062,500.2290,100,1980,2619,1767561495775230912,45,81378126
1063,500.2290,100,1980,2619,1767561495779297890,45,81378126
1064,500.2290,100,1980,2619,1767561495785069206,45,81440433
1065,500.2290,100,1980,2619,1767561495801077021,45,81440433
1066,500.2290,100,1980,2619,1767561495804975104,45,81440433
1067,500.2290,100,1980,2619,1767561495811790732,46,81440433
1068,500.2290,100,1980,2619,1767561495815824109,46,81440433
1069,500.2290,100,1980,2619,1767561495819866735,46,81440433
1070,500.2290,100,1980,2619,1767561495828106641,46,81440433
1071,500.2290,100,1980,2619,1767561495834587968,46,81440433
1072,500.2290,100,1980,2619,1767561495839439420,46,81440433
1073,500.2290,100,1980,2619,1767561495845254479,46,81440433
1074,500.2290,100,1980,2619,1767561495852127451,46,81440433
1075,500.2290,100,1980,2619,1767561495858869577,46,81440433
1076,500.2290,100,1980,2619,1767561495865123866,46,81440433
1077,500.2290,100,1980,2619,1767561495871490761,46,81440433
1078,500.2290,100,1980,2619,1767561495876092422,46,81440433
1079,500.2290,100,1980,2619,1767561495881232672,46,81440433
1080,501.4500,100,1980,2619,1767561495887935853,46,81505744
1081,501.4500,100,1980,2619,1767561495902219777,46,81505744
1082,501.4500,100,1980,2619,1767561495910368996,46,81505744
1083,501.4500,100,1980,2619,1767561495915407166,46,81505744
1084,501.4500,100,1980,2619,1767561495920312409,46,81505744
1085,501.4500,100,1980,2619,1767561495927998911,46,81505744
1086,501.4500,100,1980,2619,1767561495934705932,46,81505744
1087,501.4500,100,1980,2619,1767561495939706950,47,81505744
1088,501.4500,100,1980,2619,1767561495945150781,47,81505744
1089,501.4500,100,1980,2619,1767561495951851723,47,81505744
1090,501.4500,100,1980,2619,1767561495962850776,47,81505744
1091,501.4500,100,1980,2619,1767561495971283512,47,81505744
1092,501.4500,100,1980,2619,1767561495976242835,47,81505744
1093,501.4500,100,1980,2619,1767561495981586506,47,81505744
1094,501.4500,100,1980,2619,1767561496001496404,47,81576047
1095,501.4500,100,1980,2619,1767561496010360625,47,81576047
1096,506.9600,100,1980,2619,1767561496015406315,47,81576047
1097,506.9600,100,1980,2619,1767561496019691659,47,81576047
1098,506.9600,100,1980,2619,1767561496027340176,47,81576047
1099,506.9600,100,1980,2619,1767561496033932735,47,81576047
1100,506.9600,100,1980,2619,1767561496037969089,47,81576047
1101,506.9600,100,1980,2619,1767561496042105921,47,81576047
1102,506.9600,100,1980,2619,1767561496050137765,47,81576047
1103,506.9600,100,1980,2619,1767561496054005063,47,81576047
1104,506.9600,100,1980,2619,1767561496057990889,47,81576047
1105,506.9600,100,1980,2619,1767561496062729989,47,81576047
1106,506.9600,100,1980,2619,1767561496070680874,47,81576047
1107,506.9600,100,1980,2619,1767561496075698020,47,81576047
1108,506.9600,100,1980,2619,1767561496080465152,47,81576047
1109,506.9600,100,1980,2619,1767561496086387475,47,81640075
1110,506.9600,100,1980,2619,1767561496101843198,47,81640075
1111,506.9600,100,1980,2619,1767561496110079328,47,81640075
1112,506.9600,100,1980,2619,1767561496114838780,47,81640075
1113,506.9600,100,1980,2619,1767561496119517497,47,81640075
1114,506.9600,100,1980,2619,1767561496127442301,47,81640075
1115,506.9600,100,1980,2619,1767561496134287498,47,81640075
1116,511.5450,100,1980,2619,1767561496139194501,47,81640075
1117,511.5450,100,1980,2619,1767561496145017624,47,81640075
1118,511.5450,100,1980,2619,1767561496151425544,47,81640075
1119,511.5450,100,1980,2619,1767561496156449218,47,81640075
1120,511.5450,100,1980,2619,1767561496161567516,47,81640075
1121,511.5450,100,1980,2619,1767561496170564280,47,81640075
1122,511.5450,100,1980,2619,1767561496175520466,47,81640075
1123,511.5450,100,1980,2619,1767561496180653995,47,81640075
1124,511.5450,100,1980,2619,1767561496186450879,47,81710624
1125,511.5450,100,1980,2619,1767561496204181369,47,81710624
1126,511.5450,100,1980,2619,1767561496212323484,47,81710624
1127,511.5450,100,1980,2619,1767561496217274583,47,81710624
1128,511.5450,100,1980,2619,1767561496222518287,47,81710624
1129,511.5450,100,1980,2619,1767561496232764674,47,81710624
1130,511.5450,100,1980,2619,1767561496238364055,47,81710624
1131,511.5450,100,1980,2619,1767561496243397553,47,81710624
1132,511.5450,100,1980,2619,1767561496251443573,47,81710624
1133,511.5450,100,1980,2619,1767561496256436911,47,81710624
1134,511.5450,100,1980,2619,1767561496261830598,47,81710624
1135,528.8110,100,1980,2619,1767561496270060488,47,81710624
1136,528.8110,100,1980,2619,1767561496276283513,47,81710624
1137,528.8110,100,1980,2619,1767561496280962454,47,81710624
1138,528.8110,100,1980,2619,1767561496287395782,47,81781693
1139,528.8110,100,1980,2619,1767561496302263349,47,81781693
1140,528.8110,100,1980,2619,1767561496310235705,47,81781693
1141,528.8110,100,1980,2619,1767561496314935414,47,81781693
1142,528.8110,100,1980,2619,1767561496319560851,47,81781693
1143,528.8110,100,1980,2619,1767561496328010674,47,81781693
1144,528.8110,100,1980,2619,1767561496334503554,47,81781693
1145,528.8110,100,1980,2619,1767561496339227518,47,81781693
1146,528.8110,100,1980,2619,1767561496345029587,47,81781693
1147,528.8110,100,1980,2619,1767561496351655136,47,81781693
1148,528.8110,100,1980,2619,1767561496356564251,47,81781693
1149,528.8110,100,1980,2619,1767561496361387606,47,81781693
1150,528.8110,100,1980,2619,1767561496370039861,47,81781693
1151,528.8110,100,1980,2619,1767561496374776274,47,81781693
1152,528.8110,100,1980,2619,1767561496381576862,47,81781693
1153,549.3130,100,1980,2619,1767561496402095364,47,81851198
1154,549.3130,100,1980,2619,1767561496410054343,47,81851198
1155,549.3130,100,1980,2619,1767561496414955202,47,81851198
1156,549.3130,100,1980,2619,1767561496419748446,47,81851198
1157,549.3130,100,1980,2619,1767561496428277982,47,81851198
1158,549.3130,100,1980,2619,1767561496434854700,47,81851198
1159,549.3130,100,1980,2619,1767561496439710888,48,81851198
1160,549.3130,100,1980,2619,1767561496445123166,48,81851198
1161,549.3130,100,1980,2619,1767561496452007146,48,81851198
1162,549.3130,100,1980,2619,1767561496458110172,48,81851198
1163,549.3130,100,1980,2619,1767561496463035000,48,81851198
1164,549.3130,100,1980,2619,1767561496471037243,48,81851198
1165,549.3130,100,1980,2619,1767561496475976085,48,81851198
1166,549.3130,100,1980,2619,1767561496481112271,48,81851198
1167,549.3130,100,1980,2619,1767561496500318654,48,81922464
1168,549.3130,100,1980,2619,1767561496505569590,48,81922464
1169,559.4220,100,1980,2619,1767561496512355299,48,81922464
1170,559.4220,100,1980,2619,1767561496517270334,48,81922464
1171,559.4220,100,1980,2619,1767561496522126393,48,81922464
1172,559.4220,100,1980,2619,1767561496532771785,48,81922464
1173,559.4220,100,1980,2619,1767561496537729315,48,81922464
1174,559.4220,100,1980,2619,1767561496542535519,48,81922464
1175,559.4220,100,1980,2619,1767561496550513091,48,81922464
1176,559.4220,100,1980,2619,1767561496555473310,48,81922464
1177,559.4220,100,1980,2619,1767561496560230426,48,81922464
1178,559.4220,100,1980,2619,1767561496565081301,48,81922464
1179,559.4220,100,1980,2619,1767561496571768802,48,81922464
1180,559.4220,100,1980,2619,1767561496576581854,48,81922464
1181,559.4220,100,1980,2619,1767561496581473465,48,81922464
1182,559.4220,100,1980,2619,1767561496601713536,48,81993115
1183,559.4220,100,1980,2619,1767561496610169217,48,81993115
1184,559.4220,100,1980,2619,1767561496615598808,48,81993115
1185,559.4220,100,1980,2619,1767561496620652849,48,81993115
1186,559.4220,100,1980,2619,1767561496627726715,48,81993115
1187,559.4220,100,1980,2619,1767561496634596104,48,81993115
1188,571.1030,100,1980,2619,1767561496639110278,48,81993115
1189,571.1030,100,1980,2619,1767561496644969082,48,81993115
1190,571.1030,100,1980,2619,1767561496651605960,48,81993115
1191,571.1030,100,1980,2619,1767561496656148037,48,81993115
1192,571.1030,100,1980,2619,1767561496660708963,48,81993115
1193,571.1030,100,1980,2619,1767561496665309568,48,81993115
1194,571.1030,100,1980,2619,1767561496671944718,48,81993115
1195,571.1030,100,1980,2619,1767561496676942697,48,81993115
1196,571.1030,100,1980,2619,1767561496683060122,48,82060976
1197,571.1030,100,1980,2619,1767561496700677461,48,82060976
1198,571.1030,100,1980,2619,1767561496709934863,48,82060976
1199,571.1030,100,1980,2619,1767561496716177408,48,82060976
1200,571.1030,100,1980,2619,1767561496720792701,48,82060976
1201,571.1030,100,1980,2619,1767561496728069414,48,82060976
1202,571.1030,100,1980,2619,1767561496735212977,48,82060976
1203,571.1030,100,1980,2619,1767561496740197131,48,82060976
1204,571.1030,100,1980,2619,1767561496745209125,48,82060976
1205,571.1030,100,1980,2619,1767561496751850419,48,82060976
1206,589.6680,100,1980,2619,1767561496756771662,48,82060976
1207,589.6680,100,1980,2619,1767561496761857863,48,82060976
1208,589.6680,100,1980,2619,1767561496770282984,48,82060976
1209,589.6680,100,1980,2619,1767561496775407777,48,82060976
1210,589.6680,100,1980,2619,1767561496780356059,48,82060976
1211,589.6680,100,1980,2619,1767561496786068656,48,82131623
1212,589.6680,100,1980,2619,1767561496802247862,48,82131623
1213,589.6680,100,1980,2619,1767561496810379737,48,82131623
1214,589.6680,100,1980,2619,1767561496815316307,47,82131623
1215,589.6680,100,1980,2619,1767561496822138752,47,82131623
1216,589.6680,100,1980,2619,1767561496832677872,47,82131623
1217,589.6680,100,1980,2619,1767561496838841730,47,82131623
1218,589.6680,100,1980,2619,1767561496845026259,47,82131623
1219,589.6680,100,1980,2619,1767561496851603202,47,82131623
1220,589.6680,100,1980,2619,1767561496856151296,47,82131623
1221,589.6680,100,1980,2619,1767561496860668701,47,82131623
1222,589.6680,100,1980,2619,1767561496865286746,47,82131623
1223,589.6680,100,1980,2619,1767561496871892744,47,82131623
1224,589.6680,100,1980,2619,1767561496876064649,47,82131623
1225,589.6680,100,1980,2619,1767561496880420968,47,82131623
1226,598.6060,100,1980,2619,1767561496886564730,47,82201928
1227,598.6060,100,1980,2619,1767561496901144587,47,82201928
1228,598.6060,100,1980,2619,1767561496905250444,47,82201928
1229,598.6060,100,1980,2619,1767561496911766684,47,82201928
1230,598.6060,100,1980,2619,1767561496915683774,47,82201928
1231,598.6060,100,1980,2619,1767561496919633440,47,82201928
1232,598.6060,100,1980,2619,1767561496927118215,47,82201928
1233,598.6060,100,1980,2619,1767561496934668846,47,82201928
1234,598.6060,100,1980,2619,1767561496939617641,47,82201928
1235,598.6060,100,1980,2619,1767561496945257151,47,82201928
1236,598.6060,100,1980,2619,1767561496951796685,47,82201928
1237,598.6060,100,1980,2619,1767561496960951368,47,82201928
1238,598.6060,100,1980,2619,1767561496965935170,47,82201928
1239,598.6060,100,1980,2619,1767561496972630160,47,82201928
1240,598.6060,100,1980,2619,1767561496977742634,47,82201928
1241,598.6060,100,1980,2619,1767561496983127201,47,82261239
1242,598.6060,100,1980,2619,1767561497001427895,47,82261239
1243,598.6060,100,1980,2619,1767561497009997430,47,82261239
1244,588.9360,100,1980,2619,1767561497014586579,47,82261239
1245,588.9360,100,1980,2619,1767561497018797043,47,82261239
1246,588.9360,100,1980,2619,1767561497024266730,47,82261239
1247,588.9360,100,1980,2619,1767561497033739971,47,82261239
1248,588.9360,100,1980,2619,1767561497037833956,47,82261239
1249,588.9360,100,1980,2619,1767561497043458233,47,82261239
1250,588.9360,100,1980,2619,1767561497051314238,47,82261239
1251,588.9360,100,1980,2619,1767561497056544598,47,82261239
1252,588.9360,100,1980,2619,1767561497062190764,47,82261239
1253,588.9360,100,1980,2619,1767561497070209967,47,82261239
1254,588.9360,100,1980,2619,1767561497075221801,47,82261239
1255,588.9360,100,1980,2619,1767561497081648857,47,82261239
1256,588.9360,100,1980,2619,1767561497100753864,47,82331174
1257,588.9360,100,1980,2619,1767561497105757346,47,82331174
1258,588.9360,100,1980,2619,1767561497112610991,47,82331174
1259,588.9360,100,1980,2619,1767561497117793768,47,82331174
1260,588.9360,100,1980,2619,1767561497123589308,47,82331174
1261,588.9360,100,1980,2619,1767561497133817806,47,82331174
1262,592.5750,100,1980,2619,1767561497141052280,47,82331174
1263,592.5750,100,1980,2619,1767561497146163858,47,82331174
1264,592.5750,100,1980,2619,1767561497152895390,47,82331174
1265,592.5750,100,1980,2619,1767561497157670778,47,82331174
1266,592.5750,100,1980,2619,1767561497162928979,47,82331174
1267,592.5750,100,1980,2619,1767561497171057973,47,82331174
1268,592.5750,100,1980,2619,1767561497176564940,47,82331174
1269,592.5750,100,1980,2619,1767561497181101802,48,82331174
1270,592.5750,100,1980,2619,1767561497188146068,48,82401276
1271,592.5750,100,1980,2619,1767561497203799486,48,82401276
1272,592.5750,100,1980,2619,1767561497211669955,48,82401276
1273,592.5750,100,1980,2619,1767561497215744388,48,82401276
1274,592.5750,100,1980,2619,1767561497219736997,48,82401276
1275,592.5750,100,1980,2619,1767561497227095182,48,82401276
1276,592.5750,100,1980,2619,1767561497233678557,48,82401276
1277,592.5750,100,1980,2619,1767561497237643615,48,82401276
1278,592.5750,100,1980,2619,1767561497242470138,48,82401276
1279,592.5750,100,1980,2619,1767561497250728796,48,82401276
1280,592.5750,100,1980,2619,1767561497254677022,48,82401276
1281,585.4230,100,1980,2619,1767561497258749631,48,82401276
1282,585.4230,100,1980,2619,1767561497262806113,48,82401276
1283,585.4230,100,1980,2619,1767561497270764581,48,82401276
1284,585.4230,100,1980,2619,1767561497274671399,48,82401276
1285,585.4230,100,1980,2619,1767561497278837543,48,82401276
1286,585.4230,100,1980,2619,1767561497283058408,48,82460399
1287,585.4230,100,1980,2619,1767561497300611747,48,82460399
1288,585.4230,100,1980,2619,1767561497304575141,48,82460399
1289,585.4230,100,1980,2619,1767561497311194675,47,82460399
1290,585.4230,100,1980,2619,1767561497315201109,47,82460399
1291,585.4230,100,1980,2619,1767561497319242903,47,82460399
1292,585.4230,100,1980,2619,1767561497324892492,47,82460399
1293,585.4230,100,1980,2619,1767561497331360571,47,82460399
1294,585.4230,100,1980,2619,1767561497335410492,47,82460399
1295,585.4230,100,1980,2619,1767561497339437246,47,82460399
1296,585.4230,100,1980,2619,1767561497344589047,47,82460399
1297,585.4230,100,1980,2619,1767561497351331236,47,82460399
1298,585.4230,100,1980,2619,1767561497355156744,47,82460399
1299,585.4230,100,1980,2619,1767561497359207433,47,82460399
1300,585.4230,100,1980,2619,1767561497364642176,47,82460399
1301,585.4230,100,1980,2619,1767561497371194350,47,82460399
1302,585.4230,100,1980,2619,1767561497375254928,47,82460399
1303,585.4230,100,1980,2619,1767561497379093331,47,82460399
1304,574.3690,100,1980,2619,1767561497384844520,47,82519667
1305,574.3690,100,1980,2619,1767561497400632048,47,82519667
1306,574.3690,100,1980,2619,1767561497404909072,47,82519667
1307,574.3690,100,1980,2619,1767561497411291392,47,82519667
1308,574.3690,100,1980,2619,1767561497415114307,47,82519667
1309,574.3690,100,1980,2619,1767561497418866855,47,82519667
1310,574.3690,100,1980,2619,1767561497423859009,47,82519667
1311,574.3690,100,1980,2619,1767561497433559095,47,82519667
1312,574.3690,100,1980,2619,1767561497437211132,47,82519667
1313,574.3690,100,1980,2619,1767561497441118463,47,82519667
1314,574.3690,100,1980,2619,1767561497449588319,47,82519667
1315,574.3690,100,1980,2619,1767561497453846718,47,82519667
1316,574.3690,100,1980,2619,1767561497457604386,47,82519667
1317,574.3690,100,1980,2619,1767561497461524932,47,82519667
1318,574.3690,100,1980,2619,1767561497465586822,47,82519667
1319,574.3690,100,1980,2619,1767561497472080309,47,82519667
1320,574.3690,100,1980,2619,1767561497475756857,47,82519667
1321,574.3690,100,1980,2619,1767561497480121464,47,82519667
1322,574.3690,100,1980,2619,1767561497485654030,47,82564348
1323,574.3690,100,1980,2619,1767561497501590102,47,82564348
1324,574.3690,100,1980,2619,1767561497509913783,47,82564348
1325,546.0260,100,1980,2619,1767561497514444661,47,82564348
1326,546.0260,100,1980,2619,1767561497519229552,47,82564348
1327,546.0260,100,1980,2619,1767561497527783248,47,82564348
1328,546.0260,100,1980,2619,1767561497534435646,47,82564348
1329,546.0260,100,1980,2619,1767561497538720382,47,82564348
1330,546.0260,100,1980,2619,1767561497542999325,47,82564348
1331,546.0260,100,1980,2619,1767561497551016608,47,82564348
1332,546.0260,100,1980,2619,1767561497554930467,47,82564348
1333,546.0260,100,1980,2619,1767561497559077796,47,82564348
1334,546.0260,100,1980,2619,1767561497564660698,47,82564348
1335,546.0260,100,1980,2619,1767561497571428039,47,82564348
1336,546.0260,100,1980,2619,1767561497575767238,47,82564348
1337,546.0260,100,1980,2619,1767561497579683304,47,82564348
1338,546.0260,100,1980,2619,1767561497585198942,47,82629651
1339,546.0260,100,1980,2619,1767561497601269317,47,82629651
1340,546.0260,100,1980,2619,1767561497605227687,47,82629651
1341,546.0260,100,1980,2619,1767561497612081779,47,82629651
1342,546.0260,100,1980,2619,1767561497616660753,47,82629651
1343,546.0260,100,1980,2619,1767561497621043728,47,82629651
1344,546.0260,100,1980,2619,1767561497627947868,47,82629651
1345,546.0260,100,1980,2619,1767561497634559402,47,82629651
1346,535.8450,100,1980,2619,1767561497638926153,47,82629651
1347,535.8450,100,1980,2619,1767561497645168122,47,82629651
1348,535.8450,100,1980,2619,1767561497651777960,47,82629651
1349,535.8450,100,1980,2619,1767561497656631364,47,82629651
1350,535.8450,100,1980,2619,1767561497661440671,47,82629651
1351,535.8450,100,1980,2619,1767561497670162621,47,82629651
1352,535.8450,100,1980,2619,1767561497674911737,47,82629651
1353,535.8450,100,1980,2619,1767561497679866644,47,82629651
1354,535.8450,100,1980,2619,1767561497685624169,47,82693288
1355,535.8450,100,1980,2619,1767561497701792814,47,82693288
1356,535.8450,100,1980,2619,1767561497710347886,47,82693288
1357,535.8450,100,1980,2619,1767561497715880548,47,82693288
1358,535.8450,100,1980,2619,1767561497721407770,47,82693288
1359,535.8450,100,1980,2619,1767561497731176016,47,82693288
1360,535.8450,100,1980,2619,1767561497734901332,47,82693288
1361,535.8450,100,1980,2619,1767561497738744759,47,82693288
1362,535.8450,100,1980,2619,1767561497742685402,47,82693288
1363,535.8450,100,1980,2619,1767561497750542910,47,82693288
1364,535.8450,100,1980,2619,1767561497755172411,47,82693288
1365,535.2020,100,1980,2619,1767561497758962334,47,82693288
1366,535.2020,100,1980,2619,1767561497762881761,47,82693288
1367,535.2020,100,1980,2619,1767561497770844517,47,82693288
1368,535.2020,100,1980,2619,1767561497774794183,47,82693288
1369,535.2020,100,1980,2619,1767561497778633930,47,82693288
1370,535.2020,100,1980,2619,1767561497782871882,47,82754328
1371,535.2020,100,1980,2619,1767561497800767267,47,82754328
1372,535.2020,100,1980,2619,1767561497804790149,47,82754328
1373,535.2020,100,1980,2619,1767561497811264564,48,82754328
1374,535.2020,100,1980,2619,1767561497815051575,48,82754328
1375,535.2020,100,1980,2619,1767561497818898074,48,82754328
1376,535.2020,100,1980,2619,1767561497823017243,48,82754328
1377,535.2020,100,1980,2619,1767561497831123870,48,82754328
1378,535.2020,100,1980,2619,1767561497834990113,48,82754328
1379,535.2020,100,1980,2619,1767561497838806596,48,82754328
1380,535.2020,100,1980,2619,1767561497842641415,48,82754328
1381,535.2020,100,1980,2619,1767561497850794857,48,82754328
1382,535.2020,100,1980,2619,1767561497854512077,48,82754328
1383,535.2020,100,1980,2619,1767561497858992140,48,82754328
1384,535.2020,100,1980,2619,1767561497862849519,48,82754328
1385,535.2020,100,1980,2619,1767561497870815506,48,82754328
1386,535.2020,100,1980,2619,1767561497874606997,48,82754328
1387,505.6010,100,1980,2619,1767561497878634775,48,82754328
1388,505.6010,100,1980,2619,1767561497882718168,48,82798978
1389,505.6010,100,1980,2619,1767561497900116917,48,82798978
1390,505.6010,100,1980,2619,1767561497904581555,48,82798978
1391,505.6010,100,1980,2619,1767561497910952003,48,82798978
1392,505.6010,100,1980,2619,1767561497914755974,48,82798978
1393,505.6010,100,1980,2619,1767561497920589339,48,82798978
1394,505.6010,100,1980,2619,1767561497928047714,48,82798978
1395,505.6010,100,1980,2619,1767561497952813895,46,82798978
1396,505.6010,100,1980,2619,1767561497962015874,46,82798978
1397,505.6010,100,1980,2619,1767561497971805783,46,82798978
1398,505.6010,100,1980,2619,1767561497975611707,46,82798978
1399,505.6010,100,1980,2619,1767561497979342975,46,82798978
1400,505.6010,100,1980,2619,1767561497985065300,46,82843489
1401,505.6010,100,1980,2619,1767561498001137786,46,82843489
1402,505.6010,100,1980,2619,1767561498005134396,46,82843489
1403,487.7730,100,1980,2619,1767561498011637515,46,82843489
1404,487.7730,100,1980,2619,1767561498015509678,46,82843489
1405,487.7730,100,1980,2619,1767561498019275602,46,82843489
1406,487.7730,100,1980,2619,1767561498024698344,46,82843489
1407,487.7730,100,1980,2619,1767561498031326678,46,82843489
1408,487.7730,100,1980,2619,1767561498035139417,46,82843489
1409,487.7730,100,1980,2619,1767561498038972285,46,82843489
1410,487.7730,100,1980,2619,1767561498042859679,46,82843489
1411,487.7730,100,1980,2619,1767561498050820739,46,82843489
1412,487.7730,100,1980,2619,1767561498054524167,46,82843489
1413,487.7730,100,1980,2619,1767561498058485097,45,82843489
1414,487.7730,100,1980,2619,1767561498062396748,45,82843489
1415,487.7730,100,1980,2619,1767561498070537550,45,82843489
1416,487.7730,100,1980,2619,1767561498075760839,45,82843489
1417,487.7730,100,1980,2619,1767561498079749321,45,82843489
1418,487.7730,100,1980,2619,1767561498085332734,45,82889694
1419,487.7730,100,1980,2619,1767561498100634539,45,82889694
1420,487.7730,100,1980,2619,1767561498104645965,45,82889694
1421,487.7730,100,1980,2619,1767561498111233787,45,82889694
1422,487.7730,100,1980,2619,1767561498115297308,45,82889694
1423,487.7730,100,1980,2619,1767561498119271710,45,82889694
1424,487.7730,100,1980,2619,1767561498124908660,45,82889694
1425,487.7730,100,1980,2619,1767561498131696417,45,82889694
1426,464.8820,100,1980,2619,1767561498135761154,45,82889694
1427,464.8820,100,1980,2619,1767561498140084833,45,82889694
1428,464.8820,100,1980,2619,1767561498144687358,45,82889694
1429,464.8820,100,1980,2619,1767561498151200781,45,82889694
1430,464.8820,100,1980,2619,1767561498155387118,45,82889694
1431,464.8820,100,1980,2619,1767561498159315152,45,82889694
1432,464.8820,100,1980,2619,1767561498164730631,45,82889694
1433,464.8820,100,1980,2619,1767561498171370325,45,82889694
1434,464.8820,100,1980,2619,1767561498176092785,45,82889694
1435,464.8820,100,1980,2619,1767561498180148754,46,82889694
1436,464.8820,100,1980,2619,1767561498186038790,46,82950623
1437,464.8820,100,1980,2619,1767561498203166213,46,82950623
1438,464.8820,100,1980,2619,1767561498211017161,46,82950623
1439,464.8820,100,1980,2619,1767561498215016139,46,82950623
1440,464.8820,100,1980,2619,1767561498219060109,46,82950623
1441,464.8820,100,1980,2619,1767561498224509572,46,82950623
1442,464.8820,100,1980,2619,1767561498234004092,46,82950623
1443,464.8820,100,1980,2619,1767561498237801471,46,82950623
1444,464.8820,100,1980,2619,1767561498241938144,46,82950623
1445,464.8820,100,1980,2619,1767561498249955620,46,82950623
1446,464.8820,100,1980,2619,1767561498253952902,46,82950623
1447,459.2020,100,1980,2619,1767561498257950760,46,82950623
1448,459.2020,100,1980,2619,1767561498262058760,46,82950623
1449,459.2020,100,1980,2619,1767561498270419849,46,82950623
1450,459.2020,100,1980,2619,1767561498274259404,46,82950623
1451,459.2020,100,1980,2619,1767561498278910281,46,82950623
1452,459.2020,100,1980,2619,1767561498283097706,46,83012063
1453,459.2020,100,1980,2619,1767561498300453478,46,83012063
1454,459.2020,100,1980,2619,1767561498304465672,46,83012063
1455,459.2020,100,1980,2619,1767561498311090966,47,83012063
1456,459.2020,100,1980,2619,1767561498315229367,47,83012063
1457,459.2020,100,1980,2619,1767561498319242041,47,83012063
1458,459.2020,100,1980,2619,1767561498324907790,47,83012063
1459,459.2020,100,1980,2619,1767561498331491196,47,83012063
1460,459.2020,100,1980,2619,1767561498335536221,47,83012063
1461,459.2020,100,1980,2619,1767561498339617343,47,83012063
1462,459.2020,100,1980,2619,1767561498344640249,47,83012063
1463,459.2020,100,1980,2619,1767561498351202855,47,83012063
1464,459.2020,100,1980,2619,1767561498355120553,47,83012063
1465,459.2020,100,1980,2619,1767561498359129739,47,83012063
1466,459.2020,100,1980,2619,1767561498364630690,47,83012063
1467,459.2020,100,1980,2619,1767561498371326287,47,83012063
1468,459.2020,100,1980,2619,1767561498375375569,47,83012063
1469,461.7730,100,1980,2619,1767561498379943310,47,83012063
1470,461.7730,100,1980,2619,1767561498385983904,47,83075035
1471,461.7730,100,1980,2619,1767561498401580651,47,83075035
1472,461.7730,100,1980,2619,1767561498405502030,47,83075035
1473,461.7730,100,1980,2619,1767561498412277914,47,83075035
1474,461.7730,100,1980,2619,1767561498416350875,47,83075035
1475,461.7730,100,1980,2619,1767561498420356413,47,83075035
1476,461.7730,100,1980,2619,1767561498427098954,47,83075035
1477,461.7730,100,1980,2619,1767561498433664025,47,83075035
1478,461.7730,100,1980,2619,1767561498437700155,47,83075035
1479,461.7730,100,1980,2619,1767561498441803131,47,83075035
1480,461.7730,100,1980,2619,1767561498449843870,47,83075035
1481,461.7730,100,1980,2619,1767561498454257245,47,83075035
1482,461.7730,100,1980,2619,1767561498458299935,47,83075035
1483,461.7730,100,1980,2619,1767561498462396160,47,83075035
1484,461.7730,100,1980,2619,1767561498470442915,47,83075035
1485,461.7730,100,1980,2619,1767561498474512804,47,83075035
1486,461.7730,100,1980,2619,1767561498478912259,47,83075035
1487,461.7730,100,1980,2619,1767561498484501689,47,83133785
1488,461.7730,100,1980,2619,1767561498500418017,47,83133785
1489,461.7730,100,1980,2619,1767561498504517666,47,83133785
1490,475.8720,100,1980,2619,1767561498511084880,47,83133785
1491,475.8720,100,1980,2619,1767561498515092498,47,83133785
1492,475.8720,100,1980,2619,1767561498519134387,47,83133785
1493,475.8720,100,1980,2619,1767561498524968456,47,83133785
1494,475.8720,100,1980,2619,1767561498531503766,47,83133785
1495,475.8720,100,1980,2619,1767561498535553911,47,83133785
1496,475.8720,100,1980,2619,1767561498539576345,47,83133785
1497,475.8720,100,1980,2619,1767561498544580691,47,83133785
1498,475.8720,100,1980,2619,1767561498551322721,47,83133785
1499,475.8720,100,1980,2619,1767561498555295907,47,83133785
1500,475.8720,100,1980,2619,1767561498560031743,47,83133785
1501,475.8720,100,1980,2619,1767561498565053880,47,83133785
1502,475.8720,100,1980,2619,1767561498571731878,47,83133785
1503,475.8720,100,1980,2619,1767561498577972087,47,83133785
1504,475.8720,100,1980,2619,1767561498583061201,47,83193925
1505,475.8720,100,1980,2619,1767561498601984514,47,83193925
1506,475.8720,100,1980,2619,1767561498610103621,47,83193925
1507,475.8720,100,1980,2619,1767561498615025152,47,83193925
1508,475.8720,100,1980,2619,1767561498622090634,47,83193925
1509,475.8720,100,1980,2619,1767561498651875785,47,83193925
1510,477.8660,100,1980,2619,1767561498660780390,47,83193925
1511,477.8660,100,1980,2619,1767561498665622881,47,83193925
1512,477.8660,100,1980,2619,1767561498672360495,47,83193925
1513,477.8660,100,1980,2619,1767561498677240938,47,83193925
1514,477.8660,100,1980,2619,1767561498682850655,48,83265131
1515,477.8660,100,1980,2619,1767561498701025814,48,83265131
1516,477.8660,100,1980,2619,1767561498709934579,48,83265131
1517,477.8660,100,1980,2619,1767561498714879469,48,83265131
1518,477.8660,100,1980,2619,1767561498719234668,48,83265131
1519,477.8660,100,1980,2619,1767561498727723661,48,83265131
1520,477.8660,100,1980,2619,1767561498734425114,48,83265131
1521,477.8660,100,1980,2619,1767561498738760857,48,83265131
1522,477.8660,100,1980,2619,1767561498743233911,48,83265131
1523,477.8660,100,1980,2619,1767561498751228891,48,83265131
1524,477.8660,100,1980,2619,1767561498756002103,48,83265131
1525,481.1750,100,1980,2619,1767561498760382998,48,83265131
1526,481.1750,100,1980,2619,1767561498764893460,48,83265131
1527,481.1750,100,1980,2619,1767561498771519394,48,83265131
1528,481.1750,100,1980,2619,1767561498776028448,48,83265131
1529,481.1750,100,1980,2619,1767561498780452670,48,83265131
1530,481.1750,100,1980,2619,1767561498786351250,48,83335236
1531,481.1750,100,1980,2619,1767561498802393625,48,83335236
1532,481.1750,100,1980,2619,1767561498810563611,48,83335236
1533,481.1750,100,1980,2619,1767561498815515190,48,83335236
1534,481.1750,100,1980,2619,1767561498821042060,48,83335236
1535,481.1750,100,1980,2619,1767561498828143639,48,83335236
1536,481.1750,100,1980,2619,1767561498834865475,48,83335236
1537,481.1750,100,1980,2619,1767561498839765374,48,83335236
1538,481.1750,100,1980,2619,1767561498845175574,48,83335236
1539,481.1750,100,1980,2619,1767561498851770500,48,83335236
1540,481.1750,100,1980,2619,1767561498856847902,48,83335236
1541,481.1750,100,1980,2619,1767561498861881784,48,83335236
1542,481.1750,100,1980,2619,1767561498870201401,48,83335236
1543,481.1750,100,1980,2619,1767561498875351090,48,83335236
1544,481.1750,100,1980,2619,1767561498880695082,48,83335236
1545,506.5630,100,1980,2619,1767561498886970363,48,83405374
1546,506.5630,100,1980,2619,1767561498902009000,48,83405374
1547,506.5630,100,1980,2619,1767561498910188107,48,83405374
1548,506.5630,100,1980,2619,1767561498916883193,48,83405374
1549,506.5630,100,1980,2619,1767561498921843827,48,83405374
1550,506.5630,100,1980,2619,1767561498932524898,48,83405374
1551,506.5630,100,1980,2619,1767561498937719067,48,83405374
1552,506.5630,100,1980,2619,1767561498942787893,48,83405374
1553,506.5630,100,1980,2619,1767561498950798584,48,83405374
1554,506.5630,100,1980,2619,1767561498955907953,48,83405374
1555,506.5630,100,1980,2619,1767561498962253826,48,83405374
1556,506.5630,100,1980,2619,1767561498974364647,48,83405374
1557,506.5630,100,1980,2619,1767561498979454304,48,83405374
1558,506.5630,100,1980,2619,1767561498985264884,48,83475067
1559,506.5630,100,1980,2619,1767561499001895927,48,83475067
1560,506.5630,100,1980,2619,1767561499010324823,48,83475067
1561,544.7560,100,1980,2619,1767561499015214514,48,83475067
1562,544.7560,100,1980,2619,1767561499022101694,48,83475067
1563,544.7560,100,1980,2619,1767561499032598223,48,83475067
1564,544.7560,100,1980,2619,1767561499037908327,48,83475067
1565,544.7560,100,1980,2619,1767561499042938465,48,83475067
1566,544.7560,100,1980,2619,1767561499051047139,48,83475067
1567,544.7560,100,1980,2619,1767561499056049182,48,83475067
1568,544.7560,100,1980,2619,1767561499060987129,48,83475067
1569,544.7560,100,1980,2619,1767561499065912020,48,83475067
1570,544.7560,100,1980,2619,1767561499072627840,48,83475067
1571,544.7560,100,1980,2619,1767561499077903160,48,83475067
1572,544.7560,100,1980,2619,1767561499083249520,48,83545161
1573,544.7560,100,1980,2619,1767561499101112842,48,83545161
1574,544.7560,100,1980,2619,1767561499110428195,48,83545161
1575,544.7560,100,1980,2619,1767561499115451165,48,83545161
1576,544.7560,100,1980,2619,1767561499120344632,48,83545161
1577,544.7560,100,1980,2619,1767561499131831682,48,83545161
1578,564.1770,100,1980,2619,1767561499136948987,48,83545161
1579,564.1770,100,1980,2619,1767561499142084148,48,83545161
1580,564.1770,100,1980,2619,1767561499149456221,48,83545161
1581,564.1770,100,1980,2619,1767561499153443615,48,83545161
1582,564.1770,100,1980,2619,1767561499157426081,48,83545161
1583,564.1770,100,1980,2619,1767561499161589889,48,83545161
1584,564.1770,100,1980,2619,1767561499169561284,48,83545161
1585,564.1770,100,1980,2619,1767561499173444807,48,83545161
1586,564.1770,100,1980,2619,1767561499177772103,48,83545161
1587,564.1770,100,1980,2619,1767561499182724417,48,83612609
1588,564.1770,100,1980,2619,1767561499202091439,48,83612609
1589,564.1770,100,1980,2619,1767561499209957556,48,83612609
1590,564.1770,100,1980,2619,1767561499214012629,48,83612609
1591,564.1770,100,1980,2619,1767561499218050327,48,83612609
1592,564.1770,100,1980,2619,1767561499222175063,48,83612609
1593,564.1770,100,1980,2619,1767561499230252570,48,83612609
1594,564.1770,100,1980,2619,1767561499234309276,48,83612609
1595,564.1770,100,1980,2619,1767561499238304542,48,83612609
1596,564.1770,100,1980,2619,1767561499242478142,48,83612609
1597,564.1770,100,1980,2619,1767561499250697536,48,83612609
1598,564.1770,100,1980,2619,1767561499254727969,48,83612609
1599,565.0620,100,1980,2619,1767561499258658436,48,83612609
1600,565.0620,100,1980,2619,1767561499262787685,48,83612609
1601,565.0620,100,1980,2619,1767561499270791465,48,83612609
1602,565.0620,100,1980,2619,1767561499274726187,48,83612609
1603,565.0620,100,1980,2619,1767561499278770796,48,83612609
1604,565.0620,100,1980,2619,1767561499283022508,48,83671973
1605,565.0620,100,1980,2619,1767561499300312746,48,83671973
1606,565.0620,100,1980,2619,1767561499304573930,48,83671973
1607,565.0620,100,1980,2619,1767561499311940274,48,83671973
1608,565.0620,100,1980,2619,1767561499317018251,48,83671973
1609,565.0620,100,1980,2619,1767561499321830055,48,83671973
1610,565.0620,100,1980,2619,1767561499332470743,48,83671973
1611,565.0620,100,1980,2619,1767561499338985702,48,83671973
1612,565.0620,100,1980,2619,1767561499345010648,48,83671973
1613,565.0620,100,1980,2619,1767561499351709829,48,83671973
1614,565.0620,100,1980,2619,1767561499356552641,48,83671973
1615,565.0620,100,1980,2619,1767561499361404956,48,83671973
1616,565.0620,100,1980,2619,1767561499370410104,48,83671973
1617,565.0620,100,1980,2619,1767561499375615153,48,83671973
1618,567.7560,100,1980,2619,1767561499380336557,48,83671973
1619,567.7560,100,1980,2619,1767561499386056354,48,83739769
1620,567.7560,100,1980,2619,1767561499402378919,48,83739769
1621,567.7560,100,1980,2619,1767561499410416522,48,83739769
1622,567.7560,100,1980,2619,1767561499415256006,48,83739769
1623,567.7560,100,1980,2619,1767561499419930306,48,83739769
1624,567.7560,100,1980,2619,1767561499427629385,48,83739769
1625,567.7560,100,1980,2619,1767561499434258230,48,83739769
1626,567.7560,100,1980,2619,1767561499439973451,49,83739769
1627,567.7560,100,1980,2619,1767561499444886342,49,83739769
1628,567.7560,100,1980,2619,1767561499452043056,49,83739769
1629,567.7560,100,1980,2619,1767561499457567687,49,83739769
1630,567.7560,100,1980,2619,1767561499462034277,49,83739769
1631,567.7560,100,1980,2619,1767561499470318214,49,83739769
1632,567.7560,100,1980,2619,1767561499474704229,49,83739769
1633,567.7560,100,1980,2619,1767561499479327202,49,83739769
1634,567.7560,100,1980,2619,1767561499485037751,49,83810587
1635,567.7560,100,1980,2619,1767561499501204669,49,83810587
1636,567.7560,100,1980,2619,1767561499509867515,49,83810587
1637,580.9300,100,1980,2619,1767561499514230971,49,83810587
1638,580.9300,100,1980,2619,1767561499518596794,49,83810587
1639,580.9300,100,1980,2619,1767561499524134799,49,83810587
1640,580.9300,100,1980,2619,1767561499534061605,49,83810587
1641,580.9300,100,1980,2619,1767561499538572323,49,83810587
1642,580.9300,100,1980,2619,1767561499544874195,49,83810587
1643,580.9300,100,1980,2619,1767561499551745503,49,83810587
1644,580.9300,100,1980,2619,1767561499556670746,49,83810587
1645,580.9300,100,1980,2619,1767561499561744851,49,83810587
1646,580.9300,100,1980,2619,1767561499570194228,49,83810587
1647,580.9300,100,1980,2619,1767561499576342790,49,83810587
1648,580.9300,100,1980,2619,1767561499581382271,49,83810587
1649,580.9300,100,1980,2619,1767561499601412136,49,83881927
1650,580.9300,100,1980,2619,1767561499610271237,49,83881927
1651,580.9300,100,1980,2619,1767561499615257791,49,83881927
1652,580.9300,100,1980,2619,1767561499620242074,49,83881927
1653,580.9300,100,1980,2619,1767561499628111615,49,83881927
1654,580.9300,100,1980,2619,1767561499634902668,49,83881927
1655,589.5270,100,1980,2619,1767561499639844838,49,83881927
1656,589.5270,100,1980,2619,1767561499650239575,49,83881927
1657,589.5270,100,1980,2619,1767561499655234354,49,83881927
1658,589.5270,100,1980,2619,1767561499660231404,49,83881927
1659,589.5270,100,1980,2619,1767561499665265894,49,83881927
1660,589.5270,100,1980,2619,1767561499672226898,49,83881927
1661,589.5270,100,1980,2619,1767561499677597193,49,83881927
1662,589.5270,100,1980,2619,1767561499683183807,49,83951500
1663,589.5270,100,1980,2619,1767561499701246711,49,83951500
1664,589.5270,100,1980,2619,1767561499710194803,49,83951500
1665,589.5270,100,1980,2619,1767561499715207533,49,83951500
1666,589.5270,100,1980,2619,1767561499720156072,49,83951500
1667,589.5270,100,1980,2619,1767561499727768751,49,83951500
1668,589.5270,100,1980,2619,1767561499734584091,49,83951500
1669,589.5270,100,1980,2619,1767561499739782003,49,83951500
1670,589.5270,100,1980,2619,1767561499745150635,49,83951500
1671,589.5270,100,1980,2619,1767561499752117047,49,83951500
1672,589.5270,100,1980,2619,1767561499757472878,49,83951500
1673,590.5350,100,1980,2619,1767561499762466696,49,83951500
1674,590.5350,100,1980,2619,1767561499770622250,49,83951500
1675,590.5350,100,1980,2619,1767561499775686660,49,83951500
1676,590.5350,100,1980,2619,1767561499780808542,49,83951500
1677,590.5350,100,1980,2619,1767561499787007727,49,84023959
1678,590.5350,100,1980,2619,1767561499802212380,49,84023959
1679,590.5350,100,1980,2619,1767561499810681212,49,84023959
1680,590.5350,100,1980,2619,1767561499815605943,49,84023959
1681,590.5350,100,1980,2619,1767561499820614641,49,84023959
1682,590.5350,100,1980,2619,1767561499827793723,49,84023959
1683,590.5350,100,1980,2619,1767561499834396841,49,84023959
1684,590.5350,100,1980,2619,1767561499839405507,49,84023959
1685,590.5350,100,1980,2619,1767561499845104313,49,84023959
1686,590.5350,100,1980,2619,1767561499851737894,49,84023959
1687,590.5350,100,1980,2619,1767561499858765009,49,84023959
1688,590.5350,100,1980,2619,1767561499865193665,49,84023959
1689,590.5350,100,1980,2619,1767561499871781007,49,84023959
1690,590.5350,100,1980,2619,1767561499877179079,49,84023959
1691,590.5350,100,1980,2619,1767561499883204537,49,84093560
1692,592.1510,100,1980,2619,1767561499901000082,49,84093560
1693,592.1510,100,1980,2619,1767561499905794030,49,84093560
1694,592.1510,100,1980,2619,1767561499912430844,49,84093560
1695,592.1510,100,1980,2619,1767561499917087224,49,84093560
1696,592.1510,100,1980,2619,1767561499922447760,49,84093560
1697,592.1510,100,1980,2619,1767561499932509989,49,84093560
1698,592.1510,100,1980,2619,1767561499937328800,49,84093560
1699,592.1510,100,1980,2619,1767561499942087036,49,84093560
1700,592.1510,100,1980,2619,1767561499950332638,49,84093560
1701,592.1510,100,1980,2619,1767561499956111634,49,84093560
1702,592.1510,100,1980,2619,1767561499962506914,49,84093560
1703,592.1510,100,1980,2619,1767561499973985547,49,84093560
1704,592.1510,100,1980,2619,1767561499979009221,49,84093560
1705,592.1510,100,1980,2619,1767561499984999160,49,84163556
1706,592.1510,100,1980,2619,1767561500001474300,49,84163556
1707,592.1510,100,1980,2619,1767561500010205594,49,84163556
1708,591.4260,100,1980,2619,1767561500014953654,49,84163556
1709,591.4260,100,1980,2619,1767561500019608723,49,84163556
1710,591.4260,100,1980,2619,1767561500027724278,49,84163556
1711,591.4260,100,1980,2619,1767561500034367907,49,84163556
1712,591.4260,100,1980,2619,1767561500039001824,49,84163556
1713,591.4260,100,1980,2619,1767561500045034643,49,84163556
1714,591.4260,100,1980,2619,1767561500051611201,49,84163556
1715,591.4260,100,1980,2619,1767561500056455613,49,84163556
1716,591.4260,100,1980,2619,1767561500061178393,49,84163556
1717,591.4260,100,1980,2619,1767561500070141781,49,84163556
1718,591.4260,100,1980,2619,1767561500074818898,49,84163556
1719,591.4260,100,1980,2619,1767561500080734469,49,84163556
1720,591.4260,100,1980,2619,1767561500086981495,49,84234049
1721,591.4260,100,1980,2619,1767561500101999685,49,84234049
1722,591.4260,100,1980,2619,1767561500110196711,49,84234049
1723,591.4260,100,1980,2619,1767561500114905604,49,84234049
1724,591.4260,100,1980,2619,1767561500119620864,49,84234049
1725,591.4260,100,1980,2619,1767561500127912705,49,84234049
1726,591.4260,100,1980,2619,1767561500134558703,49,84234049
1727,590.2840,100,1980,2619,1767561500139521354,49,84234049
1728,590.2840,100,1980,2619,1767561500145101888,49,84234049
1729,590.2840,100,1980,2619,1767561500151645038,49,84234049
1730,590.2840,100,1980,2619,1767561500156622024,49,84234049
1731,590.2840,100,1980,2619,1767561500161437156,49,84234049
1732,590.2840,100,1980,2619,1767561500170052451,49,84234049
1733,590.2840,100,1980,2619,1767561500176808176,49,84234049
1734,590.2840,100,1980,2619,1767561500183159296,49,84302299
1735,590.2840,100,1980,2619,1767561500202822092,49,84302299
1736,590.2840,100,1980,2619,1767561500210942318,49,84302299
1737,590.2840,100,1980,2619,1767561500215682858,49,84302299
1738,590.2840,100,1980,2619,1767561500220471622,49,84302299
1739,590.2840,100,1980,2619,1767561500227981230,49,84302299
1740,590.2840,100,1980,2619,1767561500234560796,49,84302299
1741,590.2840,100,1980,2619,1767561500239297656,49,84302299
1742,590.2840,100,1980,2619,1767561500245058316,49,84302299
1743,590.2840,100,1980,2619,1767561500251659931,49,84302299
1744,590.2840,100,1980,2619,1767561500256992179,49,84302299
1745,597.1080,100,1980,2619,1767561500261910574,49,84302299
1746,597.1080,100,1980,2619,1767561500270081904,49,84302299
1747,597.1080,100,1980,2619,1767561500274979499,49,84302299
1748,597.1080,100,1980,2619,1767561500281595833,49,84302299
1749,597.1080,100,1980,2619,1767561500303188854,49,84374096
1750,597.1080,100,1980,2619,1767561500333174675,49,84374096
1751,597.1080,100,1980,2619,1767561500342781195,49,84374096
1752,597.1080,100,1980,2619,1767561500351324235,49,84374096
1753,597.1080,100,1980,2619,1767561500356339557,49,84374096
1754,597.1080,100,1980,2619,1767561500361441278,49,84374096
1755,597.1080,100,1980,2619,1767561500370325947,49,84374096
1756,597.1080,100,1980,2619,1767561500375224150,49,84374096
1757,597.1080,100,1980,2619,1767561500380219856,49,84374096
1758,597.1080,100,1980,2619,1767561500399761692,49,84445294
1759,607.1910,100,1980,2619,1767561500405145428,49,84445294
1760,607.1910,100,1980,2619,1767561500411703715,49,84445294
1761,607.1910,100,1980,2619,1767561500416655006,49,84445294
1762,607.1910,100,1980,2619,1767561500421732823,49,84445294
1763,607.1910,100,1980,2619,1767561500432302503,49,84445294
1764,607.1910,100,1980,2619,1767561500437776414,49,84445294
1765,607.1910,100,1980,2619,1767561500442809336,50,84445294
1766,607.1910,100,1980,2619,1767561500450935514,50,84445294
1767,607.1910,100,1980,2619,1767561500455817397,50,84445294
1768,607.1910,100,1980,2619,1767561500462017862,50,84445294
1769,607.1910,100,1980,2619,1767561500470101354,50,84445294
1770,607.1910,100,1980,2619,1767561500474916678,50,84445294
1771,607.1910,100,1980,2619,1767561500479777281,50,84445294
1772,607.1910,100,1980,2619,1767561500485435286,50,84517953
1773,607.1910,100,1980,2619,1767561500501407709,50,84517953
1774,607.1910,100,1980,2619,1767561500510386298,50,84517953
1775,609.4930,100,1980,2619,1767561500515205781,50,84517953
1776,609.4930,100,1980,2619,1767561500520127856,50,84517953
1777,609.4930,100,1980,2619,1767561500527989653,50,84517953
1778,609.4930,100,1980,2619,1767561500534635203,50,84517953
1779,609.4930,100,1980,2619,1767561500539502654,50,84517953
1780,609.4930,100,1980,2619,1767561500545084083,50,84517953
1781,609.4930,100,1980,2619,1767561500551654722,50,84517953
1782,609.4930,100,1980,2619,1767561500556668572,50,84517953
1783,609.4930,100,1980,2619,1767561500561540343,50,84517953
1784,609.4930,100,1980,2619,1767561500570054807,50,84517953
1785,609.4930,100,1980,2619,1767561500575413742,50,84517953
1786,609.4930,100,1980,2619,1767561500581603744,50,84517953
1787,609.4930,100,1980,2619,1767561500601251020,50,84591359
1788,609.4930,100,1980,2619,1767561500610161704,50,84591359
1789,609.4930,100,1980,2619,1767561500614925412,50,84591359
1790,609.4930,100,1980,2619,1767561500619771296,50,84591359
1791,609.4930,100,1980,2619,1767561500628139553,50,84591359
1792,609.4930,100,1980,2619,1767561500634690223,50,84591359
1793,611.0640,100,1980,2619,1767561500639393739,50,84591359
1794,611.0640,100,1980,2619,1767561500645036161,50,84591359
1795,611.0640,100,1980,2619,1767561500651859694,50,84591359
1796,611.0640,100,1980,2619,1767561500656677801,50,84591359
1797,611.0640,100,1980,2619,1767561500661499749,50,84591359
1798,611.0640,100,1980,2619,1767561500670069540,50,84591359
1799,611.0640,100,1980,2619,1767561500674932031,50,84591359
1800,611.0640,100,1980,2619,1767561500679874938,50,84591359
1801,611.0640,100,1980,2619,1767561500685499312,50,84661385
1802,611.0640,100,1980,2619,1767561500701549206,50,84661385
1803,611.0640,100,1980,2619,1767561500710144149,50,84661385
1804,611.0640,100,1980,2619,1767561500716790339,50,84661385
1805,611.0640,100,1980,2619,1767561500721603167,50,84661385
1806,611.0640,100,1980,2619,1767561500732472429,50,84661385
1807,611.0640,100,1980,2619,1767561500737455911,50,84661385
1808,611.0640,100,1980,2619,1767561500742303171,50,84661385
1809,611.0640,100,1980,2619,1767561500750365638,50,84661385
1810,610.6250,100,1980,2619,1767561500755216033,50,84661385
1811,610.6250,100,1980,2619,1767561500759993149,50,84661385
1812,610.6250,100,1980,2619,1767561500765133078,50,84661385
1813,610.6250,100,1980,2619,1767561500771705285,50,84661385
1814,610.6250,100,1980,2619,1767561500776540800,50,84661385
1815,610.6250,100,1980,2619,1767561500781357756,50,84661385
1816,610.6250,100,1980,2619,1767561500801675298,50,84733212
1817,610.6250,100,1980,2619,1767561500810074147,50,84733212
1818,610.6250,100,1980,2619,1767561500814904094,50,84733212
1819,610.6250,100,1980,2619,1767561500821572876,50,84733212
1820,610.6250,100,1980,2619,1767561500832360379,50,84733212
1821,610.6250,100,1980,2619,1767561500838505356,50,84733212
1822,610.6250,100,1980,2619,1767561500843464711,50,84733212
1823,610.6250,100,1980,2619,1767561500851547145,50,84733212
1824,610.6250,100,1980,2619,1767561500856398757,50,84733212
1825,610.6250,100,1980,2619,1767561500861601150,50,84733212
1826,610.6250,100,1980,2619,1767561500870194909,50,84733212
1827,610.6250,100,1980,2619,1767561500875134871,50,84733212
1828,610.6250,100,1980,2619,1767561500880080402,50,84733212
1829,610.6250,100,1980,2619,1767561500885579273,50,84803236
1830,610.4860,100,1980,2619,1767561500901636720,50,84803236
1831,610.4860,100,1980,2619,1767561500910083727,50,84803236
1832,610.4860,100,1980,2619,1767561500914984075,50,84803236
1833,610.4860,100,1980,2619,1767561500919795975,50,84803236
1834,610.4860,100,1980,2619,1767561500932035146,50,84803236
1835,610.4860,100,1980,2619,1767561500937348706,50,84803236
1836,610.4860,100,1980,2619,1767561500942311900,50,84803236
1837,610.4860,100,1980,2619,1767561500950169345,50,84803236
1838,610.4860,100,1980,2619,1767561500954771391,50,84803236
1839,610.4860,100,1980,2619,1767561500960311061,50,84803236
1840,610.4860,100,1980,2619,1767561500964976945,50,84803236
1841,610.4860,100,1980,2619,1767561500974902054,50,84803236
1842,610.4860,100,1980,2619,1767561500979611971,50,84803236
1843,610.4860,100,1980,2619,1767561500985322584,50,84873901
1844,610.4860,100,1980,2619,1767561501001868571,50,84873901
1845,610.4860,100,1980,2619,1767561501009967838,50,84873901
1846,611.3200,100,1980,2619,1767561501014549435,50,84873901
1847,611.3200,100,1980,2619,1767561501019026426,50,84873901
1848,611.3200,100,1980,2619,1767561501027706935,50,84873901
1849,611.3200,100,1980,2619,1767561501034550148,50,84873901
1850,611.3200,100,1980,2619,1767561501039094978,50,84873901
1851,611.3200,100,1980,2619,1767561501044922230,50,84873901
1852,611.3200,100,1980,2619,1767561501051586019,50,84873901
1853,611.3200,100,1980,2619,1767561501056365887,50,84873901
1854,611.3200,100,1980,2619,1767561501060866653,49,84873901
1855,611.3200,100,1980,2619,1767561501065399739,49,84873901
1856,611.3200,100,1980,2619,1767561501072156584,49,84873901
1857,611.3200,100,1980,2619,1767561501078008732,49,84873901
1858,611.3200,100,1980,2619,1767561501083040118,49,84942743
1859,611.3200,100,1980,2619,1767561501100750000,49,84942743
1860,611.3200,100,1980,2619,1767561501105449133,49,84942743
1861,611.3200,100,1980,2619,1767561501112008443,49,84942743
1862,611.3200,100,1980,2619,1767561501116589944,49,84942743
1863,611.3200,100,1980,2619,1767561501121278357,49,84942743
1864,611.3200,100,1980,2619,1767561501131915941,49,84942743
1865,611.2200,100,1980,2619,1767561501138660882,49,84942743
1866,611.2200,100,1980,2619,1767561501143201136,49,84942743
1867,611.2200,100,1980,2619,1767561501151307026,49,84942743
1868,611.2200,100,1980,2619,1767561501155893040,49,84942743
1869,611.2200,100,1980,2619,1767561501160382318,49,84942743
1870,611.2200,100,1980,2619,1767561501165024203,49,84942743
1871,611.2200,100,1980,2619,1767561501171515098,49,84942743
1872,611.2200,100,1980,2619,1767561501176164887,49,84942743
1873,611.2200,100,1980,2619,1767561501181145905,49,84942743
1874,611.2200,100,1980,2619,1767561501187780991,49,85013753
1875,611.2200,100,1980,2619,1767561501204331746,49,85013753
1876,611.2200,100,1980,2619,1767561501212590852,49,85013753
1877,611.2200,100,1980,2619,1767561501217453087,49,85013753
1878,611.2200,100,1980,2619,1767561501222196475,49,85013753
1879,611.2200,100,1980,2619,1767561501232723947,49,85013753
1880,611.2200,100,1980,2619,1767561501237987652,49,85013753
1881,611.5230,100,1980,2619,1767561501244908624,49,85013753
1882,611.5230,100,1980,2619,1767561501251480126,49,85013753
1883,611.5230,100,1980,2619,1767561501256144154,49,85013753
1884,611.5230,100,1980,2619,1767561501260862903,49,85013753
1885,611.5230,100,1980,2619,1767561501265517620,49,85013753
1886,611.5230,100,1980,2619,1767561501272050051,49,85013753
1887,611.5230,100,1980,2619,1767561501277129085,49,85013753
1888,611.5230,100,1980,2619,1767561501283107535,49,85081648
1889,611.5230,100,1980,2619,1767561501300896009,49,85081648
1890,611.5230,100,1980,2619,1767561501310108835,49,85081648
1891,611.5230,100,1980,2619,1767561501315039806,49,85081648
1892,611.5230,100,1980,2619,1767561501319976216,49,85081648
1893,611.5230,100,1980,2619,1767561501328046524,49,85081648
1894,611.5230,100,1980,2619,1767561501334633578,49,85081648
1895,611.5230,100,1980,2619,1767561501339616005,49,85081648
1896,611.5230,100,1980,2619,1767561501350483346,49,85081648
1897,611.5230,100,1980,2619,1767561501355889801,49,85081648
1898,610.2950,100,1980,2619,1767561501360853796,49,85081648
1899,610.2950,100,1980,2619,1767561501365735168,49,85081648
1900,610.2950,100,1980,2619,1767561501372310990,49,85081648
1901,610.2950,100,1980,2619,1767561501377553606,49,85081648
1902,610.2950,100,1980,2619,1767561501383251547,49,85153021
1903,610.2950,100,1980,2619,1767561501401390322,49,85153021
1904,610.2950,100,1980,2619,1767561501410058736,49,85153021
1905,610.2950,100,1980,2619,1767561501414657646,50,85153021
1906,610.2950,100,1980,2619,1767561501419139244,50,85153021
1907,610.2950,100,1980,2619,1767561501427411406,50,85153021
1908,610.2950,100,1980,2619,1767561501433891292,50,85153021
1909,610.2950,100,1980,2619,1767561501438073117,50,85153021
1910,610.2950,100,1980,2619,1767561501442342013,50,85153021
1911,610.2950,100,1980,2619,1767561501450220865,50,85153021
1912,610.2950,100,1980,2619,1767561501454067141,50,85153021
1913,610.2950,100,1980,2619,1767561501457969607,50,85153021
1914,610.2950,100,1980,2619,1767561501461921673,50,85153021
1915,610.2950,100,1980,2619,1767561501470052651,50,85153021
1916,610.2950,100,1980,2619,1767561501473954574,50,85153021
1917,610.2950,100,1980,2619,1767561501478059183,50,85153021
1918,604.3270,100,1980,2619,1767561501482654381,50,85218292
1919,604.3270,100,1980,2619,1767561501500989602,50,85218292
1920,604.3270,100,1980,2619,1767561501506164827,50,85218292
1921,604.3270,100,1980,2619,1767561501512761577,50,85218292
1922,604.3270,100,1980,2619,1767561501517683716,50,85218292
1923,604.3270,100,1980,2619,1767561501522874269,50,85218292
1924,604.3270,100,1980,2619,1767561501533114383,50,85218292
1925,604.3270,100,1980,2619,1767561501538311560,50,85218292
1926,604.3270,100,1980,2619,1767561501543379426,50,85218292
1927,604.3270,100,1980,2619,1767561501551653796,50,85218292
1928,604.3270,100,1980,2619,1767561501556831900,50,85218292
1929,604.3270,100,1980,2619,1767561501561777943,50,85218292
1930,604.3270,100,1980,2619,1767561501569845626,50,85218292
1931,604.3270,100,1980,2619,1767561501574292761,50,85218292
1932,604.3270,100,1980,2619,1767561501578776727,50,85218292
1933,604.3270,100,1980,2619,1767561501583083990,50,85285197
1934,604.3270,100,1980,2619,1767561501601047375,50,85285197
1935,604.3270,100,1980,2619,1767561501610175434,50,85285197
1936,596.1860,100,1980,2619,1767561501615161700,50,85285197
1937,596.1860,100,1980,2619,1767561501620093599,50,85285197
1938,596.1860,100,1980,2619,1767561501628315553,50,85285197
1939,596.1860,100,1980,2619,1767561501634899439,50,85285197
1940,596.1860,100,1980,2619,1767561501640957153,50,85285197
1941,596.1860,100,1980,2619,1767561501646276025,50,85285197
1942,596.1860,100,1980,2619,1767561501653871936,50,85285197
1943,596.1860,100,1980,2619,1767561501659373782,50,85285197
1944,596.1860,100,1980,2619,1767561501665334954,50,85285197
1945,596.1860,100,1980,2619,1767561501671918744,50,85285197
1946,596.1860,100,1980,2619,1767561501677542413,50,85285197
1947,596.1860,100,1980,2619,1767561501685361298,50,85354296
1948,596.1860,100,1980,2619,1767561501701806454,50,85354296
1949,596.1860,100,1980,2619,1767561501710324949,50,85354296
1950,596.1860,100,1980,2619,1767561501715579054,50,85354296
1951,596.1860,100,1980,2619,1767561501720885990,50,85354296
1952,596.1860,100,1980,2619,1767561501728211919,50,85354296
1953,596.1860,100,1980,2619,1767561501734969819,50,85354296
1954,595.8490,100,1980,2619,1767561501739265787,50,85354296
1955,595.8490,100,1980,2619,1767561501744259509,50,85354296
1956,595.8490,100,1980,2619,1767561501750862020,50,85354296
1957,595.8490,100,1980,2619,1767561501755008485,50,85354296
1958,595.8490,100,1980,2619,1767561501758658441,50,85354296
1959,595.8490,100,1980,2619,1767561501762339533,50,85354296
1960,595.8490,100,1980,2619,1767561501770496335,50,85354296
1961,595.8490,100,1980,2619,1767561501774084212,50,85354296
1962,595.8490,100,1980,2619,1767561501777741817,50,85354296
1963,595.8490,100,1980,2619,1767561501782281462,50,85413127
1964,595.8490,100,1980,2619,1767561501800208879,50,85413127
1965,595.8490,100,1980,2619,1767561501804313584,50,85413127
1966,595.8490,100,1980,2619,1767561501810827231,50,85413127
1967,595.8490,100,1980,2619,1767561501814447364,50,85413127
1968,595.8490,100,1980,2619,1767561501818047625,50,85413127
1969,595.8490,100,1980,2619,1767561501821679917,50,85413127
1970,595.8490,100,1980,2619,1767561501828092892,50,85413127
1971,595.8490,100,1980,2619,1767561501834595563,50,85413127
1972,595.8490,100,1980,2619,1767561501840249505,50,85413127
1973,595.8490,100,1980,2619,1767561501847567562,50,85413127
1974,595.8490,100,1980,2619,1767561501872732044,50,85413127
1975,556.4220,100,1980,2619,1767561501881799463,50,85413127
1976,556.4220,100,1980,2619,1767561501901607346,50,85444640
1977,556.4220,100,1980,2619,1767561501911072554,50,85444640
1978,556.4220,100,1980,2619,1767561501916707711,47,85444640
1979,556.4220,100,1980,2619,1767561501922138454,47,85444640
1980,556.4220,100,1980,2619,1767561501932900261,47,85444640
1981,556.4220,100,1980,2619,1767561501938930840,47,85444640
1982,556.4220,100,1980,2619,1767561501945286663,47,85444640
1983,556.4220,100,1980,2619,1767561501952150964,47,85444640
1984,556.4220,100,1980,2619,1767561501957949608,47,85444640
1985,556.4220,100,1980,2619,1767561501963387967,47,85444640
1986,556.4220,100,1980,2619,1767561501971719936,47,85444640
1987,556.4220,100,1980,2619,1767561501987082956,47,85504349
1988,533.5320,100,1980,2619,1767561502023422554,47,85504349
1989,533.5320,100,1980,2619,1767561502037646478,47,85504349
1990,533.5320,100,1980,2619,1767561502043696352,47,85504349
1991,533.5320,100,1980,2619,1767561502052603742,47,85504349
1992,533.5320,100,1980,2619,1767561502058350034,49,85504349
1993,533.5320,100,1980,2619,1767561502063631082,49,85504349
1994,533.5320,100,1980,2619,1767561502071809356,49,85504349
1995,533.5320,100,1980,2619,1767561502078956694,49,85504349
1996,533.5320,100,1980,2619,1767561502099573210,49,85574202
1997,533.5320,100,1980,2619,1767561502105472462,49,85574202
1998,533.5320,100,1980,2619,1767561502112348762,49,85574202
1999,533.5320,100,1980,2619,1767561502117940656,49,85574202
2000,533.5320,100,1980,2619,1767561502124582142,49,85574202
2001,533.5320,100,1980,2619,1767561502134069302,49,85574202
2002,534.8940,100,1980,2619,1767561502140359719,49,85574202
2003,534.8940,100,1980,2619,1767561502145792030,49,85574202
2004,534.8940,100,1980,2619,1767561502152793161,49,85574202
2005,534.8940,100,1980,2619,1767561502158456382,49,85574202
2006,534.8940,100,1980,2619,1767561502165673576,49,85574202
2007,534.8940,100,1980,2619,1767561502171963032,49,85574202
2008,534.8940,100,1980,2619,1767561502177972491,49,85574202
2009,534.8940,100,1980,2619,1767561502185387091,49,85645134
2010,534.8940,100,1980,2619,1767561502204174021,49,85645134
2011,534.8940,100,1980,2619,1767561502212318344,49,85645134
2012,534.8940,100,1980,2619,1767561502217635839,49,85645134
2013,534.8940,100,1980,2619,1767561502223772401,49,85645134
2014,534.8940,100,1980,2619,1767561502231711157,49,85645134
2015,534.8940,100,1980,2619,1767561502237710376,49,85645134
2016,534.8940,100,1980,2619,1767561502243456828,49,85645134
2017,534.8940,100,1980,2619,1767561502252023068,49,85645134
2018,534.8940,100,1980,2619,1767561502258294828,49,85645134
2019,537.1000,100,1980,2619,1767561502264179328,49,85645134
2020,537.1000,100,1980,2619,1767561502272081860,49,85645134
2021,537.1000,100,1980,2619,1767561502278288533,49,85645134
2022,537.1000,100,1980,2619,1767561502285302752,49,85716046
2023,537.1000,100,1980,2619,1767561502301762468,49,85716046
2024,537.1000,100,1980,2619,1767561502310494050,49,85716046
2025,537.1000,100,1980,2619,1767561502315848698,50,85716046
2026,537.1000,100,1980,2619,1767561502321524719,50,85716046
2027,537.1000,100,1980,2619,1767561502330793993,50,85716046
2028,537.1000,100,1980,2619,1767561502338171025,50,85716046
2029,537.1000,100,1980,2619,1767561502343634024,50,85716046
2030,537.1000,100,1980,2619,1767561502352019433,50,85716046
2031,537.1000,100,1980,2619,1767561502357657983,50,85716046
2032,537.1000,100,1980,2619,1767561502363601969,50,85716046
2033,537.1000,100,1980,2619,1767561502371526197,50,85716046
2034,537.1000,100,1980,2619,1767561502377333354,50,85716046
2035,537.1000,100,1980,2619,1767561502383692186,50,85786974
2036,537.0580,100,1980,2619,1767561502402593387,50,85786974
2037,537.0580,100,1980,2619,1767561502410718222,50,85786974
2038,537.0580,100,1980,2619,1767561502418591986,50,85786974
2039,537.0580,100,1980,2619,1767561502425609693,50,85786974
2040,537.0580,100,1980,2619,1767561502432843910,50,85786974
2041,537.0580,100,1980,2619,1767561502438390525,50,85786974
2042,537.0580,100,1980,2619,1767561502443837204,50,85786974
2043,537.0580,100,1980,2619,1767561502451998070,50,85786974
2044,537.0580,100,1980,2619,1767561502458591396,50,85786974
2045,537.0580,100,1980,2619,1767561502465572719,50,85786974
2046,537.0580,100,1980,2619,1767561502472502875,50,85786974
2047,537.0580,100,1980,2619,1767561502478962251,50,85786974
2048,537.0580,100,1980,2619,1767561502485400570,50,85857741
2049,537.0580,100,1980,2619,1767561502502070204,50,85857741
2050,537.0580,100,1980,2619,1767561502510413917,50,85857741
2051,546.4530,100,1980,2619,1767561502515894163,50,85857741
2052,546.4530,100,1980,2619,1767561502525740905,50,85857741
2053,546.4530,100,1980,2619,1767561502532886099,50,85857741
2054,546.4530,100,1980,2619,1767561502538771367,50,85857741
2055,546.4530,100,1980,2619,1767561502545679826,50,85857741
2056,546.4530,100,1980,2619,1767561502552027555,50,85857741
2057,546.4530,100,1980,2619,1767561502557506297,50,85857741
2058,546.4530,100,1980,2619,1767561502563592684,50,85857741
2059,546.4530,100,1980,2619,1767561502571541839,50,85857741
2060,546.4530,100,1980,2619,1767561502577610177,50,85857741
2061,546.4530,100,1980,2619,1767561502585394951,50,85928581
2062,546.4530,100,1980,2619,1767561502602810307,50,85928581
2063,546.4530,100,1980,2619,1767561502610952134,50,85928581
2064,546.4530,100,1980,2619,1767561502616721082,50,85928581
2065,546.4530,100,1980,2619,1767561502622416495,50,85928581
2066,546.4530,100,1980,2619,1767561502631391980,50,85928581
2067,548.5840,100,1980,2619,1767561502636999681,50,85928581
2068,548.5840,100,1980,2619,1767561502642587607,50,85928581
2069,548.5840,100,1980,2619,1767561502650740442,50,85928581
2070,548.5840,100,1980,2619,1767561502656016978,50,85928581
2071,548.5840,100,1980,2619,1767561502662089252,50,85928581
2072,548.5840,100,1980,2619,1767561502670491556,50,85928581
2073,548.5840,100,1980,2619,1767561502676425687,50,85928581
2074,548.5840,100,1980,2619,1767561502683508162,50,85999481
2075,548.5840,100,1980,2619,1767561502702179285,50,85999481
2076,548.5840,100,1980,2619,1767561502710421975,50,85999481
2077,548.5840,100,1980,2619,1767561502716089996,50,85999481
2078,548.5840,100,1980,2619,1767561502721848833,50,85999481
2079,548.5840,100,1980,2619,1767561502730974939,50,85999481
2080,548.5840,100,1980,2619,1767561502738878240,50,85999481
2081,548.5840,100,1980,2619,1767561502745871788,50,85999481
2082,548.5840,100,1980,2619,1767561502752456761,50,85999481
2083,548.5840,100,1980,2619,1767561502758726378,50,85999481
2084,549.4890,100,1980,2619,1767561502765441367,50,85999481
2085,549.4890,100,1980,2619,1767561502772489442,50,85999481
2086,549.4890,100,1980,2619,1767561502778584949,50,85999481
2087,549.4890,100,1980,2619,1767561502785840733,50,86070488
2088,549.4890,100,1980,2619,1767561502802536128,50,86070488
2089,549.4890,100,1980,2619,1767561502810499491,50,86070488
2090,549.4890,100,1980,2619,1767561502816389238,50,86070488
2091,549.4890,100,1980,2619,1767561502821918157,50,86070488
2092,549.4890,100,1980,2619,1767561502830857386,50,86070488
2093,549.4890,100,1980,2619,1767561502837579127,50,86070488
2094,549.4890,100,1980,2619,1767561502845664761,50,86070488
2095,549.4890,100,1980,2619,1767561502852026634,50,86070488
2096,549.4890,100,1980,2619,1767561502858047516,50,86070488
2097,549.4890,100,1980,2619,1767561502863616690,50,86070488
2098,549.4890,100,1980,2619,1767561502872161458,50,86070488
2099,549.4890,100,1980,2619,1767561502878604641,50,86070488
2100,588.6440,100,1980,2619,1767561502885820619,50,86141466
2101,588.6440,100,1980,2619,1767561502902302478,50,86141466
2102,588.6440,100,1980,2619,1767561502910432240,50,86141466
2103,588.6440,100,1980,2619,1767561502916286789,50,86141466
2104,588.6440,100,1980,2619,1767561502921775707,50,86141466
2105,588.6440,100,1980,2619,1767561502930692984,50,86141466
2106,588.6440,100,1980,2619,1767561502936216590,50,86141466
2107,588.6440,100,1980,2619,1767561502942167681,50,86141466
2108,588.6440,100,1980,2619,1767561502950387203,50,86141466
2109,588.6440,100,1980,2619,1767561502956254871,50,86141466
2110,588.6440,100,1980,2619,1767561502963569183,50,86141466
2111,588.6440,100,1980,2619,1767561502972033407,50,86141466
2112,588.6440,100,1980,2619,1767561502980896829,50,86141466
2113,588.6440,100,1980,2619,1767561503000965957,50,86213539
2114,588.6440,100,1980,2619,1767561503010737948,50,86213539
2115,610.2150,100,1980,2619,1767561503016324658,50,86213539
2116,610.2150,100,1980,2619,1767561503021801032,50,86213539
2117,610.2150,100,1980,2619,1767561503030836675,50,86213539
2118,610.2150,100,1980,2619,1767561503036185755,50,86213539
2119,610.2150,100,1980,2619,1767561503042224174,50,86213539
2120,610.2150,100,1980,2619,1767561503050357680,50,86213539
2121,610.2150,100,1980,2619,1767561503058656113,50,86213539
2122,610.2150,100,1980,2619,1767561503065366239,50,86213539
2123,610.2150,100,1980,2619,1767561503072978342,50,86213539
2124,610.2150,100,1980,2619,1767561503078446013,50,86213539
2125,610.2150,100,1980,2619,1767561503085601286,50,86283223
2126,610.2150,100,1980,2619,1767561503101936491,50,86283223
2127,610.2150,100,1980,2619,1767561503110784904,50,86283223
2128,610.2150,100,1980,2619,1767561503116967193,50,86283223
2129,610.4430,100,1980,2619,1767561503122754734,50,86283223
2130,610.4430,100,1980,2619,1767561503130974928,50,86283223
2131,610.4430,100,1980,2619,1767561503136724229,50,86283223
2132,610.4430,100,1980,2619,1767561503142500153,50,86283223
2133,610.4430,100,1980,2619,1767561503150740346,50,86283223
2134,610.4430,100,1980,2619,1767561503156442191,50,86283223
2135,610.4430,100,1980,2619,1767561503165870217,50,86283223
2136,610.4430,100,1980,2619,1767561503172286904,50,86283223
2137,610.4430,100,1980,2619,1767561503177764750,50,86283223
2138,610.4430,100,1980,2619,1767561503185777074,50,86354082
2139,610.4430,100,1980,2619,1767561503204070088,50,86354082
2140,610.4430,100,1980,2619,1767561503212417289,50,86354082
2141,610.4430,100,1980,2619,1767561503217727137,50,86354082
2142,610.4430,100,1980,2619,1767561503223761107,50,86354082
2143,610.4430,100,1980,2619,1767561503231813782,50,86354082
2144,610.4430,100,1980,2619,1767561503238334533,50,86354082
2145,610.5530,100,1980,2619,1767561503245470223,50,86354082
2146,610.5530,100,1980,2619,1767561503252376891,50,86354082
2147,610.5530,100,1980,2619,1767561503258183792,50,86354082
2148,610.5530,100,1980,2619,1767561503263958980,50,86354082
2149,610.5530,100,1980,2619,1767561503272406148,50,86354082
2150,610.5530,100,1980,2619,1767561503278756948,50,86354082
2151,610.5530,100,1980,2619,1767561503285451842,50,86425139
2152,610.5530,100,1980,2619,1767561503302003428,50,86425139
2153,610.5530,100,1980,2619,1767561503309469324,50,86425139
2154,610.5530,100,1980,2619,1767561503312895762,50,86425139
2155,610.5530,100,1980,2619,1767561503319876798,50,86425139
2156,610.5530,100,1980,2619,1767561503324469819,50,86425139
2157,610.5530,100,1980,2619,1767561503331566469,50,86425139
2158,610.5530,100,1980,2619,1767561503335033227,50,86425139
2159,610.5530,100,1980,2619,1767561503338356274,50,86425139
2160,610.5530,100,1980,2619,1767561503349207232,50,86425139
2161,610.5530,100,1980,2619,1767561503352578471,50,86425139
2162,595.7060,100,1980,2619,1767561503359442514,50,86425139
2163,595.7060,100,1980,2619,1767561503364191919,50,86425139
2164,595.7060,100,1980,2619,1767561503371257018,50,86425139
2165,595.7060,100,1980,2619,1767561503374604705,50,86425139
2166,595.7060,100,1980,2619,1767561503385694412,50,86466189
2167,595.7060,100,1980,2619,1767561503420902114,50,86466189
2168,595.7060,100,1980,2619,1767561503435715315,50,86466189
2169,595.7060,100,1980,2619,1767561503439255640,49,86466189
2170,595.7060,100,1980,2619,1767561503449389515,49,86466189
2171,595.7060,100,1980,2619,1767561503452731442,49,86466189
2172,595.7060,100,1980,2619,1767561503456016506,49,86466189
2173,595.7060,100,1980,2619,1767561503460042459,49,86466189
2174,595.7060,100,1980,2619,1767561503464191420,49,86466189
2175,595.7060,100,1980,2619,1767561503470620139,49,86466189
2176,595.7060,100,1980,2619,1767561503474791340,49,86466189
2177,595.7060,100,1980,2619,1767561503478527343,49,86466189
2178,595.7060,100,1980,2619,1767561503482551825,49,86489051
2179,595.7060,100,1980,2619,1767561503500059661,49,86489051
2180,595.7060,100,1980,2619,1767561503504208942,49,86489051
2181,530.4950,100,1980,2619,1767561503510678333,49,86489051
2182,530.4950,100,1980,2619,1767561503514623135,49,86489051
2183,530.4950,100,1980,2619,1767561503518405795,49,86489051
2184,530.4950,100,1980,2619,1767561503522452292,49,86489051
2185,530.4950,100,1980,2619,1767561503530521575,49,86489051
2186,530.4950,0,1980,2619,1767561503534237195,49,86489051
2187,530.4950,0,1980,2619,1767561503538203181,49,86489051
2188,530.4950,0,1980,2619,1767561503541988656,49,86489051
2189,530.4950,0,1980,2619,1767561503549939157,49,86489051
2190,530.4950,0,1980,2619,1767561503553895031,45,86489051
2191,530.4950,0,1980,2619,1767561503557803257,45,86489051
2192,530.4950,0,1980,2619,1767561503561688796,45,86489051
2193,530.4950,0,1980,2619,1767561503569635647,45,86489051
2194,530.4950,0,1980,2619,1767561503573800192,45,86489051
2195,530.4950,0,1980,2619,1767561503578238719,45,86489051
2196,530.4950,0,1980,2619,1767561503582450815,45,86512097
2197,530.4950,0,1980,2619,1767561503601753293,45,86512097
2198,530.4950,0,1980,2619,1767561503609698257,45,86512097
2199,530.4950,0,1980,2619,1767561503613526837,45,86512097
2200,530.4950,0,1980,2619,1767561503617278456,45,86512097
2201,530.4950,0,1980,2619,1767561503621144475,45,86512097
2202,530.4950,0,1980,2619,1767561503625302427,45,86512097
2203,530.4950,0,1980,2619,1767561503631916489,45,86512097
2204,469.8930,0,1980,2619,1767561503635662093,45,86512097
2205,469.8930,0,1980,2619,1767561503639449041,45,86512097
2206,469.8930,0,1980,2619,1767561503644175085,45,86512097
2207,469.8930,0,1980,2619,1767561503650578173,45,86512097
2208,469.8930,0,1980,2619,1767561503653938883,45,86512097
2209,469.8930,0,1980,2619,1767561503657387273,45,86512097
2210,469.8930,0,1980,2619,1767561503660741520,45,86512097
2211,469.8930,0,1980,2619,1767561503664799729,45,86512097
2212,469.8930,0,1980,2619,1767561503671294656,45,86512097
2213,469.8930,0,1980,2619,1767561503674971429,45,86512097
2214,469.8930,0,1980,2619,1767561503679144997,45,86512097
2215,469.8930,0,1980,2619,1767561503683153415,45,86535448
2216,469.8930,0,1980,2619,1767561503700039495,45,86535448
2217,469.8930,0,1980,2619,1767561503704205960,45,86535448
2218,469.8930,0,1980,2619,1767561503710677783,45,86535448
2219,469.8930,0,1980,2619,1767561503714305595,45,86535448
2220,469.8930,0,1980,2619,1767561503718293437,45,86535448
2221,469.8930,0,1980,2